{
"type": "FeatureCollection",
"name": "50_msas_s",
"crs": { "type": "name", "properties": { "name": "urn:ogc:def:crs:EPSG::4269" } },
"features": [
{ "type": "Feature", "properties": { "CSAFP": "350", "CBSAFP": "31140", "GEOID": "31140", "GEOIDFQ": "310M700US31140", "NAME": "Louisville/Jefferson County, KY-IN", "NAMELSAD": "Louisville/Jefferson County, KY-IN Metro Area", "LSAD": "M1", "MEMI": "1", "MTFCC": "G3110", "ALAND": 10258517055, "AWATER": 204993947, "INTPTLAT": "+38.2243628", "INTPTLON": "-085.7019893", "GEO_ID": "310M700US31140", "NAME_2": "Louisville/Jefferson County, KY-IN Metro Area", "DP05_0001E": "1372558", "DP05_0001M": "*****" }, "geometry": { "type": "MultiPolygon", "coordinates": [ [ [ [ -85.247716, 38.52611 ], [ -85.16827, 38.585448 ], [ -85.074583, 38.596838 ], [ -85.07593, 38.578018 ], [ -85.063764, 38.564919 ], [ -85.059544, 38.564745 ], [ -85.040913, 38.574162 ], [ -85.010742, 38.562182 ], [ -85.002317, 38.553641 ], [ -85.003549, 38.551441 ], [ -85.012303, 38.54781 ], [ -85.01345, 38.538823 ], [ -85.025295, 38.523448 ], [ -85.029715, 38.509343 ], [ -85.026493, 38.505297 ], [ -85.019245, 38.503918 ], [ -85.007173, 38.513923 ], [ -85.00048, 38.517048 ], [ -84.985026, 38.518405 ], [ -84.978088, 38.515334 ], [ -84.977166, 38.512989 ], [ -84.990792, 38.498342 ], [ -84.992107, 38.491219 ], [ -84.988781, 38.487085 ], [ -84.978759, 38.484804 ], [ -84.96573, 38.479343 ], [ -84.954573, 38.470957 ], [ -84.952147, 38.465009 ], [ -84.951578, 38.457867 ], [ -84.955574, 38.45138 ], [ -84.956986, 38.44526 ], [ -84.963265, 38.437358 ], [ -84.957041, 38.429897 ], [ -84.949835, 38.42618 ], [ -84.939253, 38.427797 ], [ -84.937531, 38.431817 ], [ -84.938189, 38.450414 ], [ -84.935123, 38.456681 ], [ -84.928986, 38.461993 ], [ -84.923325, 38.464501 ], [ -84.91223, 38.459844 ], [ -84.909107, 38.453201 ], [ -84.909288, 38.45024 ], [ -84.925023, 38.441824 ], [ -84.927839, 38.437769 ], [ -84.927333, 38.43307 ], [ -84.924715, 38.431176 ], [ -84.916424, 38.430799 ], [ -84.910223, 38.427716 ], [ -84.895832, 38.424854 ], [ -84.880258, 38.419049 ], [ -84.880248, 38.41618 ], [ -84.886372, 38.408207 ], [ -84.889015, 38.4011 ], [ -84.897165, 38.390596 ], [ -84.898649, 38.378967 ], [ -84.894369, 38.375308 ], [ -84.879261, 38.373598 ], [ -84.871231, 38.370989 ], [ -84.86742, 38.367062 ], [ -84.867637, 38.360065 ], [ -84.870482, 38.356751 ], [ -84.882047, 38.356596 ], [ -84.884663, 38.351722 ], [ -84.88621, 38.353724 ], [ -84.892357, 38.3552 ], [ -84.906256, 38.374836 ], [ -84.997667, 38.335586 ], [ -84.956959, 38.332271 ], [ -84.998898, 38.274979 ], [ -85.001032, 38.226152 ], [ -85.00748, 38.17578 ], [ -85.008966, 38.175319 ], [ -85.005701, 38.171528 ], [ -85.009312, 38.168786 ], [ -85.003231, 38.167458 ], [ -85.006215, 38.164909 ], [ -85.010354, 38.164921 ], [ -85.009564, 38.162605 ], [ -85.005538, 38.162347 ], [ -85.003804, 38.1602 ], [ -85.019871, 38.142197 ], [ -85.018745, 38.136307 ], [ -85.022572, 38.13416 ], [ -85.024264, 38.130587 ], [ -85.022489, 38.127607 ], [ -85.026147, 38.124389 ], [ -85.030859, 38.124376 ], [ -85.039508, 38.119436 ], [ -85.041727, 38.113663 ], [ -85.044103, 38.11345 ], [ -85.046272, 38.110958 ], [ -85.044917, 38.10738 ], [ -85.048044, 38.100196 ], [ -85.047658, 38.0975 ], [ -85.05283, 38.089556 ], [ -85.051442, 38.087519 ], [ -85.054538, 38.084223 ], [ -85.052624, 38.07544 ], [ -85.047783, 38.072341 ], [ -85.058964, 38.068137 ], [ -85.061962, 38.06251 ], [ -85.071298, 38.058153 ], [ -85.077435, 38.045984 ], [ -85.083616, 38.040876 ], [ -85.102177, 38.037116 ], [ -85.1093, 38.027169 ], [ -85.113129, 38.025644 ], [ -85.120832, 38.025759 ], [ -85.119238, 38.020952 ], [ -85.126452, 38.020292 ], [ -85.123224, 38.009841 ], [ -85.128966, 38.001042 ], [ -85.130265, 37.996165 ], [ -85.138205, 37.99743 ], [ -85.140217, 38.002613 ], [ -85.142564, 37.996882 ], [ -85.150517, 37.999602 ], [ -85.151063, 37.998408 ], [ -85.14801, 37.996481 ], [ -85.151045, 37.993906 ], [ -85.150814, 37.989004 ], [ -85.152215, 37.98813 ], [ -85.156229, 37.992992 ], [ -85.161894, 37.990574 ], [ -85.16365, 37.991301 ], [ -85.164006, 37.99756 ], [ -85.161467, 38.001522 ], [ -85.164656, 38.001414 ], [ -85.169359, 37.997576 ], [ -85.170062, 37.994289 ], [ -85.166167, 37.987172 ], [ -85.169225, 37.98137 ], [ -85.168049, 37.972916 ], [ -85.152797, 37.897661 ], [ -85.153992, 37.895003 ], [ -85.150549, 37.890276 ], [ -85.153122, 37.890511 ], [ -85.151748, 37.887434 ], [ -85.153818, 37.885578 ], [ -85.157525, 37.885681 ], [ -85.160355, 37.889763 ], [ -85.164726, 37.891196 ], [ -85.170733, 37.887487 ], [ -85.175989, 37.890974 ], [ -85.184622, 37.892415 ], [ -85.186446, 37.891172 ], [ -85.185208, 37.885592 ], [ -85.187514, 37.883641 ], [ -85.194471, 37.887879 ], [ -85.190424, 37.892211 ], [ -85.190318, 37.895467 ], [ -85.198049, 37.902254 ], [ -85.199763, 37.900352 ], [ -85.199282, 37.887971 ], [ -85.196019, 37.877794 ], [ -85.198272, 37.873101 ], [ -85.193477, 37.864277 ], [ -85.196476, 37.863523 ], [ -85.197447, 37.868055 ], [ -85.199593, 37.868953 ], [ -85.205075, 37.864194 ], [ -85.205119, 37.862828 ], [ -85.200432, 37.860977 ], [ -85.196265, 37.856294 ], [ -85.196604, 37.855026 ], [ -85.200994, 37.854156 ], [ -85.20374, 37.846742 ], [ -85.205785, 37.846224 ], [ -85.207573, 37.850135 ], [ -85.210761, 37.852072 ], [ -85.218366, 37.854258 ], [ -85.213612, 37.858709 ], [ -85.216757, 37.871496 ], [ -85.218688, 37.870865 ], [ -85.219619, 37.866143 ], [ -85.223859, 37.863008 ], [ -85.226875, 37.855174 ], [ -85.231438, 37.855479 ], [ -85.233099, 37.860749 ], [ -85.232942, 37.866013 ], [ -85.229438, 37.869427 ], [ -85.230168, 37.870627 ], [ -85.233341, 37.868753 ], [ -85.23861, 37.869229 ], [ -85.238072, 37.863901 ], [ -85.240986, 37.862494 ], [ -85.244272, 37.863047 ], [ -85.249666, 37.867293 ], [ -85.2555, 37.865767 ], [ -85.255911, 37.859552 ], [ -85.246509, 37.853922 ], [ -85.242881, 37.849126 ], [ -85.245224, 37.847107 ], [ -85.258291, 37.848809 ], [ -85.262736, 37.844696 ], [ -85.268034, 37.844509 ], [ -85.270158, 37.847631 ], [ -85.274784, 37.84858 ], [ -85.276348, 37.853317 ], [ -85.278549, 37.853349 ], [ -85.280868, 37.849886 ], [ -85.27752, 37.837799 ], [ -85.289273, 37.831341 ], [ -85.298431, 37.832096 ], [ -85.300938, 37.825526 ], [ -85.299409, 37.821949 ], [ -85.30663, 37.820371 ], [ -85.30861, 37.812879 ], [ -85.31396, 37.809234 ], [ -85.314206, 37.805296 ], [ -85.30748, 37.80132 ], [ -85.306024, 37.798552 ], [ -85.30793, 37.794058 ], [ -85.319419, 37.78776 ], [ -85.335469, 37.787558 ], [ -85.338419, 37.780126 ], [ -85.355671, 37.784139 ], [ -85.353284, 37.773771 ], [ -85.354167, 37.769829 ], [ -85.345713, 37.765766 ], [ -85.345276, 37.762948 ], [ -85.348519, 37.762581 ], [ -85.352953, 37.757362 ], [ -85.368731, 37.764032 ], [ -85.374718, 37.764874 ], [ -85.37516, 37.758282 ], [ -85.37232, 37.749053 ], [ -85.373958, 37.743339 ], [ -85.373323, 37.739581 ], [ -85.383187, 37.739162 ], [ -85.386311, 37.740677 ], [ -85.391286, 37.736448 ], [ -85.392571, 37.732816 ], [ -85.401687, 37.730747 ], [ -85.450493, 37.685948 ], [ -85.52129, 37.554343 ], [ -85.524707, 37.554303 ], [ -85.526743, 37.562617 ], [ -85.530822, 37.560708 ], [ -85.534629, 37.562878 ], [ -85.544149, 37.562207 ], [ -85.551131, 37.554024 ], [ -85.548595, 37.546378 ], [ -85.55057, 37.544562 ], [ -85.550309, 37.542341 ], [ -85.552543, 37.541345 ], [ -85.547123, 37.53031 ], [ -85.552697, 37.531866 ], [ -85.558907, 37.530549 ], [ -85.561225, 37.524018 ], [ -85.565709, 37.523115 ], [ -85.570752, 37.527187 ], [ -85.583897, 37.530712 ], [ -85.58641, 37.53284 ], [ -85.588802, 37.531694 ], [ -85.59269, 37.53432 ], [ -85.593426, 37.532108 ], [ -85.59581, 37.532803 ], [ -85.598886, 37.535496 ], [ -85.595281, 37.538047 ], [ -85.595285, 37.544471 ], [ -85.597986, 37.544636 ], [ -85.598538, 37.539945 ], [ -85.601047, 37.539298 ], [ -85.60479, 37.543716 ], [ -85.601063, 37.545371 ], [ -85.603212, 37.547882 ], [ -85.607064, 37.548112 ], [ -85.607294, 37.54551 ], [ -85.611242, 37.544315 ], [ -85.613157, 37.541047 ], [ -85.618071, 37.540611 ], [ -85.620954, 37.543036 ], [ -85.62394, 37.540489 ], [ -85.626072, 37.544644 ], [ -85.623273, 37.547173 ], [ -85.62325, 37.551925 ], [ -85.620024, 37.552872 ], [ -85.61847, 37.556696 ], [ -85.612546, 37.560223 ], [ -85.610125, 37.557553 ], [ -85.607832, 37.558027 ], [ -85.607493, 37.562067 ], [ -85.609879, 37.563129 ], [ -85.605079, 37.565855 ], [ -85.604121, 37.568742 ], [ -85.605717, 37.575198 ], [ -85.603303, 37.577791 ], [ -85.604908, 37.579414 ], [ -85.601259, 37.582489 ], [ -85.605949, 37.584192 ], [ -85.606429, 37.586237 ], [ -85.604651, 37.588291 ], [ -85.606677, 37.590796 ], [ -85.601208, 37.593561 ], [ -85.598464, 37.591623 ], [ -85.594544, 37.595253 ], [ -85.59132, 37.594462 ], [ -85.590653, 37.596647 ], [ -85.594988, 37.598562 ], [ -85.587233, 37.604864 ], [ -85.58922, 37.605503 ], [ -85.594316, 37.602736 ], [ -85.611426, 37.607346 ], [ -85.614095, 37.610063 ], [ -85.614868, 37.615181 ], [ -85.604197, 37.617384 ], [ -85.593552, 37.6134 ], [ -85.587264, 37.617595 ], [ -85.589869, 37.62013 ], [ -85.587172, 37.621199 ], [ -85.587595, 37.62264 ], [ -85.585117, 37.625296 ], [ -85.57983, 37.626684 ], [ -85.578208, 37.624823 ], [ -85.579177, 37.622334 ], [ -85.573498, 37.616966 ], [ -85.570582, 37.616955 ], [ -85.569754, 37.621857 ], [ -85.568041, 37.623175 ], [ -85.570902, 37.627493 ], [ -85.573708, 37.628649 ], [ -85.572872, 37.638355 ], [ -85.577487, 37.639582 ], [ -85.583161, 37.644123 ], [ -85.588008, 37.644515 ], [ -85.590762, 37.642245 ], [ -85.595052, 37.643044 ], [ -85.595379, 37.639596 ], [ -85.596841, 37.638915 ], [ -85.601108, 37.639894 ], [ -85.599472, 37.644392 ], [ -85.601077, 37.646658 ], [ -85.597577, 37.647887 ], [ -85.59781, 37.650472 ], [ -85.594923, 37.65441 ], [ -85.598918, 37.652673 ], [ -85.601735, 37.65605 ], [ -85.600472, 37.657894 ], [ -85.596217, 37.658387 ], [ -85.597461, 37.663333 ], [ -85.592154, 37.668426 ], [ -85.596628, 37.66957 ], [ -85.595227, 37.677656 ], [ -85.592205, 37.683442 ], [ -85.593301, 37.687802 ], [ -85.592088, 37.693479 ], [ -85.600249, 37.699342 ], [ -85.60649, 37.700885 ], [ -85.625294, 37.694308 ], [ -85.628867, 37.696173 ], [ -85.633855, 37.693889 ], [ -85.635142, 37.696092 ], [ -85.637889, 37.696683 ], [ -85.637604, 37.700936 ], [ -85.641325, 37.702195 ], [ -85.640027, 37.704909 ], [ -85.646762, 37.707497 ], [ -85.642018, 37.71159 ], [ -85.645199, 37.712562 ], [ -85.645916, 37.716683 ], [ -85.65162, 37.718276 ], [ -85.652256, 37.721336 ], [ -85.656049, 37.720697 ], [ -85.659559, 37.72465 ], [ -85.665096, 37.724842 ], [ -85.664949, 37.728071 ], [ -85.670865, 37.729866 ], [ -85.670882, 37.732266 ], [ -85.677755, 37.729708 ], [ -85.680488, 37.732284 ], [ -85.676438, 37.73323 ], [ -85.676571, 37.737013 ], [ -85.683199, 37.732842 ], [ -85.687518, 37.733077 ], [ -85.687395, 37.735123 ], [ -85.68148, 37.736935 ], [ -85.679494, 37.739333 ], [ -85.683121, 37.740773 ], [ -85.683772, 37.745405 ], [ -85.686511, 37.746002 ], [ -85.682741, 37.749163 ], [ -85.684831, 37.751086 ], [ -85.684432, 37.753896 ], [ -85.687617, 37.754765 ], [ -85.68245, 37.757887 ], [ -85.685209, 37.759146 ], [ -85.688479, 37.756048 ], [ -85.69336, 37.755348 ], [ -85.695277, 37.761802 ], [ -85.697377, 37.761296 ], [ -85.698049, 37.758491 ], [ -85.700453, 37.758851 ], [ -85.699596, 37.76223 ], [ -85.704505, 37.76815 ], [ -85.710829, 37.765766 ], [ -85.716232, 37.76815 ], [ -85.716169, 37.769542 ], [ -85.712608, 37.771254 ], [ -85.713857, 37.774235 ], [ -85.719228, 37.775999 ], [ -85.727197, 37.773925 ], [ -85.73518, 37.779133 ], [ -85.736347, 37.781698 ], [ -85.73538, 37.783422 ], [ -85.729306, 37.783232 ], [ -85.726496, 37.786875 ], [ -85.730871, 37.78898 ], [ -85.737884, 37.788316 ], [ -85.742435, 37.791353 ], [ -85.738411, 37.796837 ], [ -85.742112, 37.803393 ], [ -85.737752, 37.810516 ], [ -85.738356, 37.812807 ], [ -85.742539, 37.816146 ], [ -85.741234, 37.819659 ], [ -85.742184, 37.821871 ], [ -85.750051, 37.823474 ], [ -85.750367, 37.827153 ], [ -85.759517, 37.831617 ], [ -85.762067, 37.836944 ], [ -85.774353, 37.842588 ], [ -85.787791, 37.843816 ], [ -85.794757, 37.84882 ], [ -85.796609, 37.852735 ], [ -85.800524, 37.854377 ], [ -85.80125, 37.859876 ], [ -85.811308, 37.856706 ], [ -85.816786, 37.857917 ], [ -85.820218, 37.86431 ], [ -85.829014, 37.869863 ], [ -85.839316, 37.88053 ], [ -85.839523, 37.889079 ], [ -85.835444, 37.892603 ], [ -85.819163, 37.886519 ], [ -85.813217, 37.889334 ], [ -85.816813, 37.892171 ], [ -85.818477, 37.895922 ], [ -85.82746, 37.900631 ], [ -85.827525, 37.913371 ], [ -85.830169, 37.918752 ], [ -85.837123, 37.921393 ], [ -85.844886, 37.921718 ], [ -85.848116, 37.923656 ], [ -85.848157, 37.932895 ], [ -85.851204, 37.940811 ], [ -85.854871, 37.945385 ], [ -85.864501, 37.948574 ], [ -85.873989, 37.947034 ], [ -85.878515, 37.948948 ], [ -85.895837, 37.939486 ], [ -85.901403, 37.939539 ], [ -85.904807, 37.941877 ], [ -85.903339, 37.949142 ], [ -85.904094, 37.960266 ], [ -85.900601, 37.97072 ], [ -85.906763, 37.991246 ], [ -85.931472, 37.993632 ], [ -85.947104, 38.005072 ], [ -85.971874, 38.00256 ], [ -85.977415, 38.003382 ], [ -85.998971, 37.999754 ], [ -85.975948, 37.875793 ], [ -86.007432, 37.818439 ], [ -86.151285, 37.798878 ], [ -86.209141, 37.845874 ], [ -86.242777, 37.877002 ], [ -86.385747, 37.970337 ], [ -86.429137, 38.000123 ], [ -86.490869, 38.045747 ], [ -86.466998, 38.046638 ], [ -86.453903, 38.050081 ], [ -86.43937, 38.059757 ], [ -86.432641, 38.068105 ], [ -86.430232, 38.079106 ], [ -86.43233, 38.084802 ], [ -86.438429, 38.088822 ], [ -86.457786, 38.095231 ], [ -86.462816, 38.099431 ], [ -86.465503, 38.104306 ], [ -86.465673, 38.115297 ], [ -86.455742, 38.125031 ], [ -86.445548, 38.127673 ], [ -86.431014, 38.125851 ], [ -86.416993, 38.116741 ], [ -86.404568, 38.105178 ], [ -86.401879, 38.104329 ], [ -86.396463, 38.106891 ], [ -86.389316, 38.122292 ], [ -86.380768, 38.129018 ], [ -86.375083, 38.130638 ], [ -86.338671, 38.127882 ], [ -86.33234, 38.129795 ], [ -86.327578, 38.133428 ], [ -86.323889, 38.138312 ], [ -86.321133, 38.146586 ], [ -86.323933, 38.152374 ], [ -86.338076, 38.157857 ], [ -86.363139, 38.160861 ], [ -86.37119, 38.163789 ], [ -86.376511, 38.169397 ], [ -86.377915, 38.173172 ], [ -86.377256, 38.188302 ], [ -86.370952, 38.195575 ], [ -86.364124, 38.198355 ], [ -86.357717, 38.198807 ], [ -86.347401, 38.195112 ], [ -86.3312, 38.182394 ], [ -86.325697, 38.182661 ], [ -86.315156, 38.177769 ], [ -86.310726, 38.17946 ], [ -86.309963, 38.181841 ], [ -86.31522, 38.18456 ], [ -86.318196, 38.188104 ], [ -86.317045, 38.189386 ], [ -86.310558, 38.189311 ], [ -86.307641, 38.201636 ], [ -86.295269, 38.20374 ], [ -86.293905, 38.201448 ], [ -86.289721, 38.202027 ], [ -86.295082, 38.209066 ], [ -86.289395, 38.210899 ], [ -86.288647, 38.21356 ], [ -86.297878, 38.218551 ], [ -86.297794, 38.221468 ], [ -86.292887, 38.224568 ], [ -86.284282, 38.220693 ], [ -86.276956, 38.227126 ], [ -86.274762, 38.279956 ], [ -86.280424, 38.284824 ], [ -86.277069, 38.286476 ], [ -86.269301, 38.278453 ], [ -86.265881, 38.286059 ], [ -86.257541, 38.283725 ], [ -86.255705, 38.289429 ], [ -86.253137, 38.2919 ], [ -86.252877, 38.294604 ], [ -86.255122, 38.296499 ], [ -86.260434, 38.29694 ], [ -86.264873, 38.295168 ], [ -86.264795, 38.303228 ], [ -86.259354, 38.304754 ], [ -86.259348, 38.30614 ], [ -86.265067, 38.308518 ], [ -86.269594, 38.307942 ], [ -86.274589, 38.300835 ], [ -86.276688, 38.300713 ], [ -86.278417, 38.303012 ], [ -86.276013, 38.306319 ], [ -86.276218, 38.30854 ], [ -86.289724, 38.31652 ], [ -86.284786, 38.320742 ], [ -86.283222, 38.324182 ], [ -86.287348, 38.328488 ], [ -86.285314, 38.331987 ], [ -86.283185, 38.330895 ], [ -86.280807, 38.322545 ], [ -86.276775, 38.32037 ], [ -86.273474, 38.321105 ], [ -86.273676, 38.324447 ], [ -86.277119, 38.326936 ], [ -86.273667, 38.329691 ], [ -86.276557, 38.339366 ], [ -86.271472, 38.342036 ], [ -86.275142, 38.349515 ], [ -86.281798, 38.349081 ], [ -86.273706, 38.355837 ], [ -86.271063, 38.361121 ], [ -86.265003, 38.362005 ], [ -86.261924, 38.356252 ], [ -86.253551, 38.352273 ], [ -86.250781, 38.348464 ], [ -86.247035, 38.349764 ], [ -86.25281, 38.355711 ], [ -86.248196, 38.360678 ], [ -86.248137, 38.363271 ], [ -86.258048, 38.366831 ], [ -86.257425, 38.369482 ], [ -86.261159, 38.38097 ], [ -86.258976, 38.389375 ], [ -86.255875, 38.389446 ], [ -86.255376, 38.384864 ], [ -86.251735, 38.383071 ], [ -86.245528, 38.387987 ], [ -86.251208, 38.391514 ], [ -86.261261, 38.394419 ], [ -86.259906, 38.398168 ], [ -86.255712, 38.394881 ], [ -86.251417, 38.395642 ], [ -86.250703, 38.397891 ], [ -86.253041, 38.401886 ], [ -86.251716, 38.406132 ], [ -86.257967, 38.410012 ], [ -86.264816, 38.41087 ], [ -86.260129, 38.414314 ], [ -86.255045, 38.422685 ], [ -86.308674, 38.422875 ], [ -86.307793, 38.671602 ], [ -86.310058, 38.733131 ], [ -86.302225, 38.735815 ], [ -86.302627, 38.732176 ], [ -86.300128, 38.729601 ], [ -86.300587, 38.733192 ], [ -86.298486, 38.734907 ], [ -86.290664, 38.735755 ], [ -86.291558, 38.742541 ], [ -86.287984, 38.747829 ], [ -86.287142, 38.754222 ], [ -86.282041, 38.761124 ], [ -86.284497, 38.764176 ], [ -86.283371, 38.76631 ], [ -86.278759, 38.762859 ], [ -86.270661, 38.76592 ], [ -86.26405, 38.764948 ], [ -86.26263, 38.769729 ], [ -86.256328, 38.771987 ], [ -86.2542, 38.769304 ], [ -86.257599, 38.764039 ], [ -86.254397, 38.763025 ], [ -86.249015, 38.768023 ], [ -86.243199, 38.765605 ], [ -86.239091, 38.766613 ], [ -86.224068, 38.779147 ], [ -86.220384, 38.776595 ], [ -86.220316, 38.7717 ], [ -86.217384, 38.771105 ], [ -86.214311, 38.773816 ], [ -86.215375, 38.777799 ], [ -86.214275, 38.779188 ], [ -86.208765, 38.779158 ], [ -86.205297, 38.774033 ], [ -86.197651, 38.773769 ], [ -86.197424, 38.775414 ], [ -86.202242, 38.775946 ], [ -86.205499, 38.781814 ], [ -86.199317, 38.782142 ], [ -86.196973, 38.780747 ], [ -86.195832, 38.777565 ], [ -86.189881, 38.776626 ], [ -86.186905, 38.777494 ], [ -86.188697, 38.779444 ], [ -86.184102, 38.783588 ], [ -86.181722, 38.782401 ], [ -86.178718, 38.776397 ], [ -86.173608, 38.773381 ], [ -86.167545, 38.772617 ], [ -86.163576, 38.774832 ], [ -86.153316, 38.768778 ], [ -86.140185, 38.765435 ], [ -86.134944, 38.762425 ], [ -86.116429, 38.766982 ], [ -86.102356, 38.765755 ], [ -86.099273, 38.768384 ], [ -86.100656, 38.775061 ], [ -86.098169, 38.780465 ], [ -86.092538, 38.783462 ], [ -86.080944, 38.780509 ], [ -86.074253, 38.774422 ], [ -86.067011, 38.778099 ], [ -86.062376, 38.778334 ], [ -86.049607, 38.770394 ], [ -86.042203, 38.761709 ], [ -86.031843, 38.761321 ], [ -86.026788, 38.755735 ], [ -86.025619, 38.756352 ], [ -86.025996, 38.762097 ], [ -86.02114, 38.76752 ], [ -86.015529, 38.765367 ], [ -86.017432, 38.761087 ], [ -86.016703, 38.757974 ], [ -86.010944, 38.756713 ], [ -86.004949, 38.760624 ], [ -85.997781, 38.760899 ], [ -85.996264, 38.764996 ], [ -85.993343, 38.767286 ], [ -85.984252, 38.768115 ], [ -85.982204, 38.766742 ], [ -85.985273, 38.76491 ], [ -85.98559, 38.758249 ], [ -85.979801, 38.758664 ], [ -85.98015, 38.754887 ], [ -85.976641, 38.752393 ], [ -85.967874, 38.75512 ], [ -85.966123, 38.761185 ], [ -85.960862, 38.764185 ], [ -85.957762, 38.76137 ], [ -85.950424, 38.760845 ], [ -85.952324, 38.757297 ], [ -85.95054, 38.754093 ], [ -85.948377, 38.753636 ], [ -85.945279, 38.75517 ], [ -85.944929, 38.759289 ], [ -85.936569, 38.762837 ], [ -85.93803, 38.759449 ], [ -85.936072, 38.755399 ], [ -85.927185, 38.755971 ], [ -85.928618, 38.75343 ], [ -85.928004, 38.750661 ], [ -85.924906, 38.750505 ], [ -85.916663, 38.74566 ], [ -85.915494, 38.747056 ], [ -85.919529, 38.750551 ], [ -85.918592, 38.754185 ], [ -85.916283, 38.753978 ], [ -85.916109, 38.751872 ], [ -85.911753, 38.747307 ], [ -85.90959, 38.748817 ], [ -85.912601, 38.752101 ], [ -85.911167, 38.757204 ], [ -85.908449, 38.756151 ], [ -85.91, 38.752855 ], [ -85.908919, 38.751161 ], [ -85.906346, 38.752877 ], [ -85.903043, 38.751824 ], [ -85.900587, 38.753814 ], [ -85.89616, 38.750056 ], [ -85.898396, 38.747555 ], [ -85.896907, 38.74419 ], [ -85.900442, 38.742199 ], [ -85.898721, 38.740529 ], [ -85.896471, 38.74126 ], [ -85.894894, 38.740069 ], [ -85.895625, 38.73849 ], [ -85.89177, 38.736242 ], [ -85.894199, 38.730204 ], [ -85.890137, 38.729997 ], [ -85.890135, 38.73343 ], [ -85.888334, 38.734443 ], [ -85.888108, 38.648791 ], [ -85.886834, 38.648786 ], [ -85.885643, 38.575412 ], [ -85.848575, 38.576266 ], [ -85.847893, 38.561269 ], [ -85.821162, 38.561418 ], [ -85.821457, 38.57539 ], [ -85.812158, 38.575553 ], [ -85.812343, 38.582911 ], [ -85.802994, 38.58301 ], [ -85.803143, 38.590261 ], [ -85.793629, 38.590333 ], [ -85.793584, 38.604814 ], [ -85.496666, 38.606736 ], [ -85.496452, 38.59222 ], [ -85.478701, 38.592434 ], [ -85.478762, 38.586178 ], [ -85.428568, 38.586353 ], [ -85.427089, 38.585208 ], [ -85.417406, 38.569103 ], [ -85.415062, 38.551444 ], [ -85.417933, 38.53773 ], [ -85.432922, 38.524066 ], [ -85.428459, 38.519347 ], [ -85.422288, 38.520899 ], [ -85.413195, 38.517884 ], [ -85.395474, 38.518066 ], [ -85.390768, 38.515645 ], [ -85.378743, 38.518822 ], [ -85.377469, 38.516778 ], [ -85.372843, 38.515041 ], [ -85.370973, 38.510735 ], [ -85.365485, 38.507541 ], [ -85.356556, 38.509713 ], [ -85.351216, 38.508994 ], [ -85.338897, 38.502806 ], [ -85.323767, 38.500824 ], [ -85.315592, 38.495926 ], [ -85.314006, 38.492592 ], [ -85.309846, 38.499366 ], [ -85.305467, 38.497523 ], [ -85.288928, 38.498125 ], [ -85.279627, 38.496268 ], [ -85.273451, 38.499971 ], [ -85.247716, 38.52611 ] ] ] ] } },
{ "type": "Feature", "properties": { "CSAFP": "288", "CBSAFP": "26420", "GEOID": "26420", "GEOIDFQ": "310M700US26420", "NAME": "Houston-Pasadena-The Woodlands, TX", "NAMELSAD": "Houston-Pasadena-The Woodlands, TX Metro Area", "LSAD": "M1", "MEMI": "1", "MTFCC": "G3110", "ALAND": 22892689726, "AWATER": 3193013039, "INTPTLAT": "+29.8010046", "INTPTLON": "-095.3426200", "GEO_ID": "310M700US26420", "NAME_2": "Houston-Pasadena-The Woodlands, TX Metro Area", "DP05_0001E": "7442788", "DP05_0001M": "*****" }, "geometry": { "type": "MultiPolygon", "coordinates": [ [ [ [ -94.369361, 29.50062 ], [ -94.375187, 29.500131 ], [ -94.499452, 29.452337 ], [ -94.625192, 29.397662 ], [ -94.650311, 29.38282 ], [ -94.643555, 29.378486 ], [ -94.636046, 29.370636 ], [ -94.628585, 29.358279 ], [ -94.623898, 29.343143 ], [ -94.624169, 29.335198 ], [ -94.629026, 29.32164 ], [ -94.642421, 29.300136 ], [ -94.65036, 29.29189 ], [ -94.66622, 29.281047 ], [ -94.680295, 29.277603 ], [ -94.692309, 29.277051 ], [ -94.713311, 29.282521 ], [ -94.741166, 29.259583 ], [ -94.75074, 29.246928 ], [ -94.772686, 29.231718 ], [ -94.840151, 29.198346 ], [ -94.912171, 29.159318 ], [ -94.963661, 29.125241 ], [ -95.000202, 29.104452 ], [ -95.086398, 29.06824 ], [ -95.091622, 29.062739 ], [ -95.087257, 29.057996 ], [ -95.093799, 29.033327 ], [ -95.106528, 29.014935 ], [ -95.12577, 29.002989 ], [ -95.139469, 28.991697 ], [ -95.180835, 28.948931 ], [ -95.227228, 28.910379 ], [ -95.252791, 28.8926 ], [ -95.290812, 28.871643 ], [ -95.308121, 28.85883 ], [ -95.310199, 28.850965 ], [ -95.314955, 28.84286 ], [ -95.322945, 28.833682 ], [ -95.34031, 28.823274 ], [ -95.365442, 28.813757 ], [ -95.394172, 28.807 ], [ -95.420071, 28.805625 ], [ -95.49565, 28.764837 ], [ -95.507306, 28.825761 ], [ -95.504075, 28.82865 ], [ -95.504096, 28.837735 ], [ -95.521884, 28.83385 ], [ -95.530471, 28.829098 ], [ -95.537556, 28.832945 ], [ -95.5414, 28.830375 ], [ -95.543615, 28.832627 ], [ -95.550811, 28.828738 ], [ -95.554905, 28.830422 ], [ -95.563901, 28.829514 ], [ -95.571041, 28.831234 ], [ -95.579021, 28.839628 ], [ -95.576156, 28.852421 ], [ -95.57924, 28.859613 ], [ -95.58496, 28.861876 ], [ -95.590816, 28.869814 ], [ -95.602071, 28.876145 ], [ -95.603167, 28.878282 ], [ -95.616484, 28.885052 ], [ -95.623243, 28.893714 ], [ -95.633506, 28.897469 ], [ -95.636511, 28.903226 ], [ -95.642118, 28.904257 ], [ -95.645454, 28.909724 ], [ -95.64678, 28.9158 ], [ -95.651555, 28.920008 ], [ -95.651234, 28.928246 ], [ -95.645822, 28.938888 ], [ -95.655071, 28.95153 ], [ -95.668863, 28.956234 ], [ -95.676211, 28.964772 ], [ -95.679662, 28.965707 ], [ -95.684244, 28.960473 ], [ -95.690871, 28.965019 ], [ -95.69741, 28.965942 ], [ -95.69913, 28.969537 ], [ -95.764937, 28.967359 ], [ -95.770068, 28.972049 ], [ -95.77016, 28.976651 ], [ -95.765608, 28.979481 ], [ -95.77052, 28.984858 ], [ -95.769887, 28.988657 ], [ -95.767167, 28.988711 ], [ -95.767204, 28.991608 ], [ -95.76928, 28.991477 ], [ -95.772212, 28.994446 ], [ -95.77692, 28.994744 ], [ -95.778339, 28.997053 ], [ -95.772558, 29.005185 ], [ -95.769776, 29.002881 ], [ -95.767706, 29.003842 ], [ -95.770044, 29.0058 ], [ -95.774846, 29.006153 ], [ -95.777883, 29.009127 ], [ -95.77943, 29.006841 ], [ -95.784401, 29.007508 ], [ -95.785157, 29.012301 ], [ -95.783506, 29.012527 ], [ -95.7838, 29.010102 ], [ -95.779253, 29.010843 ], [ -95.779921, 29.016517 ], [ -95.776099, 29.01789 ], [ -95.782027, 29.020871 ], [ -95.778862, 29.022432 ], [ -95.778005, 29.024801 ], [ -95.780602, 29.028043 ], [ -95.783839, 29.027864 ], [ -95.784095, 29.03036 ], [ -95.779284, 29.034487 ], [ -95.781066, 29.035164 ], [ -95.781253, 29.037615 ], [ -95.7855, 29.03915 ], [ -95.783291, 29.043454 ], [ -95.777467, 29.04436 ], [ -95.775878, 29.052181 ], [ -95.770135, 29.05188 ], [ -95.767546, 29.053247 ], [ -95.766054, 29.058591 ], [ -95.767735, 29.059028 ], [ -95.765086, 29.060848 ], [ -95.769065, 29.062636 ], [ -95.770753, 29.066358 ], [ -95.773713, 29.064446 ], [ -95.780877, 29.065591 ], [ -95.793434, 29.072222 ], [ -95.797075, 29.0801 ], [ -95.801468, 29.07999 ], [ -95.803677, 29.087999 ], [ -95.805905, 29.090539 ], [ -95.817758, 29.089483 ], [ -95.822127, 29.090681 ], [ -95.829117, 29.088915 ], [ -95.834, 29.09407 ], [ -95.836453, 29.09285 ], [ -95.839045, 29.097598 ], [ -95.841894, 29.099093 ], [ -95.840905, 29.100846 ], [ -95.842928, 29.102616 ], [ -95.843205, 29.106568 ], [ -95.846379, 29.10743 ], [ -95.843608, 29.11278 ], [ -95.840804, 29.114688 ], [ -95.842432, 29.116666 ], [ -95.840826, 29.123989 ], [ -95.837541, 29.129914 ], [ -95.837761, 29.133564 ], [ -95.83988, 29.14226 ], [ -95.843298, 29.142369 ], [ -95.844752, 29.145233 ], [ -95.848196, 29.146469 ], [ -95.850703, 29.151877 ], [ -95.849013, 29.15478 ], [ -95.850492, 29.156489 ], [ -95.850186, 29.159936 ], [ -95.8477, 29.160349 ], [ -95.84893, 29.164905 ], [ -95.846738, 29.165554 ], [ -95.846876, 29.167473 ], [ -95.843213, 29.169035 ], [ -95.839724, 29.168442 ], [ -95.839412, 29.172669 ], [ -95.841707, 29.173521 ], [ -95.838371, 29.176564 ], [ -95.857805, 29.193315 ], [ -95.844667, 29.204676 ], [ -95.874028, 29.229702 ], [ -95.842111, 29.2594 ], [ -95.849522, 29.263916 ], [ -95.850745, 29.266225 ], [ -95.853924, 29.265971 ], [ -95.857567, 29.268119 ], [ -95.864889, 29.267248 ], [ -95.868745, 29.269274 ], [ -95.872311, 29.266739 ], [ -95.879193, 29.266409 ], [ -95.879905, 29.270417 ], [ -95.884887, 29.27414 ], [ -95.884671, 29.279213 ], [ -95.890923, 29.292138 ], [ -95.897541, 29.299283 ], [ -95.896154, 29.306728 ], [ -95.892753, 29.310937 ], [ -95.894111, 29.314635 ], [ -95.898632, 29.314413 ], [ -95.904351, 29.317174 ], [ -95.916606, 29.319368 ], [ -95.918997, 29.325768 ], [ -95.922764, 29.329379 ], [ -95.932684, 29.32856 ], [ -95.944727, 29.332318 ], [ -95.949771, 29.335593 ], [ -95.949577, 29.341013 ], [ -95.953147, 29.344019 ], [ -95.952584, 29.348042 ], [ -95.950112, 29.348174 ], [ -95.949096, 29.351467 ], [ -95.946756, 29.349796 ], [ -95.94584, 29.352984 ], [ -95.944102, 29.351544 ], [ -95.940018, 29.351693 ], [ -95.938764, 29.357706 ], [ -95.936549, 29.35869 ], [ -95.940176, 29.360993 ], [ -95.941556, 29.359558 ], [ -95.944135, 29.361191 ], [ -95.944952, 29.366714 ], [ -95.948235, 29.371408 ], [ -95.9474, 29.372782 ], [ -95.952421, 29.377241 ], [ -95.954353, 29.377108 ], [ -95.954862, 29.379593 ], [ -95.95741, 29.379383 ], [ -95.959908, 29.381598 ], [ -95.964112, 29.379948 ], [ -95.968481, 29.383515 ], [ -95.967083, 29.388121 ], [ -95.969519, 29.391885 ], [ -95.969691, 29.399223 ], [ -95.972593, 29.404097 ], [ -95.970686, 29.407714 ], [ -95.972407, 29.410704 ], [ -95.982124, 29.41081 ], [ -95.985593, 29.417591 ], [ -95.988135, 29.418003 ], [ -95.986229, 29.423159 ], [ -95.992049, 29.433908 ], [ -95.994856, 29.433802 ], [ -96.004168, 29.42875 ], [ -96.006916, 29.429004 ], [ -96.012731, 29.435289 ], [ -96.015949, 29.435284 ], [ -96.016168, 29.436966 ], [ -96.019081, 29.437423 ], [ -96.020453, 29.441217 ], [ -96.031022, 29.441115 ], [ -96.035411, 29.44309 ], [ -96.03659, 29.44569 ], [ -96.029682, 29.449359 ], [ -96.029517, 29.452184 ], [ -96.032895, 29.454158 ], [ -96.033794, 29.452922 ], [ -96.03824, 29.453192 ], [ -96.038194, 29.458161 ], [ -96.042861, 29.457376 ], [ -96.043362, 29.461323 ], [ -96.048512, 29.462164 ], [ -96.049873, 29.472097 ], [ -96.059891, 29.473505 ], [ -96.058829, 29.475016 ], [ -96.060632, 29.476896 ], [ -96.057591, 29.481573 ], [ -96.060009, 29.48369 ], [ -96.058526, 29.485267 ], [ -96.060373, 29.48751 ], [ -96.059575, 29.491961 ], [ -96.057715, 29.490043 ], [ -96.053053, 29.494269 ], [ -96.047205, 29.491256 ], [ -96.045496, 29.49258 ], [ -96.042794, 29.491481 ], [ -96.034803, 29.492462 ], [ -96.031139, 29.495638 ], [ -96.026296, 29.494993 ], [ -96.0252, 29.499214 ], [ -96.022328, 29.502291 ], [ -96.024904, 29.503364 ], [ -96.024249, 29.506914 ], [ -96.027202, 29.508844 ], [ -96.030143, 29.507537 ], [ -96.036306, 29.510814 ], [ -96.047283, 29.509667 ], [ -96.054189, 29.512163 ], [ -96.05466, 29.515466 ], [ -96.053095, 29.516208 ], [ -96.055765, 29.518302 ], [ -96.050737, 29.523589 ], [ -96.052541, 29.525524 ], [ -96.055639, 29.525788 ], [ -96.054482, 29.535467 ], [ -96.056423, 29.53926 ], [ -96.052332, 29.538111 ], [ -96.050527, 29.540754 ], [ -96.04895, 29.540688 ], [ -96.048001, 29.53827 ], [ -96.0468, 29.54027 ], [ -96.041338, 29.540374 ], [ -96.040973, 29.541995 ], [ -96.04355, 29.544007 ], [ -96.041161, 29.547453 ], [ -96.042951, 29.550564 ], [ -96.041788, 29.553229 ], [ -96.044911, 29.557902 ], [ -96.044596, 29.562238 ], [ -96.059998, 29.56866 ], [ -96.063191, 29.57625 ], [ -96.061959, 29.577816 ], [ -96.062763, 29.583719 ], [ -96.059795, 29.586935 ], [ -96.059832, 29.588985 ], [ -96.062498, 29.591612 ], [ -96.067202, 29.591024 ], [ -96.071353, 29.592464 ], [ -96.080824, 29.599444 ], [ -96.093416, 29.603779 ], [ -96.09484, 29.612403 ], [ -96.102693, 29.615765 ], [ -96.110317, 29.622903 ], [ -96.115589, 29.6236 ], [ -96.119129, 29.619174 ], [ -96.122154, 29.618288 ], [ -96.125934, 29.619436 ], [ -96.129191, 29.622791 ], [ -96.135867, 29.619942 ], [ -96.142152, 29.619719 ], [ -96.148358, 29.625446 ], [ -96.156265, 29.629532 ], [ -96.165357, 29.626522 ], [ -96.177605, 29.63539 ], [ -96.181203, 29.641238 ], [ -96.188298, 29.642893 ], [ -96.189978, 29.647574 ], [ -96.199251, 29.656472 ], [ -96.208905, 29.656408 ], [ -96.213577, 29.660909 ], [ -96.224679, 29.66489 ], [ -96.240354, 29.657821 ], [ -96.246773, 29.664213 ], [ -96.259301, 29.668945 ], [ -96.262621, 29.674443 ], [ -96.261876, 29.678978 ], [ -96.26609, 29.686647 ], [ -96.271043, 29.690002 ], [ -96.273136, 29.696753 ], [ -96.277769, 29.700108 ], [ -96.270462, 29.705833 ], [ -96.27187, 29.712436 ], [ -96.270117, 29.71658 ], [ -96.275456, 29.718868 ], [ -96.278055, 29.723794 ], [ -96.28194, 29.727006 ], [ -96.291544, 29.728064 ], [ -96.290528, 29.734187 ], [ -96.298778, 29.738042 ], [ -96.296251, 29.743825 ], [ -96.297194, 29.749718 ], [ -96.31184, 29.756357 ], [ -96.314518, 29.765834 ], [ -96.314121, 29.771188 ], [ -96.319628, 29.775652 ], [ -96.315047, 29.779527 ], [ -96.314663, 29.786014 ], [ -96.318066, 29.791231 ], [ -96.321986, 29.792385 ], [ -96.327766, 29.798409 ], [ -96.331591, 29.79776 ], [ -96.334239, 29.800877 ], [ -96.337384, 29.801272 ], [ -96.336559, 29.803086 ], [ -96.331574, 29.804027 ], [ -96.330869, 29.814449 ], [ -96.342275, 29.824634 ], [ -96.343159, 29.82962 ], [ -96.352199, 29.827342 ], [ -96.352879, 29.824384 ], [ -96.359162, 29.818869 ], [ -96.362138, 29.820039 ], [ -96.364255, 29.818944 ], [ -96.369616, 29.823582 ], [ -96.378477, 29.8235 ], [ -96.379938, 29.825512 ], [ -96.389032, 29.821305 ], [ -96.393602, 29.821824 ], [ -96.394011, 29.824232 ], [ -96.396565, 29.822578 ], [ -96.404911, 29.825533 ], [ -96.40771, 29.823818 ], [ -96.409677, 29.825452 ], [ -96.412691, 29.824655 ], [ -96.415445, 29.827916 ], [ -96.421195, 29.829385 ], [ -96.421698, 29.83397 ], [ -96.423804, 29.834652 ], [ -96.423665, 29.83651 ], [ -96.425178, 29.836581 ], [ -96.425007, 29.838297 ], [ -96.427851, 29.840886 ], [ -96.434478, 29.841623 ], [ -96.434597, 29.847687 ], [ -96.439566, 29.850271 ], [ -96.440802, 29.853614 ], [ -96.450332, 29.856439 ], [ -96.460523, 29.854674 ], [ -96.464857, 29.860743 ], [ -96.468957, 29.861457 ], [ -96.4743, 29.867415 ], [ -96.478704, 29.869123 ], [ -96.485091, 29.867335 ], [ -96.535705, 29.907326 ], [ -96.62198, 30.044283 ], [ -96.594141, 30.071022 ], [ -96.585899, 30.064668 ], [ -96.518814, 30.065198 ], [ -96.288894, 30.096833 ], [ -96.285556, 30.096322 ], [ -96.282081, 30.093369 ], [ -96.279628, 30.094066 ], [ -96.276171, 30.092378 ], [ -96.271221, 30.094113 ], [ -96.269301, 30.091232 ], [ -96.267902, 30.082931 ], [ -96.264603, 30.081732 ], [ -96.264289, 30.078642 ], [ -96.260958, 30.078135 ], [ -96.259462, 30.075749 ], [ -96.255032, 30.075764 ], [ -96.254337, 30.074494 ], [ -96.252757, 30.075779 ], [ -96.250881, 30.074063 ], [ -96.247417, 30.075256 ], [ -96.243092, 30.072289 ], [ -96.239561, 30.075572 ], [ -96.228862, 30.075718 ], [ -96.22486, 30.072267 ], [ -96.219773, 30.072604 ], [ -96.218686, 30.070757 ], [ -96.214104, 30.069313 ], [ -96.214059, 30.066388 ], [ -96.209964, 30.062305 ], [ -96.206786, 30.066961 ], [ -96.200789, 30.066676 ], [ -96.197023, 30.064703 ], [ -96.190179, 30.064906 ], [ -96.185838, 30.06235 ], [ -96.181169, 30.062751 ], [ -96.173392, 30.056501 ], [ -96.168931, 30.056506 ], [ -96.168837, 30.054411 ], [ -96.162949, 30.052794 ], [ -96.162158, 30.054245 ], [ -96.160472, 30.053409 ], [ -96.157426, 30.055228 ], [ -96.155706, 30.058789 ], [ -96.157209, 30.061895 ], [ -96.154339, 30.065664 ], [ -96.155368, 30.067017 ], [ -96.149308, 30.067993 ], [ -96.146052, 30.070224 ], [ -96.150515, 30.072201 ], [ -96.151247, 30.076396 ], [ -96.147825, 30.076037 ], [ -96.137, 30.066997 ], [ -96.134083, 30.068087 ], [ -96.13378, 30.07096 ], [ -96.14092, 30.076839 ], [ -96.142287, 30.084234 ], [ -96.152071, 30.085032 ], [ -96.158421, 30.091709 ], [ -96.158998, 30.097029 ], [ -96.152557, 30.102535 ], [ -96.153985, 30.107989 ], [ -96.160271, 30.108066 ], [ -96.164285, 30.101152 ], [ -96.169936, 30.098785 ], [ -96.172823, 30.099343 ], [ -96.17466, 30.102702 ], [ -96.171456, 30.109345 ], [ -96.175046, 30.112435 ], [ -96.183548, 30.109212 ], [ -96.188653, 30.110463 ], [ -96.191708, 30.115235 ], [ -96.191235, 30.117577 ], [ -96.187758, 30.118619 ], [ -96.180844, 30.11706 ], [ -96.178687, 30.119773 ], [ -96.179872, 30.122992 ], [ -96.186368, 30.128147 ], [ -96.192208, 30.136664 ], [ -96.187802, 30.141692 ], [ -96.181827, 30.140903 ], [ -96.175922, 30.137728 ], [ -96.17176, 30.13983 ], [ -96.174585, 30.14366 ], [ -96.178231, 30.144991 ], [ -96.182637, 30.149406 ], [ -96.183214, 30.152439 ], [ -96.180662, 30.155684 ], [ -96.176289, 30.154821 ], [ -96.158846, 30.142144 ], [ -96.154866, 30.141373 ], [ -96.152527, 30.143128 ], [ -96.150126, 30.155445 ], [ -96.153408, 30.159488 ], [ -96.160031, 30.161829 ], [ -96.162006, 30.164915 ], [ -96.160912, 30.168559 ], [ -96.1552, 30.173161 ], [ -96.154562, 30.177124 ], [ -96.159962, 30.182109 ], [ -96.157017, 30.189124 ], [ -96.159059, 30.194335 ], [ -96.159266, 30.204568 ], [ -96.15901, 30.206613 ], [ -96.149885, 30.213024 ], [ -96.146975, 30.218226 ], [ -96.145075, 30.218566 ], [ -96.14019, 30.212224 ], [ -96.130107, 30.210755 ], [ -96.126063, 30.213911 ], [ -96.115929, 30.227881 ], [ -96.113704, 30.227203 ], [ -96.109406, 30.219914 ], [ -96.097435, 30.214472 ], [ -96.093122, 30.220447 ], [ -96.093165, 30.225187 ], [ -96.088941, 30.228718 ], [ -95.953773, 30.236964 ], [ -95.923283, 30.237284 ], [ -95.804306, 30.24557 ], [ -95.80459, 30.341723 ], [ -95.817308, 30.498743 ], [ -95.83024, 30.630284 ], [ -95.598971, 30.509002 ], [ -95.361866, 30.508916 ], [ -95.359156, 30.504369 ], [ -95.34647, 30.625197 ], [ -95.337919, 30.746741 ], [ -95.32748, 30.859547 ], [ -95.324104, 30.861893 ], [ -95.321411, 30.8678 ], [ -95.315793, 30.870345 ], [ -95.313903, 30.873101 ], [ -95.316779, 30.87985 ], [ -95.311267, 30.88582 ], [ -95.310857, 30.890703 ], [ -95.314322, 30.89535 ], [ -95.312898, 30.897873 ], [ -95.300826, 30.902308 ], [ -95.289242, 30.902845 ], [ -95.280181, 30.901294 ], [ -95.265037, 30.905182 ], [ -95.251272, 30.906506 ], [ -95.24628, 30.904013 ], [ -95.230777, 30.887007 ], [ -95.237739, 30.873601 ], [ -95.243097, 30.866856 ], [ -95.236026, 30.858107 ], [ -95.230989, 30.841149 ], [ -95.216559, 30.83372 ], [ -95.207641, 30.832379 ], [ -95.20018, 30.824566 ], [ -95.193003, 30.82384 ], [ -95.188432, 30.8181 ], [ -95.180993, 30.818819 ], [ -95.179231, 30.81396 ], [ -95.17404, 30.807583 ], [ -95.167591, 30.803044 ], [ -95.156846, 30.800427 ], [ -95.148887, 30.792524 ], [ -95.140923, 30.788948 ], [ -95.137976, 30.784193 ], [ -95.13194, 30.783162 ], [ -95.131854, 30.780982 ], [ -95.139534, 30.774873 ], [ -95.131768, 30.762027 ], [ -95.131558, 30.757531 ], [ -95.135624, 30.748154 ], [ -95.146034, 30.742367 ], [ -95.142234, 30.729015 ], [ -95.146751, 30.72102 ], [ -95.147073, 30.71739 ], [ -95.145426, 30.713799 ], [ -95.138063, 30.706388 ], [ -95.135013, 30.698737 ], [ -95.134899, 30.693308 ], [ -95.119291, 30.696577 ], [ -95.109861, 30.694191 ], [ -95.10955, 30.692748 ], [ -95.115026, 30.68828 ], [ -95.119528, 30.677332 ], [ -95.118919, 30.675632 ], [ -95.111885, 30.673798 ], [ -95.11069, 30.671986 ], [ -95.116038, 30.664986 ], [ -95.115005, 30.661005 ], [ -95.109013, 30.658104 ], [ -95.101696, 30.658657 ], [ -95.092682, 30.662614 ], [ -95.08999, 30.671834 ], [ -95.079278, 30.669415 ], [ -95.07325, 30.672932 ], [ -95.065245, 30.674378 ], [ -95.060614, 30.678367 ], [ -95.055002, 30.680334 ], [ -95.053323, 30.678369 ], [ -95.054542, 30.671433 ], [ -95.046645, 30.67154 ], [ -95.038606, 30.675766 ], [ -95.034227, 30.674207 ], [ -95.032725, 30.671798 ], [ -95.040958, 30.665967 ], [ -95.0402, 30.663284 ], [ -95.023623, 30.660246 ], [ -95.020833, 30.654371 ], [ -95.012542, 30.658298 ], [ -95.010278, 30.656671 ], [ -95.009361, 30.652334 ], [ -95.013183, 30.648541 ], [ -95.022924, 30.650958 ], [ -95.024745, 30.648473 ], [ -95.021027, 30.636472 ], [ -95.015946, 30.633985 ], [ -95.015874, 30.627077 ], [ -95.008831, 30.627599 ], [ -95.008704, 30.613238 ], [ -95.006861, 30.608075 ], [ -95.007792, 30.606436 ], [ -95.013573, 30.604886 ], [ -95.015974, 30.600987 ], [ -95.022506, 30.600314 ], [ -95.025917, 30.596772 ], [ -95.031822, 30.597342 ], [ -95.02901, 30.591057 ], [ -95.035863, 30.587261 ], [ -95.029744, 30.579138 ], [ -95.024609, 30.577495 ], [ -95.015707, 30.577467 ], [ -95.003474, 30.580151 ], [ -94.985391, 30.576144 ], [ -94.965729, 30.576586 ], [ -94.957878, 30.572277 ], [ -94.949359, 30.570503 ], [ -94.94174, 30.560701 ], [ -94.937278, 30.557984 ], [ -94.927342, 30.557987 ], [ -94.910452, 30.561514 ], [ -94.898813, 30.556859 ], [ -94.889567, 30.556361 ], [ -94.879134, 30.550488 ], [ -94.875209, 30.546067 ], [ -94.858583, 30.546754 ], [ -94.850674, 30.544139 ], [ -94.842021, 30.546086 ], [ -94.830429, 30.541613 ], [ -94.829719, 30.539512 ], [ -94.833565, 30.530364 ], [ -94.852581, 30.524354 ], [ -94.85735, 30.517142 ], [ -94.867085, 30.511416 ], [ -94.865917, 30.495998 ], [ -94.864368, 30.494491 ], [ -94.853539, 30.494958 ], [ -94.841469, 30.492906 ], [ -94.777341, 30.489002 ], [ -94.732732, 30.490066 ], [ -94.596338, 30.112101 ], [ -94.44491, 30.113015 ], [ -94.442204, 29.887053 ], [ -94.357976, 29.887464 ], [ -94.353393, 29.576089 ], [ -94.35488, 29.506328 ], [ -94.369361, 29.50062 ] ] ] ] } },
{ "type": "Feature", "properties": { "CSAFP": "422", "CBSAFP": "36740", "GEOID": "36740", "GEOIDFQ": "310M700US36740", "NAME": "Orlando-Kissimmee-Sanford, FL", "NAMELSAD": "Orlando-Kissimmee-Sanford, FL Metro Area", "LSAD": "M1", "MEMI": "1", "MTFCC": "G3110", "ALAND": 9049181372, "AWATER": 1340590627, "INTPTLAT": "+28.4343977", "INTPTLON": "-081.3560597", "GEO_ID": "310M700US36740", "NAME_2": "Orlando-Kissimmee-Sanford, FL Metro Area", "DP05_0001E": "2793746", "DP05_0001M": "*****" }, "geometry": { "type": "MultiPolygon", "coordinates": [ [ [ [ -80.98725, 28.612997 ], [ -80.985345, 28.611358 ], [ -80.984218, 28.612682 ], [ -80.98333, 28.609697 ], [ -80.98103, 28.611155 ], [ -80.980602, 28.609583 ], [ -80.975925, 28.607819 ], [ -80.973062, 28.611367 ], [ -80.970987, 28.611155 ], [ -80.968345, 28.604203 ], [ -80.961294, 28.605447 ], [ -80.959961, 28.602923 ], [ -80.957105, 28.601901 ], [ -80.956419, 28.603889 ], [ -80.952073, 28.604233 ], [ -80.953047, 28.600664 ], [ -80.949304, 28.60037 ], [ -80.94952, 28.598479 ], [ -80.94637, 28.596939 ], [ -80.947931, 28.595639 ], [ -80.943459, 28.593892 ], [ -80.945072, 28.592378 ], [ -80.94428, 28.588907 ], [ -80.94544, 28.586503 ], [ -80.947094, 28.587423 ], [ -80.947161, 28.584892 ], [ -80.944756, 28.584006 ], [ -80.945865, 28.582723 ], [ -80.943946, 28.581953 ], [ -80.944249, 28.58011 ], [ -80.940438, 28.578094 ], [ -80.939349, 28.57254 ], [ -80.935876, 28.571332 ], [ -80.930013, 28.562961 ], [ -80.932181, 28.561797 ], [ -80.931651, 28.559821 ], [ -80.934274, 28.558974 ], [ -80.931684, 28.55697 ], [ -80.934185, 28.554405 ], [ -80.932625, 28.551598 ], [ -80.934304, 28.545202 ], [ -80.932133, 28.542356 ], [ -80.934247, 28.540471 ], [ -80.93921, 28.541799 ], [ -80.939391, 28.535119 ], [ -80.937797, 28.534685 ], [ -80.93626, 28.536776 ], [ -80.93407, 28.533401 ], [ -80.932176, 28.5355 ], [ -80.928243, 28.532713 ], [ -80.923377, 28.532728 ], [ -80.920638, 28.5252 ], [ -80.917517, 28.522983 ], [ -80.911412, 28.524569 ], [ -80.910559, 28.523296 ], [ -80.912515, 28.523173 ], [ -80.911994, 28.521622 ], [ -80.907258, 28.520545 ], [ -80.907965, 28.517988 ], [ -80.905715, 28.517811 ], [ -80.90713, 28.513784 ], [ -80.904465, 28.510441 ], [ -80.900095, 28.511552 ], [ -80.898851, 28.509782 ], [ -80.895905, 28.509444 ], [ -80.891923, 28.512088 ], [ -80.885741, 28.510312 ], [ -80.879873, 28.500006 ], [ -80.880266, 28.496995 ], [ -80.884077, 28.494867 ], [ -80.882591, 28.491491 ], [ -80.875368, 28.489726 ], [ -80.878113, 28.486729 ], [ -80.875585, 28.485845 ], [ -80.873318, 28.48206 ], [ -80.874191, 28.476345 ], [ -80.870773, 28.471561 ], [ -80.875143, 28.468842 ], [ -80.876045, 28.470883 ], [ -80.880834, 28.468331 ], [ -80.881681, 28.470375 ], [ -80.88475, 28.468722 ], [ -80.886659, 28.469608 ], [ -80.889772, 28.466486 ], [ -80.890812, 28.468383 ], [ -80.894522, 28.467039 ], [ -80.892859, 28.464027 ], [ -80.895845, 28.463203 ], [ -80.89336, 28.459037 ], [ -80.896628, 28.456603 ], [ -80.897569, 28.457762 ], [ -80.898346, 28.455084 ], [ -80.895859, 28.451259 ], [ -80.892028, 28.4492 ], [ -80.890121, 28.445413 ], [ -80.89389, 28.443864 ], [ -80.893079, 28.441755 ], [ -80.895151, 28.436446 ], [ -80.896715, 28.437345 ], [ -80.898225, 28.436401 ], [ -80.896902, 28.435505 ], [ -80.901272, 28.433537 ], [ -80.900339, 28.431593 ], [ -80.898448, 28.431919 ], [ -80.896773, 28.427809 ], [ -80.898698, 28.426136 ], [ -80.895759, 28.423119 ], [ -80.896373, 28.418499 ], [ -80.894159, 28.41914 ], [ -80.891073, 28.41619 ], [ -80.888021, 28.415686 ], [ -80.888074, 28.413004 ], [ -80.88299, 28.408156 ], [ -80.886494, 28.404132 ], [ -80.885504, 28.402398 ], [ -80.886651, 28.399605 ], [ -80.88451, 28.398271 ], [ -80.884507, 28.396126 ], [ -80.886789, 28.396543 ], [ -80.887494, 28.393963 ], [ -80.889618, 28.393006 ], [ -80.888478, 28.385585 ], [ -80.879604, 28.380421 ], [ -80.879519, 28.377151 ], [ -80.881925, 28.374845 ], [ -80.880138, 28.375125 ], [ -80.87929, 28.372395 ], [ -80.875577, 28.373424 ], [ -80.873101, 28.370261 ], [ -80.87358, 28.36058 ], [ -80.868652, 28.352472 ], [ -80.862785, 28.347122 ], [ -80.861395, 28.252281 ], [ -80.862877, 28.084745 ], [ -80.869313, 28.084727 ], [ -80.870135, 28.057077 ], [ -80.868881, 27.822522 ], [ -80.881566, 27.822511 ], [ -80.880073, 27.733699 ], [ -80.873795, 27.733854 ], [ -80.87315, 27.642288 ], [ -81.142164, 27.643238 ], [ -81.14005, 27.646666 ], [ -81.137311, 27.647038 ], [ -81.137612, 27.644181 ], [ -81.13395, 27.646686 ], [ -81.133899, 27.649119 ], [ -81.132469, 27.647468 ], [ -81.131044, 27.659307 ], [ -81.131842, 27.661509 ], [ -81.138446, 27.665 ], [ -81.142228, 27.670626 ], [ -81.144343, 27.669723 ], [ -81.144652, 27.679471 ], [ -81.146892, 27.68194 ], [ -81.144905, 27.682201 ], [ -81.147674, 27.688993 ], [ -81.146613, 27.690921 ], [ -81.149001, 27.692032 ], [ -81.147337, 27.696383 ], [ -81.150233, 27.699808 ], [ -81.147996, 27.699159 ], [ -81.149324, 27.702979 ], [ -81.145987, 27.706266 ], [ -81.145815, 27.710313 ], [ -81.149004, 27.712879 ], [ -81.150709, 27.717632 ], [ -81.151777, 27.716175 ], [ -81.153076, 27.718553 ], [ -81.159969, 27.719263 ], [ -81.161347, 27.724166 ], [ -81.167379, 27.72339 ], [ -81.168837, 27.72631 ], [ -81.166883, 27.728745 ], [ -81.168705, 27.731982 ], [ -81.165498, 27.732129 ], [ -81.166824, 27.734186 ], [ -81.164542, 27.735359 ], [ -81.165011, 27.742327 ], [ -81.171775, 27.743152 ], [ -81.171163, 27.746501 ], [ -81.17287, 27.747439 ], [ -81.174487, 27.745557 ], [ -81.175464, 27.749746 ], [ -81.178657, 27.752096 ], [ -81.17801, 27.758929 ], [ -81.173615, 27.758668 ], [ -81.173013, 27.760907 ], [ -81.175037, 27.764412 ], [ -81.179148, 27.76584 ], [ -81.178202, 27.770528 ], [ -81.18097, 27.769994 ], [ -81.181069, 27.774211 ], [ -81.184675, 27.772934 ], [ -81.187474, 27.774975 ], [ -81.185981, 27.779038 ], [ -81.189443, 27.782275 ], [ -81.18956, 27.785319 ], [ -81.196307, 27.790769 ], [ -81.198649, 27.797315 ], [ -81.200504, 27.797398 ], [ -81.200693, 27.803653 ], [ -81.20405, 27.810598 ], [ -81.208575, 27.812227 ], [ -81.20652, 27.812447 ], [ -81.209934, 27.81724 ], [ -81.210039, 27.819228 ], [ -81.207976, 27.820977 ], [ -81.213956, 27.82409 ], [ -81.215292, 27.829731 ], [ -81.23112, 27.842843 ], [ -81.241426, 27.847207 ], [ -81.24171, 27.84566 ], [ -81.246473, 27.848789 ], [ -81.250348, 27.84361 ], [ -81.251468, 27.844981 ], [ -81.250482, 27.848854 ], [ -81.254172, 27.848829 ], [ -81.259107, 27.845985 ], [ -81.257781, 27.848137 ], [ -81.263187, 27.847115 ], [ -81.277283, 27.850751 ], [ -81.281523, 27.855793 ], [ -81.281324, 27.857472 ], [ -81.292049, 27.857628 ], [ -81.301862, 27.862081 ], [ -81.301466, 27.865201 ], [ -81.298915, 27.862493 ], [ -81.297299, 27.862741 ], [ -81.304376, 27.870401 ], [ -81.305923, 27.876827 ], [ -81.304473, 27.880469 ], [ -81.306108, 27.886176 ], [ -81.314835, 27.900605 ], [ -81.31481, 27.903836 ], [ -81.309173, 27.915304 ], [ -81.308869, 27.922078 ], [ -81.315994, 27.928506 ], [ -81.318844, 27.928131 ], [ -81.317816, 27.924263 ], [ -81.33827, 27.933407 ], [ -81.338664, 27.931336 ], [ -81.34399, 27.936201 ], [ -81.346735, 27.936751 ], [ -81.347522, 27.939249 ], [ -81.345873, 27.941451 ], [ -81.338233, 27.939197 ], [ -81.336824, 27.94991 ], [ -81.34296, 27.953079 ], [ -81.345128, 27.952291 ], [ -81.349845, 27.953919 ], [ -81.347961, 27.960669 ], [ -81.349831, 27.963758 ], [ -81.368688, 27.973809 ], [ -81.370596, 27.977927 ], [ -81.373211, 27.977026 ], [ -81.376505, 27.978251 ], [ -81.377135, 27.984067 ], [ -81.380098, 27.983018 ], [ -81.381908, 27.984983 ], [ -81.380908, 27.988004 ], [ -81.378502, 27.988977 ], [ -81.382639, 27.997717 ], [ -81.385769, 27.99938 ], [ -81.386864, 28.003536 ], [ -81.392511, 28.004562 ], [ -81.403697, 28.002782 ], [ -81.414349, 28.000649 ], [ -81.41391, 27.99914 ], [ -81.415888, 27.998249 ], [ -81.421063, 28.003352 ], [ -81.427776, 28.021055 ], [ -81.428093, 28.02154 ], [ -81.429147, 28.021661 ], [ -81.428564, 28.018783 ], [ -81.429265, 28.021039 ], [ -81.432508, 28.022437 ], [ -81.438597, 28.033223 ], [ -81.448564, 28.032309 ], [ -81.455722, 28.038834 ], [ -81.458817, 28.039775 ], [ -81.460171, 28.050153 ], [ -81.458416, 28.05094 ], [ -81.459687, 28.051809 ], [ -81.458248, 28.051678 ], [ -81.457449, 28.055084 ], [ -81.453758, 28.057594 ], [ -81.450371, 28.056637 ], [ -81.445899, 28.059003 ], [ -81.441098, 28.058739 ], [ -81.436073, 28.054167 ], [ -81.433735, 28.045351 ], [ -81.431328, 28.04222 ], [ -81.427657, 28.041372 ], [ -81.428042, 28.039347 ], [ -81.424066, 28.040502 ], [ -81.423161, 28.038587 ], [ -81.415756, 28.037145 ], [ -81.406517, 28.029136 ], [ -81.394604, 28.028434 ], [ -81.392226, 28.019772 ], [ -81.385691, 28.017227 ], [ -81.382476, 28.012361 ], [ -81.378849, 28.011666 ], [ -81.376478, 28.015847 ], [ -81.379216, 28.021159 ], [ -81.375877, 28.024916 ], [ -81.375813, 28.029489 ], [ -81.367399, 28.034598 ], [ -81.367369, 28.036326 ], [ -81.363723, 28.037763 ], [ -81.362552, 28.040587 ], [ -81.361865, 28.043718 ], [ -81.364509, 28.047129 ], [ -81.364266, 28.058053 ], [ -81.366811, 28.061667 ], [ -81.365082, 28.064573 ], [ -81.365499, 28.067886 ], [ -81.362442, 28.070006 ], [ -81.355194, 28.066903 ], [ -81.346479, 28.069328 ], [ -81.347227, 28.080158 ], [ -81.348791, 28.081819 ], [ -81.346418, 28.084696 ], [ -81.455758, 28.08489 ], [ -81.456214, 28.143163 ], [ -81.524227, 28.142805 ], [ -81.524083, 28.201012 ], [ -81.557459, 28.259362 ], [ -81.657189, 28.259217 ], [ -81.657268, 28.347098 ], [ -81.790727, 28.346413 ], [ -81.790887, 28.361837 ], [ -81.857624, 28.361868 ], [ -81.857512, 28.345965 ], [ -81.957641, 28.34518 ], [ -81.954184, 28.556115 ], [ -81.95419, 28.960053 ], [ -81.658698, 28.960345 ], [ -81.659197, 29.04776 ], [ -81.638696, 29.04776 ], [ -81.641916, 29.276766 ], [ -81.63389, 29.25434 ], [ -81.63399, 29.244779 ], [ -81.619209, 29.228491 ], [ -81.614975, 29.217385 ], [ -81.617312, 29.212927 ], [ -81.616834, 29.210512 ], [ -81.612259, 29.202828 ], [ -81.593928, 29.199032 ], [ -81.572055, 29.203352 ], [ -81.560905, 29.20019 ], [ -81.553591, 29.188433 ], [ -81.553957, 29.184647 ], [ -81.547408, 29.184965 ], [ -81.543461, 29.180583 ], [ -81.531749, 29.177198 ], [ -81.530689, 29.171232 ], [ -81.525679, 29.170153 ], [ -81.52258, 29.1677 ], [ -81.523072, 29.156942 ], [ -81.516893, 29.147558 ], [ -81.513092, 29.135658 ], [ -81.504534, 29.123711 ], [ -81.506739, 29.112184 ], [ -81.500604, 29.103452 ], [ -81.502055, 29.097802 ], [ -81.48697, 29.092911 ], [ -81.474108, 29.094691 ], [ -81.468745, 29.097022 ], [ -81.45846, 29.093832 ], [ -81.454383, 29.081984 ], [ -81.459717, 29.079201 ], [ -81.460852, 29.075751 ], [ -81.460352, 29.073951 ], [ -81.455764, 29.071548 ], [ -81.455289, 29.063071 ], [ -81.452262, 29.061647 ], [ -81.446074, 29.062113 ], [ -81.436321, 29.048035 ], [ -81.43221, 29.04442 ], [ -81.42579, 29.044812 ], [ -81.419607, 29.038424 ], [ -81.413193, 29.037199 ], [ -81.409896, 29.031267 ], [ -81.402855, 29.032469 ], [ -81.394756, 29.024138 ], [ -81.39581, 29.019116 ], [ -81.392201, 29.020018 ], [ -81.389935, 29.018849 ], [ -81.387541, 29.015561 ], [ -81.388189, 29.010689 ], [ -81.380772, 29.007395 ], [ -81.378154, 28.99894 ], [ -81.372202, 28.998502 ], [ -81.375674, 28.993999 ], [ -81.36441, 28.992727 ], [ -81.355898, 28.987047 ], [ -81.355226, 28.982535 ], [ -81.361851, 28.975845 ], [ -81.364169, 28.96873 ], [ -81.369587, 28.968898 ], [ -81.36581, 28.960855 ], [ -81.367254, 28.958544 ], [ -81.366923, 28.959804 ], [ -81.370895, 28.958537 ], [ -81.367872, 28.955336 ], [ -81.361673, 28.957104 ], [ -81.35892, 28.955945 ], [ -81.360375, 28.95174 ], [ -81.353956, 28.949575 ], [ -81.35944, 28.944797 ], [ -81.353705, 28.947093 ], [ -81.355341, 28.940336 ], [ -81.349643, 28.939289 ], [ -81.353371, 28.937193 ], [ -81.351435, 28.932841 ], [ -81.355371, 28.929929 ], [ -81.351931, 28.920746 ], [ -81.354123, 28.920905 ], [ -81.359202, 28.914646 ], [ -81.356667, 28.910538 ], [ -81.360171, 28.90665 ], [ -81.357531, 28.903722 ], [ -81.357563, 28.899642 ], [ -81.352643, 28.897103 ], [ -81.355563, 28.897034 ], [ -81.354835, 28.892607 ], [ -81.357168, 28.887149 ], [ -81.363591, 28.890542 ], [ -81.366124, 28.887755 ], [ -81.365644, 28.883563 ], [ -81.36302, 28.879387 ], [ -81.366312, 28.88 ], [ -81.366796, 28.878731 ], [ -81.360171, 28.871399 ], [ -81.363839, 28.869099 ], [ -81.364651, 28.865692 ], [ -81.352475, 28.862588 ], [ -81.351115, 28.858108 ], [ -81.354539, 28.858668 ], [ -81.355307, 28.853756 ], [ -81.359627, 28.8503 ], [ -81.358715, 28.848284 ], [ -81.347627, 28.846221 ], [ -81.341547, 28.847053 ], [ -81.333483, 28.840398 ], [ -81.323391, 28.837309 ], [ -81.320473, 28.83453 ], [ -81.226003, 28.83263 ], [ -81.222874, 28.826862 ], [ -81.224627, 28.821585 ], [ -81.221345, 28.82034 ], [ -81.215898, 28.814423 ], [ -81.216435, 28.808083 ], [ -81.214491, 28.807875 ], [ -81.213717, 28.804212 ], [ -81.207379, 28.801272 ], [ -81.197369, 28.79192 ], [ -81.191336, 28.795673 ], [ -81.18817, 28.793773 ], [ -81.183198, 28.797468 ], [ -81.180999, 28.79661 ], [ -81.179488, 28.790973 ], [ -81.181433, 28.783277 ], [ -81.178936, 28.781886 ], [ -81.177462, 28.78292 ], [ -81.177576, 28.78587 ], [ -81.171588, 28.786031 ], [ -81.170728, 28.783038 ], [ -81.165336, 28.78875 ], [ -81.160376, 28.790862 ], [ -81.136167, 28.792222 ], [ -81.136071, 28.79435 ], [ -81.140327, 28.796238 ], [ -81.129287, 28.799454 ], [ -81.131079, 28.806301 ], [ -81.12484, 28.810655 ], [ -81.123142, 28.814125 ], [ -81.126586, 28.820897 ], [ -81.119782, 28.826157 ], [ -81.105286, 28.828477 ], [ -81.103494, 28.824813 ], [ -81.097734, 28.821517 ], [ -81.091942, 28.824653 ], [ -81.084769, 28.815741 ], [ -81.076085, 28.819325 ], [ -81.073925, 28.815277 ], [ -81.070037, 28.814701 ], [ -81.066709, 28.811725 ], [ -81.067813, 28.803709 ], [ -81.05866, 28.794156 ], [ -81.053947, 28.777542 ], [ -81.053087, 28.773557 ], [ -81.060562, 28.761994 ], [ -81.06111, 28.750001 ], [ -81.057683, 28.745119 ], [ -81.040946, 28.72974 ], [ -81.041443, 28.726662 ], [ -81.036449, 28.724945 ], [ -81.036393, 28.722534 ], [ -81.038828, 28.72159 ], [ -81.033999, 28.718565 ], [ -81.03553, 28.712601 ], [ -81.034741, 28.709387 ], [ -81.021446, 28.701143 ], [ -81.016646, 28.693037 ], [ -81.016554, 28.690775 ], [ -81.019972, 28.688548 ], [ -81.0213, 28.685242 ], [ -81.021287, 28.674253 ], [ -81.011042, 28.66808 ], [ -81.007231, 28.663451 ], [ -81.008266, 28.65875 ], [ -81.003087, 28.648129 ], [ -81.001056, 28.640011 ], [ -81.005106, 28.638894 ], [ -81.007099, 28.636326 ], [ -81.002443, 28.631404 ], [ -80.998177, 28.630583 ], [ -80.999569, 28.627415 ], [ -80.994538, 28.621702 ], [ -80.988761, 28.624517 ], [ -80.986868, 28.617907 ], [ -80.990011, 28.617119 ], [ -80.990501, 28.61492 ], [ -80.98725, 28.612997 ] ] ] ] } },
{ "type": "Feature", "properties": { "CSAFP": "122", "CBSAFP": "12060", "GEOID": "12060", "GEOIDFQ": "310M700US12060", "NAME": "Atlanta-Sandy Springs-Roswell, GA", "NAMELSAD": "Atlanta-Sandy Springs-Roswell, GA Metro Area", "LSAD": "M1", "MEMI": "1", "MTFCC": "G3110", "ALAND": 22750687355, "AWATER": 384093172, "INTPTLAT": "+33.7324018", "INTPTLON": "-084.3928478", "GEO_ID": "310M700US12060", "NAME_2": "Atlanta-Sandy Springs-Roswell, GA Metro Area", "DP05_0001E": "6256377", "DP05_0001M": "*****" }, "geometry": { "type": "MultiPolygon", "coordinates": [ [ [ [ -84.248185, 33.189019 ], [ -84.248659, 33.03933 ], [ -84.258853, 33.039681 ], [ -84.259056, 33.031518 ], [ -84.269169, 33.031438 ], [ -84.27014, 32.991011 ], [ -84.289849, 32.991587 ], [ -84.292989, 32.999691 ], [ -84.298665, 32.999671 ], [ -84.298723, 32.99147 ], [ -84.489708, 32.993729 ], [ -84.491053, 32.992176 ], [ -84.490138, 32.990698 ], [ -84.494761, 32.988331 ], [ -84.495594, 32.984499 ], [ -84.49833, 32.98275 ], [ -84.501873, 32.983156 ], [ -84.499229, 32.979716 ], [ -84.505721, 32.972551 ], [ -84.511239, 32.972085 ], [ -84.520429, 32.968534 ], [ -84.530291, 32.970622 ], [ -84.53257, 32.968975 ], [ -84.534397, 32.964191 ], [ -84.531971, 32.960667 ], [ -84.524279, 32.960431 ], [ -84.519335, 32.952379 ], [ -84.518916, 32.94755 ], [ -84.522928, 32.937904 ], [ -84.5224, 32.933075 ], [ -84.52799, 32.927897 ], [ -84.524213, 32.919389 ], [ -84.526902, 32.914098 ], [ -84.523317, 32.913131 ], [ -84.516244, 32.914944 ], [ -84.511594, 32.91234 ], [ -84.508171, 32.903366 ], [ -84.509688, 32.884538 ], [ -84.506888, 32.881788 ], [ -84.507058, 32.877467 ], [ -84.570669, 32.845179 ], [ -84.700538, 32.84464 ], [ -84.751461, 32.862704 ], [ -84.751338, 32.8692 ], [ -84.767758, 32.868933 ], [ -84.767874, 32.867711 ], [ -84.841063, 32.868124 ], [ -84.84759, 32.86837 ], [ -84.847692, 32.872436 ], [ -84.861768, 32.872495 ], [ -84.861531, 32.96081 ], [ -84.864524, 32.960822 ], [ -84.864624, 32.968497 ], [ -84.86232, 33.198718 ], [ -84.869904, 33.195662 ], [ -84.869198, 33.199029 ], [ -84.871954, 33.207433 ], [ -84.862198, 33.207541 ], [ -84.862135, 33.223858 ], [ -84.939015, 33.224693 ], [ -85.04083, 33.188281 ], [ -85.045259, 33.181618 ], [ -85.058377, 33.183447 ], [ -85.064533, 33.178482 ], [ -85.088036, 33.171701 ], [ -85.087712, 33.186588 ], [ -85.097578, 33.186628 ], [ -85.097561, 33.19509 ], [ -85.10798, 33.195098 ], [ -85.107851, 33.178458 ], [ -85.11754, 33.178496 ], [ -85.117402, 33.163654 ], [ -85.236518, 33.129559 ], [ -85.386581, 33.901719 ], [ -85.212791, 33.899212 ], [ -85.212774, 33.906302 ], [ -85.05031, 33.904488 ], [ -85.049833, 33.952635 ], [ -84.978683, 33.951393 ], [ -84.928743, 34.071698 ], [ -84.922742, 34.082497 ], [ -84.929943, 34.082597 ], [ -84.930043, 34.078198 ], [ -84.939043, 34.078398 ], [ -84.939087, 34.082553 ], [ -85.047046, 34.082881 ], [ -85.044658, 34.213622 ], [ -85.023813, 34.213385 ], [ -85.023947, 34.251201 ], [ -85.015606, 34.251131 ], [ -85.015528, 34.258206 ], [ -85.023891, 34.258289 ], [ -85.023102, 34.347112 ], [ -85.005235, 34.34708 ], [ -85.005776, 34.392512 ], [ -84.990882, 34.392473 ], [ -84.988793, 34.384578 ], [ -84.9539, 34.384192 ], [ -84.955727, 34.391823 ], [ -84.947344, 34.391543 ], [ -84.947219, 34.398893 ], [ -84.89619, 34.398598 ], [ -84.896282, 34.396297 ], [ -84.837061, 34.397721 ], [ -84.734118, 34.396495 ], [ -84.733878, 34.412968 ], [ -84.653232, 34.41259 ], [ -84.653733, 34.455789 ], [ -84.644432, 34.455789 ], [ -84.644532, 34.462989 ], [ -84.653291, 34.463197 ], [ -84.654056, 34.548951 ], [ -84.52139, 34.550463 ], [ -84.52052, 34.556674 ], [ -84.511694, 34.556748 ], [ -84.51152, 34.563646 ], [ -84.50261, 34.563681 ], [ -84.502812, 34.550476 ], [ -84.476727, 34.550128 ], [ -84.476532, 34.556651 ], [ -84.485661, 34.556705 ], [ -84.485798, 34.563267 ], [ -84.467989, 34.563488 ], [ -84.467863, 34.549967 ], [ -84.432427, 34.549441 ], [ -84.429001, 34.553673 ], [ -84.428712, 34.557495 ], [ -84.424397, 34.557413 ], [ -84.424556, 34.549332 ], [ -84.371352, 34.548495 ], [ -84.371496, 34.562912 ], [ -84.345553, 34.562735 ], [ -84.346124, 34.566822 ], [ -84.337632, 34.569859 ], [ -84.33744, 34.571701 ], [ -84.331505, 34.572529 ], [ -84.335999, 34.576233 ], [ -84.336578, 34.579216 ], [ -84.332794, 34.579895 ], [ -84.328712, 34.583623 ], [ -84.32029, 34.582226 ], [ -84.318024, 34.578812 ], [ -84.31324, 34.577705 ], [ -84.311234, 34.57769 ], [ -84.307068, 34.581398 ], [ -84.304138, 34.580134 ], [ -84.303741, 34.577717 ], [ -84.30172, 34.578243 ], [ -84.297451, 34.57533 ], [ -84.29464, 34.569969 ], [ -84.292183, 34.569012 ], [ -84.278877, 34.569611 ], [ -84.27906, 34.572598 ], [ -84.275764, 34.573746 ], [ -84.27108, 34.570614 ], [ -84.255112, 34.568333 ], [ -84.254677, 34.597496 ], [ -84.223907, 34.596992 ], [ -84.223547, 34.599654 ], [ -84.218742, 34.600513 ], [ -84.214103, 34.610062 ], [ -84.208801, 34.613415 ], [ -84.199905, 34.615009 ], [ -84.196754, 34.617924 ], [ -84.189331, 34.608863 ], [ -84.18988, 34.604725 ], [ -84.188557, 34.602692 ], [ -84.158035, 34.648243 ], [ -84.154475, 34.648454 ], [ -84.151815, 34.651273 ], [ -84.148992, 34.646845 ], [ -84.145843, 34.646843 ], [ -84.138, 34.65287 ], [ -84.136452, 34.655575 ], [ -84.138111, 34.659828 ], [ -84.136391, 34.661297 ], [ -84.124914, 34.664419 ], [ -84.117302, 34.658379 ], [ -84.099098, 34.653217 ], [ -84.091155, 34.652978 ], [ -84.088486, 34.651271 ], [ -84.086662, 34.652981 ], [ -84.080059, 34.653708 ], [ -84.079449, 34.65684 ], [ -84.071548, 34.657013 ], [ -84.068708, 34.651976 ], [ -84.066278, 34.651049 ], [ -84.06765, 34.648003 ], [ -84.062629, 34.649141 ], [ -84.05651, 34.643509 ], [ -84.049992, 34.643502 ], [ -84.048228, 34.640876 ], [ -84.03651, 34.641934 ], [ -84.038517, 34.651733 ], [ -84.030445, 34.652584 ], [ -84.028309, 34.656861 ], [ -84.029187, 34.660983 ], [ -84.026291, 34.663349 ], [ -84.027145, 34.66695 ], [ -84.024612, 34.670197 ], [ -84.018448, 34.670174 ], [ -84.015808, 34.673054 ], [ -84.00882, 34.673252 ], [ -84.000938, 34.677692 ], [ -83.994698, 34.678211 ], [ -83.995308, 34.684994 ], [ -83.992088, 34.689049 ], [ -83.990512, 34.69429 ], [ -83.992112, 34.69589 ], [ -83.986412, 34.70019 ], [ -83.987112, 34.704782 ], [ -83.989464, 34.707573 ], [ -83.982612, 34.71589 ], [ -83.977212, 34.71649 ], [ -83.972912, 34.71919 ], [ -83.971612, 34.72329 ], [ -83.966912, 34.72349 ], [ -83.964297, 34.727097 ], [ -83.916566, 34.727015 ], [ -83.921293, 34.734506 ], [ -83.918236, 34.734893 ], [ -83.910109, 34.734491 ], [ -83.905827, 34.731279 ], [ -83.900108, 34.732191 ], [ -83.893408, 34.725891 ], [ -83.885808, 34.726792 ], [ -83.877427, 34.723304 ], [ -83.869794, 34.727389 ], [ -83.863606, 34.726292 ], [ -83.862306, 34.723792 ], [ -83.856381, 34.721917 ], [ -83.859506, 34.713592 ], [ -83.860006, 34.707692 ], [ -83.858106, 34.704892 ], [ -83.862406, 34.700692 ], [ -83.860406, 34.696592 ], [ -83.864806, 34.690692 ], [ -83.863706, 34.687793 ], [ -83.872507, 34.683092 ], [ -83.873165, 34.68109 ], [ -83.874707, 34.673193 ], [ -83.8709, 34.66879 ], [ -83.871205, 34.664898 ], [ -83.874584, 34.664006 ], [ -83.876407, 34.660401 ], [ -83.871837, 34.65749 ], [ -83.873939, 34.64448 ], [ -83.875541, 34.643312 ], [ -83.87199, 34.64238 ], [ -83.871104, 34.639875 ], [ -83.875601, 34.636698 ], [ -83.873707, 34.630793 ], [ -83.877418, 34.62866 ], [ -83.874207, 34.624193 ], [ -83.876152, 34.620518 ], [ -83.872691, 34.618962 ], [ -83.872796, 34.615626 ], [ -83.864456, 34.615581 ], [ -83.864454, 34.604457 ], [ -83.866806, 34.602751 ], [ -83.864489, 34.600504 ], [ -83.864449, 34.550593 ], [ -83.853682, 34.550693 ], [ -83.853715, 34.541457 ], [ -83.843753, 34.541432 ], [ -83.843788, 34.532397 ], [ -83.832831, 34.532307 ], [ -83.832865, 34.523524 ], [ -83.836291, 34.523533 ], [ -83.837846, 34.521309 ], [ -83.837536, 34.519535 ], [ -83.839282, 34.518602 ], [ -83.837573, 34.515339 ], [ -83.84313, 34.515357 ], [ -83.843315, 34.497022 ], [ -83.887604, 34.468788 ], [ -83.887627, 34.459936 ], [ -83.90995, 34.459805 ], [ -83.909843, 34.469185 ], [ -83.931886, 34.469345 ], [ -83.931898, 34.460529 ], [ -83.920662, 34.460114 ], [ -83.920685, 34.451126 ], [ -83.931313, 34.451206 ], [ -83.956448, 34.437286 ], [ -83.963473, 34.436171 ], [ -83.968326, 34.433329 ], [ -83.975146, 34.432722 ], [ -83.970893, 34.422811 ], [ -83.975926, 34.41874 ], [ -83.982506, 34.417809 ], [ -83.984818, 34.411603 ], [ -83.978398, 34.411219 ], [ -83.974756, 34.406551 ], [ -83.972002, 34.405497 ], [ -83.971555, 34.402524 ], [ -83.972768, 34.398999 ], [ -83.976472, 34.397946 ], [ -83.978534, 34.39076 ], [ -83.982336, 34.387859 ], [ -83.984365, 34.383631 ], [ -83.977231, 34.379479 ], [ -83.9802, 34.375866 ], [ -83.979178, 34.372981 ], [ -83.980977, 34.369201 ], [ -83.976133, 34.363062 ], [ -83.981458, 34.359538 ], [ -83.981433, 34.357829 ], [ -83.976238, 34.356576 ], [ -83.966853, 34.339629 ], [ -83.960715, 34.343119 ], [ -83.956443, 34.332935 ], [ -83.945571, 34.329399 ], [ -83.945755, 34.324222 ], [ -83.95066, 34.323051 ], [ -83.953353, 34.317626 ], [ -83.942619, 34.302024 ], [ -83.946861, 34.297786 ], [ -83.941001, 34.29179 ], [ -83.939659, 34.292739 ], [ -83.939567, 34.29877 ], [ -83.93151, 34.298053 ], [ -83.931701, 34.296413 ], [ -83.936286, 34.2947 ], [ -83.934593, 34.286961 ], [ -83.932228, 34.284992 ], [ -83.931122, 34.286327 ], [ -83.931808, 34.29073 ], [ -83.928312, 34.289787 ], [ -83.925567, 34.286369 ], [ -83.926673, 34.280384 ], [ -83.942604, 34.274765 ], [ -83.953318, 34.269045 ], [ -83.954025, 34.26686 ], [ -83.950484, 34.261877 ], [ -83.95359, 34.253234 ], [ -83.95008, 34.247863 ], [ -83.949356, 34.240505 ], [ -83.961044, 34.232654 ], [ -83.971809, 34.22813 ], [ -83.972351, 34.225975 ], [ -83.970254, 34.22274 ], [ -83.964568, 34.221545 ], [ -83.966327, 34.216644 ], [ -83.967932, 34.215198 ], [ -83.978352, 34.213597 ], [ -83.98484, 34.200218 ], [ -83.989059, 34.195732 ], [ -83.994392, 34.193726 ], [ -84.002739, 34.195824 ], [ -84.006851, 34.192329 ], [ -84.011459, 34.191021 ], [ -84.023071, 34.194775 ], [ -84.029922, 34.195328 ], [ -84.048714, 34.191223 ], [ -84.058907, 34.18198 ], [ -84.05899, 34.176865 ], [ -84.062187, 34.168541 ], [ -83.867844, 34.098652 ], [ -83.820248, 34.126552 ], [ -83.816684, 34.127369 ], [ -83.816528, 34.122532 ], [ -83.812325, 34.120789 ], [ -83.813069, 34.117447 ], [ -83.8108, 34.115971 ], [ -83.815174, 34.113701 ], [ -83.810767, 34.112392 ], [ -83.807783, 34.109405 ], [ -83.805853, 34.109822 ], [ -83.805762, 34.107694 ], [ -83.799858, 34.102852 ], [ -83.792271, 34.100354 ], [ -83.789941, 34.093728 ], [ -83.791031, 34.087193 ], [ -83.777977, 34.079819 ], [ -83.773438, 34.073826 ], [ -83.76988, 34.073228 ], [ -83.767532, 34.066448 ], [ -83.763839, 34.064683 ], [ -83.759243, 34.06657 ], [ -83.751579, 34.064175 ], [ -83.742332, 34.065243 ], [ -83.743431, 34.068027 ], [ -83.742119, 34.069447 ], [ -83.737724, 34.066391 ], [ -83.733604, 34.067303 ], [ -83.734344, 34.063641 ], [ -83.732338, 34.06028 ], [ -83.727928, 34.060703 ], [ -83.723053, 34.063431 ], [ -83.720347, 34.059568 ], [ -83.720803, 34.055396 ], [ -83.718763, 34.053545 ], [ -83.713133, 34.056198 ], [ -83.712286, 34.054022 ], [ -83.714356, 34.049894 ], [ -83.709378, 34.045158 ], [ -83.704304, 34.04636 ], [ -83.700874, 34.054316 ], [ -83.697929, 34.052673 ], [ -83.695557, 34.056278 ], [ -83.692149, 34.051694 ], [ -83.685513, 34.053442 ], [ -83.686701, 34.048856 ], [ -83.685097, 34.046918 ], [ -83.679458, 34.047412 ], [ -83.679599, 34.051561 ], [ -83.675911, 34.053757 ], [ -83.672447, 34.052637 ], [ -83.667608, 34.047975 ], [ -83.66312, 34.048903 ], [ -83.663094, 34.05238 ], [ -83.657272, 34.053379 ], [ -83.655701, 34.048199 ], [ -83.652191, 34.04649 ], [ -83.647964, 34.045902 ], [ -83.644989, 34.050884 ], [ -83.636004, 34.045905 ], [ -83.630814, 34.046152 ], [ -83.630213, 34.044586 ], [ -83.61687, 34.047536 ], [ -83.614456, 34.047039 ], [ -83.614708, 34.044712 ], [ -83.611549, 34.044342 ], [ -83.610146, 34.038509 ], [ -83.605062, 34.038812 ], [ -83.600538, 34.0353 ], [ -83.598722, 34.037376 ], [ -83.59526, 34.036477 ], [ -83.586478, 34.039151 ], [ -83.584161, 34.038533 ], [ -83.584158, 34.041058 ], [ -83.573562, 34.039195 ], [ -83.570805, 34.031218 ], [ -83.563277, 34.031864 ], [ -83.5369, 33.966178 ], [ -83.647031, 33.906198 ], [ -83.643074, 33.904888 ], [ -83.642068, 33.905822 ], [ -83.644249, 33.90694 ], [ -83.638855, 33.908306 ], [ -83.631348, 33.897495 ], [ -83.630567, 33.8868 ], [ -83.626427, 33.88493 ], [ -83.619232, 33.885517 ], [ -83.617974, 33.883545 ], [ -83.60891, 33.881138 ], [ -83.604454, 33.881699 ], [ -83.602653, 33.883648 ], [ -83.601189, 33.881645 ], [ -83.596283, 33.882835 ], [ -83.593723, 33.881302 ], [ -83.583763, 33.88385 ], [ -83.582314, 33.881847 ], [ -83.586189, 33.876972 ], [ -83.587334, 33.867638 ], [ -83.590622, 33.863361 ], [ -83.589027, 33.861931 ], [ -83.588173, 33.86451 ], [ -83.586861, 33.863361 ], [ -83.58506, 33.864487 ], [ -83.582764, 33.86285 ], [ -83.581581, 33.859913 ], [ -83.574722, 33.854214 ], [ -83.574646, 33.848999 ], [ -83.573265, 33.847408 ], [ -83.565865, 33.846798 ], [ -83.561775, 33.842484 ], [ -83.543404, 33.832767 ], [ -83.53138, 33.824272 ], [ -83.533478, 33.821022 ], [ -83.529213, 33.821194 ], [ -83.521676, 33.818191 ], [ -83.520126, 33.819668 ], [ -83.517418, 33.816513 ], [ -83.515892, 33.817783 ], [ -83.510605, 33.815384 ], [ -83.508759, 33.817795 ], [ -83.501368, 33.816937 ], [ -83.501736, 33.813478 ], [ -83.499252, 33.814556 ], [ -83.496643, 33.813126 ], [ -83.492588, 33.807506 ], [ -83.492616, 33.805201 ], [ -83.491066, 33.806145 ], [ -83.48764, 33.804699 ], [ -83.485641, 33.807259 ], [ -83.483177, 33.805576 ], [ -83.483284, 33.80257 ], [ -83.479675, 33.802502 ], [ -83.482965, 33.799957 ], [ -83.481467, 33.797125 ], [ -83.475319, 33.798489 ], [ -83.475815, 33.796078 ], [ -83.477776, 33.796028 ], [ -83.478554, 33.792187 ], [ -83.473404, 33.789768 ], [ -83.474286, 33.787068 ], [ -83.470764, 33.784428 ], [ -83.470642, 33.780181 ], [ -83.465009, 33.774557 ], [ -83.461708, 33.774002 ], [ -83.45816, 33.768478 ], [ -83.459518, 33.765503 ], [ -83.454733, 33.758603 ], [ -83.453617, 33.748826 ], [ -83.45057, 33.747338 ], [ -83.452775, 33.742147 ], [ -83.450356, 33.734783 ], [ -83.446877, 33.733109 ], [ -83.44532, 33.722599 ], [ -83.439919, 33.71917 ], [ -83.434559, 33.719217 ], [ -83.431213, 33.715491 ], [ -83.424011, 33.715401 ], [ -83.424159, 33.712744 ], [ -83.419459, 33.709186 ], [ -83.418045, 33.704422 ], [ -83.411659, 33.703583 ], [ -83.404915, 33.696732 ], [ -83.400803, 33.696217 ], [ -83.399872, 33.691185 ], [ -83.394913, 33.690514 ], [ -83.3964, 33.686588 ], [ -83.395012, 33.683689 ], [ -83.388649, 33.678925 ], [ -83.387069, 33.672898 ], [ -83.382957, 33.670147 ], [ -83.384026, 33.666237 ], [ -83.37949, 33.660516 ], [ -83.375824, 33.659821 ], [ -83.374527, 33.656292 ], [ -83.370735, 33.656044 ], [ -83.369168, 33.653717 ], [ -83.370545, 33.650525 ], [ -83.36752, 33.648864 ], [ -83.368815, 33.647272 ], [ -83.365124, 33.644364 ], [ -83.36573, 33.640079 ], [ -83.362381, 33.639767 ], [ -83.36438, 33.635468 ], [ -83.35968, 33.627789 ], [ -83.359543, 33.62233 ], [ -83.35762, 33.619976 ], [ -83.354431, 33.620075 ], [ -83.354448, 33.61795 ], [ -83.349716, 33.614254 ], [ -83.34687, 33.600498 ], [ -83.34893, 33.59736 ], [ -83.342554, 33.595988 ], [ -83.337837, 33.597347 ], [ -83.339203, 33.594578 ], [ -83.337257, 33.594261 ], [ -83.33622, 33.58839 ], [ -83.330788, 33.583267 ], [ -83.326256, 33.584148 ], [ -83.326233, 33.579891 ], [ -83.32317, 33.579939 ], [ -83.320358, 33.574314 ], [ -83.317215, 33.573402 ], [ -83.317429, 33.570366 ], [ -83.313266, 33.56765 ], [ -83.312294, 33.564163 ], [ -83.31057, 33.562943 ], [ -83.308342, 33.564571 ], [ -83.305794, 33.562454 ], [ -83.303223, 33.56311 ], [ -83.303612, 33.555012 ], [ -83.301811, 33.555641 ], [ -83.295097, 33.552288 ], [ -83.286591, 33.542675 ], [ -83.280472, 33.542942 ], [ -83.278351, 33.544552 ], [ -83.270698, 33.536487 ], [ -83.269531, 33.531818 ], [ -83.276728, 33.528543 ], [ -83.280609, 33.522766 ], [ -83.280096, 33.516895 ], [ -83.283989, 33.508209 ], [ -83.283104, 33.503365 ], [ -83.277138, 33.495335 ], [ -83.277046, 33.492596 ], [ -83.280144, 33.487526 ], [ -83.279931, 33.483438 ], [ -83.403816, 33.460994 ], [ -83.533736, 33.434472 ], [ -83.537811, 33.393803 ], [ -83.536731, 33.374132 ], [ -83.53935, 33.353314 ], [ -83.545876, 33.171944 ], [ -83.816048, 33.131816 ], [ -83.81707, 33.143929 ], [ -83.813972, 33.148254 ], [ -83.822929, 33.157856 ], [ -83.82431, 33.162295 ], [ -83.8246, 33.176205 ], [ -83.822261, 33.180238 ], [ -83.832604, 33.184654 ], [ -83.842489, 33.196724 ], [ -83.846035, 33.197172 ], [ -83.852527, 33.194837 ], [ -83.859385, 33.200582 ], [ -83.865744, 33.200218 ], [ -83.868114, 33.201933 ], [ -84.123767, 33.202824 ], [ -84.123981, 33.17862 ], [ -84.224277, 33.179388 ], [ -84.223981, 33.183358 ], [ -84.227503, 33.188905 ], [ -84.248185, 33.189019 ] ], [ [ -84.298665, 32.999671 ], [ -84.298673, 33.00414 ], [ -84.302745, 33.00415 ], [ -84.302743, 32.999696 ], [ -84.298665, 32.999671 ] ] ] ] } },
{ "type": "Feature", "properties": { "CSAFP": "142", "CBSAFP": "13820", "GEOID": "13820", "GEOIDFQ": "310M700US13820", "NAME": "Birmingham, AL", "NAMELSAD": "Birmingham, AL Metro Area", "LSAD": "M1", "MEMI": "1", "MTFCC": "G3110", "ALAND": 13674891003, "AWATER": 232754429, "INTPTLAT": "+33.4623718", "INTPTLON": "-086.8143378", "GEO_ID": "310M700US13820", "NAME_2": "Birmingham, AL Metro Area", "DP05_0001E": "1184613", "DP05_0001M": "*****" }, "geometry": { "type": "MultiPolygon", "coordinates": [ [ [ [ -86.963358, 33.858221 ], [ -86.959319, 33.858638 ], [ -86.963268, 33.866621 ], [ -86.962447, 33.867718 ], [ -86.950564, 33.86139 ], [ -86.947761, 33.861727 ], [ -86.952709, 33.867975 ], [ -86.951779, 33.871524 ], [ -86.945496, 33.866927 ], [ -86.942121, 33.866555 ], [ -86.931988, 33.867359 ], [ -86.925142, 33.871793 ], [ -86.92022, 33.872658 ], [ -86.924348, 33.877013 ], [ -86.919901, 33.883985 ], [ -86.921097, 33.89471 ], [ -86.927402, 33.897705 ], [ -86.925418, 33.907956 ], [ -86.915885, 33.915898 ], [ -86.908482, 33.912665 ], [ -86.886535, 33.916972 ], [ -86.883217, 33.924154 ], [ -86.885569, 33.93394 ], [ -86.877029, 33.936323 ], [ -86.863397, 33.929529 ], [ -86.859699, 33.929071 ], [ -86.86, 33.935139 ], [ -86.842623, 33.94886 ], [ -86.835236, 33.95053 ], [ -86.827672, 33.944376 ], [ -86.820441, 33.941414 ], [ -86.818422, 33.943431 ], [ -86.824066, 33.95273 ], [ -86.820935, 33.9575 ], [ -86.810977, 33.953456 ], [ -86.802536, 33.95482 ], [ -86.792966, 33.952169 ], [ -86.789833, 33.953924 ], [ -86.787714, 33.957503 ], [ -86.788197, 33.959372 ], [ -86.792629, 33.96095 ], [ -86.791747, 33.963514 ], [ -86.785415, 33.965937 ], [ -86.782771, 33.969177 ], [ -86.773507, 33.965519 ], [ -86.771635, 33.966173 ], [ -86.771235, 33.969144 ], [ -86.776419, 33.971337 ], [ -86.774646, 33.973438 ], [ -86.76458, 33.973887 ], [ -86.762683, 33.975535 ], [ -86.762544, 33.984953 ], [ -86.757321, 33.990396 ], [ -86.761272, 33.995497 ], [ -86.741545, 33.998938 ], [ -86.740119, 34.002086 ], [ -86.744024, 34.007949 ], [ -86.723624, 34.017701 ], [ -86.722916, 34.019686 ], [ -86.724998, 34.024169 ], [ -86.720304, 34.032354 ], [ -86.716517, 34.032467 ], [ -86.709746, 34.029047 ], [ -86.701702, 34.035561 ], [ -86.701581, 34.039825 ], [ -86.707355, 34.043788 ], [ -86.709513, 34.047472 ], [ -86.703861, 34.05864 ], [ -86.695983, 34.061563 ], [ -86.695935, 34.057904 ], [ -86.689696, 34.053025 ], [ -86.687019, 34.051998 ], [ -86.684555, 34.053899 ], [ -86.685133, 34.058883 ], [ -86.691511, 34.064815 ], [ -86.704244, 34.081497 ], [ -86.695429, 34.087054 ], [ -86.691502, 34.092715 ], [ -86.687751, 34.091791 ], [ -86.688784, 34.086592 ], [ -86.686898, 34.079672 ], [ -86.676134, 34.084875 ], [ -86.6729, 34.088362 ], [ -86.670721, 34.087269 ], [ -86.670292, 34.084105 ], [ -86.6686, 34.08383 ], [ -86.65669, 34.09183 ], [ -86.653138, 34.107727 ], [ -86.645162, 34.1086 ], [ -86.639473, 34.10646 ], [ -86.63844, 34.108784 ], [ -86.639918, 34.113068 ], [ -86.62401, 34.122259 ], [ -86.620769, 34.122165 ], [ -86.613185, 34.113587 ], [ -86.608994, 34.114696 ], [ -86.605769, 34.118247 ], [ -86.599632, 34.119914 ], [ -86.599749, 34.121681 ], [ -86.603252, 34.123099 ], [ -86.604296, 34.125182 ], [ -86.599209, 34.133107 ], [ -86.587657, 34.13738 ], [ -86.590406, 34.146353 ], [ -86.584549, 34.145801 ], [ -86.582237, 34.153788 ], [ -86.575077, 34.158256 ], [ -86.573678, 34.166021 ], [ -86.566996, 34.170783 ], [ -86.563575, 34.170635 ], [ -86.55697, 34.17885 ], [ -86.549699, 34.181415 ], [ -86.545594, 34.185464 ], [ -86.545211, 34.18727 ], [ -86.549399, 34.186369 ], [ -86.55565, 34.188783 ], [ -86.556583, 34.193511 ], [ -86.548987, 34.199492 ], [ -86.554332, 34.205221 ], [ -86.549707, 34.205881 ], [ -86.542619, 34.211421 ], [ -86.542446, 34.212862 ], [ -86.54725, 34.216134 ], [ -86.542624, 34.21627 ], [ -86.538221, 34.223548 ], [ -86.540107, 34.22577 ], [ -86.535361, 34.22584 ], [ -86.533707, 34.223998 ], [ -86.529391, 34.224838 ], [ -86.527306, 34.226987 ], [ -86.52352, 34.226546 ], [ -86.522609, 34.234089 ], [ -86.525434, 34.238411 ], [ -86.519723, 34.247942 ], [ -86.519603, 34.251766 ], [ -86.510968, 34.254918 ], [ -86.503567, 34.253172 ], [ -86.499658, 34.248968 ], [ -86.497566, 34.248881 ], [ -86.497998, 34.25022 ], [ -86.491857, 34.254555 ], [ -86.492005, 34.257265 ], [ -86.486862, 34.260483 ], [ -86.444133, 34.259115 ], [ -86.445072, 34.249544 ], [ -86.409017, 34.205002 ], [ -86.321265, 34.115345 ], [ -86.313663, 34.111794 ], [ -86.31102, 34.106617 ], [ -86.30368, 34.099884 ], [ -86.322662, 34.072288 ], [ -86.332388, 34.04648 ], [ -86.332723, 33.986109 ], [ -86.335691, 33.983585 ], [ -86.333658, 33.982095 ], [ -86.335994, 33.981232 ], [ -86.337055, 33.976987 ], [ -86.341648, 33.977349 ], [ -86.339337, 33.971484 ], [ -86.344588, 33.967749 ], [ -86.344402, 33.964737 ], [ -86.347747, 33.964142 ], [ -86.348136, 33.961591 ], [ -86.351421, 33.960347 ], [ -86.350001, 33.956384 ], [ -86.35882, 33.952785 ], [ -86.361066, 33.946902 ], [ -86.368537, 33.942605 ], [ -86.370152, 33.93977 ], [ -86.325622, 33.940147 ], [ -86.326018, 33.943448 ], [ -86.318977, 33.952264 ], [ -86.318783, 33.955736 ], [ -86.312407, 33.957614 ], [ -86.290127, 33.983719 ], [ -86.282175, 33.983733 ], [ -86.277828, 33.989302 ], [ -86.274422, 33.988628 ], [ -86.270532, 33.984607 ], [ -86.271484, 33.981803 ], [ -86.268377, 33.978844 ], [ -86.267838, 33.975309 ], [ -86.261112, 33.971111 ], [ -86.256165, 33.970577 ], [ -86.251585, 33.965604 ], [ -86.246658, 33.971544 ], [ -86.239461, 33.975164 ], [ -86.237919, 33.977776 ], [ -86.230207, 33.982787 ], [ -86.226432, 33.982228 ], [ -86.221675, 33.985715 ], [ -86.215525, 33.987421 ], [ -86.208238, 33.98641 ], [ -86.198946, 33.988902 ], [ -86.197204, 33.985422 ], [ -86.189766, 33.983454 ], [ -86.189667, 33.977769 ], [ -86.192154, 33.97308 ], [ -86.188908, 33.973041 ], [ -86.187324, 33.970468 ], [ -86.184691, 33.972453 ], [ -86.181497, 33.971518 ], [ -86.175672, 33.966289 ], [ -86.170776, 33.966051 ], [ -86.17026, 33.964049 ], [ -86.167976, 33.965109 ], [ -86.166241, 33.957191 ], [ -86.167277, 33.952236 ], [ -86.165213, 33.947398 ], [ -86.167537, 33.940075 ], [ -86.164932, 33.9382 ], [ -86.166199, 33.935726 ], [ -86.165308, 33.933351 ], [ -86.16724, 33.933268 ], [ -86.165903, 33.929932 ], [ -86.167005, 33.928508 ], [ -86.159838, 33.922514 ], [ -86.153594, 33.920269 ], [ -86.149413, 33.920647 ], [ -86.147561, 33.91908 ], [ -86.142608, 33.90756 ], [ -86.142717, 33.899391 ], [ -86.134722, 33.896537 ], [ -86.13216, 33.897423 ], [ -86.129445, 33.902671 ], [ -86.120274, 33.899998 ], [ -86.113667, 33.903777 ], [ -86.110325, 33.903351 ], [ -86.108144, 33.899985 ], [ -86.110474, 33.893998 ], [ -86.109424, 33.887748 ], [ -86.111774, 33.886398 ], [ -86.10889, 33.881202 ], [ -86.100361, 33.874022 ], [ -86.100345, 33.86315 ], [ -86.098133, 33.863677 ], [ -86.097126, 33.86135 ], [ -86.090061, 33.86286 ], [ -86.081211, 33.862059 ], [ -86.069872, 33.866198 ], [ -86.061465, 33.862152 ], [ -86.055819, 33.8554 ], [ -86.055071, 33.845222 ], [ -86.064685, 33.842598 ], [ -86.066972, 33.839198 ], [ -86.056018, 33.833289 ], [ -86.052249, 33.828521 ], [ -86.051439, 33.824134 ], [ -86.064791, 33.809554 ], [ -86.064364, 33.797775 ], [ -86.058275, 33.788727 ], [ -86.048671, 33.778699 ], [ -86.044871, 33.771899 ], [ -86.044071, 33.763399 ], [ -86.060371, 33.760999 ], [ -86.070559, 33.755249 ], [ -86.081597, 33.742973 ], [ -86.099162, 33.736438 ], [ -86.116587, 33.723802 ], [ -86.121104, 33.711198 ], [ -86.128621, 33.711761 ], [ -86.134812, 33.716054 ], [ -86.137396, 33.715351 ], [ -86.143711, 33.709135 ], [ -86.145772, 33.704259 ], [ -86.144059, 33.689521 ], [ -86.145376, 33.679383 ], [ -86.152487, 33.672455 ], [ -86.1594, 33.671994 ], [ -86.169162, 33.676314 ], [ -86.17328, 33.692391 ], [ -86.180603, 33.699006 ], [ -86.193733, 33.697851 ], [ -86.203261, 33.69183 ], [ -86.204984, 33.689521 ], [ -86.20545, 33.683797 ], [ -86.202631, 33.678554 ], [ -86.180875, 33.667255 ], [ -86.172437, 33.659831 ], [ -86.164613, 33.634297 ], [ -86.16948, 33.619236 ], [ -86.172098, 33.61631 ], [ -86.177119, 33.614564 ], [ -86.192603, 33.614637 ], [ -86.200121, 33.611569 ], [ -86.199489, 33.606065 ], [ -86.184185, 33.597352 ], [ -86.185168, 33.592826 ], [ -86.18962, 33.591095 ], [ -86.213014, 33.594667 ], [ -86.217552, 33.592621 ], [ -86.221017, 33.587919 ], [ -86.219806, 33.58277 ], [ -86.211722, 33.573404 ], [ -86.212844, 33.566747 ], [ -86.211677, 33.563188 ], [ -86.208596, 33.55986 ], [ -86.192484, 33.552971 ], [ -86.189812, 33.547238 ], [ -86.190495, 33.543729 ], [ -86.195893, 33.538683 ], [ -86.206948, 33.534335 ], [ -86.224987, 33.522599 ], [ -86.231195, 33.508426 ], [ -86.230374, 33.499673 ], [ -86.235328, 33.494532 ], [ -86.253259, 33.488844 ], [ -86.258823, 33.489612 ], [ -86.263119, 33.492205 ], [ -86.265604, 33.496352 ], [ -86.265511, 33.50128 ], [ -86.262092, 33.509116 ], [ -86.264527, 33.513581 ], [ -86.266579, 33.514642 ], [ -86.273839, 33.513731 ], [ -86.283238, 33.508462 ], [ -86.286344, 33.504489 ], [ -86.287804, 33.499066 ], [ -86.286838, 33.487976 ], [ -86.294756, 33.483398 ], [ -86.29777, 33.479486 ], [ -86.303267, 33.467193 ], [ -86.303129, 33.460746 ], [ -86.304952, 33.457051 ], [ -86.324286, 33.443227 ], [ -86.329323, 33.431778 ], [ -86.337081, 33.424035 ], [ -86.345916, 33.41104 ], [ -86.351158, 33.408337 ], [ -86.364414, 33.406159 ], [ -86.378737, 33.390867 ], [ -86.378482, 33.387194 ], [ -86.374978, 33.383862 ], [ -86.361976, 33.378332 ], [ -86.352857, 33.372537 ], [ -86.341113, 33.354599 ], [ -86.341829, 33.350727 ], [ -86.344908, 33.348509 ], [ -86.362216, 33.346924 ], [ -86.368108, 33.34167 ], [ -86.367916, 33.33636 ], [ -86.364174, 33.328826 ], [ -86.367542, 33.318384 ], [ -86.358511, 33.301659 ], [ -86.35734, 33.296917 ], [ -86.358289, 33.294459 ], [ -86.362548, 33.291646 ], [ -86.378798, 33.286211 ], [ -86.393341, 33.27543 ], [ -86.404495, 33.27275 ], [ -86.417853, 33.275014 ], [ -86.428563, 33.282736 ], [ -86.433527, 33.282623 ], [ -86.434872, 33.279471 ], [ -86.434096, 33.275512 ], [ -86.425941, 33.265065 ], [ -86.42437, 33.260562 ], [ -86.42507, 33.257433 ], [ -86.429668, 33.248219 ], [ -86.435527, 33.241994 ], [ -86.442115, 33.241211 ], [ -86.45288, 33.24387 ], [ -86.458026, 33.241434 ], [ -86.466415, 33.226208 ], [ -86.465901, 33.21996 ], [ -86.461042, 33.207633 ], [ -86.46202, 33.200021 ], [ -86.464726, 33.19712 ], [ -86.470116, 33.195907 ], [ -86.480856, 33.201588 ], [ -86.489315, 33.200735 ], [ -86.493338, 33.197043 ], [ -86.503127, 33.179144 ], [ -86.502721, 33.174034 ], [ -86.491384, 33.169952 ], [ -86.487684, 33.16696 ], [ -86.483468, 33.15952 ], [ -86.481835, 33.145541 ], [ -86.478164, 33.141848 ], [ -86.463821, 33.133819 ], [ -86.459926, 33.125117 ], [ -86.461316, 33.122005 ], [ -86.466086, 33.118977 ], [ -86.484148, 33.113185 ], [ -86.493489, 33.099159 ], [ -86.50905, 33.090899 ], [ -86.512106, 33.085876 ], [ -86.511473, 33.080139 ], [ -86.506026, 33.067748 ], [ -86.507973, 33.064403 ], [ -86.520452, 33.056013 ], [ -86.519437, 33.048091 ], [ -86.516446, 33.04222 ], [ -86.516582, 33.023184 ], [ -86.522283, 33.004395 ], [ -86.512448, 32.989752 ], [ -86.510459, 32.98357 ], [ -86.511753, 32.977623 ], [ -86.518234, 32.970461 ], [ -86.515169, 32.953308 ], [ -86.516186, 32.943176 ], [ -86.514134, 32.935566 ], [ -86.516265, 32.930239 ], [ -86.512442, 32.923161 ], [ -86.507759, 32.918737 ], [ -86.505751, 32.913276 ], [ -86.498443, 32.911653 ], [ -86.490511, 32.905619 ], [ -86.488679, 32.895825 ], [ -86.478711, 32.872659 ], [ -86.471379, 32.86979 ], [ -86.458239, 32.868329 ], [ -86.451524, 32.863692 ], [ -86.448453, 32.85861 ], [ -86.446876, 32.854007 ], [ -86.447628, 32.851129 ], [ -86.45438, 32.846707 ], [ -86.457384, 32.842844 ], [ -86.460691, 32.833464 ], [ -86.457015, 32.813899 ], [ -86.442493, 32.812497 ], [ -86.441309, 32.810494 ], [ -86.444654, 32.807043 ], [ -86.443834, 32.804482 ], [ -86.432772, 32.797001 ], [ -86.428674, 32.792316 ], [ -86.41883, 32.790985 ], [ -86.413402, 32.788182 ], [ -86.408702, 32.776712 ], [ -86.399421, 32.76812 ], [ -86.396737, 32.762946 ], [ -86.388017, 32.757543 ], [ -86.371243, 32.751148 ], [ -86.413335, 32.750591 ], [ -86.413116, 32.707386 ], [ -86.714219, 32.705694 ], [ -86.71339, 32.661732 ], [ -86.816574, 32.660117 ], [ -86.91461, 32.664355 ], [ -87.01766, 32.663269 ], [ -87.019157, 32.837034 ], [ -87.223663, 32.835149 ], [ -87.233286, 32.832239 ], [ -87.319184, 32.831522 ], [ -87.319473, 32.875124 ], [ -87.4212, 32.874508 ], [ -87.420132, 32.902605 ], [ -87.421936, 33.003379 ], [ -87.318539, 33.006179 ], [ -87.311577, 33.093933 ], [ -87.281945, 33.13306 ], [ -87.199317, 33.130657 ], [ -87.199153, 33.196554 ], [ -87.152071, 33.232484 ], [ -87.14355, 33.232467 ], [ -87.143502, 33.236189 ], [ -87.121871, 33.235843 ], [ -87.121511, 33.221474 ], [ -87.104101, 33.221457 ], [ -87.076642, 33.246831 ], [ -87.065738, 33.246907 ], [ -87.065754, 33.275937 ], [ -87.074634, 33.276018 ], [ -87.074602, 33.279682 ], [ -87.087546, 33.279666 ], [ -87.087497, 33.290675 ], [ -87.126756, 33.290844 ], [ -87.127142, 33.306013 ], [ -87.162007, 33.306587 ], [ -87.162175, 33.321012 ], [ -87.179638, 33.321112 ], [ -87.180006, 33.342979 ], [ -87.197414, 33.343093 ], [ -87.197584, 33.358134 ], [ -87.214917, 33.358317 ], [ -87.214826, 33.365799 ], [ -87.231999, 33.365851 ], [ -87.232045, 33.395137 ], [ -87.249311, 33.395583 ], [ -87.248698, 33.410432 ], [ -87.253762, 33.410308 ], [ -87.253788, 33.417813 ], [ -87.266984, 33.417946 ], [ -87.266836, 33.424702 ], [ -87.284275, 33.425708 ], [ -87.284363, 33.440578 ], [ -87.314395, 33.441719 ], [ -87.314114, 33.45573 ], [ -87.335577, 33.456251 ], [ -87.335514, 33.470429 ], [ -87.341698, 33.470501 ], [ -87.334412, 33.479857 ], [ -87.330278, 33.491961 ], [ -87.32384, 33.492818 ], [ -87.314615, 33.487247 ], [ -87.307035, 33.490181 ], [ -87.303477, 33.489945 ], [ -87.297712, 33.480209 ], [ -87.288508, 33.47936 ], [ -87.284849, 33.483038 ], [ -87.288889, 33.49619 ], [ -87.287384, 33.501187 ], [ -87.280392, 33.502474 ], [ -87.271093, 33.497736 ], [ -87.265921, 33.49739 ], [ -87.261361, 33.500683 ], [ -87.260989, 33.505842 ], [ -87.266923, 33.512929 ], [ -87.318237, 33.514166 ], [ -87.318532, 33.587393 ], [ -87.37104, 33.587065 ], [ -87.371118, 33.601697 ], [ -87.423701, 33.602096 ], [ -87.423843, 33.689112 ], [ -87.528338, 33.692049 ], [ -87.531602, 33.867618 ], [ -87.63604, 33.871999 ], [ -87.636118, 34.002203 ], [ -87.500021, 33.996627 ], [ -87.216735, 33.993907 ], [ -87.207714, 33.989465 ], [ -87.204726, 33.985668 ], [ -87.200031, 33.984882 ], [ -87.196622, 33.99317 ], [ -87.189808, 34.003004 ], [ -87.180407, 34.002704 ], [ -87.169307, 34.005204 ], [ -87.152995, 33.9958 ], [ -87.143661, 33.986361 ], [ -87.138193, 33.977632 ], [ -87.139066, 33.971596 ], [ -87.136884, 33.966602 ], [ -87.13408, 33.965093 ], [ -87.122689, 33.964327 ], [ -87.111501, 33.958713 ], [ -87.110429, 33.956736 ], [ -87.111764, 33.950791 ], [ -87.105811, 33.944724 ], [ -87.105225, 33.93598 ], [ -87.092846, 33.92821 ], [ -87.085584, 33.919164 ], [ -87.082067, 33.907928 ], [ -87.082287, 33.906154 ], [ -87.09864, 33.901208 ], [ -87.100659, 33.898966 ], [ -87.090287, 33.892549 ], [ -87.091836, 33.890093 ], [ -87.007077, 33.888927 ], [ -87.006862, 33.866179 ], [ -87.00275, 33.869652 ], [ -86.999563, 33.869795 ], [ -86.995865, 33.867966 ], [ -86.993987, 33.860932 ], [ -86.992155, 33.859636 ], [ -86.979405, 33.859197 ], [ -86.974157, 33.860534 ], [ -86.963358, 33.858221 ] ] ] ] } },
{ "type": "Feature", "properties": { "CSAFP": "450", "CBSAFP": "39580", "GEOID": "39580", "GEOIDFQ": "310M700US39580", "NAME": "Raleigh-Cary, NC", "NAMELSAD": "Raleigh-Cary, NC Metro Area", "LSAD": "M1", "MEMI": "1", "MTFCC": "G3110", "ALAND": 5487327173, "AWATER": 73980444, "INTPTLAT": "+35.7567464", "INTPTLON": "-078.4604412", "GEO_ID": "310M700US39580", "NAME_2": "Raleigh-Cary, NC Metro Area", "DP05_0001E": "1487302", "DP05_0001M": "*****" }, "geometry": { "type": "MultiPolygon", "coordinates": [ [ [ [ -78.129693, 36.239551 ], [ -78.12497, 36.235242 ], [ -78.12662, 36.233281 ], [ -78.125704, 36.226325 ], [ -78.123025, 36.226259 ], [ -78.1217, 36.223994 ], [ -78.118907, 36.224161 ], [ -78.114839, 36.216693 ], [ -78.112027, 36.217499 ], [ -78.11055, 36.216072 ], [ -78.110069, 36.210204 ], [ -78.104907, 36.210681 ], [ -78.102682, 36.20894 ], [ -78.098365, 36.210827 ], [ -78.097428, 36.208921 ], [ -78.09427, 36.210315 ], [ -78.091606, 36.207688 ], [ -78.084915, 36.209232 ], [ -78.083226, 36.212623 ], [ -78.077014, 36.211465 ], [ -78.07402, 36.215417 ], [ -78.071328, 36.215279 ], [ -78.07101, 36.216585 ], [ -78.068516, 36.215046 ], [ -78.066222, 36.216486 ], [ -78.063736, 36.213907 ], [ -78.058337, 36.212823 ], [ -78.058237, 36.210992 ], [ -78.044521, 36.215412 ], [ -78.043338, 36.213878 ], [ -78.045429, 36.212546 ], [ -78.037202, 36.210504 ], [ -78.038946, 36.208828 ], [ -78.035437, 36.206982 ], [ -78.031178, 36.209005 ], [ -78.030468, 36.214539 ], [ -78.02876, 36.21028 ], [ -78.024693, 36.20948 ], [ -78.02523, 36.208225 ], [ -78.023833, 36.208322 ], [ -78.022338, 36.205445 ], [ -78.018644, 36.205024 ], [ -78.016159, 36.207818 ], [ -78.014092, 36.20516 ], [ -78.011666, 36.206094 ], [ -78.006551, 36.202633 ], [ -78.182182, 35.938758 ], [ -78.240772, 35.843941 ], [ -78.255973, 35.81812 ], [ -78.257164, 35.813456 ], [ -78.251415, 35.811214 ], [ -78.25164, 35.804191 ], [ -78.249086, 35.80118 ], [ -78.250406, 35.796927 ], [ -78.243865, 35.792099 ], [ -78.247245, 35.785931 ], [ -78.246135, 35.784807 ], [ -78.248458, 35.77479 ], [ -78.250814, 35.773484 ], [ -78.246222, 35.772648 ], [ -78.244399, 35.76946 ], [ -78.238319, 35.767288 ], [ -78.238222, 35.763128 ], [ -78.234853, 35.759757 ], [ -78.235789, 35.757784 ], [ -78.232876, 35.751427 ], [ -78.22666, 35.750533 ], [ -78.226257, 35.752087 ], [ -78.219059, 35.755068 ], [ -78.21662, 35.752209 ], [ -78.215807, 35.745832 ], [ -78.213033, 35.744822 ], [ -78.215733, 35.739313 ], [ -78.215601, 35.735991 ], [ -78.209369, 35.73064 ], [ -78.20692, 35.731477 ], [ -78.202373, 35.727755 ], [ -78.194805, 35.727985 ], [ -78.191693, 35.730626 ], [ -78.182305, 35.728871 ], [ -78.18037, 35.725405 ], [ -78.176418, 35.724862 ], [ -78.175721, 35.72299 ], [ -78.17749, 35.720986 ], [ -78.174984, 35.717614 ], [ -78.170635, 35.717066 ], [ -78.168113, 35.713341 ], [ -78.163922, 35.712801 ], [ -78.163873, 35.714229 ], [ -78.161255, 35.712871 ], [ -78.161342, 35.698153 ], [ -78.157838, 35.685587 ], [ -78.125587, 35.603111 ], [ -78.064784, 35.585263 ], [ -78.15491, 35.41781 ], [ -78.153672, 35.391987 ], [ -78.14976, 35.391751 ], [ -78.144198, 35.386695 ], [ -78.145817, 35.382981 ], [ -78.150723, 35.378563 ], [ -78.157838, 35.375016 ], [ -78.162408, 35.367375 ], [ -78.15766, 35.36011 ], [ -78.159968, 35.359251 ], [ -78.160078, 35.356628 ], [ -78.156648, 35.355981 ], [ -78.155174, 35.357244 ], [ -78.153337, 35.355958 ], [ -78.154359, 35.353432 ], [ -78.153243, 35.350671 ], [ -78.155004, 35.34939 ], [ -78.158789, 35.347488 ], [ -78.160572, 35.34955 ], [ -78.165557, 35.346367 ], [ -78.167899, 35.347984 ], [ -78.170162, 35.346324 ], [ -78.174024, 35.347258 ], [ -78.180025, 35.343707 ], [ -78.184911, 35.345405 ], [ -78.187005, 35.342582 ], [ -78.196274, 35.343568 ], [ -78.197282, 35.340061 ], [ -78.200761, 35.341282 ], [ -78.209563, 35.339676 ], [ -78.211798, 35.342331 ], [ -78.213559, 35.340455 ], [ -78.215478, 35.341527 ], [ -78.216723, 35.336819 ], [ -78.215671, 35.333457 ], [ -78.24263, 35.319799 ], [ -78.248787, 35.32043 ], [ -78.256865, 35.325594 ], [ -78.268427, 35.323055 ], [ -78.271742, 35.321159 ], [ -78.276034, 35.315136 ], [ -78.289711, 35.315077 ], [ -78.30658, 35.287604 ], [ -78.397725, 35.26296 ], [ -78.411734, 35.254663 ], [ -78.491897, 35.263319 ], [ -78.522225, 35.295037 ], [ -78.52665, 35.303025 ], [ -78.538349, 35.31641 ], [ -78.535576, 35.320102 ], [ -78.537608, 35.327195 ], [ -78.529851, 35.334935 ], [ -78.533582, 35.340643 ], [ -78.533053, 35.342951 ], [ -78.549262, 35.353454 ], [ -78.552796, 35.357308 ], [ -78.562661, 35.362223 ], [ -78.562803, 35.36562 ], [ -78.567695, 35.367688 ], [ -78.56914, 35.370818 ], [ -78.568109, 35.373761 ], [ -78.571955, 35.380421 ], [ -78.572501, 35.386482 ], [ -78.584105, 35.394169 ], [ -78.584482, 35.395918 ], [ -78.592655, 35.3986 ], [ -78.59708, 35.406248 ], [ -78.598773, 35.41826 ], [ -78.610028, 35.42734 ], [ -78.607098, 35.432441 ], [ -78.614764, 35.439901 ], [ -78.614636, 35.44202 ], [ -78.619454, 35.44506 ], [ -78.621353, 35.450504 ], [ -78.62724, 35.45827 ], [ -78.638948, 35.461813 ], [ -78.64982, 35.471658 ], [ -78.650307, 35.482622 ], [ -78.653433, 35.483953 ], [ -78.655843, 35.49052 ], [ -78.660555, 35.496245 ], [ -78.672883, 35.495739 ], [ -78.686885, 35.501851 ], [ -78.689517, 35.515934 ], [ -78.70628, 35.51863 ], [ -78.995048, 35.610166 ], [ -78.936271, 35.771898 ], [ -78.930891, 35.794377 ], [ -78.926417, 35.801962 ], [ -78.909425, 35.842937 ], [ -78.906071, 35.868096 ], [ -78.829965, 35.866978 ], [ -78.804836, 35.927552 ], [ -78.759104, 35.918394 ], [ -78.749899, 35.932925 ], [ -78.741707, 35.933906 ], [ -78.717014, 35.961265 ], [ -78.699316, 36.011448 ], [ -78.707437, 36.011106 ], [ -78.719951, 36.02959 ], [ -78.740187, 36.023561 ], [ -78.753611, 36.031384 ], [ -78.754284, 36.056338 ], [ -78.751273, 36.070834 ], [ -78.715609, 36.076112 ], [ -78.683224, 36.074484 ], [ -78.603679, 36.042413 ], [ -78.546414, 36.021826 ], [ -78.544812, 36.080846 ], [ -78.49555, 36.17552 ], [ -78.495932, 36.179658 ], [ -78.492795, 36.183944 ], [ -78.48453, 36.179008 ], [ -78.485608, 36.175094 ], [ -78.466802, 36.172557 ], [ -78.460812, 36.170044 ], [ -78.460416, 36.165948 ], [ -78.457909, 36.163661 ], [ -78.454013, 36.167997 ], [ -78.449858, 36.16911 ], [ -78.431817, 36.166686 ], [ -78.432357, 36.164377 ], [ -78.421523, 36.164416 ], [ -78.422009, 36.168091 ], [ -78.418129, 36.167459 ], [ -78.416553, 36.169336 ], [ -78.412095, 36.169597 ], [ -78.37814, 36.235065 ], [ -78.338135, 36.234448 ], [ -78.332567, 36.241677 ], [ -78.314801, 36.256171 ], [ -78.306965, 36.266191 ], [ -78.235705, 36.258281 ], [ -78.230258, 36.255935 ], [ -78.224789, 36.256547 ], [ -78.215729, 36.2519 ], [ -78.198384, 36.251581 ], [ -78.193922, 36.246773 ], [ -78.188942, 36.247724 ], [ -78.173172, 36.255492 ], [ -78.161948, 36.247858 ], [ -78.160874, 36.245603 ], [ -78.156983, 36.244416 ], [ -78.148727, 36.246917 ], [ -78.142341, 36.246038 ], [ -78.137641, 36.24757 ], [ -78.136257, 36.245919 ], [ -78.132961, 36.246382 ], [ -78.129693, 36.239551 ] ] ] ] } },
{ "type": "Feature", "properties": { "CSAFP": null, "CBSAFP": "41740", "GEOID": "41740", "GEOIDFQ": "310M700US41740", "NAME": "San Diego-Chula Vista-Carlsbad, CA", "NAMELSAD": "San Diego-Chula Vista-Carlsbad, CA Metro Area", "LSAD": "M1", "MEMI": "1", "MTFCC": "G3110", "ALAND": 10906140199, "AWATER": 815875507, "INTPTLAT": "+33.0236041", "INTPTLON": "-116.7761174", "GEO_ID": "310M700US41740", "NAME_2": "San Diego-Chula Vista-Carlsbad, CA Metro Area", "DP05_0001E": "3288774", "DP05_0001M": "*****" }, "geometry": { "type": "MultiPolygon", "coordinates": [ [ [ [ -116.757296, 32.565507 ], [ -117.124656, 32.534271 ], [ -117.205051, 32.529508 ], [ -117.210025, 32.554634 ], [ -117.210025, 32.572883 ], [ -117.214112, 32.594781 ], [ -117.218196, 32.610292 ], [ -117.223302, 32.621238 ], [ -117.233513, 32.616678 ], [ -117.251994, 32.61486 ], [ -117.267321, 32.618907 ], [ -117.276916, 32.623474 ], [ -117.297538, 32.641769 ], [ -117.309239, 32.656401 ], [ -117.320939, 32.689847 ], [ -117.32562, 32.731653 ], [ -117.3303, 32.804817 ], [ -117.342, 32.840354 ], [ -117.33966, 32.859167 ], [ -117.33264, 32.882161 ], [ -117.323279, 32.903064 ], [ -117.375872, 33.075217 ], [ -117.435563, 33.177512 ], [ -117.467871, 33.212494 ], [ -117.500875, 33.242151 ], [ -117.520999, 33.268872 ], [ -117.549601, 33.294418 ], [ -117.571531, 33.312302 ], [ -117.611081, 33.333992 ], [ -117.578513, 33.453806 ], [ -117.55984, 33.451388 ], [ -117.538174, 33.454876 ], [ -117.509499, 33.470268 ], [ -117.509816, 33.505177 ], [ -117.364274, 33.5049 ], [ -117.370797, 33.490662 ], [ -117.241467, 33.448825 ], [ -117.241352, 33.431929 ], [ -117.138777, 33.432594 ], [ -117.104397, 33.430255 ], [ -117.030854, 33.4299 ], [ -117.030876, 33.426869 ], [ -116.298533, 33.427455 ], [ -116.197698, 33.428914 ], [ -116.129863, 33.42611 ], [ -116.084893, 33.426317 ], [ -116.085209, 33.339216 ], [ -116.081166, 33.190837 ], [ -116.081204, 33.074864 ], [ -116.103338, 33.074832 ], [ -116.102989, 32.726353 ], [ -116.105584, 32.726347 ], [ -116.106177, 32.618441 ], [ -116.757296, 32.565507 ] ] ] ] } },
{ "type": "Feature", "properties": { "CSAFP": "148", "CBSAFP": "39300", "GEOID": "39300", "GEOIDFQ": "310M700US39300", "NAME": "Providence-Warwick, RI-MA", "NAMELSAD": "Providence-Warwick, RI-MA Metro Area", "LSAD": "M1", "MEMI": "1", "MTFCC": "G3110", "ALAND": 4110339414, "AWATER": 1681117811, "INTPTLAT": "+41.7068397", "INTPTLON": "-071.2866874", "GEO_ID": "310M700US39300", "NAME_2": "Providence-Warwick, RI-MA Metro Area", "DP05_0001E": "1684071", "DP05_0001M": "*****" }, "geometry": { "type": "MultiPolygon", "coordinates": [ [ [ [ -71.381299, 41.985084 ], [ -71.364344, 41.985293 ], [ -71.080483, 42.095539 ], [ -71.049485, 41.963094 ], [ -71.010567, 41.940079 ], [ -70.999861, 41.928615 ], [ -70.996037, 41.92657 ], [ -70.997327, 41.91714 ], [ -70.995082, 41.914968 ], [ -70.993666, 41.916459 ], [ -70.992033, 41.915751 ], [ -70.991031, 41.909666 ], [ -70.993152, 41.906445 ], [ -70.987256, 41.905808 ], [ -70.973717, 41.860879 ], [ -71.000964, 41.843459 ], [ -71.03657, 41.816525 ], [ -71.014591, 41.799568 ], [ -71.026288, 41.778888 ], [ -70.921782, 41.791244 ], [ -70.904438, 41.758 ], [ -70.886439, 41.760232 ], [ -70.845242, 41.644665 ], [ -70.843526, 41.628656 ], [ -70.839175, 41.614761 ], [ -70.813367, 41.608025 ], [ -70.752424, 41.565851 ], [ -70.763776, 41.556607 ], [ -71.051854, 41.416729 ], [ -71.072404, 41.42557 ], [ -71.085038, 41.433467 ], [ -71.124594, 41.411474 ], [ -71.24996, 41.377713 ], [ -71.374495, 41.339011 ], [ -71.479876, 41.312599 ], [ -71.494805, 41.307355 ], [ -71.526594, 41.308804 ], [ -71.575253, 41.320955 ], [ -71.598151, 41.312594 ], [ -71.632188, 41.304842 ], [ -71.659565, 41.296653 ], [ -71.672595, 41.289079 ], [ -71.695043, 41.282647 ], [ -71.705744, 41.280739 ], [ -71.719994, 41.281149 ], [ -71.73956, 41.275449 ], [ -71.77843, 41.275111 ], [ -71.79148, 41.272165 ], [ -71.790972, 41.184101 ], [ -71.907258, 41.304483 ], [ -71.892067, 41.330075 ], [ -71.866538, 41.319185 ], [ -71.857458, 41.320789 ], [ -71.847709, 41.329604 ], [ -71.83728, 41.335068 ], [ -71.829365, 41.342432 ], [ -71.831303, 41.351295 ], [ -71.836044, 41.353988 ], [ -71.837873, 41.360145 ], [ -71.837633, 41.365499 ], [ -71.831844, 41.370344 ], [ -71.832656, 41.37585 ], [ -71.830637, 41.378772 ], [ -71.833527, 41.382264 ], [ -71.83313, 41.387839 ], [ -71.838749, 41.391054 ], [ -71.842209, 41.39538 ], [ -71.841068, 41.399658 ], [ -71.843591, 41.405331 ], [ -71.842426, 41.41026 ], [ -71.839258, 41.41239 ], [ -71.834107, 41.411582 ], [ -71.825384, 41.414687 ], [ -71.823731, 41.417282 ], [ -71.818088, 41.419852 ], [ -71.806812, 41.416673 ], [ -71.803684, 41.417428 ], [ -71.801439, 41.415545 ], [ -71.797745, 41.416727 ], [ -71.787239, 41.656111 ], [ -71.797883, 41.931011 ], [ -71.799188, 42.008053 ], [ -71.527702, 42.015095 ], [ -71.498259, 42.017272 ], [ -71.381401, 42.018798 ], [ -71.381299, 41.985084 ] ] ], [ [ [ -71.678807, 41.158912 ], [ -71.670491, 41.194503 ], [ -71.663768, 41.206605 ], [ -71.654561, 41.215465 ], [ -71.643014, 41.231323 ], [ -71.640844, 41.250101 ], [ -71.634968, 41.263682 ], [ -71.624504, 41.274129 ], [ -71.591591, 41.289317 ], [ -71.570655, 41.294018 ], [ -71.557569, 41.294018 ], [ -71.535979, 41.28618 ], [ -71.51635, 41.271549 ], [ -71.492196, 41.240876 ], [ -71.489322, 41.235171 ], [ -71.484583, 41.217486 ], [ -71.485884, 41.204727 ], [ -71.489844, 41.194698 ], [ -71.482716, 41.186253 ], [ -71.478603, 41.175792 ], [ -71.476925, 41.168157 ], [ -71.477024, 41.155657 ], [ -71.491432, 41.125104 ], [ -71.501887, 41.115541 ], [ -71.517538, 41.107077 ], [ -71.528168, 41.103114 ], [ -71.5693, 41.097182 ], [ -71.593513, 41.095834 ], [ -71.618861, 41.099091 ], [ -71.640344, 41.108433 ], [ -71.668345, 41.12825 ], [ -71.676092, 41.141502 ], [ -71.678302, 41.148904 ], [ -71.678807, 41.158912 ] ] ] ] } },
{ "type": "Feature", "properties": { "CSAFP": "206", "CBSAFP": "19100", "GEOID": "19100", "GEOIDFQ": "310M700US19100", "NAME": "Dallas-Fort Worth-Arlington, TX", "NAMELSAD": "Dallas-Fort Worth-Arlington, TX Metro Area", "LSAD": "M1", "MEMI": "1", "MTFCC": "G3110", "ALAND": 22471478130, "AWATER": 857244105, "INTPTLAT": "+32.8491708", "INTPTLON": "-096.9704894", "GEO_ID": "310M700US19100", "NAME_2": "Dallas-Fort Worth-Arlington, TX Metro Area", "DP05_0001E": "7985590", "DP05_0001M": "*****" }, "geometry": { "type": "MultiPolygon", "coordinates": [ [ [ [ -96.83411, 33.405498 ], [ -96.625264, 33.400639 ], [ -96.384602, 33.397826 ], [ -96.384495, 33.341119 ], [ -95.858723, 33.40953 ], [ -95.862822, 33.125114 ], [ -95.862521, 32.979571 ], [ -95.9453, 32.979877 ], [ -95.972119, 32.900731 ], [ -95.973744, 32.899863 ], [ -95.972827, 32.898176 ], [ -95.977612, 32.893344 ], [ -95.976345, 32.891801 ], [ -95.978133, 32.886237 ], [ -95.982932, 32.885427 ], [ -95.9828, 32.881808 ], [ -95.986515, 32.880108 ], [ -95.987358, 32.876131 ], [ -95.986403, 32.872738 ], [ -95.980112, 32.868671 ], [ -95.980091, 32.866863 ], [ -95.974181, 32.861722 ], [ -95.971103, 32.860571 ], [ -95.970977, 32.858491 ], [ -95.968025, 32.857808 ], [ -95.968642, 32.856032 ], [ -95.958486, 32.850451 ], [ -95.958016, 32.846231 ], [ -95.956424, 32.844941 ], [ -95.952083, 32.846004 ], [ -95.949873, 32.845046 ], [ -95.949032, 32.842416 ], [ -95.946605, 32.843524 ], [ -95.946997, 32.844968 ], [ -95.944074, 32.845188 ], [ -95.943081, 32.84134 ], [ -95.941225, 32.842714 ], [ -95.941452, 32.840938 ], [ -95.94031, 32.841085 ], [ -95.938102, 32.842968 ], [ -95.937101, 32.840829 ], [ -95.934939, 32.840339 ], [ -95.934433, 32.837217 ], [ -96.076801, 32.838489 ], [ -96.075899, 32.357505 ], [ -96.195616, 32.358197 ], [ -96.196171, 32.354751 ], [ -96.231509, 32.354709 ], [ -96.249739, 32.354993 ], [ -96.249701, 32.358716 ], [ -96.452372, 32.358659 ], [ -96.453664, 32.357182 ], [ -96.448437, 32.354495 ], [ -96.449312, 32.350957 ], [ -96.454555, 32.35232 ], [ -96.45182, 32.345002 ], [ -96.441306, 32.3463 ], [ -96.440752, 32.343777 ], [ -96.438851, 32.345743 ], [ -96.436293, 32.345413 ], [ -96.436919, 32.34136 ], [ -96.430268, 32.338894 ], [ -96.431399, 32.337229 ], [ -96.430226, 32.332211 ], [ -96.426226, 32.334423 ], [ -96.425889, 32.336195 ], [ -96.42164, 32.332322 ], [ -96.419792, 32.332931 ], [ -96.420379, 32.334848 ], [ -96.417533, 32.335536 ], [ -96.415677, 32.33305 ], [ -96.411648, 32.332545 ], [ -96.405644, 32.327687 ], [ -96.390805, 32.33386 ], [ -96.385201, 32.331959 ], [ -96.38291, 32.328929 ], [ -96.625266, 32.206583 ], [ -96.940656, 32.052087 ], [ -97.087043, 32.266824 ], [ -97.08705, 32.265255 ], [ -97.133407, 32.254699 ], [ -97.161887, 32.250253 ], [ -97.475985, 32.181679 ], [ -97.471811, 32.17552 ], [ -97.486632, 32.171543 ], [ -97.49448, 32.164628 ], [ -97.511787, 32.161935 ], [ -97.513456, 32.15258 ], [ -97.512196, 32.146667 ], [ -97.508005, 32.139355 ], [ -97.512488, 32.134219 ], [ -97.524747, 32.135633 ], [ -97.537699, 32.140499 ], [ -97.553373, 32.149292 ], [ -97.568716, 32.150494 ], [ -97.57047, 32.154511 ], [ -97.564644, 32.161676 ], [ -97.567849, 32.166572 ], [ -97.56748, 32.174143 ], [ -97.56917, 32.177562 ], [ -97.574566, 32.180839 ], [ -97.577528, 32.180943 ], [ -97.592931, 32.174374 ], [ -97.60131, 32.17543 ], [ -97.60257, 32.17763 ], [ -97.60158, 32.17991 ], [ -97.59223, 32.1848 ], [ -97.590248, 32.187377 ], [ -97.59073, 32.196589 ], [ -97.5941, 32.20156 ], [ -97.59826, 32.20393 ], [ -97.615087, 32.203491 ], [ -97.617005, 32.555484 ], [ -98.066836, 32.558822 ], [ -98.061528, 32.735466 ], [ -98.056094, 33.003332 ], [ -97.921642, 33.001284 ], [ -97.918189, 33.433873 ], [ -97.383015, 33.43289 ], [ -97.383095, 33.43045 ], [ -97.374011, 33.430033 ], [ -96.841098, 33.413377 ], [ -96.841171, 33.405589 ], [ -96.83411, 33.405498 ] ] ] ] } },
{ "type": "Feature", "properties": { "CSAFP": "348", "CBSAFP": "40140", "GEOID": "40140", "GEOIDFQ": "310M700US40140", "NAME": "Riverside-San Bernardino-Ontario, CA", "NAMELSAD": "Riverside-San Bernardino-Ontario, CA Metro Area", "LSAD": "M1", "MEMI": "1", "MTFCC": "G3110", "ALAND": 70648246122, "AWATER": 338958534, "INTPTLAT": "+34.5384592", "INTPTLON": "-116.1345440", "GEO_ID": "310M700US40140", "NAME_2": "Riverside-San Bernardino-Ontario, CA Metro Area", "DP05_0001E": "4675704", "DP05_0001M": "*****" }, "geometry": { "type": "MultiPolygon", "coordinates": [ [ [ [ -114.435429, 34.079727 ], [ -114.43934, 34.057893 ], [ -114.434949, 34.037784 ], [ -114.438266, 34.022609 ], [ -114.443821, 34.016176 ], [ -114.450206, 34.012574 ], [ -114.454807, 34.010968 ], [ -114.463336, 34.012259 ], [ -114.465867, 34.010987 ], [ -114.46731, 34.00519 ], [ -114.459184, 34.000016 ], [ -114.458028, 33.997158 ], [ -114.459258, 33.994711 ], [ -114.467932, 33.992877 ], [ -114.471138, 33.98804 ], [ -114.481455, 33.981261 ], [ -114.484784, 33.975519 ], [ -114.499883, 33.961789 ], [ -114.508747, 33.957502 ], [ -114.51586, 33.958106 ], [ -114.522734, 33.955039 ], [ -114.52868, 33.947817 ], [ -114.535676, 33.933552 ], [ -114.534951, 33.9257 ], [ -114.525361, 33.922272 ], [ -114.518434, 33.917518 ], [ -114.511511, 33.911092 ], [ -114.50792, 33.903807 ], [ -114.508708, 33.90064 ], [ -114.513715, 33.897959 ], [ -114.525872, 33.901008 ], [ -114.522768, 33.892583 ], [ -114.50434, 33.876882 ], [ -114.503017, 33.867998 ], [ -114.505638, 33.864276 ], [ -114.514673, 33.858638 ], [ -114.524292, 33.860133 ], [ -114.529883, 33.857563 ], [ -114.529597, 33.848063 ], [ -114.51997, 33.825381 ], [ -114.522714, 33.818979 ], [ -114.52805, 33.814963 ], [ -114.518942, 33.797302 ], [ -114.516734, 33.788345 ], [ -114.504863, 33.760465 ], [ -114.504483, 33.750998 ], [ -114.512348, 33.734214 ], [ -114.504176, 33.728055 ], [ -114.500788, 33.722204 ], [ -114.496565, 33.719155 ], [ -114.494197, 33.707922 ], [ -114.496489, 33.696901 ], [ -114.523959, 33.685879 ], [ -114.530348, 33.679245 ], [ -114.531523, 33.675108 ], [ -114.532123, 33.669702 ], [ -114.530267, 33.666821 ], [ -114.526439, 33.66388 ], [ -114.517112, 33.662877 ], [ -114.514057, 33.660179 ], [ -114.514559, 33.658014 ], [ -114.518337, 33.655927 ], [ -114.530583, 33.654461 ], [ -114.533194, 33.65166 ], [ -114.533215, 33.648443 ], [ -114.525394, 33.640669 ], [ -114.523802, 33.6347 ], [ -114.52637, 33.630259 ], [ -114.531034, 33.628213 ], [ -114.531215, 33.623913 ], [ -114.521845, 33.612544 ], [ -114.529186, 33.60665 ], [ -114.540617, 33.591412 ], [ -114.5403, 33.580615 ], [ -114.536784, 33.570959 ], [ -114.531613, 33.561702 ], [ -114.52822, 33.559318 ], [ -114.524215, 33.553068 ], [ -114.558898, 33.531819 ], [ -114.560963, 33.516739 ], [ -114.569533, 33.509219 ], [ -114.580468, 33.506465 ], [ -114.592369, 33.498675 ], [ -114.601694, 33.481396 ], [ -114.612472, 33.470768 ], [ -114.622918, 33.456561 ], [ -114.622283, 33.447558 ], [ -114.627125, 33.433554 ], [ -114.830869, 33.433708 ], [ -114.830833, 33.430094 ], [ -115.063197, 33.428103 ], [ -115.467505, 33.428402 ], [ -115.468368, 33.426986 ], [ -116.084895, 33.425933 ], [ -116.129863, 33.42611 ], [ -116.197698, 33.428914 ], [ -116.298533, 33.427455 ], [ -117.030876, 33.426869 ], [ -117.030854, 33.4299 ], [ -117.104397, 33.430255 ], [ -117.138777, 33.432594 ], [ -117.241352, 33.431929 ], [ -117.241467, 33.448825 ], [ -117.370797, 33.490662 ], [ -117.364274, 33.5049 ], [ -117.509722, 33.505176 ], [ -117.509725, 33.509062 ], [ -117.503756, 33.508945 ], [ -117.503181, 33.520405 ], [ -117.509909, 33.520546 ], [ -117.51021, 33.533999 ], [ -117.412987, 33.659045 ], [ -117.457981, 33.690292 ], [ -117.474573, 33.703811 ], [ -117.533999, 33.710355 ], [ -117.536448, 33.757665 ], [ -117.580136, 33.767988 ], [ -117.662117, 33.857499 ], [ -117.674282, 33.857956 ], [ -117.675053, 33.868725 ], [ -117.671608, 33.869368 ], [ -117.679303, 33.877621 ], [ -117.738089, 33.913738 ], [ -117.793551, 33.953822 ], [ -117.793667, 33.968135 ], [ -117.802445, 33.968308 ], [ -117.802539, 33.975551 ], [ -117.785033, 34.004854 ], [ -117.767525, 34.004695 ], [ -117.767657, 34.023508 ], [ -117.735846, 34.018554 ], [ -117.730125, 34.021371 ], [ -117.727359, 34.037389 ], [ -117.716475, 34.067577 ], [ -117.686799, 34.138122 ], [ -117.681713, 34.155827 ], [ -117.678501, 34.161993 ], [ -117.646374, 34.28917 ], [ -117.659757, 34.452769 ], [ -117.660401, 34.557892 ], [ -117.667121, 34.557906 ], [ -117.667459, 34.822528 ], [ -117.632151, 34.822271 ], [ -117.63329, 35.097558 ], [ -117.63088, 35.097604 ], [ -117.631131, 35.361724 ], [ -117.632474, 35.405582 ], [ -117.631295, 35.419566 ], [ -117.633727, 35.43454 ], [ -117.633662, 35.45141 ], [ -117.630219, 35.451409 ], [ -117.629686, 35.466159 ], [ -117.630076, 35.564254 ], [ -117.634607, 35.564258 ], [ -117.634346, 35.651571 ], [ -117.616518, 35.651611 ], [ -117.616518, 35.680687 ], [ -117.652184, 35.680771 ], [ -117.652136, 35.709858 ], [ -117.634315, 35.70983 ], [ -117.634283, 35.79726 ], [ -117.375889, 35.79515 ], [ -115.735891, 35.79362 ], [ -115.735745, 35.809097 ], [ -115.648357, 35.809211 ], [ -115.25972, 35.503541 ], [ -115.100957, 35.375681 ], [ -114.797341, 35.134927 ], [ -114.633487, 35.001857 ], [ -114.629443, 34.991825 ], [ -114.629129, 34.986132 ], [ -114.635237, 34.965149 ], [ -114.634953, 34.958918 ], [ -114.629769, 34.94304 ], [ -114.633253, 34.924608 ], [ -114.630877, 34.907263 ], [ -114.636725, 34.889107 ], [ -114.634382, 34.87289 ], [ -114.630623, 34.866356 ], [ -114.623939, 34.859738 ], [ -114.600653, 34.847361 ], [ -114.586842, 34.835672 ], [ -114.576452, 34.8153 ], [ -114.57101, 34.794294 ], [ -114.558653, 34.773852 ], [ -114.552682, 34.766871 ], [ -114.529615, 34.750822 ], [ -114.516619, 34.736745 ], [ -114.492017, 34.725702 ], [ -114.487508, 34.716626 ], [ -114.482779, 34.714511 ], [ -114.473682, 34.713964 ], [ -114.470477, 34.711368 ], [ -114.465246, 34.691202 ], [ -114.455536, 34.677335 ], [ -114.454305, 34.671234 ], [ -114.450506, 34.666836 ], [ -114.451785, 34.663891 ], [ -114.457702, 34.659328 ], [ -114.457985, 34.657113 ], [ -114.449549, 34.651423 ], [ -114.441465, 34.64253 ], [ -114.440294, 34.63824 ], [ -114.441398, 34.630171 ], [ -114.438739, 34.621455 ], [ -114.424202, 34.610453 ], [ -114.425338, 34.600842 ], [ -114.43681, 34.596074 ], [ -114.422382, 34.580711 ], [ -114.405228, 34.569637 ], [ -114.380838, 34.529724 ], [ -114.378223, 34.516521 ], [ -114.378124, 34.507288 ], [ -114.382358, 34.495758 ], [ -114.381701, 34.47604 ], [ -114.387187, 34.462021 ], [ -114.386699, 34.457911 ], [ -114.373719, 34.446938 ], [ -114.342615, 34.451442 ], [ -114.335372, 34.450038 ], [ -114.330669, 34.445295 ], [ -114.32613, 34.437251 ], [ -114.312251, 34.432726 ], [ -114.301016, 34.426807 ], [ -114.294836, 34.421389 ], [ -114.292226, 34.417606 ], [ -114.291751, 34.411104 ], [ -114.288663, 34.406623 ], [ -114.280108, 34.403147 ], [ -114.264317, 34.401329 ], [ -114.252739, 34.3901 ], [ -114.234275, 34.376662 ], [ -114.229686, 34.368908 ], [ -114.226107, 34.365916 ], [ -114.213774, 34.36246 ], [ -114.199482, 34.361373 ], [ -114.176909, 34.349306 ], [ -114.168807, 34.339513 ], [ -114.157206, 34.317862 ], [ -114.138282, 34.30323 ], [ -114.139534, 34.295844 ], [ -114.13605, 34.280833 ], [ -114.136671, 34.274377 ], [ -114.131211, 34.26273 ], [ -114.133264, 34.258462 ], [ -114.164648, 34.259699 ], [ -114.163867, 34.253349 ], [ -114.166124, 34.250015 ], [ -114.174597, 34.247303 ], [ -114.17805, 34.239969 ], [ -114.190876, 34.230858 ], [ -114.211761, 34.211539 ], [ -114.225194, 34.203642 ], [ -114.224941, 34.193896 ], [ -114.227034, 34.188866 ], [ -114.229715, 34.186928 ], [ -114.240712, 34.183232 ], [ -114.244421, 34.179403 ], [ -114.257034, 34.172837 ], [ -114.26846, 34.170177 ], [ -114.275267, 34.172149 ], [ -114.287294, 34.170529 ], [ -114.292806, 34.166725 ], [ -114.312206, 34.144776 ], [ -114.320777, 34.138635 ], [ -114.336112, 34.134034 ], [ -114.348051, 34.134457 ], [ -114.35303, 34.13312 ], [ -114.360402, 34.123577 ], [ -114.366517, 34.118577 ], [ -114.379223, 34.11599 ], [ -114.390565, 34.110084 ], [ -114.401336, 34.111638 ], [ -114.41168, 34.110031 ], [ -114.420499, 34.103466 ], [ -114.428026, 34.092787 ], [ -114.43338, 34.088413 ], [ -114.435429, 34.079727 ] ] ] ] } },
{ "type": "Feature", "properties": { "CSAFP": "472", "CBSAFP": "40900", "GEOID": "40900", "GEOIDFQ": "310M700US40900", "NAME": "Sacramento-Roseville-Folsom, CA", "NAMELSAD": "Sacramento-Roseville-Folsom, CA Metro Area", "LSAD": "M1", "MEMI": "1", "MTFCC": "G3110", "ALAND": 13192392916, "AWATER": 546934724, "INTPTLAT": "+38.7902715", "INTPTLON": "-121.0056427", "GEO_ID": "310M700US40900", "NAME_2": "Sacramento-Roseville-Folsom, CA Metro Area", "DP05_0001E": "2426388", "DP05_0001M": "*****" }, "geometry": { "type": "MultiPolygon", "coordinates": [ [ [ [ -120.006446, 39.280828 ], [ -120.001014, 38.999574 ], [ -119.904315, 38.933324 ], [ -119.905399, 38.928337 ], [ -119.89664, 38.921026 ], [ -119.891551, 38.918142 ], [ -119.887643, 38.918295 ], [ -119.883264, 38.904518 ], [ -119.879864, 38.899419 ], [ -119.884488, 38.894206 ], [ -119.879516, 38.887021 ], [ -119.882814, 38.880989 ], [ -119.888803, 38.879146 ], [ -119.879029, 38.875206 ], [ -119.877287, 38.870193 ], [ -119.880303, 38.864776 ], [ -119.891909, 38.857344 ], [ -119.900761, 38.857408 ], [ -119.906312, 38.855505 ], [ -119.908541, 38.84613 ], [ -119.908493, 38.834346 ], [ -119.92271, 38.829955 ], [ -119.9238, 38.824949 ], [ -119.921307, 38.821737 ], [ -119.930938, 38.815182 ], [ -119.931523, 38.812144 ], [ -119.942516, 38.802634 ], [ -119.943976, 38.796829 ], [ -119.93995, 38.795316 ], [ -119.939773, 38.79356 ], [ -119.946894, 38.786399 ], [ -119.947927, 38.781642 ], [ -119.964948, 38.775986 ], [ -120.072392, 38.702767 ], [ -120.082491, 38.700604 ], [ -120.082424, 38.702033 ], [ -120.077693, 38.702126 ], [ -120.077639, 38.708887 ], [ -120.098322, 38.709029 ], [ -120.098369, 38.703957 ], [ -120.104362, 38.706071 ], [ -120.112009, 38.705016 ], [ -120.122538, 38.695362 ], [ -120.124334, 38.69026 ], [ -120.123369, 38.686934 ], [ -120.116701, 38.679778 ], [ -120.123094, 38.666704 ], [ -120.128513, 38.665061 ], [ -120.132233, 38.660308 ], [ -120.135104, 38.654526 ], [ -120.1314, 38.649817 ], [ -120.140084, 38.638374 ], [ -120.145385, 38.639686 ], [ -120.150077, 38.637447 ], [ -120.152405, 38.637918 ], [ -120.158102, 38.633233 ], [ -120.171779, 38.632408 ], [ -120.178644, 38.633766 ], [ -120.191319, 38.631151 ], [ -120.197104, 38.629198 ], [ -120.197676, 38.625804 ], [ -120.201819, 38.624675 ], [ -120.204748, 38.627734 ], [ -120.214304, 38.629082 ], [ -120.215744, 38.626832 ], [ -120.214628, 38.623572 ], [ -120.220714, 38.621376 ], [ -120.227126, 38.610575 ], [ -120.223662, 38.604281 ], [ -120.228689, 38.600797 ], [ -120.232624, 38.600044 ], [ -120.231756, 38.592236 ], [ -120.233849, 38.588316 ], [ -120.239231, 38.585957 ], [ -120.251026, 38.584383 ], [ -120.26189, 38.579204 ], [ -120.266352, 38.573465 ], [ -120.26656, 38.567654 ], [ -120.274522, 38.559452 ], [ -120.2783, 38.559732 ], [ -120.289586, 38.55614 ], [ -120.297608, 38.556771 ], [ -120.299189, 38.556117 ], [ -120.298886, 38.55211 ], [ -120.301721, 38.549109 ], [ -120.318831, 38.544881 ], [ -120.324977, 38.546185 ], [ -120.328356, 38.545155 ], [ -120.331298, 38.547694 ], [ -120.354486, 38.548077 ], [ -120.363882, 38.544354 ], [ -120.376687, 38.544749 ], [ -120.380839, 38.542854 ], [ -120.383709, 38.538652 ], [ -120.388715, 38.540576 ], [ -120.396154, 38.539096 ], [ -120.403563, 38.536838 ], [ -120.413595, 38.531022 ], [ -120.424637, 38.530342 ], [ -120.434028, 38.526676 ], [ -120.438892, 38.528895 ], [ -120.450036, 38.528492 ], [ -120.459157, 38.523888 ], [ -120.485776, 38.521267 ], [ -120.491537, 38.517315 ], [ -120.497198, 38.516735 ], [ -120.500013, 38.514354 ], [ -120.510596, 38.511467 ], [ -120.537239, 38.509575 ], [ -120.55378, 38.511863 ], [ -120.579736, 38.503406 ], [ -120.592332, 38.504634 ], [ -120.606157, 38.502349 ], [ -120.612147, 38.504543 ], [ -120.614413, 38.50315 ], [ -120.621813, 38.504402 ], [ -120.628428, 38.503204 ], [ -120.63899, 38.507766 ], [ -120.650757, 38.510033 ], [ -120.659183, 38.51557 ], [ -120.67718, 38.517809 ], [ -120.678905, 38.522536 ], [ -120.683089, 38.526394 ], [ -120.690508, 38.52772 ], [ -120.699505, 38.532008 ], [ -120.70422, 38.536179 ], [ -120.706923, 38.535214 ], [ -120.718321, 38.541763 ], [ -120.722476, 38.547165 ], [ -120.730847, 38.548106 ], [ -120.736548, 38.545644 ], [ -120.738962, 38.548306 ], [ -120.747251, 38.548446 ], [ -120.748688, 38.550937 ], [ -120.746968, 38.552966 ], [ -120.754752, 38.551161 ], [ -120.759959, 38.554931 ], [ -120.768939, 38.552568 ], [ -120.779078, 38.554378 ], [ -120.784178, 38.550915 ], [ -120.788484, 38.55415 ], [ -120.79298, 38.554893 ], [ -120.794133, 38.557545 ], [ -120.80061, 38.555981 ], [ -120.801364, 38.558749 ], [ -120.804616, 38.559837 ], [ -120.805036, 38.558217 ], [ -120.810456, 38.55775 ], [ -120.812575, 38.559606 ], [ -120.809973, 38.561468 ], [ -120.812953, 38.562209 ], [ -120.815163, 38.561539 ], [ -120.816646, 38.558228 ], [ -120.823283, 38.559687 ], [ -120.825353, 38.555889 ], [ -120.832694, 38.555979 ], [ -120.835907, 38.55149 ], [ -120.840906, 38.556036 ], [ -120.847218, 38.553786 ], [ -120.849285, 38.550691 ], [ -120.856106, 38.5486 ], [ -120.85656, 38.542713 ], [ -120.862409, 38.543329 ], [ -120.863525, 38.53533 ], [ -120.871, 38.53629 ], [ -120.873833, 38.538617 ], [ -120.873596, 38.542468 ], [ -120.876112, 38.543357 ], [ -120.878142, 38.53961 ], [ -120.883717, 38.536525 ], [ -120.880731, 38.529598 ], [ -120.885067, 38.525071 ], [ -120.889432, 38.524691 ], [ -120.892126, 38.528759 ], [ -120.894796, 38.52811 ], [ -120.902366, 38.531227 ], [ -120.905532, 38.52421 ], [ -120.908755, 38.523896 ], [ -120.910985, 38.520496 ], [ -120.922669, 38.519207 ], [ -120.925716, 38.515098 ], [ -120.930625, 38.518296 ], [ -120.936416, 38.519414 ], [ -120.938105, 38.52687 ], [ -120.940879, 38.528603 ], [ -120.943653, 38.52744 ], [ -120.945733, 38.52367 ], [ -120.952526, 38.521031 ], [ -120.957595, 38.522768 ], [ -120.964342, 38.5203 ], [ -120.969896, 38.521004 ], [ -120.974663, 38.515905 ], [ -120.980239, 38.515155 ], [ -120.987128, 38.516532 ], [ -120.994785, 38.513646 ], [ -121.001286, 38.518784 ], [ -121.007539, 38.519139 ], [ -121.009671, 38.51755 ], [ -121.009464, 38.514695 ], [ -121.011372, 38.512465 ], [ -121.013221, 38.513145 ], [ -121.019309, 38.508948 ], [ -121.027507, 38.508292 ], [ -121.027084, 38.300252 ], [ -121.04057, 38.297718 ], [ -121.048124, 38.291113 ], [ -121.061672, 38.29894 ], [ -121.067485, 38.298929 ], [ -121.083847, 38.28652 ], [ -121.085764, 38.287016 ], [ -121.094215, 38.281857 ], [ -121.102203, 38.283247 ], [ -121.116291, 38.277352 ], [ -121.127782, 38.277447 ], [ -121.133825, 38.271875 ], [ -121.141552, 38.269197 ], [ -121.147014, 38.263905 ], [ -121.163393, 38.26043 ], [ -121.173079, 38.255208 ], [ -121.192023, 38.256698 ], [ -121.203407, 38.248754 ], [ -121.215018, 38.248799 ], [ -121.223018, 38.244364 ], [ -121.22925, 38.247525 ], [ -121.247584, 38.245426 ], [ -121.259036, 38.250267 ], [ -121.26838, 38.252271 ], [ -121.277361, 38.249105 ], [ -121.283031, 38.249659 ], [ -121.288, 38.245808 ], [ -121.292519, 38.239037 ], [ -121.295505, 38.237624 ], [ -121.305311, 38.234751 ], [ -121.317744, 38.235208 ], [ -121.322031, 38.232609 ], [ -121.329306, 38.232826 ], [ -121.344367, 38.22821 ], [ -121.354682, 38.231031 ], [ -121.362388, 38.229906 ], [ -121.363216, 38.228296 ], [ -121.366337, 38.231154 ], [ -121.370914, 38.229725 ], [ -121.382512, 38.232071 ], [ -121.385161, 38.231254 ], [ -121.389054, 38.233165 ], [ -121.396042, 38.227706 ], [ -121.398431, 38.227425 ], [ -121.401694, 38.230694 ], [ -121.405172, 38.22996 ], [ -121.409871, 38.232985 ], [ -121.411231, 38.231928 ], [ -121.420517, 38.237242 ], [ -121.427693, 38.245726 ], [ -121.42536, 38.246798 ], [ -121.425081, 38.250401 ], [ -121.427635, 38.251568 ], [ -121.42927, 38.254802 ], [ -121.434769, 38.254307 ], [ -121.444916, 38.256846 ], [ -121.450426, 38.254617 ], [ -121.461032, 38.259097 ], [ -121.472138, 38.259659 ], [ -121.48007, 38.253576 ], [ -121.478514, 38.251077 ], [ -121.478581, 38.246169 ], [ -121.487061, 38.239914 ], [ -121.486773, 38.235818 ], [ -121.490453, 38.232986 ], [ -121.491669, 38.22769 ], [ -121.498446, 38.227662 ], [ -121.50639, 38.224587 ], [ -121.507343, 38.221475 ], [ -121.504335, 38.212131 ], [ -121.508079, 38.209235 ], [ -121.509935, 38.20458 ], [ -121.513183, 38.202404 ], [ -121.520688, 38.202932 ], [ -121.528896, 38.195332 ], [ -121.524455, 38.185516 ], [ -121.527831, 38.18166 ], [ -121.524294, 38.172685 ], [ -121.529302, 38.169021 ], [ -121.531175, 38.163277 ], [ -121.533542, 38.162588 ], [ -121.533734, 38.159964 ], [ -121.536151, 38.158158 ], [ -121.534535, 38.155692 ], [ -121.53631, 38.151581 ], [ -121.541351, 38.151886 ], [ -121.543783, 38.147326 ], [ -121.547208, 38.148078 ], [ -121.5506, 38.145646 ], [ -121.559176, 38.143886 ], [ -121.560136, 38.142126 ], [ -121.557288, 38.139118 ], [ -121.557688, 38.136751 ], [ -121.56244, 38.135983 ], [ -121.576344, 38.129054 ], [ -121.584074, 38.120228 ], [ -121.583502, 38.113475 ], [ -121.581992, 38.111991 ], [ -121.565751, 38.105279 ], [ -121.564035, 38.101422 ], [ -121.565466, 38.098529 ], [ -121.581284, 38.093937 ], [ -121.585283, 38.096366 ], [ -121.604923, 38.099878 ], [ -121.627376, 38.09836 ], [ -121.632595, 38.088611 ], [ -121.638088, 38.086131 ], [ -121.645183, 38.087413 ], [ -121.661865, 38.095618 ], [ -121.673065, 38.093518 ], [ -121.679265, 38.089319 ], [ -121.681865, 38.082019 ], [ -121.679623, 38.069469 ], [ -121.680859, 38.062129 ], [ -121.699765, 38.04522 ], [ -121.725565, 38.03382 ], [ -121.737824, 38.02663 ], [ -121.763474, 38.023518 ], [ -121.777485, 38.018917 ], [ -121.789613, 38.018467 ], [ -121.80127, 38.021622 ], [ -121.813308, 38.020535 ], [ -121.828067, 38.02802 ], [ -121.837936, 38.038944 ], [ -121.841659, 38.051974 ], [ -121.846802, 38.059955 ], [ -121.853639, 38.064776 ], [ -121.862462, 38.06603 ], [ -121.861597, 38.069887 ], [ -121.842444, 38.076735 ], [ -121.827916, 38.066223 ], [ -121.810811, 38.060767 ], [ -121.800123, 38.059647 ], [ -121.743164, 38.087229 ], [ -121.729348, 38.082348 ], [ -121.71213, 38.08552 ], [ -121.708436, 38.091482 ], [ -121.707215, 38.109846 ], [ -121.698384, 38.121294 ], [ -121.692095, 38.133126 ], [ -121.687705, 38.146829 ], [ -121.685645, 38.159644 ], [ -121.677994, 38.164908 ], [ -121.662907, 38.181869 ], [ -121.646568, 38.186044 ], [ -121.64213, 38.190024 ], [ -121.632297, 38.194251 ], [ -121.622809, 38.193275 ], [ -121.615413, 38.195696 ], [ -121.611717, 38.200962 ], [ -121.610411, 38.208374 ], [ -121.602059, 38.221642 ], [ -121.603208, 38.237283 ], [ -121.600249, 38.257817 ], [ -121.60401, 38.270103 ], [ -121.60073, 38.278375 ], [ -121.605418, 38.285705 ], [ -121.603946, 38.289513 ], [ -121.605258, 38.295352 ], [ -121.599908, 38.301515 ], [ -121.597579, 38.307175 ], [ -121.598654, 38.309892 ], [ -121.593273, 38.313089 ], [ -121.693892, 38.314175 ], [ -121.693639, 38.487604 ], [ -121.695797, 38.487615 ], [ -121.694677, 38.527054 ], [ -121.700735, 38.527427 ], [ -121.712034, 38.537962 ], [ -121.722202, 38.53487 ], [ -121.738594, 38.537704 ], [ -121.746647, 38.531828 ], [ -121.757197, 38.529514 ], [ -121.7651, 38.525856 ], [ -121.767744, 38.526642 ], [ -121.768504, 38.530819 ], [ -121.771677, 38.532301 ], [ -121.779698, 38.529912 ], [ -121.783034, 38.52701 ], [ -121.783559, 38.523287 ], [ -121.785811, 38.523074 ], [ -121.794762, 38.526937 ], [ -121.81333, 38.526023 ], [ -121.832557, 38.529757 ], [ -121.84406, 38.535238 ], [ -121.86012, 38.538512 ], [ -121.86668, 38.537357 ], [ -121.884441, 38.539028 ], [ -121.888421, 38.537819 ], [ -121.893784, 38.533429 ], [ -121.908969, 38.529576 ], [ -121.925323, 38.529705 ], [ -121.940285, 38.533384 ], [ -121.947456, 38.527096 ], [ -121.963606, 38.522802 ], [ -121.974699, 38.513653 ], [ -121.978068, 38.508277 ], [ -121.985426, 38.505657 ], [ -121.98657, 38.502987 ], [ -121.995927, 38.500421 ], [ -122.003077, 38.493902 ], [ -122.013542, 38.48871 ], [ -122.018942, 38.489285 ], [ -122.035566, 38.496122 ], [ -122.041568, 38.505713 ], [ -122.057415, 38.517441 ], [ -122.071384, 38.513849 ], [ -122.086855, 38.514477 ], [ -122.090775, 38.515996 ], [ -122.095016, 38.513058 ], [ -122.104128, 38.513362 ], [ -122.104614, 38.516921 ], [ -122.109595, 38.521411 ], [ -122.109981, 38.524121 ], [ -122.111563, 38.524051 ], [ -122.113015, 38.527177 ], [ -122.111603, 38.530877 ], [ -122.115007, 38.53394 ], [ -122.114219, 38.539433 ], [ -122.123305, 38.565014 ], [ -122.121326, 38.566869 ], [ -122.121554, 38.568896 ], [ -122.126783, 38.581417 ], [ -122.126978, 38.587442 ], [ -122.131578, 38.594653 ], [ -122.134387, 38.604634 ], [ -122.149422, 38.622273 ], [ -122.148367, 38.624578 ], [ -122.149351, 38.625462 ], [ -122.155831, 38.6227 ], [ -122.159488, 38.619279 ], [ -122.16404, 38.617893 ], [ -122.16646, 38.619662 ], [ -122.166206, 38.624968 ], [ -122.168703, 38.629866 ], [ -122.160763, 38.632807 ], [ -122.159174, 38.635113 ], [ -122.164156, 38.64059 ], [ -122.163382, 38.64265 ], [ -122.160343, 38.643953 ], [ -122.166096, 38.655178 ], [ -122.174286, 38.658911 ], [ -122.180927, 38.65717 ], [ -122.190072, 38.663482 ], [ -122.202112, 38.677744 ], [ -122.198042, 38.683617 ], [ -122.201351, 38.690659 ], [ -122.206458, 38.695775 ], [ -122.21106, 38.696011 ], [ -122.210491, 38.694716 ], [ -122.212699, 38.693339 ], [ -122.218386, 38.695212 ], [ -122.222169, 38.69856 ], [ -122.221511, 38.704695 ], [ -122.226785, 38.719581 ], [ -122.223746, 38.722272 ], [ -122.22514, 38.727409 ], [ -122.228463, 38.729593 ], [ -122.233961, 38.740405 ], [ -122.240282, 38.74326 ], [ -122.242651, 38.749693 ], [ -122.245928, 38.751066 ], [ -122.24866, 38.755065 ], [ -122.254469, 38.781595 ], [ -122.258749, 38.786445 ], [ -122.258458, 38.789451 ], [ -122.260568, 38.790941 ], [ -122.261291, 38.794024 ], [ -122.264447, 38.796325 ], [ -122.265799, 38.800685 ], [ -122.269669, 38.803307 ], [ -122.273407, 38.809729 ], [ -122.27597, 38.819425 ], [ -122.281699, 38.825932 ], [ -122.287068, 38.839351 ], [ -122.301717, 38.839505 ], [ -122.302939, 38.842575 ], [ -122.315351, 38.839583 ], [ -122.324047, 38.846252 ], [ -122.330285, 38.84231 ], [ -122.334593, 38.84377 ], [ -122.342232, 38.842184 ], [ -122.347685, 38.836388 ], [ -122.35072, 38.835867 ], [ -122.371552, 38.844651 ], [ -122.375298, 38.848567 ], [ -122.385184, 38.852475 ], [ -122.392043, 38.858517 ], [ -122.395312, 38.863994 ], [ -122.391088, 38.867291 ], [ -122.391198, 38.868713 ], [ -122.39536, 38.870731 ], [ -122.3964, 38.874059 ], [ -122.401824, 38.876235 ], [ -122.405664, 38.879866 ], [ -122.405264, 38.883402 ], [ -122.411072, 38.889402 ], [ -122.415552, 38.897098 ], [ -122.422048, 38.90089 ], [ -122.421904, 38.90377 ], [ -122.415824, 38.907354 ], [ -122.416512, 38.909562 ], [ -122.412384, 38.912537 ], [ -122.409856, 38.918553 ], [ -122.404032, 38.925289 ], [ -122.324818, 38.92384 ], [ -122.023804, 38.92593 ], [ -121.835488, 38.924481 ], [ -121.828918, 38.918473 ], [ -121.805525, 38.915065 ], [ -121.804341, 38.913049 ], [ -121.805843, 38.910793 ], [ -121.815254, 38.91121 ], [ -121.810167, 38.907941 ], [ -121.801599, 38.905754 ], [ -121.791509, 38.905402 ], [ -121.791077, 38.903323 ], [ -121.793589, 38.900715 ], [ -121.803989, 38.90172 ], [ -121.803093, 38.897419 ], [ -121.806773, 38.890315 ], [ -121.809157, 38.887739 ], [ -121.816325, 38.884955 ], [ -121.817237, 38.882874 ], [ -121.815203, 38.877082 ], [ -121.811618, 38.87337 ], [ -121.803896, 38.870023 ], [ -121.802373, 38.864582 ], [ -121.795977, 38.866659 ], [ -121.79302, 38.862972 ], [ -121.787314, 38.86398 ], [ -121.784474, 38.861309 ], [ -121.783881, 38.856445 ], [ -121.77674, 38.86134 ], [ -121.770023, 38.861537 ], [ -121.765296, 38.864187 ], [ -121.75842, 38.862355 ], [ -121.760227, 38.867193 ], [ -121.759315, 38.868371 ], [ -121.748624, 38.871318 ], [ -121.744803, 38.864155 ], [ -121.730455, 38.859086 ], [ -121.728529, 38.857269 ], [ -121.728164, 38.853408 ], [ -121.72354, 38.852292 ], [ -121.72346, 38.85073 ], [ -121.728696, 38.846627 ], [ -121.725971, 38.841254 ], [ -121.729684, 38.83958 ], [ -121.730953, 38.835253 ], [ -121.723414, 38.825617 ], [ -121.724401, 38.818386 ], [ -121.723346, 38.803759 ], [ -121.721874, 38.802237 ], [ -121.716162, 38.802717 ], [ -121.70905, 38.801025 ], [ -121.701251, 38.803028 ], [ -121.698319, 38.80134 ], [ -121.695839, 38.796706 ], [ -121.690671, 38.795627 ], [ -121.693368, 38.789816 ], [ -121.691215, 38.784153 ], [ -121.687615, 38.780373 ], [ -121.686439, 38.77536 ], [ -121.692562, 38.76771 ], [ -121.687248, 38.76369 ], [ -121.680903, 38.763622 ], [ -121.676654, 38.76019 ], [ -121.670018, 38.75931 ], [ -121.677183, 38.750862 ], [ -121.676831, 38.746711 ], [ -121.673826, 38.743141 ], [ -121.669425, 38.745705 ], [ -121.667992, 38.754492 ], [ -121.66471, 38.755746 ], [ -121.658495, 38.755026 ], [ -121.659929, 38.761034 ], [ -121.664287, 38.765255 ], [ -121.663162, 38.76921 ], [ -121.658939, 38.769623 ], [ -121.656906, 38.765731 ], [ -121.654131, 38.764541 ], [ -121.638944, 38.767204 ], [ -121.64859, 38.772824 ], [ -121.646157, 38.774073 ], [ -121.640396, 38.772761 ], [ -121.63631, 38.767406 ], [ -121.634363, 38.767882 ], [ -121.63148, 38.776119 ], [ -121.627957, 38.778945 ], [ -121.630998, 38.782932 ], [ -121.624549, 38.785371 ], [ -121.604862, 38.779356 ], [ -121.599838, 38.774876 ], [ -121.593214, 38.764316 ], [ -121.593406, 38.753985 ], [ -121.602894, 38.735838 ], [ -121.521767, 38.736401 ], [ -121.484396, 38.734598 ], [ -121.48444, 38.751354 ], [ -121.469753, 38.751603 ], [ -121.469356, 38.925992 ], [ -121.414399, 38.926214 ], [ -121.414787, 38.998418 ], [ -121.407894, 38.99905 ], [ -121.397659, 39.005888 ], [ -121.396859, 39.009461 ], [ -121.38827, 39.014495 ], [ -121.384548, 39.014495 ], [ -121.385089, 39.017718 ], [ -121.377072, 39.021014 ], [ -121.37238, 39.02773 ], [ -121.365643, 39.031743 ], [ -121.361185, 39.032601 ], [ -121.358783, 39.030226 ], [ -121.353865, 39.031303 ], [ -121.335749, 39.038792 ], [ -121.329117, 39.043899 ], [ -121.323012, 39.043005 ], [ -121.320721, 39.044369 ], [ -121.319596, 39.048669 ], [ -121.305992, 39.052943 ], [ -121.302344, 39.047829 ], [ -121.293332, 39.043969 ], [ -121.290213, 39.03687 ], [ -121.273044, 39.034183 ], [ -121.270714, 39.032111 ], [ -121.269207, 39.032846 ], [ -121.26585, 39.030308 ], [ -121.258479, 39.029508 ], [ -121.257015, 39.028014 ], [ -121.249676, 39.028923 ], [ -121.246768, 39.024855 ], [ -121.240965, 39.021374 ], [ -121.238015, 39.023955 ], [ -121.232933, 39.024667 ], [ -121.228943, 39.022098 ], [ -121.220986, 39.011777 ], [ -121.213516, 39.01292 ], [ -121.205915, 39.011851 ], [ -121.204672, 39.015633 ], [ -121.198875, 39.017549 ], [ -121.18737, 39.012508 ], [ -121.179385, 39.019951 ], [ -121.172624, 39.018528 ], [ -121.16197, 39.024428 ], [ -121.152486, 39.026788 ], [ -121.150141, 39.032227 ], [ -121.137979, 39.037911 ], [ -121.133378, 39.034376 ], [ -121.125099, 39.032451 ], [ -121.126795, 39.030011 ], [ -121.123512, 39.02786 ], [ -121.123193, 39.024431 ], [ -121.120831, 39.024137 ], [ -121.119057, 39.020968 ], [ -121.115134, 39.018601 ], [ -121.107699, 39.017616 ], [ -121.104247, 39.01185 ], [ -121.096962, 39.013284 ], [ -121.095016, 39.011454 ], [ -121.089501, 39.014435 ], [ -121.080807, 39.009699 ], [ -121.080342, 39.006862 ], [ -121.068611, 39.00516 ], [ -121.061425, 39.010208 ], [ -121.053031, 39.010386 ], [ -121.048143, 39.01305 ], [ -121.041608, 39.013791 ], [ -121.037326, 39.016734 ], [ -121.037694, 39.020805 ], [ -121.031069, 39.027949 ], [ -121.029409, 39.033132 ], [ -121.030391, 39.037211 ], [ -121.021726, 39.039183 ], [ -121.020158, 39.046098 ], [ -121.012792, 39.048268 ], [ -121.012962, 39.052404 ], [ -121.008185, 39.052163 ], [ -121.007072, 39.061218 ], [ -121.002719, 39.062903 ], [ -121.002734, 39.067534 ], [ -120.996942, 39.068215 ], [ -120.998538, 39.072114 ], [ -120.991777, 39.075812 ], [ -120.996114, 39.080368 ], [ -120.991028, 39.082034 ], [ -120.988451, 39.085561 ], [ -120.986853, 39.098416 ], [ -120.988341, 39.100167 ], [ -120.986324, 39.102653 ], [ -120.989696, 39.109529 ], [ -120.989146, 39.111533 ], [ -120.979315, 39.110402 ], [ -120.975585, 39.114048 ], [ -120.97346, 39.119592 ], [ -120.967984, 39.122135 ], [ -120.965761, 39.128207 ], [ -120.955437, 39.132883 ], [ -120.952145, 39.136683 ], [ -120.950062, 39.136441 ], [ -120.94749, 39.143395 ], [ -120.944893, 39.145394 ], [ -120.940527, 39.145267 ], [ -120.936904, 39.151394 ], [ -120.929933, 39.153976 ], [ -120.931584, 39.155926 ], [ -120.926442, 39.155275 ], [ -120.923368, 39.157231 ], [ -120.924503, 39.160849 ], [ -120.908549, 39.163751 ], [ -120.905967, 39.166128 ], [ -120.908996, 39.170173 ], [ -120.905296, 39.171364 ], [ -120.904717, 39.172951 ], [ -120.896942, 39.176567 ], [ -120.892327, 39.175303 ], [ -120.891219, 39.177078 ], [ -120.887114, 39.176521 ], [ -120.884764, 39.178433 ], [ -120.8795, 39.178101 ], [ -120.868849, 39.180737 ], [ -120.869497, 39.184807 ], [ -120.865164, 39.18784 ], [ -120.866934, 39.189579 ], [ -120.860808, 39.192475 ], [ -120.861275, 39.195064 ], [ -120.857832, 39.197427 ], [ -120.856588, 39.20411 ], [ -120.858061, 39.206078 ], [ -120.85533, 39.206921 ], [ -120.851713, 39.212033 ], [ -120.839063, 39.215509 ], [ -120.82987, 39.221647 ], [ -120.827947, 39.22109 ], [ -120.82858, 39.223481 ], [ -120.819096, 39.227216 ], [ -120.81918, 39.228624 ], [ -120.816571, 39.229967 ], [ -120.804028, 39.233331 ], [ -120.79871, 39.238378 ], [ -120.787609, 39.244055 ], [ -120.784672, 39.248553 ], [ -120.776561, 39.252299 ], [ -120.773933, 39.255363 ], [ -120.768718, 39.256297 ], [ -120.76411, 39.263117 ], [ -120.756396, 39.264354 ], [ -120.749095, 39.27061 ], [ -120.747295, 39.274864 ], [ -120.738318, 39.27934 ], [ -120.727893, 39.288081 ], [ -120.715621, 39.292165 ], [ -120.710703, 39.292257 ], [ -120.702632, 39.299712 ], [ -120.693208, 39.301849 ], [ -120.691537, 39.3041 ], [ -120.686013, 39.304698 ], [ -120.682244, 39.306919 ], [ -120.680222, 39.305935 ], [ -120.671433, 39.310371 ], [ -120.669815, 39.308162 ], [ -120.662987, 39.310108 ], [ -120.656064, 39.30816 ], [ -120.648739, 39.31145 ], [ -120.645795, 39.315155 ], [ -120.006323, 39.316496 ], [ -120.006446, 39.280828 ] ] ] ] } },
{ "type": "Feature", "properties": { "CSAFP": "220", "CBSAFP": "19820", "GEOID": "19820", "GEOIDFQ": "310M700US19820", "NAME": "Detroit-Warren-Dearborn, MI", "NAMELSAD": "Detroit-Warren-Dearborn, MI Metro Area", "LSAD": "M1", "MEMI": "1", "MTFCC": "G3110", "ALAND": 10082591606, "AWATER": 886772785, "INTPTLAT": "+42.7218478", "INTPTLON": "-083.2008463", "GEO_ID": "310M700US19820", "NAME_2": "Detroit-Warren-Dearborn, MI Metro Area", "DP05_0001E": "4376828", "DP05_0001M": "*****" }, "geometry": { "type": "MultiPolygon", "coordinates": [ [ [ [ -82.72317, 42.477778 ], [ -82.83025, 42.373492 ], [ -82.945485, 42.347396 ], [ -82.95975, 42.340033 ], [ -82.989197, 42.332481 ], [ -83.014076, 42.331321 ], [ -83.026234, 42.32891 ], [ -83.063637, 42.316857 ], [ -83.08002, 42.307172 ], [ -83.097704, 42.289675 ], [ -83.111627, 42.260141 ], [ -83.127999, 42.238695 ], [ -83.133937, 42.174802 ], [ -83.121704, 42.125431 ], [ -83.14945, 42.040264 ], [ -83.143956, 42.02793 ], [ -83.184576, 42.028506 ], [ -83.190273, 42.032273 ], [ -83.199085, 42.03476 ], [ -83.201557, 42.039062 ], [ -83.21033, 42.040369 ], [ -83.216872, 42.04404 ], [ -83.219674, 42.04912 ], [ -83.230433, 42.048678 ], [ -83.228896, 42.05452 ], [ -83.232312, 42.054857 ], [ -83.234393, 42.059025 ], [ -83.236655, 42.057933 ], [ -83.243715, 42.061615 ], [ -83.24861, 42.060627 ], [ -83.25049, 42.063773 ], [ -83.254816, 42.063976 ], [ -83.25156, 42.067961 ], [ -83.254625, 42.068202 ], [ -83.258133, 42.073974 ], [ -83.262615, 42.072737 ], [ -83.264679, 42.068954 ], [ -83.267598, 42.069084 ], [ -83.269989, 42.071388 ], [ -83.269298, 42.075366 ], [ -83.277348, 42.076335 ], [ -83.274787, 42.080119 ], [ -83.279961, 42.080217 ], [ -83.280443, 42.081638 ], [ -83.27708, 42.082483 ], [ -83.282307, 42.083888 ], [ -83.280293, 42.085903 ], [ -83.283042, 42.085703 ], [ -83.283512, 42.089737 ], [ -83.286229, 42.088035 ], [ -83.286743, 42.091209 ], [ -83.288402, 42.089655 ], [ -83.295063, 42.094237 ], [ -83.420761, 42.093568 ], [ -83.420622, 42.087777 ], [ -83.539396, 42.085598 ], [ -83.544351, 42.239538 ], [ -83.544203, 42.276894 ], [ -83.551907, 42.435166 ], [ -83.743239, 42.428485 ], [ -83.765078, 42.429364 ], [ -83.94465, 42.424149 ], [ -84.140713, 42.424611 ], [ -84.141748, 42.547265 ], [ -84.151354, 42.702245 ], [ -84.158189, 42.776639 ], [ -83.883975, 42.78169 ], [ -83.805418, 42.781138 ], [ -83.686493, 42.783263 ], [ -83.689384, 42.871263 ], [ -83.453297, 42.876307 ], [ -83.459089, 43.049173 ], [ -83.460708, 43.232791 ], [ -83.351709, 43.235193 ], [ -83.354418, 43.322257 ], [ -83.120396, 43.327049 ], [ -83.119027, 43.28368 ], [ -83.00043, 43.284913 ], [ -82.996257, 43.154099 ], [ -82.503163, 43.168946 ], [ -82.334073, 43.170413 ], [ -82.374914, 43.08862 ], [ -82.374914, 43.091006 ], [ -82.389971, 43.062238 ], [ -82.410997, 43.011315 ], [ -82.424421, 42.996977 ], [ -82.424969, 42.993383 ], [ -82.42305, 42.98844 ], [ -82.413474, 42.976887 ], [ -82.416698, 42.966424 ], [ -82.428728, 42.952021 ], [ -82.44723, 42.93771 ], [ -82.455574, 42.926851 ], [ -82.469337, 42.88872 ], [ -82.468677, 42.85205 ], [ -82.472619, 42.836673 ], [ -82.478526, 42.825625 ], [ -82.482574, 42.808644 ], [ -82.480905, 42.802646 ], [ -82.470591, 42.783705 ], [ -82.467045, 42.768747 ], [ -82.467667, 42.761906 ], [ -82.483385, 42.733462 ], [ -82.483957, 42.717938 ], [ -82.49763, 42.695033 ], [ -82.510851, 42.664992 ], [ -82.510039, 42.636793 ], [ -82.518933, 42.613737 ], [ -82.523434, 42.607344 ], [ -82.548142, 42.591752 ], [ -82.558177, 42.581168 ], [ -82.578813, 42.566027 ], [ -82.585476, 42.553181 ], [ -82.591196, 42.550588 ], [ -82.605742, 42.548167 ], [ -82.62433, 42.557134 ], [ -82.633724, 42.556802 ], [ -82.64307, 42.554321 ], [ -82.654287, 42.547067 ], [ -82.661886, 42.541746 ], [ -82.667794, 42.533413 ], [ -82.72317, 42.477778 ] ] ] ] } },
{ "type": "Feature", "properties": { "CSAFP": "482", "CBSAFP": "41620", "GEOID": "41620", "GEOIDFQ": "310M700US41620", "NAME": "Salt Lake City-Murray, UT", "NAMELSAD": "Salt Lake City-Murray, UT Metro Area", "LSAD": "M1", "MEMI": "1", "MTFCC": "G3110", "ALAND": 20184092727, "AWATER": 773332526, "INTPTLAT": "+40.5728869", "INTPTLON": "-112.9532527", "GEO_ID": "310M700US41620", "NAME_2": "Salt Lake City-Murray, UT Metro Area", "DP05_0001E": "1275870", "DP05_0001M": "*****" }, "geometry": { "type": "MultiPolygon", "coordinates": [ [ [ [ -111.737568, 40.528202 ], [ -111.739847, 40.523981 ], [ -111.743831, 40.522502 ], [ -111.755449, 40.526402 ], [ -111.757787, 40.52854 ], [ -111.762587, 40.529173 ], [ -111.769634, 40.522625 ], [ -111.780718, 40.518951 ], [ -111.783522, 40.514932 ], [ -111.787972, 40.513668 ], [ -111.791671, 40.505207 ], [ -111.789085, 40.501717 ], [ -111.789566, 40.497851 ], [ -111.802622, 40.49367 ], [ -111.809009, 40.48864 ], [ -111.816302, 40.48916 ], [ -111.822394, 40.486332 ], [ -111.826318, 40.486352 ], [ -111.826322, 40.48272 ], [ -111.834767, 40.481811 ], [ -111.836245, 40.474917 ], [ -111.842117, 40.474269 ], [ -111.843723, 40.47672 ], [ -111.846204, 40.47659 ], [ -111.850102, 40.474854 ], [ -111.851107, 40.471598 ], [ -111.85623, 40.471512 ], [ -111.857578, 40.469423 ], [ -111.865488, 40.470284 ], [ -111.870658, 40.476827 ], [ -111.873621, 40.476966 ], [ -111.884779, 40.471017 ], [ -111.892379, 40.464085 ], [ -111.900881, 40.463451 ], [ -111.90754, 40.453502 ], [ -111.914854, 40.452238 ], [ -111.91912, 40.443191 ], [ -111.930784, 40.433759 ], [ -111.946015, 40.424815 ], [ -111.954685, 40.421433 ], [ -111.957347, 40.421992 ], [ -111.960041, 40.418393 ], [ -111.967903, 40.419748 ], [ -111.973661, 40.417257 ], [ -111.978658, 40.417091 ], [ -111.981962, 40.414169 ], [ -111.985729, 40.418185 ], [ -111.992247, 40.420045 ], [ -111.992776, 40.424318 ], [ -111.999245, 40.424129 ], [ -112.002362, 40.42692 ], [ -112.006482, 40.426536 ], [ -112.009083, 40.432567 ], [ -112.006624, 40.435215 ], [ -112.010704, 40.437226 ], [ -112.016353, 40.435011 ], [ -112.021339, 40.438793 ], [ -112.024798, 40.444394 ], [ -112.020338, 40.447271 ], [ -112.024644, 40.450399 ], [ -112.031475, 40.450547 ], [ -112.030415, 40.453891 ], [ -112.032796, 40.457858 ], [ -112.033148, 40.462552 ], [ -112.036022, 40.464269 ], [ -112.038678, 40.464353 ], [ -112.046668, 40.456808 ], [ -112.059471, 40.452942 ], [ -112.066789, 40.44639 ], [ -112.07902, 40.446632 ], [ -112.081427, 40.448248 ], [ -112.093417, 40.447856 ], [ -112.101169, 40.445545 ], [ -112.111988, 40.438916 ], [ -112.114508, 40.441554 ], [ -112.113417, 40.447461 ], [ -112.114781, 40.450696 ], [ -112.120623, 40.453521 ], [ -112.123923, 40.458337 ], [ -112.131721, 40.464373 ], [ -112.143217, 40.470437 ], [ -112.156016, 40.467229 ], [ -112.156397, 40.464126 ], [ -112.160056, 40.461009 ], [ -112.165863, 40.462446 ], [ -112.172862, 40.467065 ], [ -112.189926, 40.468557 ], [ -112.195686, 40.462259 ], [ -112.212219, 40.459282 ], [ -112.214178, 40.45231 ], [ -112.209525, 40.43226 ], [ -112.20499, 40.431141 ], [ -112.194639, 40.421109 ], [ -112.197912, 40.414932 ], [ -112.199854, 40.403497 ], [ -112.198494, 40.400254 ], [ -112.200051, 40.397356 ], [ -112.19934, 40.390819 ], [ -112.201605, 40.387992 ], [ -112.199169, 40.382545 ], [ -112.194411, 40.379544 ], [ -112.188734, 40.372487 ], [ -112.193666, 40.36802 ], [ -112.194719, 40.36133 ], [ -112.188076, 40.354885 ], [ -112.185083, 40.347996 ], [ -112.181366, 40.345885 ], [ -112.175533, 40.335837 ], [ -112.179935, 40.332135 ], [ -112.190768, 40.329515 ], [ -112.196276, 40.325836 ], [ -112.192682, 40.322891 ], [ -112.193702, 40.318345 ], [ -112.197481, 40.316082 ], [ -112.198504, 40.312306 ], [ -112.197352, 40.308804 ], [ -112.198605, 40.306915 ], [ -112.19208, 40.3041 ], [ -112.18645, 40.286729 ], [ -112.188439, 40.285702 ], [ -112.18905, 40.273541 ], [ -112.192898, 40.268939 ], [ -112.192196, 40.2645 ], [ -112.183843, 40.258132 ], [ -112.183911, 40.249963 ], [ -112.179326, 40.249365 ], [ -112.179738, 40.23242 ], [ -112.176929, 40.230035 ], [ -112.176688, 40.227717 ], [ -112.170595, 40.22572 ], [ -112.168441, 40.221708 ], [ -112.168961, 40.219538 ], [ -112.166933, 40.218149 ], [ -112.161532, 40.217059 ], [ -112.156889, 40.219403 ], [ -112.15346, 40.217838 ], [ -112.154939, 40.215003 ], [ -112.149486, 40.212174 ], [ -112.158541, 40.206719 ], [ -112.157242, 40.203232 ], [ -112.160499, 40.199245 ], [ -112.158037, 40.197329 ], [ -112.14862, 40.195678 ], [ -112.148775, 40.190605 ], [ -112.146871, 40.189488 ], [ -112.150499, 40.187682 ], [ -112.153361, 40.181847 ], [ -112.15275, 40.179056 ], [ -112.146712, 40.17835 ], [ -112.14598, 40.174276 ], [ -112.144387, 40.173487 ], [ -112.145701, 40.170959 ], [ -112.155797, 40.170381 ], [ -112.155079, 40.168551 ], [ -112.158685, 40.163387 ], [ -112.164624, 40.161865 ], [ -112.173557, 40.155198 ], [ -112.171739, 40.149147 ], [ -112.167769, 40.146666 ], [ -112.172419, 40.140898 ], [ -112.17302, 40.135328 ], [ -112.176324, 40.131155 ], [ -112.17297, 40.127549 ], [ -112.167749, 40.126314 ], [ -112.16365, 40.12336 ], [ -112.164169, 40.118749 ], [ -112.161283, 40.116908 ], [ -112.160813, 40.114238 ], [ -112.156157, 40.113291 ], [ -112.154882, 40.108746 ], [ -112.151018, 40.107472 ], [ -112.150984, 40.105498 ], [ -112.157014, 40.09849 ], [ -112.157946, 40.089107 ], [ -112.172983, 40.084085 ], [ -112.175961, 40.077716 ], [ -112.172175, 40.068273 ], [ -112.173212, 40.066194 ], [ -112.179984, 40.06722 ], [ -112.183769, 40.059964 ], [ -112.17872, 40.05338 ], [ -112.177614, 40.047356 ], [ -112.17198, 40.03958 ], [ -112.174851, 40.035439 ], [ -112.173971, 40.032856 ], [ -112.177511, 40.029698 ], [ -112.176894, 40.01943 ], [ -112.1798, 40.011656 ], [ -112.186541, 40.006141 ], [ -112.191689, 40.004067 ], [ -112.199862, 40.004145 ], [ -112.202226, 39.999638 ], [ -112.224492, 39.988541 ], [ -112.225883, 39.986169 ], [ -112.224759, 39.982157 ], [ -112.236727, 39.966634 ], [ -112.236373, 39.960435 ], [ -112.240596, 39.95748 ], [ -112.244937, 39.957047 ], [ -112.249441, 39.950432 ], [ -112.25422, 39.950594 ], [ -112.260801, 39.942752 ], [ -112.267232, 39.941767 ], [ -112.270295, 39.939017 ], [ -112.278287, 39.939245 ], [ -112.280832, 39.94137 ], [ -112.282442, 39.939887 ], [ -112.28692, 39.941131 ], [ -112.302039, 39.936643 ], [ -112.305508, 39.939968 ], [ -112.306551, 39.945447 ], [ -112.30929, 39.944966 ], [ -112.309355, 39.948394 ], [ -112.323514, 39.944494 ], [ -112.332712, 39.952632 ], [ -112.334698, 39.945678 ], [ -112.338023, 39.945571 ], [ -112.33978, 39.943681 ], [ -112.335446, 39.930857 ], [ -112.337085, 39.927573 ], [ -112.335335, 39.923673 ], [ -112.343083, 39.910847 ], [ -112.341988, 39.904458 ], [ -112.798085, 39.903694 ], [ -114.047026, 39.906097 ], [ -114.046099, 40.401848 ], [ -114.042029, 40.999896 ], [ -112.799359, 40.999939 ], [ -112.493515, 41.076888 ], [ -112.260216, 40.769093 ], [ -112.148271, 40.846133 ], [ -112.006566, 40.921846 ], [ -111.958672, 40.921822 ], [ -111.959266, 40.896327 ], [ -111.961528, 40.895282 ], [ -111.961744, 40.89336 ], [ -111.966147, 40.891653 ], [ -111.966294, 40.888802 ], [ -111.969247, 40.885415 ], [ -111.967556, 40.880059 ], [ -111.971069, 40.876645 ], [ -111.968907, 40.874107 ], [ -111.969354, 40.872138 ], [ -111.963574, 40.871557 ], [ -111.964495, 40.871017 ], [ -111.962892, 40.870004 ], [ -111.963964, 40.866313 ], [ -111.962652, 40.863599 ], [ -111.96645, 40.857867 ], [ -111.966043, 40.854956 ], [ -111.961599, 40.854233 ], [ -111.964494, 40.853445 ], [ -111.959663, 40.852151 ], [ -111.958898, 40.849245 ], [ -111.963215, 40.848505 ], [ -111.955972, 40.849211 ], [ -111.952921, 40.844648 ], [ -111.949783, 40.843125 ], [ -111.951622, 40.841572 ], [ -111.944287, 40.834154 ], [ -111.944923, 40.8327 ], [ -111.942873, 40.830494 ], [ -111.946686, 40.823845 ], [ -111.946289, 40.82179 ], [ -111.905665, 40.821823 ], [ -111.905669, 40.819878 ], [ -111.900907, 40.819882 ], [ -111.900906, 40.821827 ], [ -111.870503, 40.821741 ], [ -111.868685, 40.824133 ], [ -111.858257, 40.824279 ], [ -111.853655, 40.82928 ], [ -111.845905, 40.829714 ], [ -111.844074, 40.832236 ], [ -111.83544, 40.830793 ], [ -111.828142, 40.833772 ], [ -111.821767, 40.834332 ], [ -111.817857, 40.837995 ], [ -111.813031, 40.839757 ], [ -111.804658, 40.837855 ], [ -111.789225, 40.845554 ], [ -111.781744, 40.843902 ], [ -111.778016, 40.844724 ], [ -111.774976, 40.847521 ], [ -111.768515, 40.84833 ], [ -111.760157, 40.853025 ], [ -111.752304, 40.853081 ], [ -111.748694, 40.856429 ], [ -111.747742, 40.859693 ], [ -111.744547, 40.860631 ], [ -111.738912, 40.861174 ], [ -111.725304, 40.854783 ], [ -111.720842, 40.855763 ], [ -111.718054, 40.853315 ], [ -111.71216, 40.851682 ], [ -111.706861, 40.852642 ], [ -111.700975, 40.861564 ], [ -111.695562, 40.861795 ], [ -111.683323, 40.856304 ], [ -111.67435, 40.855368 ], [ -111.663549, 40.849943 ], [ -111.660457, 40.845288 ], [ -111.663923, 40.841138 ], [ -111.66599, 40.83498 ], [ -111.665691, 40.830658 ], [ -111.656858, 40.830546 ], [ -111.652379, 40.827254 ], [ -111.651758, 40.82404 ], [ -111.645546, 40.823996 ], [ -111.645594, 40.820539 ], [ -111.641994, 40.818136 ], [ -111.638965, 40.809663 ], [ -111.642469, 40.805873 ], [ -111.640782, 40.804941 ], [ -111.641052, 40.798925 ], [ -111.646279, 40.797765 ], [ -111.648743, 40.792245 ], [ -111.643041, 40.785943 ], [ -111.646326, 40.782494 ], [ -111.64539, 40.778793 ], [ -111.649061, 40.773275 ], [ -111.639928, 40.77053 ], [ -111.637141, 40.767736 ], [ -111.636841, 40.763188 ], [ -111.629561, 40.760617 ], [ -111.625206, 40.760964 ], [ -111.621038, 40.75795 ], [ -111.623537, 40.753594 ], [ -111.61745, 40.746418 ], [ -111.620735, 40.742529 ], [ -111.624475, 40.741017 ], [ -111.624541, 40.73945 ], [ -111.621655, 40.737727 ], [ -111.623299, 40.731245 ], [ -111.61334, 40.727939 ], [ -111.61638, 40.723057 ], [ -111.614798, 40.719507 ], [ -111.611913, 40.719023 ], [ -111.594745, 40.703685 ], [ -111.592711, 40.699179 ], [ -111.599588, 40.691756 ], [ -111.601145, 40.687895 ], [ -111.603019, 40.677458 ], [ -111.601872, 40.671033 ], [ -111.604748, 40.668908 ], [ -111.604535, 40.666574 ], [ -111.600261, 40.664163 ], [ -111.596193, 40.659116 ], [ -111.593872, 40.651656 ], [ -111.578242, 40.644086 ], [ -111.5766, 40.633517 ], [ -111.56897, 40.629402 ], [ -111.56742, 40.623281 ], [ -111.557585, 40.619598 ], [ -111.558856, 40.613427 ], [ -111.553188, 40.609643 ], [ -111.559112, 40.601947 ], [ -111.558405, 40.599946 ], [ -111.560981, 40.593166 ], [ -111.560023, 40.5908 ], [ -111.564241, 40.584745 ], [ -111.571801, 40.582139 ], [ -111.577837, 40.58343 ], [ -111.582664, 40.581278 ], [ -111.587848, 40.581295 ], [ -111.593707, 40.577082 ], [ -111.598622, 40.577836 ], [ -111.602239, 40.575328 ], [ -111.602154, 40.569106 ], [ -111.605784, 40.564388 ], [ -111.637736, 40.568064 ], [ -111.641702, 40.562426 ], [ -111.64497, 40.560777 ], [ -111.650152, 40.551291 ], [ -111.656737, 40.551808 ], [ -111.661394, 40.550033 ], [ -111.663855, 40.541435 ], [ -111.672893, 40.537697 ], [ -111.675688, 40.532874 ], [ -111.678604, 40.531737 ], [ -111.681498, 40.532894 ], [ -111.684626, 40.531309 ], [ -111.698113, 40.535728 ], [ -111.701424, 40.533673 ], [ -111.713141, 40.532695 ], [ -111.716364, 40.527641 ], [ -111.720385, 40.525167 ], [ -111.734969, 40.532704 ], [ -111.737568, 40.528202 ] ] ] ] } },
{ "type": "Feature", "properties": { "CSAFP": "488", "CBSAFP": "41860", "GEOID": "41860", "GEOIDFQ": "310M700US41860", "NAME": "San Francisco-Oakland-Fremont, CA", "NAMELSAD": "San Francisco-Oakland-Fremont, CA Metro Area", "LSAD": "M1", "MEMI": "1", "MTFCC": "G3110", "ALAND": 6396725033, "AWATER": 2476953340, "INTPTLAT": "+37.7737185", "INTPTLON": "-122.2744317", "GEO_ID": "310M700US41860", "NAME_2": "San Francisco-Oakland-Fremont, CA Metro Area", "DP05_0001E": "4645029", "DP05_0001M": "*****" }, "geometry": { "type": "MultiPolygon", "coordinates": [ [ [ [ -123.173825, 37.775727 ], [ -123.169107, 37.792365 ], [ -123.166012, 37.796885 ], [ -123.147209, 37.811951 ], [ -123.132272, 37.819676 ], [ -123.118289, 37.823058 ], [ -123.095261, 37.821877 ], [ -123.070494, 37.81383 ], [ -123.048817, 37.799816 ], [ -123.038726, 37.788881 ], [ -123.033841, 37.778375 ], [ -123.010588, 37.774926 ], [ -122.997538, 37.770784 ], [ -122.981429, 37.758916 ], [ -122.973256, 37.748652 ], [ -122.964099, 37.744281 ], [ -122.949985, 37.732187 ], [ -122.942294, 37.721057 ], [ -122.935865, 37.702459 ], [ -122.93571, 37.697618 ], [ -122.941364, 37.67658 ], [ -122.949068, 37.663377 ], [ -122.963006, 37.651984 ], [ -122.973012, 37.646581 ], [ -122.986747, 37.641783 ], [ -123.00111, 37.63983 ], [ -123.00111, 37.641775 ], [ -123.011605, 37.641506 ], [ -123.040696, 37.650328 ], [ -123.05358, 37.658648 ], [ -123.068589, 37.673041 ], [ -123.074921, 37.690066 ], [ -123.086057, 37.70075 ], [ -123.09285, 37.713688 ], [ -123.104921, 37.712648 ], [ -123.126114, 37.71673 ], [ -123.132597, 37.719393 ], [ -123.156757, 37.73784 ], [ -123.162751, 37.743533 ], [ -123.169985, 37.75593 ], [ -123.172926, 37.7636 ], [ -123.173825, 37.775727 ] ] ], [ [ [ -122.347454, 38.07326 ], [ -122.265347, 38.059918 ], [ -122.245251, 38.063969 ], [ -122.200846, 38.057934 ], [ -122.183863, 38.053997 ], [ -122.176096, 38.047772 ], [ -122.164577, 38.034721 ], [ -122.148577, 38.031721 ], [ -122.139366, 38.032177 ], [ -122.123973, 38.035717 ], [ -122.098726, 38.04746 ], [ -122.07743, 38.054005 ], [ -122.061103, 38.062137 ], [ -122.050874, 38.060201 ], [ -122.028411, 38.05919 ], [ -122.015175, 38.063481 ], [ -121.97744, 38.06684 ], [ -121.962208, 38.061365 ], [ -121.950911, 38.053918 ], [ -121.935428, 38.048793 ], [ -121.922121, 38.045901 ], [ -121.906801, 38.045002 ], [ -121.889573, 38.046657 ], [ -121.874743, 38.050676 ], [ -121.867402, 38.056895 ], [ -121.862138, 38.066066 ], [ -121.853639, 38.064776 ], [ -121.846802, 38.059955 ], [ -121.841659, 38.051974 ], [ -121.837936, 38.038944 ], [ -121.828067, 38.02802 ], [ -121.814513, 38.020756 ], [ -121.80127, 38.021622 ], [ -121.790769, 38.01862 ], [ -121.783144, 38.018536 ], [ -121.777485, 38.018917 ], [ -121.763474, 38.023518 ], [ -121.737824, 38.02663 ], [ -121.725565, 38.03382 ], [ -121.699765, 38.04522 ], [ -121.680859, 38.062129 ], [ -121.679623, 38.069469 ], [ -121.681865, 38.082019 ], [ -121.679265, 38.089319 ], [ -121.673065, 38.093518 ], [ -121.661865, 38.095618 ], [ -121.645183, 38.087413 ], [ -121.638088, 38.086131 ], [ -121.632595, 38.088611 ], [ -121.627376, 38.09836 ], [ -121.604923, 38.099878 ], [ -121.580022, 38.094414 ], [ -121.57776, 38.089466 ], [ -121.576749, 38.078193 ], [ -121.572893, 38.073742 ], [ -121.582203, 38.068423 ], [ -121.583879, 38.059897 ], [ -121.582305, 38.051436 ], [ -121.584719, 38.043545 ], [ -121.584388, 38.036025 ], [ -121.581686, 38.032355 ], [ -121.578834, 38.03264 ], [ -121.577948, 38.033817 ], [ -121.580786, 38.038789 ], [ -121.580185, 38.041268 ], [ -121.577634, 38.04296 ], [ -121.573009, 38.04215 ], [ -121.570819, 38.038003 ], [ -121.571388, 38.030423 ], [ -121.564226, 38.029699 ], [ -121.563754, 38.024757 ], [ -121.557528, 38.016615 ], [ -121.561069, 38.015441 ], [ -121.567998, 38.018521 ], [ -121.57262, 38.018002 ], [ -121.572207, 38.015945 ], [ -121.566965, 38.013528 ], [ -121.567149, 38.011983 ], [ -121.577879, 38.01082 ], [ -121.579842, 38.006436 ], [ -121.578245, 38.003898 ], [ -121.569612, 38.00316 ], [ -121.568978, 38.00139 ], [ -121.57056, 37.999025 ], [ -121.578945, 37.99855 ], [ -121.576084, 37.994855 ], [ -121.581025, 37.989525 ], [ -121.582463, 37.983922 ], [ -121.572393, 37.979045 ], [ -121.573288, 37.977654 ], [ -121.58021, 37.97637 ], [ -121.574424, 37.972477 ], [ -121.573713, 37.966434 ], [ -121.565138, 37.959849 ], [ -121.565586, 37.957785 ], [ -121.573289, 37.957319 ], [ -121.575188, 37.955045 ], [ -121.573589, 37.953756 ], [ -121.563514, 37.954745 ], [ -121.568846, 37.948452 ], [ -121.567409, 37.943982 ], [ -121.560683, 37.947579 ], [ -121.557583, 37.946496 ], [ -121.563618, 37.94344 ], [ -121.56088, 37.93988 ], [ -121.561455, 37.935885 ], [ -121.557274, 37.932247 ], [ -121.558899, 37.927926 ], [ -121.556408, 37.923639 ], [ -121.558262, 37.921381 ], [ -121.565114, 37.919173 ], [ -121.565981, 37.916259 ], [ -121.563289, 37.910601 ], [ -121.572824, 37.904301 ], [ -121.565904, 37.897672 ], [ -121.568375, 37.89168 ], [ -121.575851, 37.888293 ], [ -121.57387, 37.883395 ], [ -121.579334, 37.870637 ], [ -121.573389, 37.865751 ], [ -121.579429, 37.86016 ], [ -121.578021, 37.857821 ], [ -121.568978, 37.860573 ], [ -121.570454, 37.857585 ], [ -121.565903, 37.857863 ], [ -121.561977, 37.853138 ], [ -121.562267, 37.85643 ], [ -121.560326, 37.858596 ], [ -121.555255, 37.858007 ], [ -121.552524, 37.861116 ], [ -121.547496, 37.855226 ], [ -121.540643, 37.857597 ], [ -121.54201, 37.851314 ], [ -121.540035, 37.848842 ], [ -121.537209, 37.850838 ], [ -121.534102, 37.849457 ], [ -121.538158, 37.842636 ], [ -121.538187, 37.837425 ], [ -121.544187, 37.832545 ], [ -121.549459, 37.833569 ], [ -121.551969, 37.830005 ], [ -121.551154, 37.825101 ], [ -121.553311, 37.818825 ], [ -121.556936, 37.817218 ], [ -121.557064, 37.815753 ], [ -121.556655, 37.542732 ], [ -121.550454, 37.539332 ], [ -121.545754, 37.532532 ], [ -121.540611, 37.529822 ], [ -121.530386, 37.527061 ], [ -121.528817, 37.52806 ], [ -121.522328, 37.524705 ], [ -121.501475, 37.525003 ], [ -121.498268, 37.522427 ], [ -121.502371, 37.51847 ], [ -121.497232, 37.512463 ], [ -121.495382, 37.508133 ], [ -121.496017, 37.504938 ], [ -121.493183, 37.502421 ], [ -121.482065, 37.501439 ], [ -121.479362, 37.496484 ], [ -121.469275, 37.489688 ], [ -121.471198, 37.482829 ], [ -121.471925, 37.481783 ], [ -121.865267, 37.484637 ], [ -121.881155, 37.471076 ], [ -121.887738, 37.470936 ], [ -121.890856, 37.467982 ], [ -121.911332, 37.462236 ], [ -121.925041, 37.454186 ], [ -121.92785, 37.455262 ], [ -121.928444, 37.457394 ], [ -121.932626, 37.455147 ], [ -121.931199, 37.460644 ], [ -121.934732, 37.460524 ], [ -121.936025, 37.462929 ], [ -121.939241, 37.462487 ], [ -121.941085, 37.464948 ], [ -121.944226, 37.465822 ], [ -121.944914, 37.469163 ], [ -121.947087, 37.467424 ], [ -121.946409, 37.463362 ], [ -121.949602, 37.461408 ], [ -121.959313, 37.463515 ], [ -121.980014, 37.460892 ], [ -121.992669, 37.464639 ], [ -121.996671, 37.467239 ], [ -122.036182, 37.464966 ], [ -122.047825, 37.459007 ], [ -122.051244, 37.459007 ], [ -122.081473, 37.477838 ], [ -122.096762, 37.461905 ], [ -122.096574, 37.466138 ], [ -122.111548, 37.466292 ], [ -122.113265, 37.46753 ], [ -122.117693, 37.465238 ], [ -122.123919, 37.461145 ], [ -122.121772, 37.454241 ], [ -122.124125, 37.4528 ], [ -122.126906, 37.453617 ], [ -122.128638, 37.451885 ], [ -122.132103, 37.45398 ], [ -122.138774, 37.454802 ], [ -122.140703, 37.457268 ], [ -122.144407, 37.45827 ], [ -122.147477, 37.456498 ], [ -122.152543, 37.457681 ], [ -122.155914, 37.455533 ], [ -122.155791, 37.454127 ], [ -122.160436, 37.454677 ], [ -122.165164, 37.452981 ], [ -122.168747, 37.447435 ], [ -122.171816, 37.446702 ], [ -122.175704, 37.441884 ], [ -122.182175, 37.439478 ], [ -122.184422, 37.434225 ], [ -122.190526, 37.431286 ], [ -122.189445, 37.427461 ], [ -122.191305, 37.425187 ], [ -122.187915, 37.420187 ], [ -122.190267, 37.418477 ], [ -122.187159, 37.416335 ], [ -122.187647, 37.414747 ], [ -122.192338, 37.413912 ], [ -122.19454, 37.407934 ], [ -122.190016, 37.394857 ], [ -122.190505, 37.385253 ], [ -122.200706, 37.371964 ], [ -122.202653, 37.363046 ], [ -122.201489, 37.358046 ], [ -122.196064, 37.35131 ], [ -122.19521, 37.347025 ], [ -122.185954, 37.338701 ], [ -122.182844, 37.33297 ], [ -122.175075, 37.325741 ], [ -122.178546, 37.325158 ], [ -122.183038, 37.327314 ], [ -122.186516, 37.322031 ], [ -122.193062, 37.318277 ], [ -122.186597, 37.315548 ], [ -122.18557, 37.31167 ], [ -122.18232, 37.309528 ], [ -122.17762, 37.312381 ], [ -122.170812, 37.311982 ], [ -122.166584, 37.305617 ], [ -122.16207, 37.304233 ], [ -122.163627, 37.301479 ], [ -122.162727, 37.300731 ], [ -122.166838, 37.295237 ], [ -122.156234, 37.291812 ], [ -122.1527, 37.28864 ], [ -122.15145, 37.229952 ], [ -122.152774, 37.215444 ], [ -122.242573, 37.215134 ], [ -122.24266, 37.190035 ], [ -122.268881, 37.189843 ], [ -122.288581, 37.186745 ], [ -122.317682, 37.186945 ], [ -122.311782, 37.147545 ], [ -122.289382, 37.113472 ], [ -122.29941, 37.096356 ], [ -122.313899, 37.054764 ], [ -122.336414, 37.053858 ], [ -122.348208, 37.055672 ], [ -122.360003, 37.058393 ], [ -122.376086, 37.065648 ], [ -122.385739, 37.075893 ], [ -122.393127, 37.087164 ], [ -122.396875, 37.102764 ], [ -122.396916, 37.109888 ], [ -122.404395, 37.113933 ], [ -122.413362, 37.121791 ], [ -122.421347, 37.135077 ], [ -122.439341, 37.144664 ], [ -122.445632, 37.150037 ], [ -122.451513, 37.158245 ], [ -122.455426, 37.166602 ], [ -122.46591, 37.181856 ], [ -122.472235, 37.212214 ], [ -122.479071, 37.221682 ], [ -122.481703, 37.229147 ], [ -122.484046, 37.249944 ], [ -122.481774, 37.271088 ], [ -122.465869, 37.34124 ], [ -122.467005, 37.349889 ], [ -122.487454, 37.388328 ], [ -122.503543, 37.411902 ], [ -122.507734, 37.422706 ], [ -122.509889, 37.441554 ], [ -122.527596, 37.446096 ], [ -122.537338, 37.450738 ], [ -122.546996, 37.457857 ], [ -122.568095, 37.479214 ], [ -122.572777, 37.489182 ], [ -122.579563, 37.545875 ], [ -122.586454, 37.561913 ], [ -122.588177, 37.579408 ], [ -122.586454, 37.592529 ], [ -122.567497, 37.639185 ], [ -122.581281, 37.760203 ], [ -122.584728, 37.779156 ], [ -122.588174, 37.789362 ], [ -122.612285, 37.815224 ], [ -122.626105, 37.821597 ], [ -122.632472, 37.827807 ], [ -122.643163, 37.830451 ], [ -122.667425, 37.841726 ], [ -122.675654, 37.848517 ], [ -122.691987, 37.845006 ], [ -122.704679, 37.844296 ], [ -122.715845, 37.845625 ], [ -122.730666, 37.85006 ], [ -122.740258, 37.855174 ], [ -122.752466, 37.857699 ], [ -122.766771, 37.865804 ], [ -122.779141, 37.876132 ], [ -122.785472, 37.885277 ], [ -122.789027, 37.893763 ], [ -122.814134, 37.901084 ], [ -122.829804, 37.910325 ], [ -122.842134, 37.923317 ], [ -122.85046, 37.945585 ], [ -122.876104, 37.966342 ], [ -122.879057, 37.966578 ], [ -122.889291, 37.974109 ], [ -122.902284, 37.977386 ], [ -122.909236, 37.964644 ], [ -122.91917, 37.954835 ], [ -122.931927, 37.946672 ], [ -122.953224, 37.941093 ], [ -122.976428, 37.940149 ], [ -123.022507, 37.942065 ], [ -123.050084, 37.948016 ], [ -123.067965, 37.958669 ], [ -123.07939, 37.971937 ], [ -123.08388, 37.983366 ], [ -123.08513, 38.008433 ], [ -123.0812, 38.018971 ], [ -123.074701, 38.027199 ], [ -123.063797, 38.036487 ], [ -123.023699, 38.124923 ], [ -123.014817, 38.149132 ], [ -123.027211, 38.16417 ], [ -123.030483, 38.172458 ], [ -123.031336, 38.181462 ], [ -123.037897, 38.192491 ], [ -123.038943, 38.197528 ], [ -123.045825, 38.204926 ], [ -123.049617, 38.214286 ], [ -123.100963, 38.261358 ], [ -123.110969, 38.267263 ], [ -123.119591, 38.277103 ], [ -123.123774, 38.285787 ], [ -123.134523, 38.296263 ], [ -123.002728, 38.29571 ], [ -122.993579, 38.300079 ], [ -122.994753, 38.30619 ], [ -122.991116, 38.30558 ], [ -122.987708, 38.308115 ], [ -122.984738, 38.307948 ], [ -122.981607, 38.311135 ], [ -122.974325, 38.311512 ], [ -122.970042, 38.310128 ], [ -122.966124, 38.31697 ], [ -122.946754, 38.311209 ], [ -122.944034, 38.312674 ], [ -122.939709, 38.310848 ], [ -122.934262, 38.314012 ], [ -122.936816, 38.311179 ], [ -122.935381, 38.309605 ], [ -122.93244, 38.311741 ], [ -122.925636, 38.312736 ], [ -122.921588, 38.308554 ], [ -122.916483, 38.312809 ], [ -122.920952, 38.316836 ], [ -122.915964, 38.320316 ], [ -122.908105, 38.320752 ], [ -122.907227, 38.318732 ], [ -122.910875, 38.317086 ], [ -122.909495, 38.314394 ], [ -122.899933, 38.316793 ], [ -122.898444, 38.314516 ], [ -122.7399, 38.207018 ], [ -122.722995, 38.207132 ], [ -122.715035, 38.203398 ], [ -122.714338, 38.201222 ], [ -122.704443, 38.198455 ], [ -122.701393, 38.196099 ], [ -122.687916, 38.194743 ], [ -122.680565, 38.189627 ], [ -122.667158, 38.189697 ], [ -122.663901, 38.1864 ], [ -122.65861, 38.186778 ], [ -122.649237, 38.181127 ], [ -122.637948, 38.180249 ], [ -122.635784, 38.178649 ], [ -122.628183, 38.178887 ], [ -122.625695, 38.182337 ], [ -122.622647, 38.182624 ], [ -122.60411, 38.180632 ], [ -122.600902, 38.185282 ], [ -122.592815, 38.188783 ], [ -122.590894, 38.185943 ], [ -122.582118, 38.18802 ], [ -122.581957, 38.186172 ], [ -122.578201, 38.183583 ], [ -122.570693, 38.183518 ], [ -122.573191, 38.186318 ], [ -122.570591, 38.187117 ], [ -122.565282, 38.182714 ], [ -122.568493, 38.177018 ], [ -122.564463, 38.175081 ], [ -122.563193, 38.169318 ], [ -122.559243, 38.168619 ], [ -122.554321, 38.170112 ], [ -122.55198, 38.169001 ], [ -122.557992, 38.16353 ], [ -122.557916, 38.160158 ], [ -122.549615, 38.15729 ], [ -122.544473, 38.158716 ], [ -122.534828, 38.149202 ], [ -122.520102, 38.140696 ], [ -122.513144, 38.132235 ], [ -122.507926, 38.118098 ], [ -122.501903, 38.112424 ], [ -122.451987, 38.098519 ], [ -122.347454, 38.07326 ] ] ] ] } },
{ "type": "Feature", "properties": { "CSAFP": "490", "CBSAFP": "41980", "GEOID": "41980", "GEOIDFQ": "310M700US41980", "NAME": "San Juan-Bayamón-Caguas, PR", "NAMELSAD": "San Juan-Bayamón-Caguas, PR Metro Area", "LSAD": "M1", "MEMI": "1", "MTFCC": "G3110", "ALAND": 3724974946, "AWATER": 1457947677, "INTPTLAT": "+18.2944526", "INTPTLON": "-066.0368437", "GEO_ID": "310M700US41980", "NAME_2": "San Juan-Bayamón-Caguas, PR Metro Area", "DP05_0001E": "2052186", "DP05_0001M": "*****" }, "geometry": { "type": "MultiPolygon", "coordinates": [ [ [ [ -66.03397, 18.514269 ], [ -66.018153, 18.511691 ], [ -66.008371, 18.514846 ], [ -65.993401, 18.516598 ], [ -65.965449, 18.510152 ], [ -65.948137, 18.502647 ], [ -65.932587, 18.501043 ], [ -65.916105, 18.505172 ], [ -65.899406, 18.504732 ], [ -65.876994, 18.49955 ], [ -65.857719, 18.487249 ], [ -65.850631, 18.488069 ], [ -65.832697, 18.486203 ], [ -65.805313, 18.478253 ], [ -65.782728, 18.477256 ], [ -65.757203, 18.473204 ], [ -65.749607, 18.46951 ], [ -65.749607, 18.464699 ], [ -65.743306, 18.463804 ], [ -65.723664, 18.454449 ], [ -65.715811, 18.447221 ], [ -65.709813, 18.438431 ], [ -65.691376, 18.43074 ], [ -65.678612, 18.418533 ], [ -65.666349, 18.426165 ], [ -65.657915, 18.428905 ], [ -65.646083, 18.44222 ], [ -65.635142, 18.448152 ], [ -65.624606, 18.45126 ], [ -65.58668, 18.443333 ], [ -65.548599, 18.428653 ], [ -65.492504, 18.403685 ], [ -65.472104, 18.398159 ], [ -65.463978, 18.39348 ], [ -65.444939, 18.39385 ], [ -65.424431, 18.39088 ], [ -65.422706, 18.290728 ], [ -65.437751, 18.290345 ], [ -65.46154, 18.293299 ], [ -65.457724, 18.283185 ], [ -65.456564, 18.275163 ], [ -65.458226, 18.260614 ], [ -65.465368, 18.243677 ], [ -65.47443, 18.233395 ], [ -65.48938, 18.225299 ], [ -65.499607, 18.222155 ], [ -65.499606, 18.224456 ], [ -65.53384, 18.21836 ], [ -65.541735, 18.210368 ], [ -65.555666, 18.182414 ], [ -65.569271, 18.171387 ], [ -65.618118, 18.154156 ], [ -65.666529, 18.127738 ], [ -65.677536, 18.126066 ], [ -65.68942, 18.126404 ], [ -65.703922, 18.112315 ], [ -65.716098, 18.106266 ], [ -65.723665, 18.085041 ], [ -65.73188, 18.075339 ], [ -65.739112, 18.070778 ], [ -65.740055, 18.062544 ], [ -65.746219, 18.050643 ], [ -65.749605, 18.038788 ], [ -65.761071, 18.027526 ], [ -65.782382, 18.018998 ], [ -65.782213, 18.002977 ], [ -65.788613, 17.989407 ], [ -65.797639, 17.976982 ], [ -65.810982, 17.967453 ], [ -65.827848, 17.9624 ], [ -65.83459, 17.954385 ], [ -65.852531, 17.941486 ], [ -65.870119, 17.937895 ], [ -65.8746, 17.93921 ], [ -65.909272, 17.980277 ], [ -65.912396, 17.978271 ], [ -65.915757, 17.984703 ], [ -65.917754, 17.985778 ], [ -65.926154, 17.985998 ], [ -65.929913, 17.989445 ], [ -65.943123, 17.992527 ], [ -65.948761, 18.004595 ], [ -65.953373, 18.006848 ], [ -65.955242, 18.017032 ], [ -65.95272, 18.019384 ], [ -65.952991, 18.023449 ], [ -65.962961, 18.028989 ], [ -65.971627, 18.024217 ], [ -65.974425, 18.027839 ], [ -65.97565, 18.032859 ], [ -65.978331, 18.032282 ], [ -65.9819, 18.03484 ], [ -65.980189, 18.040436 ], [ -65.982378, 18.040411 ], [ -65.985578, 18.04521 ], [ -65.985187, 18.050462 ], [ -65.98912, 18.056918 ], [ -65.988575, 18.059031 ], [ -65.992312, 18.061429 ], [ -65.99386, 18.059902 ], [ -65.999364, 18.0599 ], [ -66.010728, 18.067983 ], [ -66.010569, 18.07173 ], [ -66.008612, 18.07374 ], [ -66.013972, 18.076957 ], [ -66.014003, 18.07864 ], [ -66.019443, 18.083723 ], [ -66.016785, 18.087605 ], [ -66.016379, 18.091742 ], [ -66.012806, 18.093959 ], [ -66.012849, 18.096415 ], [ -66.015777, 18.097045 ], [ -66.020579, 18.102944 ], [ -66.032821, 18.101732 ], [ -66.038482, 18.104087 ], [ -66.042041, 18.103839 ], [ -66.051788, 18.109878 ], [ -66.053208, 18.109526 ], [ -66.053146, 18.107293 ], [ -66.060167, 18.103744 ], [ -66.068743, 18.1018 ], [ -66.072762, 18.102893 ], [ -66.074488, 18.105813 ], [ -66.078599, 18.103067 ], [ -66.086225, 18.10541 ], [ -66.088172, 18.107593 ], [ -66.093931, 18.107166 ], [ -66.096373, 18.104368 ], [ -66.098172, 18.106913 ], [ -66.099093, 18.105446 ], [ -66.102469, 18.105147 ], [ -66.105782, 18.099102 ], [ -66.10925, 18.10006 ], [ -66.112707, 18.090159 ], [ -66.12213, 18.093778 ], [ -66.12634, 18.097156 ], [ -66.129031, 18.088637 ], [ -66.126109, 18.082486 ], [ -66.12371, 18.081109 ], [ -66.124038, 18.078083 ], [ -66.126022, 18.077797 ], [ -66.126113, 18.076342 ], [ -66.121356, 18.072823 ], [ -66.121778, 18.067719 ], [ -66.11981, 18.062748 ], [ -66.123222, 18.059931 ], [ -66.123734, 18.054459 ], [ -66.127756, 18.048432 ], [ -66.129589, 18.043125 ], [ -66.128564, 18.039171 ], [ -66.138987, 18.036917 ], [ -66.142559, 18.038206 ], [ -66.143969, 18.041358 ], [ -66.155739, 18.043419 ], [ -66.157954, 18.048961 ], [ -66.17035, 18.051419 ], [ -66.172323, 18.054003 ], [ -66.19604, 18.04915 ], [ -66.202038, 18.046113 ], [ -66.205004, 18.050924 ], [ -66.205021, 18.05436 ], [ -66.201487, 18.058057 ], [ -66.201753, 18.067639 ], [ -66.206068, 18.067653 ], [ -66.215694, 18.079367 ], [ -66.215338, 18.086145 ], [ -66.216714, 18.089511 ], [ -66.218404, 18.092607 ], [ -66.223656, 18.095162 ], [ -66.23147, 18.095889 ], [ -66.240053, 18.093186 ], [ -66.239785, 18.084691 ], [ -66.242723, 18.080186 ], [ -66.242238, 18.077148 ], [ -66.257527, 18.075884 ], [ -66.259375, 18.077609 ], [ -66.259949, 18.082612 ], [ -66.263054, 18.085643 ], [ -66.272941, 18.086586 ], [ -66.272997, 18.091127 ], [ -66.27726, 18.095642 ], [ -66.281678, 18.095403 ], [ -66.320913, 18.126005 ], [ -66.312624, 18.137735 ], [ -66.316745, 18.140182 ], [ -66.314295, 18.151422 ], [ -66.317935, 18.154991 ], [ -66.323047, 18.157103 ], [ -66.322323, 18.165503 ], [ -66.324316, 18.164662 ], [ -66.326634, 18.166221 ], [ -66.329691, 18.164639 ], [ -66.330685, 18.168263 ], [ -66.33389, 18.167385 ], [ -66.338378, 18.168661 ], [ -66.340905, 18.165485 ], [ -66.342022, 18.168171 ], [ -66.351089, 18.165434 ], [ -66.355538, 18.169382 ], [ -66.365455, 18.169818 ], [ -66.374613, 18.174901 ], [ -66.37812, 18.172502 ], [ -66.388952, 18.172501 ], [ -66.392142, 18.166416 ], [ -66.40118, 18.164735 ], [ -66.401675, 18.166719 ], [ -66.404251, 18.167334 ], [ -66.406827, 18.164039 ], [ -66.410062, 18.16299 ], [ -66.420902, 18.166316 ], [ -66.42346, 18.172071 ], [ -66.427994, 18.170935 ], [ -66.436075, 18.175501 ], [ -66.444331, 18.176736 ], [ -66.445609, 18.175296 ], [ -66.452704, 18.178441 ], [ -66.457933, 18.176539 ], [ -66.464004, 18.178854 ], [ -66.470319, 18.178152 ], [ -66.472871, 18.172431 ], [ -66.482879, 18.169341 ], [ -66.485789, 18.166831 ], [ -66.496331, 18.167085 ], [ -66.497201, 18.165452 ], [ -66.502791, 18.164994 ], [ -66.510671, 18.159775 ], [ -66.513457, 18.155678 ], [ -66.519074, 18.154453 ], [ -66.521945, 18.152073 ], [ -66.52778, 18.153324 ], [ -66.534324, 18.152499 ], [ -66.54118, 18.147373 ], [ -66.544658, 18.148127 ], [ -66.546835, 18.155019 ], [ -66.540813, 18.165711 ], [ -66.541414, 18.168918 ], [ -66.537577, 18.173603 ], [ -66.538791, 18.176376 ], [ -66.532965, 18.176401 ], [ -66.531023, 18.180137 ], [ -66.536716, 18.188631 ], [ -66.532622, 18.199891 ], [ -66.536594, 18.206278 ], [ -66.538015, 18.213153 ], [ -66.542106, 18.215179 ], [ -66.545527, 18.220736 ], [ -66.548883, 18.220567 ], [ -66.555228, 18.237327 ], [ -66.564456, 18.242647 ], [ -66.562569, 18.244927 ], [ -66.563097, 18.24706 ], [ -66.560995, 18.24751 ], [ -66.562959, 18.249794 ], [ -66.562229, 18.253685 ], [ -66.555593, 18.254419 ], [ -66.56003, 18.257245 ], [ -66.558972, 18.258887 ], [ -66.560428, 18.261461 ], [ -66.557494, 18.262934 ], [ -66.558042, 18.264576 ], [ -66.55614, 18.264576 ], [ -66.559597, 18.268802 ], [ -66.555732, 18.269045 ], [ -66.556269, 18.271852 ], [ -66.557969, 18.27171 ], [ -66.558152, 18.276445 ], [ -66.554703, 18.281583 ], [ -66.561311, 18.284271 ], [ -66.563087, 18.287988 ], [ -66.561839, 18.288249 ], [ -66.560984, 18.293676 ], [ -66.566536, 18.297044 ], [ -66.566671, 18.299631 ], [ -66.570258, 18.301778 ], [ -66.573106, 18.309059 ], [ -66.575782, 18.309445 ], [ -66.57804, 18.313876 ], [ -66.581526, 18.314179 ], [ -66.583107, 18.316431 ], [ -66.58134, 18.320345 ], [ -66.583214, 18.319491 ], [ -66.585035, 18.322616 ], [ -66.590419, 18.323303 ], [ -66.591626, 18.325414 ], [ -66.604147, 18.321228 ], [ -66.607977, 18.323769 ], [ -66.611215, 18.322673 ], [ -66.606905, 18.328146 ], [ -66.606542, 18.3317 ], [ -66.601578, 18.334184 ], [ -66.600389, 18.339345 ], [ -66.590674, 18.338199 ], [ -66.591656, 18.340689 ], [ -66.588643, 18.347325 ], [ -66.589897, 18.348976 ], [ -66.587039, 18.353082 ], [ -66.588361, 18.355592 ], [ -66.583095, 18.362937 ], [ -66.582331, 18.374006 ], [ -66.588098, 18.374015 ], [ -66.589013, 18.37521 ], [ -66.588181, 18.389408 ], [ -66.591237, 18.391757 ], [ -66.590028, 18.394562 ], [ -66.593271, 18.399395 ], [ -66.590942, 18.410407 ], [ -66.587611, 18.410274 ], [ -66.586395, 18.413801 ], [ -66.583241, 18.437801 ], [ -66.587769, 18.437566 ], [ -66.587782, 18.441193 ], [ -66.582745, 18.441656 ], [ -66.579868, 18.467957 ], [ -66.58177, 18.466294 ], [ -66.584386, 18.466757 ], [ -66.588853, 18.473179 ], [ -66.578441, 18.541431 ], [ -66.556601, 18.540254 ], [ -66.533125, 18.535474 ], [ -66.524523, 18.535356 ], [ -66.478561, 18.52442 ], [ -66.468236, 18.532382 ], [ -66.452951, 18.53896 ], [ -66.432985, 18.540219 ], [ -66.415983, 18.54362 ], [ -66.399649, 18.543761 ], [ -66.378513, 18.540567 ], [ -66.338808, 18.54038 ], [ -66.31325, 18.530695 ], [ -66.30246, 18.52828 ], [ -66.286204, 18.527395 ], [ -66.271123, 18.529709 ], [ -66.260071, 18.529443 ], [ -66.235533, 18.523704 ], [ -66.225479, 18.523946 ], [ -66.21211, 18.521844 ], [ -66.19407, 18.526512 ], [ -66.129347, 18.524513 ], [ -66.107645, 18.519209 ], [ -66.089685, 18.519917 ], [ -66.07486, 18.517617 ], [ -66.051424, 18.518044 ], [ -66.03397, 18.514269 ] ] ] ] } },
{ "type": "Feature", "properties": { "CSAFP": "500", "CBSAFP": "42660", "GEOID": "42660", "GEOIDFQ": "310M700US42660", "NAME": "Seattle-Tacoma-Bellevue, WA", "NAMELSAD": "Seattle-Tacoma-Bellevue, WA Metro Area", "LSAD": "M1", "MEMI": "1", "MTFCC": "G3110", "ALAND": 15203989412, "AWATER": 1135327478, "INTPTLAT": "+47.4905518", "INTPTLON": "-121.8339765", "GEO_ID": "310M700US42660", "NAME_2": "Seattle-Tacoma-Bellevue, WA Metro Area", "DP05_0001E": "4061920", "DP05_0001M": "*****" }, "geometry": { "type": "MultiPolygon", "coordinates": [ [ [ [ -122.458596, 48.297703 ], [ -121.857299, 48.297476 ], [ -121.577501, 48.298967 ], [ -121.577565, 48.297362 ], [ -121.487847, 48.296081 ], [ -121.001658, 48.296009 ], [ -121.000648, 48.290533 ], [ -121.002501, 48.28626 ], [ -121.011546, 48.283497 ], [ -121.012094, 48.279909 ], [ -121.004488, 48.273902 ], [ -121.005638, 48.270083 ], [ -120.999917, 48.262942 ], [ -120.982491, 48.251341 ], [ -120.981236, 48.246658 ], [ -120.974364, 48.238759 ], [ -120.973137, 48.235298 ], [ -120.959848, 48.227769 ], [ -120.965748, 48.217786 ], [ -120.964769, 48.211328 ], [ -120.952306, 48.209113 ], [ -120.947026, 48.201049 ], [ -120.93532, 48.198265 ], [ -120.925539, 48.191776 ], [ -120.919271, 48.190388 ], [ -120.920588, 48.187311 ], [ -120.917362, 48.179755 ], [ -120.910543, 48.173591 ], [ -120.907425, 48.163184 ], [ -120.915243, 48.159683 ], [ -120.931944, 48.16162 ], [ -120.934253, 48.159503 ], [ -120.933216, 48.156771 ], [ -120.953137, 48.153455 ], [ -120.955566, 48.151981 ], [ -120.955241, 48.148438 ], [ -120.964417, 48.142983 ], [ -120.965619, 48.140333 ], [ -120.963749, 48.135455 ], [ -120.964715, 48.132903 ], [ -120.958285, 48.129202 ], [ -120.955723, 48.125207 ], [ -120.956733, 48.122641 ], [ -120.955391, 48.120264 ], [ -120.952628, 48.117223 ], [ -120.946311, 48.11518 ], [ -120.948756, 48.112093 ], [ -120.952948, 48.111284 ], [ -120.956161, 48.108072 ], [ -120.963741, 48.109721 ], [ -120.972481, 48.108534 ], [ -120.972208, 48.104048 ], [ -120.977786, 48.101132 ], [ -120.981311, 48.094379 ], [ -120.987333, 48.093863 ], [ -120.995529, 48.089172 ], [ -120.999362, 48.089718 ], [ -120.998822, 48.088259 ], [ -121.004667, 48.081426 ], [ -121.011161, 48.079177 ], [ -121.015942, 48.074795 ], [ -121.025157, 48.078168 ], [ -121.032772, 48.077807 ], [ -121.048632, 48.070219 ], [ -121.067004, 48.06941 ], [ -121.081382, 48.061754 ], [ -121.090144, 48.064942 ], [ -121.097029, 48.064401 ], [ -121.101596, 48.062671 ], [ -121.105197, 48.057769 ], [ -121.109845, 48.05668 ], [ -121.115976, 48.057963 ], [ -121.120429, 48.052293 ], [ -121.128983, 48.047618 ], [ -121.13163, 48.044409 ], [ -121.138269, 48.044261 ], [ -121.153358, 48.040533 ], [ -121.148968, 48.034156 ], [ -121.148195, 48.030101 ], [ -121.129679, 48.020562 ], [ -121.128702, 48.014045 ], [ -121.123022, 48.008685 ], [ -121.117934, 48.006283 ], [ -121.118975, 48.00314 ], [ -121.117723, 47.998797 ], [ -121.118183, 47.997103 ], [ -121.124808, 47.99372 ], [ -121.130572, 47.986796 ], [ -121.134883, 47.985209 ], [ -121.135938, 47.982834 ], [ -121.141145, 47.983491 ], [ -121.147282, 47.9814 ], [ -121.148757, 47.97825 ], [ -121.148555, 47.970427 ], [ -121.158119, 47.959579 ], [ -121.164823, 47.956697 ], [ -121.161919, 47.944683 ], [ -121.165948, 47.938617 ], [ -121.171138, 47.936424 ], [ -121.172786, 47.933696 ], [ -121.170487, 47.924403 ], [ -121.179513, 47.918781 ], [ -121.171266, 47.912721 ], [ -121.173679, 47.908261 ], [ -121.177347, 47.905458 ], [ -121.180623, 47.897975 ], [ -121.17666, 47.895355 ], [ -121.17519, 47.885624 ], [ -121.169545, 47.883153 ], [ -121.166796, 47.879586 ], [ -121.162945, 47.87942 ], [ -121.157021, 47.882224 ], [ -121.158263, 47.876365 ], [ -121.152322, 47.868955 ], [ -121.147229, 47.857533 ], [ -121.15323, 47.851046 ], [ -121.153512, 47.845312 ], [ -121.146904, 47.843459 ], [ -121.134343, 47.843044 ], [ -121.133412, 47.839746 ], [ -121.123717, 47.838397 ], [ -121.121276, 47.836626 ], [ -121.121238, 47.832715 ], [ -121.115631, 47.830209 ], [ -121.106932, 47.828974 ], [ -121.095808, 47.832692 ], [ -121.080222, 47.834123 ], [ -121.070871, 47.830183 ], [ -121.070515, 47.828006 ], [ -121.081739, 47.816012 ], [ -121.084699, 47.807707 ], [ -121.092381, 47.805129 ], [ -121.092571, 47.800725 ], [ -121.105162, 47.795695 ], [ -121.109354, 47.792769 ], [ -121.109402, 47.789722 ], [ -121.11171, 47.787758 ], [ -121.116425, 47.786844 ], [ -121.120697, 47.782604 ], [ -121.118698, 47.778013 ], [ -121.119639, 47.776023 ], [ -121.11391, 47.770248 ], [ -121.107703, 47.766683 ], [ -121.110505, 47.761597 ], [ -121.110506, 47.757827 ], [ -121.10646, 47.756806 ], [ -121.101278, 47.75714 ], [ -121.0988, 47.759105 ], [ -121.094018, 47.758184 ], [ -121.089914, 47.746321 ], [ -121.082126, 47.743025 ], [ -121.078995, 47.73919 ], [ -121.081524, 47.734468 ], [ -121.084945, 47.732297 ], [ -121.08478, 47.72991 ], [ -121.087347, 47.728629 ], [ -121.083949, 47.723068 ], [ -121.069965, 47.717829 ], [ -121.066005, 47.713603 ], [ -121.067117, 47.706272 ], [ -121.079371, 47.701964 ], [ -121.090288, 47.702834 ], [ -121.090887, 47.699067 ], [ -121.094609, 47.695034 ], [ -121.105513, 47.688815 ], [ -121.121584, 47.685213 ], [ -121.123679, 47.680208 ], [ -121.128824, 47.676181 ], [ -121.128914, 47.672155 ], [ -121.123179, 47.663326 ], [ -121.125635, 47.657159 ], [ -121.131884, 47.655664 ], [ -121.131009, 47.653122 ], [ -121.133697, 47.645605 ], [ -121.125971, 47.637403 ], [ -121.127868, 47.632101 ], [ -121.124707, 47.627434 ], [ -121.118783, 47.626985 ], [ -121.113786, 47.621752 ], [ -121.113288, 47.618456 ], [ -121.120066, 47.615675 ], [ -121.120284, 47.612823 ], [ -121.115863, 47.604428 ], [ -121.11174, 47.602335 ], [ -121.111233, 47.599459 ], [ -121.113569, 47.597288 ], [ -121.11792, 47.596758 ], [ -121.119809, 47.591333 ], [ -121.13751, 47.595742 ], [ -121.142693, 47.591993 ], [ -121.152149, 47.595578 ], [ -121.172192, 47.590233 ], [ -121.170755, 47.586006 ], [ -121.172985, 47.583384 ], [ -121.169846, 47.578494 ], [ -121.171781, 47.574323 ], [ -121.177019, 47.569621 ], [ -121.176631, 47.566804 ], [ -121.179849, 47.564981 ], [ -121.188306, 47.568731 ], [ -121.194701, 47.566125 ], [ -121.208538, 47.565957 ], [ -121.216852, 47.569773 ], [ -121.2289, 47.565603 ], [ -121.233025, 47.560616 ], [ -121.232033, 47.557954 ], [ -121.234056, 47.555944 ], [ -121.233362, 47.550567 ], [ -121.235695, 47.548474 ], [ -121.234583, 47.545637 ], [ -121.243467, 47.542963 ], [ -121.241475, 47.53894 ], [ -121.243053, 47.53831 ], [ -121.242636, 47.535995 ], [ -121.2516, 47.532045 ], [ -121.255616, 47.533476 ], [ -121.256961, 47.529199 ], [ -121.262284, 47.523602 ], [ -121.278999, 47.522941 ], [ -121.285534, 47.517034 ], [ -121.283391, 47.514869 ], [ -121.28651, 47.513201 ], [ -121.29195, 47.513551 ], [ -121.288473, 47.50933 ], [ -121.29222, 47.50209 ], [ -121.300347, 47.495842 ], [ -121.302698, 47.486311 ], [ -121.311166, 47.482935 ], [ -121.312037, 47.479167 ], [ -121.314676, 47.477879 ], [ -121.316223, 47.479838 ], [ -121.324552, 47.479422 ], [ -121.331991, 47.473689 ], [ -121.338673, 47.476388 ], [ -121.341599, 47.474609 ], [ -121.348117, 47.465239 ], [ -121.363923, 47.464833 ], [ -121.379259, 47.454305 ], [ -121.379105, 47.450464 ], [ -121.385275, 47.444982 ], [ -121.381455, 47.438448 ], [ -121.385247, 47.434389 ], [ -121.401074, 47.432022 ], [ -121.40848, 47.427941 ], [ -121.411101, 47.423382 ], [ -121.427252, 47.420846 ], [ -121.428378, 47.416226 ], [ -121.424199, 47.415762 ], [ -121.422305, 47.412974 ], [ -121.42282, 47.405995 ], [ -121.427476, 47.402566 ], [ -121.430356, 47.403171 ], [ -121.433816, 47.399107 ], [ -121.427357, 47.395742 ], [ -121.426104, 47.389854 ], [ -121.430013, 47.386978 ], [ -121.440509, 47.385771 ], [ -121.441484, 47.380585 ], [ -121.43777, 47.371847 ], [ -121.443939, 47.373815 ], [ -121.453003, 47.371799 ], [ -121.458978, 47.373116 ], [ -121.464195, 47.370518 ], [ -121.465951, 47.367977 ], [ -121.461257, 47.36134 ], [ -121.464064, 47.353818 ], [ -121.449748, 47.347925 ], [ -121.443834, 47.343392 ], [ -121.438423, 47.343726 ], [ -121.430511, 47.334487 ], [ -121.431574, 47.329828 ], [ -121.43608, 47.328594 ], [ -121.439333, 47.323548 ], [ -121.438455, 47.317538 ], [ -121.445331, 47.309816 ], [ -121.443606, 47.307898 ], [ -121.432682, 47.304955 ], [ -121.430667, 47.296441 ], [ -121.432846, 47.293829 ], [ -121.427492, 47.289075 ], [ -121.419419, 47.286726 ], [ -121.419133, 47.290837 ], [ -121.4163, 47.293499 ], [ -121.409781, 47.289217 ], [ -121.394195, 47.288767 ], [ -121.390562, 47.286038 ], [ -121.372603, 47.284972 ], [ -121.369903, 47.285589 ], [ -121.370774, 47.288325 ], [ -121.366989, 47.290932 ], [ -121.361778, 47.291935 ], [ -121.359676, 47.285526 ], [ -121.341203, 47.281261 ], [ -121.341316, 47.277982 ], [ -121.33835, 47.275969 ], [ -121.338746, 47.268322 ], [ -121.335417, 47.263539 ], [ -121.335885, 47.260629 ], [ -121.331941, 47.258774 ], [ -121.331979, 47.257418 ], [ -121.334029, 47.25421 ], [ -121.33755, 47.2529 ], [ -121.339833, 47.247146 ], [ -121.346545, 47.246426 ], [ -121.352504, 47.24229 ], [ -121.360747, 47.240526 ], [ -121.358489, 47.237573 ], [ -121.358368, 47.234419 ], [ -121.365569, 47.226984 ], [ -121.365131, 47.224493 ], [ -121.345945, 47.218625 ], [ -121.335226, 47.219179 ], [ -121.328254, 47.217073 ], [ -121.311197, 47.207658 ], [ -121.311631, 47.205571 ], [ -121.309122, 47.202977 ], [ -121.311763, 47.199675 ], [ -121.306466, 47.192758 ], [ -121.306122, 47.188024 ], [ -121.309955, 47.185255 ], [ -121.311846, 47.179541 ], [ -121.317769, 47.172976 ], [ -121.311901, 47.164037 ], [ -121.306013, 47.162 ], [ -121.29755, 47.148673 ], [ -121.301243, 47.145187 ], [ -121.303413, 47.13889 ], [ -121.315534, 47.133844 ], [ -121.320757, 47.135292 ], [ -121.335095, 47.132683 ], [ -121.339903, 47.135697 ], [ -121.349742, 47.1376 ], [ -121.353898, 47.14054 ], [ -121.364677, 47.141759 ], [ -121.368215, 47.13959 ], [ -121.381317, 47.137255 ], [ -121.388581, 47.133538 ], [ -121.393968, 47.132762 ], [ -121.394872, 47.128672 ], [ -121.399148, 47.126574 ], [ -121.402699, 47.121771 ], [ -121.406237, 47.120721 ], [ -121.408081, 47.1181 ], [ -121.406103, 47.112029 ], [ -121.402808, 47.106438 ], [ -121.399058, 47.104598 ], [ -121.402526, 47.098013 ], [ -121.392999, 47.092023 ], [ -121.38341, 47.095075 ], [ -121.379703, 47.090368 ], [ -121.376893, 47.089875 ], [ -121.38362, 47.084144 ], [ -121.379834, 47.079072 ], [ -121.379617, 47.076264 ], [ -121.375147, 47.072896 ], [ -121.376783, 47.062452 ], [ -121.37425, 47.056436 ], [ -121.379194, 47.054036 ], [ -121.381068, 47.050371 ], [ -121.386265, 47.048917 ], [ -121.386339, 47.046097 ], [ -121.399801, 47.033464 ], [ -121.396642, 47.029371 ], [ -121.39703, 47.025726 ], [ -121.394795, 47.022775 ], [ -121.396644, 47.01875 ], [ -121.404285, 47.014778 ], [ -121.406193, 47.012176 ], [ -121.406156, 47.009016 ], [ -121.409568, 47.003579 ], [ -121.406457, 46.998744 ], [ -121.409122, 46.995189 ], [ -121.416531, 46.993689 ], [ -121.420912, 46.988577 ], [ -121.427794, 46.987882 ], [ -121.446211, 46.980049 ], [ -121.442143, 46.972936 ], [ -121.457728, 46.964036 ], [ -121.458366, 46.960014 ], [ -121.452685, 46.956524 ], [ -121.453551, 46.95246 ], [ -121.450347, 46.948349 ], [ -121.452434, 46.941856 ], [ -121.44949, 46.935324 ], [ -121.454093, 46.929396 ], [ -121.456922, 46.928257 ], [ -121.456447, 46.923577 ], [ -121.465489, 46.920437 ], [ -121.475376, 46.913272 ], [ -121.484954, 46.912835 ], [ -121.491704, 46.909109 ], [ -121.496986, 46.908342 ], [ -121.50284, 46.90127 ], [ -121.510443, 46.896611 ], [ -121.514245, 46.890987 ], [ -121.513265, 46.884805 ], [ -121.520284, 46.879177 ], [ -121.523034, 46.872867 ], [ -121.515168, 46.870967 ], [ -121.507532, 46.864803 ], [ -121.497345, 46.862866 ], [ -121.495539, 46.85491 ], [ -121.485435, 46.841014 ], [ -121.484197, 46.834274 ], [ -121.474697, 46.831401 ], [ -121.470172, 46.826404 ], [ -121.472417, 46.823174 ], [ -121.471269, 46.8219 ], [ -121.474439, 46.820225 ], [ -121.461848, 46.812303 ], [ -121.457878, 46.811773 ], [ -121.456909, 46.810135 ], [ -121.458264, 46.808069 ], [ -121.455401, 46.802442 ], [ -121.45061, 46.800577 ], [ -121.449323, 46.79749 ], [ -121.442526, 46.792988 ], [ -121.447484, 46.792269 ], [ -121.452816, 46.789173 ], [ -121.455448, 46.786165 ], [ -121.455218, 46.783797 ], [ -121.758593, 46.783791 ], [ -121.783848, 46.772608 ], [ -121.789005, 46.768426 ], [ -121.790308, 46.764339 ], [ -121.798916, 46.761287 ], [ -121.805399, 46.756129 ], [ -121.803389, 46.752945 ], [ -121.80409, 46.751223 ], [ -121.809934, 46.74782 ], [ -121.817399, 46.747287 ], [ -121.820408, 46.745289 ], [ -121.829833, 46.735202 ], [ -121.83271, 46.729637 ], [ -121.84189, 46.728455 ], [ -121.854038, 46.730488 ], [ -121.855825, 46.72904 ], [ -121.867436, 46.729142 ], [ -121.879156, 46.733097 ], [ -121.889319, 46.732903 ], [ -121.90204, 46.737717 ], [ -121.912335, 46.736928 ], [ -121.919652, 46.739692 ], [ -121.925384, 46.738767 ], [ -121.931247, 46.740372 ], [ -121.937718, 46.747743 ], [ -121.946345, 46.750203 ], [ -121.946764, 46.752714 ], [ -121.954242, 46.755017 ], [ -121.962154, 46.754018 ], [ -121.964018, 46.750174 ], [ -121.970224, 46.749237 ], [ -121.972681, 46.746508 ], [ -121.978638, 46.744273 ], [ -121.984268, 46.744234 ], [ -121.987528, 46.746662 ], [ -121.993634, 46.747303 ], [ -121.994194, 46.751343 ], [ -121.999718, 46.750756 ], [ -122.002446, 46.753268 ], [ -122.008101, 46.752567 ], [ -122.012027, 46.7484 ], [ -122.015513, 46.748351 ], [ -122.017945, 46.746752 ], [ -122.018545, 46.744163 ], [ -122.023412, 46.742264 ], [ -122.027812, 46.743663 ], [ -122.040797, 46.742357 ], [ -122.060304, 46.749194 ], [ -122.064877, 46.746868 ], [ -122.082298, 46.75222 ], [ -122.11556, 46.748901 ], [ -122.12903, 46.754663 ], [ -122.135235, 46.752614 ], [ -122.139294, 46.754734 ], [ -122.147453, 46.752797 ], [ -122.157303, 46.753797 ], [ -122.159806, 46.756422 ], [ -122.164587, 46.757451 ], [ -122.169856, 46.755276 ], [ -122.174781, 46.756348 ], [ -122.177877, 46.755202 ], [ -122.191688, 46.762171 ], [ -122.196557, 46.760754 ], [ -122.201982, 46.761551 ], [ -122.203701, 46.764083 ], [ -122.208085, 46.765621 ], [ -122.211115, 46.770117 ], [ -122.216833, 46.768504 ], [ -122.221538, 46.77023 ], [ -122.227373, 46.768879 ], [ -122.230554, 46.77228 ], [ -122.236242, 46.77298 ], [ -122.240622, 46.775928 ], [ -122.247639, 46.775171 ], [ -122.250535, 46.771578 ], [ -122.259531, 46.772148 ], [ -122.261943, 46.769858 ], [ -122.261871, 46.765504 ], [ -122.266153, 46.765542 ], [ -122.269549, 46.766731 ], [ -122.279421, 46.776328 ], [ -122.285762, 46.774104 ], [ -122.296231, 46.785342 ], [ -122.309003, 46.789587 ], [ -122.312522, 46.795966 ], [ -122.306259, 46.806311 ], [ -122.302473, 46.80902 ], [ -122.304162, 46.815245 ], [ -122.303576, 46.828117 ], [ -122.310112, 46.829857 ], [ -122.318328, 46.828334 ], [ -122.324914, 46.830344 ], [ -122.324329, 46.835261 ], [ -122.329376, 46.838911 ], [ -122.325314, 46.841806 ], [ -122.327681, 46.844343 ], [ -122.334137, 46.842102 ], [ -122.338261, 46.837956 ], [ -122.346821, 46.836979 ], [ -122.355988, 46.839036 ], [ -122.360919, 46.843521 ], [ -122.364527, 46.841583 ], [ -122.37119, 46.845408 ], [ -122.374014, 46.844545 ], [ -122.378516, 46.839357 ], [ -122.383815, 46.840286 ], [ -122.390678, 46.845681 ], [ -122.408326, 46.842547 ], [ -122.409503, 46.843509 ], [ -122.408047, 46.845819 ], [ -122.41661, 46.845297 ], [ -122.418055, 46.848629 ], [ -122.422787, 46.848718 ], [ -122.427027, 46.850783 ], [ -122.43384, 46.850108 ], [ -122.443285, 46.852659 ], [ -122.447004, 46.856514 ], [ -122.44977, 46.855274 ], [ -122.448766, 46.85336 ], [ -122.45174, 46.852648 ], [ -122.458852, 46.859133 ], [ -122.458867, 46.864047 ], [ -122.467328, 46.866 ], [ -122.47384, 46.861971 ], [ -122.475409, 46.86543 ], [ -122.482309, 46.867712 ], [ -122.490044, 46.86688 ], [ -122.491412, 46.875046 ], [ -122.487907, 46.878935 ], [ -122.493587, 46.880035 ], [ -122.490909, 46.88742 ], [ -122.497379, 46.898014 ], [ -122.496316, 46.903411 ], [ -122.494116, 46.905218 ], [ -122.497796, 46.908843 ], [ -122.507959, 46.914187 ], [ -122.520995, 46.91581 ], [ -122.525187, 46.919348 ], [ -122.528496, 46.9253 ], [ -122.546607, 46.930808 ], [ -122.556879, 46.931957 ], [ -122.563231, 46.935304 ], [ -122.566199, 46.939829 ], [ -122.566838, 46.947583 ], [ -122.572192, 46.959621 ], [ -122.570514, 46.962176 ], [ -122.563841, 46.963832 ], [ -122.563381, 46.965942 ], [ -122.566409, 46.966739 ], [ -122.572256, 46.964229 ], [ -122.574752, 46.966728 ], [ -122.580448, 46.968591 ], [ -122.584603, 46.96613 ], [ -122.587093, 46.966765 ], [ -122.587859, 46.9691 ], [ -122.586001, 46.971144 ], [ -122.575442, 46.971291 ], [ -122.580055, 46.977502 ], [ -122.584523, 46.974286 ], [ -122.590091, 46.973958 ], [ -122.611047, 46.9767 ], [ -122.611602, 46.967213 ], [ -122.618846, 46.970303 ], [ -122.629117, 46.971463 ], [ -122.637396, 46.977097 ], [ -122.638183, 46.980815 ], [ -122.631058, 46.989098 ], [ -122.630302, 46.998339 ], [ -122.638821, 46.998424 ], [ -122.640588, 46.999879 ], [ -122.639956, 47.002055 ], [ -122.64604, 47.003656 ], [ -122.650622, 47.007317 ], [ -122.656264, 47.003269 ], [ -122.659863, 47.003225 ], [ -122.657016, 47.006139 ], [ -122.658788, 47.009547 ], [ -122.672397, 47.015415 ], [ -122.674516, 47.019796 ], [ -122.672756, 47.024189 ], [ -122.679865, 47.028191 ], [ -122.679522, 47.03276 ], [ -122.675495, 47.037195 ], [ -122.676812, 47.042654 ], [ -122.685661, 47.051566 ], [ -122.693458, 47.053041 ], [ -122.689895, 47.057412 ], [ -122.70314, 47.064649 ], [ -122.700697, 47.068275 ], [ -122.708112, 47.077608 ], [ -122.70576, 47.0816 ], [ -122.707544, 47.085332 ], [ -122.6976, 47.088811 ], [ -122.696961, 47.094255 ], [ -122.692982, 47.096406 ], [ -122.692178, 47.099206 ], [ -122.698197, 47.116001 ], [ -122.716941, 47.118627 ], [ -122.755587, 47.138575 ], [ -122.762674, 47.143472 ], [ -122.765898, 47.150249 ], [ -122.777239, 47.156214 ], [ -122.789451, 47.168561 ], [ -122.792402, 47.175132 ], [ -122.798603, 47.178662 ], [ -122.805701, 47.186578 ], [ -122.820576, 47.19422 ], [ -122.824281, 47.216072 ], [ -122.83694, 47.226747 ], [ -122.841274, 47.235645 ], [ -122.848831, 47.245373 ], [ -122.852561, 47.254359 ], [ -122.852565, 47.26348 ], [ -122.85095, 47.269746 ], [ -122.846255, 47.277751 ], [ -122.815782, 47.303938 ], [ -122.809077, 47.313508 ], [ -122.806163, 47.320681 ], [ -122.803739, 47.333357 ], [ -122.807765, 47.346203 ], [ -122.801083, 47.356536 ], [ -122.801199, 47.403578 ], [ -122.536993, 47.403355 ], [ -122.527917, 47.416136 ], [ -122.524499, 47.423871 ], [ -122.523183, 47.447012 ], [ -122.518886, 47.462439 ], [ -122.511619, 47.473418 ], [ -122.487908, 47.50191 ], [ -122.482815, 47.518322 ], [ -122.474045, 47.526617 ], [ -122.458321, 47.532735 ], [ -122.445026, 47.542713 ], [ -122.444297, 47.555565 ], [ -122.453374, 47.569604 ], [ -122.454847, 47.574757 ], [ -122.453582, 47.581237 ], [ -122.447569, 47.593313 ], [ -122.446063, 47.607998 ], [ -122.44867, 47.61651 ], [ -122.454908, 47.626561 ], [ -122.452812, 47.643798 ], [ -122.459774, 47.672418 ], [ -122.458971, 47.680926 ], [ -122.456092, 47.688312 ], [ -122.445657, 47.706293 ], [ -122.436881, 47.714291 ], [ -122.433464, 47.728908 ], [ -122.42992, 47.73528 ], [ -122.427149, 47.745364 ], [ -122.42943, 47.762425 ], [ -122.442234, 47.785728 ], [ -122.442232, 47.798447 ], [ -122.429625, 47.828098 ], [ -122.422947, 47.838518 ], [ -122.412047, 47.850617 ], [ -122.376247, 47.876281 ], [ -122.356347, 47.894317 ], [ -122.351347, 47.902817 ], [ -122.348848, 47.914717 ], [ -122.333348, 47.933217 ], [ -122.328463, 47.963763 ], [ -122.334278, 47.981723 ], [ -122.347493, 48.001765 ], [ -122.352102, 48.013377 ], [ -122.350652, 48.022403 ], [ -122.340857, 48.041714 ], [ -122.339377, 48.04948 ], [ -122.342491, 48.063305 ], [ -122.346383, 48.072575 ], [ -122.358469, 48.091306 ], [ -122.377117, 48.108151 ], [ -122.403166, 48.137594 ], [ -122.412811, 48.152334 ], [ -122.416733, 48.164084 ], [ -122.417863, 48.182662 ], [ -122.415591, 48.196593 ], [ -122.396411, 48.226463 ], [ -122.393115, 48.237937 ], [ -122.399452, 48.242419 ], [ -122.400833, 48.246329 ], [ -122.410711, 48.259177 ], [ -122.428475, 48.278599 ], [ -122.44197, 48.289639 ], [ -122.458596, 48.297703 ] ] ] ] } },
{ "type": "Feature", "properties": { "CSAFP": "148", "CBSAFP": "14460", "GEOID": "14460", "GEOIDFQ": "310M700US14460", "NAME": "Boston-Cambridge-Newton, MA-NH", "NAMELSAD": "Boston-Cambridge-Newton, MA-NH Metro Area", "LSAD": "M1", "MEMI": "1", "MTFCC": "G3110", "ALAND": 9029560059, "AWATER": 2654239981, "INTPTLAT": "+42.5176060", "INTPTLON": "-071.0219925", "GEO_ID": "310M700US14460", "NAME_2": "Boston-Cambridge-Newton, MA-NH Metro Area", "DP05_0001E": "4953354", "DP05_0001M": "*****" }, "geometry": { "type": "MultiPolygon", "coordinates": [ [ [ [ -70.838873, 43.244493 ], [ -70.83744, 43.242308 ], [ -70.827216, 43.24333 ], [ -70.823325, 43.240019 ], [ -70.817826, 43.238156 ], [ -70.815482, 43.233519 ], [ -70.817207, 43.229346 ], [ -70.812263, 43.228674 ], [ -70.809516, 43.225165 ], [ -70.813545, 43.219969 ], [ -70.812614, 43.217719 ], [ -70.816917, 43.21453 ], [ -70.816566, 43.211318 ], [ -70.820671, 43.199492 ], [ -70.819282, 43.192992 ], [ -70.828255, 43.187789 ], [ -70.823569, 43.174239 ], [ -70.827782, 43.170432 ], [ -70.828654, 43.15983 ], [ -70.83361, 43.146106 ], [ -70.82708, 43.127395 ], [ -70.783864, 43.100959 ], [ -70.779688, 43.096248 ], [ -70.765892, 43.092495 ], [ -70.756412, 43.080177 ], [ -70.743033, 43.077973 ], [ -70.737969, 43.073728 ], [ -70.70631, 43.075339 ], [ -70.701197, 43.04524 ], [ -70.630714, 42.985286 ], [ -70.611152, 42.97899 ], [ -70.587593, 42.949188 ], [ -70.581855, 42.938319 ], [ -70.575094, 42.917126 ], [ -70.592879, 42.913001 ], [ -70.610659, 42.912529 ], [ -70.655109, 42.922099 ], [ -70.667777, 42.927464 ], [ -70.680933, 42.936874 ], [ -70.690547, 42.948239 ], [ -70.694395, 42.956754 ], [ -70.700301, 42.947089 ], [ -70.708993, 42.938146 ], [ -70.726024, 42.928524 ], [ -70.724754, 42.917689 ], [ -70.727966, 42.890936 ], [ -70.735005, 42.874685 ], [ -70.74883, 42.858831 ], [ -70.745522, 42.844443 ], [ -70.739038, 42.835818 ], [ -70.734874, 42.824477 ], [ -70.733655, 42.803659 ], [ -70.737225, 42.787956 ], [ -70.731839, 42.778357 ], [ -70.725848, 42.75902 ], [ -70.71927, 42.750095 ], [ -70.714324, 42.731911 ], [ -70.70258, 42.724162 ], [ -70.68293, 42.72883 ], [ -70.661314, 42.73661 ], [ -70.641664, 42.739723 ], [ -70.625943, 42.739724 ], [ -70.549306, 42.724164 ], [ -70.529655, 42.707048 ], [ -70.513934, 42.680594 ], [ -70.502143, 42.635471 ], [ -70.502143, 42.624579 ], [ -70.511968, 42.605907 ], [ -70.521793, 42.593459 ], [ -70.545374, 42.570119 ], [ -70.582709, 42.553004 ], [ -70.60629, 42.53122 ], [ -70.690393, 42.278999 ], [ -70.688704, 42.263468 ], [ -70.684061, 42.253836 ], [ -70.648622, 42.23736 ], [ -70.640113, 42.228372 ], [ -70.63633, 42.216386 ], [ -70.63633, 42.202903 ], [ -70.642946, 42.178185 ], [ -70.608381, 42.138479 ], [ -70.322522, 42.117915 ], [ -70.337813, 42.044484 ], [ -70.346384, 42.019446 ], [ -70.355004, 42.000104 ], [ -70.499473, 41.844117 ], [ -70.565281, 41.786705 ], [ -70.602939, 41.774696 ], [ -70.632555, 41.762904 ], [ -70.625012, 41.75404 ], [ -70.625156, 41.751144 ], [ -70.620785, 41.74753 ], [ -70.625988, 41.744969 ], [ -70.632676, 41.737881 ], [ -70.63258, 41.733657 ], [ -70.639332, 41.729049 ], [ -70.640276, 41.723609 ], [ -70.6437, 41.717465 ], [ -70.674404, 41.689609 ], [ -70.676629, 41.691129 ], [ -70.709133, 41.625106 ], [ -70.729833, 41.591569 ], [ -70.752424, 41.565851 ], [ -70.813367, 41.608025 ], [ -70.839175, 41.614761 ], [ -70.843526, 41.628656 ], [ -70.845242, 41.644665 ], [ -70.886439, 41.760232 ], [ -70.904438, 41.758 ], [ -70.921782, 41.791244 ], [ -71.026288, 41.778888 ], [ -71.014591, 41.799568 ], [ -71.03657, 41.816525 ], [ -71.000964, 41.843459 ], [ -70.973717, 41.860879 ], [ -70.987256, 41.905808 ], [ -70.993152, 41.906445 ], [ -70.991031, 41.909666 ], [ -70.992033, 41.915751 ], [ -70.993666, 41.916459 ], [ -70.995082, 41.914968 ], [ -70.997327, 41.91714 ], [ -70.996037, 41.92657 ], [ -70.999861, 41.928615 ], [ -71.010567, 41.940079 ], [ -71.049485, 41.963094 ], [ -71.080483, 42.095539 ], [ -71.364344, 41.985293 ], [ -71.381299, 41.985084 ], [ -71.381401, 42.018798 ], [ -71.498259, 42.017272 ], [ -71.49824, 42.091412 ], [ -71.495282, 42.099958 ], [ -71.496703, 42.10225 ], [ -71.499512, 42.103049 ], [ -71.503078, 42.110459 ], [ -71.500384, 42.112695 ], [ -71.501428, 42.116652 ], [ -71.478522, 42.131378 ], [ -71.478027, 42.165871 ], [ -71.497378, 42.166643 ], [ -71.502626, 42.191416 ], [ -71.506894, 42.188927 ], [ -71.539498, 42.189734 ], [ -71.555738, 42.182503 ], [ -71.556782, 42.19245 ], [ -71.572271, 42.192733 ], [ -71.57154, 42.194668 ], [ -71.58291, 42.195559 ], [ -71.602221, 42.218101 ], [ -71.586759, 42.259545 ], [ -71.562194, 42.267651 ], [ -71.556658, 42.268131 ], [ -71.539632, 42.262793 ], [ -71.532144, 42.266147 ], [ -71.523412, 42.265986 ], [ -71.518911, 42.267718 ], [ -71.513882, 42.267585 ], [ -71.508985, 42.264486 ], [ -71.506091, 42.264393 ], [ -71.505882, 42.272938 ], [ -71.485948, 42.311228 ], [ -71.485109, 42.323164 ], [ -71.486797, 42.330189 ], [ -71.508216, 42.327928 ], [ -71.516527, 42.330336 ], [ -71.551126, 42.326395 ], [ -71.569085, 42.320373 ], [ -71.58521, 42.310952 ], [ -71.597363, 42.321016 ], [ -71.605266, 42.33016 ], [ -71.603591, 42.331676 ], [ -71.604099, 42.336769 ], [ -71.61755, 42.341968 ], [ -71.625825, 42.349724 ], [ -71.610007, 42.357403 ], [ -71.603065, 42.367267 ], [ -71.607759, 42.370022 ], [ -71.580135, 42.386953 ], [ -71.604251, 42.397703 ], [ -71.58526, 42.407097 ], [ -71.5591, 42.411943 ], [ -71.543394, 42.466452 ], [ -71.560367, 42.47435 ], [ -71.529841, 42.519841 ], [ -71.531377, 42.520352 ], [ -71.53878, 42.54303 ], [ -71.580287, 42.550467 ], [ -71.594648, 42.543376 ], [ -71.607852, 42.54538 ], [ -71.619927, 42.552502 ], [ -71.628434, 42.548064 ], [ -71.635885, 42.540001 ], [ -71.636367, 42.533501 ], [ -71.639206, 42.530957 ], [ -71.635869, 42.524024 ], [ -71.678969, 42.53043 ], [ -71.664601, 42.611598 ], [ -71.775755, 42.64423 ], [ -71.775325, 42.636663 ], [ -71.844843, 42.637985 ], [ -71.858483, 42.633815 ], [ -71.856393, 42.667643 ], [ -71.857757, 42.674982 ], [ -71.864076, 42.679557 ], [ -71.865751, 42.684111 ], [ -71.869778, 42.683647 ], [ -71.897103, 42.703728 ], [ -71.898773, 42.711312 ], [ -71.294637, 42.697042 ], [ -71.278949, 42.71135 ], [ -71.267873, 42.726026 ], [ -71.245481, 42.742514 ], [ -71.26009, 42.755734 ], [ -71.351035, 42.772183 ], [ -71.349784, 42.773822 ], [ -71.352927, 42.778034 ], [ -71.351524, 42.780506 ], [ -71.352958, 42.783161 ], [ -71.358269, 42.785168 ], [ -71.362434, 42.782963 ], [ -71.364524, 42.785351 ], [ -71.364585, 42.791576 ], [ -71.366172, 42.791966 ], [ -71.360679, 42.798962 ], [ -71.3872, 42.823559 ], [ -71.427067, 42.82484 ], [ -71.451231, 42.930438 ], [ -71.375435, 42.939318 ], [ -71.391889, 43.008182 ], [ -71.396309, 43.016892 ], [ -71.402962, 43.041054 ], [ -71.392235, 43.039285 ], [ -71.356117, 43.102043 ], [ -71.329443, 43.14064 ], [ -71.317709, 43.162399 ], [ -71.315237, 43.162467 ], [ -71.262801, 43.250065 ], [ -71.252079, 43.263975 ], [ -71.246967, 43.276189 ], [ -71.207568, 43.307996 ], [ -71.193224, 43.324163 ], [ -71.159364, 43.355123 ], [ -71.171863, 43.411466 ], [ -71.190799, 43.515033 ], [ -71.153271, 43.547059 ], [ -71.127808, 43.572787 ], [ -71.111496, 43.506709 ], [ -71.106536, 43.512248 ], [ -71.102081, 43.506877 ], [ -71.096939, 43.511684 ], [ -71.093216, 43.507244 ], [ -71.089477, 43.512691 ], [ -71.084838, 43.506686 ], [ -71.067565, 43.52724 ], [ -71.063093, 43.52418 ], [ -71.056426, 43.52811 ], [ -71.052519, 43.524692 ], [ -71.046431, 43.529689 ], [ -71.044523, 43.524798 ], [ -71.037931, 43.529826 ], [ -71.024244, 43.482913 ], [ -70.982082, 43.523608 ], [ -70.966732, 43.537709 ], [ -70.961941, 43.540927 ], [ -70.963802, 43.539371 ], [ -70.962962, 43.535273 ], [ -70.957805, 43.531596 ], [ -70.957073, 43.524585 ], [ -70.953944, 43.522273 ], [ -70.956798, 43.512782 ], [ -70.95454, 43.509708 ], [ -70.957973, 43.508037 ], [ -70.958843, 43.49937 ], [ -70.964336, 43.497142 ], [ -70.964428, 43.49348 ], [ -70.968289, 43.489452 ], [ -70.969418, 43.48563 ], [ -70.967526, 43.480945 ], [ -70.972148, 43.478328 ], [ -70.97604, 43.478428 ], [ -70.970333, 43.473133 ], [ -70.96458, 43.473316 ], [ -70.961116, 43.469188 ], [ -70.960338, 43.466183 ], [ -70.966626, 43.451274 ], [ -70.965896, 43.447794 ], [ -70.961536, 43.443181 ], [ -70.960873, 43.438892 ], [ -70.963024, 43.436489 ], [ -70.968792, 43.434597 ], [ -70.969707, 43.426907 ], [ -70.975612, 43.421887 ], [ -70.981273, 43.420872 ], [ -70.987087, 43.413075 ], [ -70.985913, 43.410481 ], [ -70.986508, 43.403981 ], [ -70.982297, 43.398282 ], [ -70.982663, 43.394574 ], [ -70.987179, 43.393536 ], [ -70.987881, 43.389935 ], [ -70.98547, 43.386349 ], [ -70.985668, 43.379178 ], [ -70.98271, 43.377806 ], [ -70.983549, 43.376333 ], [ -70.981014, 43.373364 ], [ -70.981045, 43.370725 ], [ -70.976482, 43.367207 ], [ -70.97459, 43.363576 ], [ -70.9781, 43.35838 ], [ -70.976024, 43.358365 ], [ -70.972027, 43.354634 ], [ -70.973049, 43.348813 ], [ -70.971414, 43.348769 ], [ -70.970943, 43.350499 ], [ -70.967449, 43.34924 ], [ -70.966503, 43.347806 ], [ -70.968792, 43.34641 ], [ -70.967953, 43.344579 ], [ -70.964306, 43.343221 ], [ -70.96339, 43.340909 ], [ -70.959499, 43.340978 ], [ -70.956233, 43.334111 ], [ -70.95251, 43.333356 ], [ -70.950145, 43.335706 ], [ -70.940181, 43.335424 ], [ -70.937495, 43.337537 ], [ -70.930842, 43.336278 ], [ -70.933955, 43.335363 ], [ -70.931239, 43.333326 ], [ -70.930674, 43.329313 ], [ -70.924204, 43.327299 ], [ -70.926219, 43.325971 ], [ -70.922877, 43.326108 ], [ -70.92483, 43.325017 ], [ -70.924387, 43.32385 ], [ -70.919154, 43.324445 ], [ -70.918254, 43.323057 ], [ -70.920359, 43.32121 ], [ -70.916804, 43.322072 ], [ -70.916361, 43.319692 ], [ -70.911417, 43.319723 ], [ -70.913554, 43.318189 ], [ -70.911798, 43.315733 ], [ -70.9154, 43.315412 ], [ -70.911295, 43.310438 ], [ -70.913813, 43.309408 ], [ -70.912607, 43.307584 ], [ -70.907037, 43.304662 ], [ -70.903726, 43.306287 ], [ -70.901437, 43.302847 ], [ -70.902048, 43.301359 ], [ -70.896341, 43.298551 ], [ -70.89776, 43.29672 ], [ -70.90394, 43.296781 ], [ -70.907435, 43.293646 ], [ -70.906564, 43.292036 ], [ -70.900995, 43.29138 ], [ -70.897318, 43.292722 ], [ -70.896326, 43.292104 ], [ -70.899317, 43.287887 ], [ -70.896738, 43.285345 ], [ -70.8872, 43.28272 ], [ -70.883615, 43.283438 ], [ -70.885843, 43.280813 ], [ -70.882654, 43.278913 ], [ -70.883341, 43.27323 ], [ -70.874291, 43.271856 ], [ -70.870065, 43.266134 ], [ -70.862893, 43.264799 ], [ -70.85746, 43.255812 ], [ -70.85511, 43.255057 ], [ -70.852089, 43.256727 ], [ -70.842827, 43.254225 ], [ -70.83947, 43.251082 ], [ -70.841087, 43.248129 ], [ -70.838477, 43.247327 ], [ -70.838873, 43.244493 ] ] ] ] } },
{ "type": "Feature", "properties": { "CSAFP": "300", "CBSAFP": "27260", "GEOID": "27260", "GEOIDFQ": "310M700US27260", "NAME": "Jacksonville, FL", "NAMELSAD": "Jacksonville, FL Metro Area", "LSAD": "M1", "MEMI": "1", "MTFCC": "G3110", "ALAND": 8292777381, "AWATER": 1286119584, "INTPTLAT": "+30.2341385", "INTPTLON": "-081.7560584", "GEO_ID": "310M700US27260", "NAME_2": "Jacksonville, FL Metro Area", "DP05_0001E": "1683960", "DP05_0001M": "*****" }, "geometry": { "type": "MultiPolygon", "coordinates": [ [ [ [ -81.358793, 30.501504 ], [ -81.352445, 30.482119 ], [ -81.353574, 30.44666 ], [ -81.33229, 30.433036 ], [ -81.319799, 30.416465 ], [ -81.316897, 30.407721 ], [ -81.317461, 30.394077 ], [ -81.321563, 30.378574 ], [ -81.32944, 30.366762 ], [ -81.335381, 30.361292 ], [ -81.333598, 30.318079 ], [ -81.325875, 30.279242 ], [ -81.317928, 30.252939 ], [ -81.320185, 30.25292 ], [ -81.318625, 30.246181 ], [ -81.285314, 30.125244 ], [ -81.255134, 30.000245 ], [ -81.235168, 29.942272 ], [ -81.226839, 29.929117 ], [ -81.223853, 29.92156 ], [ -81.209268, 29.875247 ], [ -81.206514, 29.855567 ], [ -81.205177, 29.822433 ], [ -81.200433, 29.811512 ], [ -81.1992, 29.801157 ], [ -81.192768, 29.778326 ], [ -81.186399, 29.76008 ], [ -81.167403, 29.723101 ], [ -81.161605, 29.700443 ], [ -81.150817, 29.671087 ], [ -81.227309, 29.670538 ], [ -81.231709, 29.663407 ], [ -81.24726, 29.659093 ], [ -81.250223, 29.662305 ], [ -81.253379, 29.661586 ], [ -81.257522, 29.664281 ], [ -81.257662, 29.667433 ], [ -81.261018, 29.669076 ], [ -81.263016, 29.665894 ], [ -81.268391, 29.663127 ], [ -81.269285, 29.659924 ], [ -81.27221, 29.660792 ], [ -81.269906, 29.656569 ], [ -81.274288, 29.657515 ], [ -81.272701, 29.655194 ], [ -81.276301, 29.654176 ], [ -81.274466, 29.652681 ], [ -81.28212, 29.650416 ], [ -81.287699, 29.651909 ], [ -81.290323, 29.649574 ], [ -81.300179, 29.650983 ], [ -81.302783, 29.649187 ], [ -81.305914, 29.642647 ], [ -81.308652, 29.642065 ], [ -81.312802, 29.644006 ], [ -81.31852, 29.651294 ], [ -81.324345, 29.653478 ], [ -81.324059, 29.62561 ], [ -81.52366, 29.622432 ], [ -81.52523, 29.759497 ], [ -81.541235, 29.770001 ], [ -81.546297, 29.781825 ], [ -81.56335, 29.79725 ], [ -81.581207, 29.840176 ], [ -81.81243, 29.83649 ], [ -81.821872, 29.82634 ], [ -81.827892, 29.82442 ], [ -81.837001, 29.816142 ], [ -81.853337, 29.806965 ], [ -81.861994, 29.800187 ], [ -81.87033, 29.800868 ], [ -81.89045, 29.79828 ], [ -81.90019, 29.79413 ], [ -81.90951, 29.79352 ], [ -81.914192, 29.791399 ], [ -81.920218, 29.78616 ], [ -81.923497, 29.780919 ], [ -81.929094, 29.759356 ], [ -81.939427, 29.747497 ], [ -81.976228, 29.747114 ], [ -81.985912, 29.744983 ], [ -81.985864, 29.743652 ], [ -81.99451, 29.743059 ], [ -82.00707, 29.73949 ], [ -82.024913, 29.725236 ], [ -82.028917, 29.718681 ], [ -82.049244, 29.71867 ], [ -82.046112, 29.747129 ], [ -82.049425, 30.143136 ], [ -82.359395, 30.141041 ], [ -82.359381, 30.139294 ], [ -82.443667, 30.138086 ], [ -82.458364, 30.136449 ], [ -82.458316, 30.442757 ], [ -82.457073, 30.442757 ], [ -82.459793, 30.584267 ], [ -82.214677, 30.568556 ], [ -82.214397, 30.566827 ], [ -82.216921, 30.565316 ], [ -82.223862, 30.565276 ], [ -82.234186, 30.55765 ], [ -82.234435, 30.548755 ], [ -82.238879, 30.545505 ], [ -82.240403, 30.53777 ], [ -82.237388, 30.532216 ], [ -82.230759, 30.526576 ], [ -82.229301, 30.520587 ], [ -82.230304, 30.517325 ], [ -82.225072, 30.50769 ], [ -82.212632, 30.500549 ], [ -82.211578, 30.497289 ], [ -82.206671, 30.493206 ], [ -82.20124, 30.485114 ], [ -82.203206, 30.482184 ], [ -82.201473, 30.480063 ], [ -82.201035, 30.474665 ], [ -82.204374, 30.471095 ], [ -82.204466, 30.468756 ], [ -82.206372, 30.468515 ], [ -82.206151, 30.462415 ], [ -82.2077, 30.460407 ], [ -82.207379, 30.456981 ], [ -82.204495, 30.455342 ], [ -82.204058, 30.452864 ], [ -82.205738, 30.451048 ], [ -82.203786, 30.444984 ], [ -82.207351, 30.439173 ], [ -82.206416, 30.435725 ], [ -82.20972, 30.433055 ], [ -82.209005, 30.428337 ], [ -82.21086, 30.425379 ], [ -82.209199, 30.421329 ], [ -82.207462, 30.42112 ], [ -82.208034, 30.417467 ], [ -82.206433, 30.417156 ], [ -82.208383, 30.41434 ], [ -82.205741, 30.411912 ], [ -82.205349, 30.408199 ], [ -82.206755, 30.406843 ], [ -82.20376, 30.405311 ], [ -82.204611, 30.402587 ], [ -82.202857, 30.401256 ], [ -82.2014, 30.39535 ], [ -82.198108, 30.391843 ], [ -82.199109, 30.389642 ], [ -82.196584, 30.388278 ], [ -82.194692, 30.38948 ], [ -82.193354, 30.388026 ], [ -82.19176, 30.384612 ], [ -82.193422, 30.383345 ], [ -82.192596, 30.378831 ], [ -82.189915, 30.37617 ], [ -82.187109, 30.378984 ], [ -82.184795, 30.378936 ], [ -82.183493, 30.373338 ], [ -82.18024, 30.37258 ], [ -82.180991, 30.368611 ], [ -82.173745, 30.365066 ], [ -82.170197, 30.358972 ], [ -82.167413, 30.360002 ], [ -82.161777, 30.357111 ], [ -82.157897, 30.360122 ], [ -82.150099, 30.36183 ], [ -82.148549, 30.360898 ], [ -82.139962, 30.364919 ], [ -82.136942, 30.364224 ], [ -82.137064, 30.362516 ], [ -82.133864, 30.362237 ], [ -82.127564, 30.365438 ], [ -82.128672, 30.367083 ], [ -82.126484, 30.368308 ], [ -82.124869, 30.366379 ], [ -82.122175, 30.366756 ], [ -82.118149, 30.364358 ], [ -82.115775, 30.368053 ], [ -82.111521, 30.367557 ], [ -82.110332, 30.365209 ], [ -82.1104, 30.36672 ], [ -82.105118, 30.368877 ], [ -82.101559, 30.36664 ], [ -82.102375, 30.364379 ], [ -82.100628, 30.364417 ], [ -82.101075, 30.362791 ], [ -82.098699, 30.364061 ], [ -82.094718, 30.360703 ], [ -82.083318, 30.360334 ], [ -82.081114, 30.358768 ], [ -82.072668, 30.36141 ], [ -82.066184, 30.355757 ], [ -82.064911, 30.356433 ], [ -82.065421, 30.35855 ], [ -82.062856, 30.358755 ], [ -82.062421, 30.360649 ], [ -82.058091, 30.359214 ], [ -82.047771, 30.363485 ], [ -82.045117, 30.366307 ], [ -82.042314, 30.365315 ], [ -82.044587, 30.367503 ], [ -82.041758, 30.36762 ], [ -82.040751, 30.370556 ], [ -82.037218, 30.371848 ], [ -82.038141, 30.372924 ], [ -82.036765, 30.375109 ], [ -82.038812, 30.374693 ], [ -82.036633, 30.378096 ], [ -82.038156, 30.382209 ], [ -82.035811, 30.384851 ], [ -82.040065, 30.391385 ], [ -82.044685, 30.403963 ], [ -82.041288, 30.406669 ], [ -82.043899, 30.40799 ], [ -82.043632, 30.410557 ], [ -82.041868, 30.411314 ], [ -82.043358, 30.41305 ], [ -82.040847, 30.414938 ], [ -82.043762, 30.414869 ], [ -82.040985, 30.416597 ], [ -82.039505, 30.415503 ], [ -82.039139, 30.417051 ], [ -82.040542, 30.417639 ], [ -82.037552, 30.417538 ], [ -82.034134, 30.419924 ], [ -82.036003, 30.424967 ], [ -82.033775, 30.427555 ], [ -82.035324, 30.427992 ], [ -82.037727, 30.435474 ], [ -82.039459, 30.434372 ], [ -82.040001, 30.436661 ], [ -82.036064, 30.438463 ], [ -82.033874, 30.442316 ], [ -82.03247, 30.441599 ], [ -82.028145, 30.447252 ], [ -82.029625, 30.450743 ], [ -82.02687, 30.453722 ], [ -82.02832, 30.455391 ], [ -82.022272, 30.461382 ], [ -82.024164, 30.464479 ], [ -82.023595, 30.467212 ], [ -82.016906, 30.475111 ], [ -82.019348, 30.478976 ], [ -82.017433, 30.479875 ], [ -82.019218, 30.482979 ], [ -82.015548, 30.483958 ], [ -82.017143, 30.485583 ], [ -82.016405, 30.48867 ], [ -82.018017, 30.492075 ], [ -82.015717, 30.494822 ], [ -82.017754, 30.495792 ], [ -82.01515, 30.499892 ], [ -82.017087, 30.502076 ], [ -82.017021, 30.507132 ], [ -82.014564, 30.512312 ], [ -82.015541, 30.520098 ], [ -82.018585, 30.519489 ], [ -82.016296, 30.521904 ], [ -82.018631, 30.523834 ], [ -82.018181, 30.52751 ], [ -82.016441, 30.526899 ], [ -82.015434, 30.528501 ], [ -82.018303, 30.528521 ], [ -82.017601, 30.53232 ], [ -82.01905, 30.533012 ], [ -82.016609, 30.534733 ], [ -82.015754, 30.539539 ], [ -82.013412, 30.542444 ], [ -82.013166, 30.549946 ], [ -82.00995, 30.550434 ], [ -82.011139, 30.553473 ], [ -82.008423, 30.554529 ], [ -82.009597, 30.556206 ], [ -82.008468, 30.558094 ], [ -82.010025, 30.557873 ], [ -82.010711, 30.560736 ], [ -82.008033, 30.560253 ], [ -82.005401, 30.563698 ], [ -82.008407, 30.563658 ], [ -82.005821, 30.565133 ], [ -82.00823, 30.569712 ], [ -82.006532, 30.572941 ], [ -82.00788, 30.574969 ], [ -82.006183, 30.574957 ], [ -82.008026, 30.57703 ], [ -82.006126, 30.577124 ], [ -82.008995, 30.580149 ], [ -82.008878, 30.582936 ], [ -82.010754, 30.583717 ], [ -82.010209, 30.586419 ], [ -82.012158, 30.586262 ], [ -82.011203, 30.588991 ], [ -82.012793, 30.590303 ], [ -82.012219, 30.59391 ], [ -82.014449, 30.596286 ], [ -82.015087, 30.600602 ], [ -82.023655, 30.606775 ], [ -82.027229, 30.606661 ], [ -82.026809, 30.610872 ], [ -82.028885, 30.611685 ], [ -82.026283, 30.61339 ], [ -82.028259, 30.622011 ], [ -82.029983, 30.621912 ], [ -82.029518, 30.619158 ], [ -82.031646, 30.61953 ], [ -82.031684, 30.625016 ], [ -82.034959, 30.626837 ], [ -82.033171, 30.629493 ], [ -82.03673, 30.629975 ], [ -82.03582, 30.631853 ], [ -82.04049, 30.63605 ], [ -82.038768, 30.638663 ], [ -82.040245, 30.639709 ], [ -82.038612, 30.640947 ], [ -82.041641, 30.648981 ], [ -82.046076, 30.652072 ], [ -82.044345, 30.652941 ], [ -82.049023, 30.655295 ], [ -82.049396, 30.662007 ], [ -82.048344, 30.662926 ], [ -82.046471, 30.660806 ], [ -82.048059, 30.665031 ], [ -82.04599, 30.66637 ], [ -82.048279, 30.668906 ], [ -82.050255, 30.676115 ], [ -82.046295, 30.681124 ], [ -82.048431, 30.682432 ], [ -82.043686, 30.683947 ], [ -82.042984, 30.690065 ], [ -82.041237, 30.691032 ], [ -82.041679, 30.696152 ], [ -82.044037, 30.697369 ], [ -82.041244, 30.699385 ], [ -82.042946, 30.700886 ], [ -82.039566, 30.700678 ], [ -82.039779, 30.702192 ], [ -82.035927, 30.706205 ], [ -82.036804, 30.713033 ], [ -82.039039, 30.714952 ], [ -82.038894, 30.717651 ], [ -82.037117, 30.718538 ], [ -82.039566, 30.719299 ], [ -82.038513, 30.722637 ], [ -82.045608, 30.727552 ], [ -82.041931, 30.730009 ], [ -82.044071, 30.731263 ], [ -82.038894, 30.736153 ], [ -82.040451, 30.737972 ], [ -82.038856, 30.743698 ], [ -82.039795, 30.747297 ], [ -82.036773, 30.754434 ], [ -82.034586, 30.754289 ], [ -82.031679, 30.750388 ], [ -82.027681, 30.750935 ], [ -82.021844, 30.753626 ], [ -82.021368, 30.755193 ], [ -82.017589, 30.754991 ], [ -82.020164, 30.757839 ], [ -82.011603, 30.761878 ], [ -82.01516, 30.771971 ], [ -82.018365, 30.772611 ], [ -82.01738, 30.7758 ], [ -82.023643, 30.783082 ], [ -82.02288, 30.787706 ], [ -82.016975, 30.787798 ], [ -82.017715, 30.790577 ], [ -82.016327, 30.79158 ], [ -82.012974, 30.790931 ], [ -82.014184, 30.78921 ], [ -82.010446, 30.789979 ], [ -82.007674, 30.793037 ], [ -82.005852, 30.790386 ], [ -82.003587, 30.791675 ], [ -81.997406, 30.786391 ], [ -81.995573, 30.786839 ], [ -81.988712, 30.780363 ], [ -81.98102, 30.776976 ], [ -81.978042, 30.776552 ], [ -81.97364, 30.778719 ], [ -81.970123, 30.784357 ], [ -81.969024, 30.791277 ], [ -81.962173, 30.796978 ], [ -81.961723, 30.800993 ], [ -81.965042, 30.806807 ], [ -81.961944, 30.808708 ], [ -81.963882, 30.812946 ], [ -81.961219, 30.814037 ], [ -81.964485, 30.817297 ], [ -81.949638, 30.827845 ], [ -81.942024, 30.825554 ], [ -81.942815, 30.828504 ], [ -81.939079, 30.827211 ], [ -81.938834, 30.829849 ], [ -81.936294, 30.827766 ], [ -81.936065, 30.824482 ], [ -81.933517, 30.823376 ], [ -81.935257, 30.821066 ], [ -81.929832, 30.820072 ], [ -81.928741, 30.817511 ], [ -81.918647, 30.817818 ], [ -81.909111, 30.81568 ], [ -81.904213, 30.81859 ], [ -81.906969, 30.82649 ], [ -81.901245, 30.82988 ], [ -81.895538, 30.825289 ], [ -81.891975, 30.824882 ], [ -81.891434, 30.816586 ], [ -81.884719, 30.811422 ], [ -81.884529, 30.807598 ], [ -81.882141, 30.804834 ], [ -81.882667, 30.800282 ], [ -81.871139, 30.79804 ], [ -81.868515, 30.792906 ], [ -81.852691, 30.794897 ], [ -81.845871, 30.79075 ], [ -81.840271, 30.792591 ], [ -81.84188, 30.787569 ], [ -81.839477, 30.786589 ], [ -81.830009, 30.78936 ], [ -81.823799, 30.786812 ], [ -81.819488, 30.789886 ], [ -81.807449, 30.790119 ], [ -81.801887, 30.786875 ], [ -81.797172, 30.781469 ], [ -81.795967, 30.782129 ], [ -81.797126, 30.78503 ], [ -81.793075, 30.787251 ], [ -81.791351, 30.782804 ], [ -81.78379, 30.773333 ], [ -81.786697, 30.769802 ], [ -81.78276, 30.766613 ], [ -81.78263, 30.761454 ], [ -81.771568, 30.764143 ], [ -81.77359, 30.767708 ], [ -81.770264, 30.77367 ], [ -81.770706, 30.77682 ], [ -81.76172, 30.775698 ], [ -81.755943, 30.769344 ], [ -81.740753, 30.765007 ], [ -81.742195, 30.759254 ], [ -81.731857, 30.754995 ], [ -81.733215, 30.751276 ], [ -81.732055, 30.749815 ], [ -81.72013, 30.744719 ], [ -81.709114, 30.747976 ], [ -81.702087, 30.74547 ], [ -81.693893, 30.748472 ], [ -81.689155, 30.741632 ], [ -81.67942, 30.74152 ], [ -81.672494, 30.73879 ], [ -81.668838, 30.742514 ], [ -81.670837, 30.747396 ], [ -81.673484, 30.74855 ], [ -81.679908, 30.744692 ], [ -81.682777, 30.745968 ], [ -81.683096, 30.748492 ], [ -81.679069, 30.750906 ], [ -81.669555, 30.751701 ], [ -81.662323, 30.754177 ], [ -81.659729, 30.749716 ], [ -81.663482, 30.745853 ], [ -81.663009, 30.743492 ], [ -81.660835, 30.74234 ], [ -81.654304, 30.74436 ], [ -81.651828, 30.742208 ], [ -81.65409, 30.733093 ], [ -81.652153, 30.72887 ], [ -81.648536, 30.727423 ], [ -81.643585, 30.728203 ], [ -81.636619, 30.733938 ], [ -81.632682, 30.728596 ], [ -81.630432, 30.728088 ], [ -81.628829, 30.729307 ], [ -81.628331, 30.735394 ], [ -81.624366, 30.73634 ], [ -81.620681, 30.730959 ], [ -81.623434, 30.725555 ], [ -81.622978, 30.723467 ], [ -81.614166, 30.722353 ], [ -81.61193, 30.717201 ], [ -81.60987, 30.715933 ], [ -81.606048, 30.718676 ], [ -81.605834, 30.727264 ], [ -81.601882, 30.729586 ], [ -81.596534, 30.727472 ], [ -81.597373, 30.720226 ], [ -81.596176, 30.718666 ], [ -81.592658, 30.718908 ], [ -81.587684, 30.723635 ], [ -81.574218, 30.722504 ], [ -81.563507, 30.71751 ], [ -81.563461, 30.713423 ], [ -81.561424, 30.711672 ], [ -81.548377, 30.718279 ], [ -81.54602, 30.716942 ], [ -81.542831, 30.711134 ], [ -81.538391, 30.708656 ], [ -81.534011, 30.711447 ], [ -81.534492, 30.720074 ], [ -81.532295, 30.724091 ], [ -81.509887, 30.722614 ], [ -81.488464, 30.726309 ], [ -81.484825, 30.725113 ], [ -81.474113, 30.713913 ], [ -81.451241, 30.709484 ], [ -81.403702, 30.709814 ], [ -81.404175, 30.712439 ], [ -81.347015, 30.712444 ], [ -81.346389, 30.701438 ], [ -81.351553, 30.685666 ], [ -81.358169, 30.675976 ], [ -81.373398, 30.662779 ], [ -81.382015, 30.615913 ], [ -81.382015, 30.583579 ], [ -81.377674, 30.54446 ], [ -81.375002, 30.532758 ], [ -81.358793, 30.501504 ] ] ] ] } },
{ "type": "Feature", "properties": { "CSAFP": "368", "CBSAFP": "32820", "GEOID": "32820", "GEOIDFQ": "310M700US32820", "NAME": "Memphis, TN-MS-AR", "NAMELSAD": "Memphis, TN-MS-AR Metro Area", "LSAD": "M1", "MEMI": "1", "MTFCC": "G3110", "ALAND": 12878502167, "AWATER": 331687210, "INTPTLAT": "+35.0103070", "INTPTLON": "-089.8205035", "GEO_ID": "310M700US32820", "NAME_2": "Memphis, TN-MS-AR Metro Area", "DP05_0001E": "1341924", "DP05_0001M": "*****" }, "geometry": { "type": "MultiPolygon", "coordinates": [ [ [ [ -89.915636, 34.553692 ], [ -90.198631, 34.554425 ], [ -90.198536, 34.511088 ], [ -90.304317, 34.509621 ], [ -90.301851, 34.424546 ], [ -90.399498, 34.423807 ], [ -90.567874, 34.523999 ], [ -90.552948, 34.531298 ], [ -90.544082, 34.537742 ], [ -90.539623, 34.553925 ], [ -90.541443, 34.559543 ], [ -90.549358, 34.569255 ], [ -90.573762, 34.592133 ], [ -90.587201, 34.610903 ], [ -90.591595, 34.621012 ], [ -90.590397, 34.630754 ], [ -90.583173, 34.651963 ], [ -90.568407, 34.668878 ], [ -90.567697, 34.679093 ], [ -90.570102, 34.693432 ], [ -90.556234, 34.693576 ], [ -90.546224, 34.688772 ], [ -90.541928, 34.683862 ], [ -90.540087, 34.676432 ], [ -90.552632, 34.659332 ], [ -90.554885, 34.645168 ], [ -90.552815, 34.638118 ], [ -90.546541, 34.631018 ], [ -90.534207, 34.627462 ], [ -90.519439, 34.629918 ], [ -90.506041, 34.638237 ], [ -90.499893, 34.644983 ], [ -90.48758, 34.65323 ], [ -90.470856, 34.667676 ], [ -90.465871, 34.674895 ], [ -90.462883, 34.683805 ], [ -90.463364, 34.691211 ], [ -90.46618, 34.699115 ], [ -90.474166, 34.705277 ], [ -90.516666, 34.695555 ], [ -90.529562, 34.695834 ], [ -90.542499, 34.7 ], [ -90.559444, 34.710833 ], [ -90.571944, 34.712777 ], [ -90.568611, 34.721388 ], [ -90.566667, 34.735 ], [ -90.563611, 34.737778 ], [ -90.558333, 34.739167 ], [ -90.545556, 34.738889 ], [ -90.539786, 34.754304 ], [ -90.547778, 34.783333 ], [ -90.544167, 34.791667 ], [ -90.540833, 34.795833 ], [ -90.533333, 34.8 ], [ -90.521111, 34.801944 ], [ -90.513889, 34.8 ], [ -90.511111, 34.798288 ], [ -90.511388, 34.789999 ], [ -90.492777, 34.772499 ], [ -90.494148, 34.757568 ], [ -90.509722, 34.747777 ], [ -90.524166, 34.731388 ], [ -90.508333, 34.723611 ], [ -90.499999, 34.721666 ], [ -90.491666, 34.721388 ], [ -90.474999, 34.723888 ], [ -90.457261, 34.731348 ], [ -90.448805, 34.738603 ], [ -90.447994, 34.741988 ], [ -90.451791, 34.754228 ], [ -90.47042, 34.780896 ], [ -90.476584, 34.794004 ], [ -90.476174, 34.800484 ], [ -90.470374, 34.811554 ], [ -90.455379, 34.820785 ], [ -90.462334, 34.833129 ], [ -90.483498, 34.86046 ], [ -90.484689, 34.872851 ], [ -90.480617, 34.881984 ], [ -90.472492, 34.887934 ], [ -90.462272, 34.891738 ], [ -90.45066, 34.890093 ], [ -90.438206, 34.884346 ], [ -90.430702, 34.872467 ], [ -90.429408, 34.866406 ], [ -90.435583, 34.85625 ], [ -90.449691, 34.83992 ], [ -90.438729, 34.825248 ], [ -90.407946, 34.826559 ], [ -90.407717, 35.002536 ], [ -90.402679, 35.0025 ], [ -90.400438, 35.148231 ], [ -90.503031, 35.144215 ], [ -90.502215, 35.178818 ], [ -90.506526, 35.17875 ], [ -90.502392, 35.441647 ], [ -90.140114, 35.436771 ], [ -90.129435, 35.442119 ], [ -90.120987, 35.465028 ], [ -90.114605, 35.472173 ], [ -90.107545, 35.476965 ], [ -90.088033, 35.478583 ], [ -90.079007, 35.476874 ], [ -90.067203, 35.464781 ], [ -90.074128, 35.439566 ], [ -90.074098, 35.43414 ], [ -90.070616, 35.423497 ], [ -90.062018, 35.41518 ], [ -90.069528, 35.408132 ], [ -90.054322, 35.389277 ], [ -90.044582, 35.393073 ], [ -90.041563, 35.39662 ], [ -90.056782, 35.403863 ], [ -90.048086, 35.411737 ], [ -90.021191, 35.420226 ], [ -90.002668, 35.429985 ], [ -90.0058, 35.450232 ], [ -90.012531, 35.463668 ], [ -90.01981, 35.473282 ], [ -90.036184, 35.483727 ], [ -90.044138, 35.494622 ], [ -90.048241, 35.503849 ], [ -90.050186, 35.515981 ], [ -90.04946, 35.520586 ], [ -90.041964, 35.537057 ], [ -90.039876, 35.547418 ], [ -90.035104, 35.552311 ], [ -90.02564, 35.556089 ], [ -90.017587, 35.556094 ], [ -90.007866, 35.560144 ], [ -89.999207, 35.561198 ], [ -89.989667, 35.560221 ], [ -89.975711, 35.553488 ], [ -89.958092, 35.541227 ], [ -89.955641, 35.534076 ], [ -89.958749, 35.523837 ], [ -89.926539, 35.511607 ], [ -89.915497, 35.511842 ], [ -89.908934, 35.51424 ], [ -89.903263, 35.52201 ], [ -89.902132, 35.528122 ], [ -89.904013, 35.535319 ], [ -89.909698, 35.537955 ], [ -89.901072, 35.542268 ], [ -89.894393, 35.550157 ], [ -89.887934, 35.566183 ], [ -89.888843, 35.571609 ], [ -89.881262, 35.577438 ], [ -89.881981, 35.57991 ], [ -89.886021, 35.582587 ], [ -89.885375, 35.584321 ], [ -89.879776, 35.586497 ], [ -89.874675, 35.585732 ], [ -89.871051, 35.581384 ], [ -89.869778, 35.586148 ], [ -89.867093, 35.588587 ], [ -89.859651, 35.584716 ], [ -89.859907, 35.587831 ], [ -89.857248, 35.591727 ], [ -89.85255, 35.590987 ], [ -89.8512, 35.594928 ], [ -89.846644, 35.594848 ], [ -89.842404, 35.597094 ], [ -89.844881, 35.60119 ], [ -89.844691, 35.604775 ], [ -89.839149, 35.60406 ], [ -89.838115, 35.601331 ], [ -89.836472, 35.603363 ], [ -89.833339, 35.602859 ], [ -89.831553, 35.605154 ], [ -89.828282, 35.602516 ], [ -89.824023, 35.60318 ], [ -89.826308, 35.614817 ], [ -89.824178, 35.612863 ], [ -89.820744, 35.616867 ], [ -89.814966, 35.617798 ], [ -89.817915, 35.618947 ], [ -89.818676, 35.621178 ], [ -89.815469, 35.625113 ], [ -89.813894, 35.624499 ], [ -89.815418, 35.61991 ], [ -89.81161, 35.619827 ], [ -89.81271, 35.622465 ], [ -89.811461, 35.623644 ], [ -89.807115, 35.620462 ], [ -89.8039, 35.623389 ], [ -89.807443, 35.62525 ], [ -89.806911, 35.627149 ], [ -89.80133, 35.62915 ], [ -89.796942, 35.632799 ], [ -89.793011, 35.632712 ], [ -89.795278, 35.635965 ], [ -89.79353, 35.63997 ], [ -89.791899, 35.639488 ], [ -89.793507, 35.637555 ], [ -89.790943, 35.637484 ], [ -89.788185, 35.634605 ], [ -89.787204, 35.637765 ], [ -89.782369, 35.634754 ], [ -89.781339, 35.636825 ], [ -89.779361, 35.635463 ], [ -89.777157, 35.637811 ], [ -89.769518, 35.638585 ], [ -89.771946, 35.643103 ], [ -89.765656, 35.640218 ], [ -89.763816, 35.646089 ], [ -89.759108, 35.64256 ], [ -89.757773, 35.650423 ], [ -89.751607, 35.648969 ], [ -89.75105, 35.646417 ], [ -89.740989, 35.645725 ], [ -89.74114, 35.641553 ], [ -89.739432, 35.639256 ], [ -89.738564, 35.643046 ], [ -89.731795, 35.647773 ], [ -89.729211, 35.647444 ], [ -89.727085, 35.641167 ], [ -89.728936, 35.641085 ], [ -89.730186, 35.638847 ], [ -89.727129, 35.636455 ], [ -89.726042, 35.640237 ], [ -89.723792, 35.637905 ], [ -89.72241, 35.638588 ], [ -89.723311, 35.640759 ], [ -89.716949, 35.638414 ], [ -89.710752, 35.640854 ], [ -89.706053, 35.639674 ], [ -89.702921, 35.642466 ], [ -89.699346, 35.640976 ], [ -89.699407, 35.643225 ], [ -89.695872, 35.641995 ], [ -89.695848, 35.644528 ], [ -89.693842, 35.645054 ], [ -89.691372, 35.641903 ], [ -89.692549, 35.638737 ], [ -89.689819, 35.638251 ], [ -89.688666, 35.635949 ], [ -89.685755, 35.638058 ], [ -89.683541, 35.637781 ], [ -89.681728, 35.640369 ], [ -89.682005, 35.638296 ], [ -89.678835, 35.635779 ], [ -89.678116, 35.637593 ], [ -89.675206, 35.637609 ], [ -89.676892, 35.639328 ], [ -89.675441, 35.640349 ], [ -89.671706, 35.638844 ], [ -89.6683, 35.631659 ], [ -89.66654, 35.631269 ], [ -89.665432, 35.632181 ], [ -89.666904, 35.636024 ], [ -89.661259, 35.631757 ], [ -89.65899, 35.635648 ], [ -89.65774, 35.633501 ], [ -89.653001, 35.638436 ], [ -89.651006, 35.6387 ], [ -89.653789, 35.644836 ], [ -89.650488, 35.64543 ], [ -89.651001, 35.648521 ], [ -89.640711, 35.645119 ], [ -89.63908, 35.646811 ], [ -89.631124, 35.645012 ], [ -89.632119, 35.647075 ], [ -89.634415, 35.646775 ], [ -89.632717, 35.650281 ], [ -89.627283, 35.64862 ], [ -89.622929, 35.652326 ], [ -89.62289, 35.649874 ], [ -89.618964, 35.647881 ], [ -89.621482, 35.647245 ], [ -89.621112, 35.64615 ], [ -89.612457, 35.642934 ], [ -89.616068, 35.640802 ], [ -89.614744, 35.638835 ], [ -89.6156, 35.63656 ], [ -89.613639, 35.636283 ], [ -89.612802, 35.638848 ], [ -89.608122, 35.636312 ], [ -89.608961, 35.633181 ], [ -89.604825, 35.630662 ], [ -89.6067, 35.627718 ], [ -89.602645, 35.623917 ], [ -89.60161, 35.625284 ], [ -89.603952, 35.626219 ], [ -89.602796, 35.628757 ], [ -89.598171, 35.630088 ], [ -89.58791, 35.625379 ], [ -89.585434, 35.625828 ], [ -89.586437, 35.622698 ], [ -89.58329, 35.618008 ], [ -89.581926, 35.617957 ], [ -89.581872, 35.621492 ], [ -89.578806, 35.619033 ], [ -89.579921, 35.616716 ], [ -89.577954, 35.614771 ], [ -89.57599, 35.615316 ], [ -89.57593, 35.617922 ], [ -89.574179, 35.618781 ], [ -89.572618, 35.614043 ], [ -89.566645, 35.615459 ], [ -89.56642, 35.613008 ], [ -89.560592, 35.613446 ], [ -89.562011, 35.61102 ], [ -89.555699, 35.610617 ], [ -89.555779, 35.605532 ], [ -89.55418, 35.604287 ], [ -89.553256, 35.608577 ], [ -89.550713, 35.605934 ], [ -89.548015, 35.607601 ], [ -89.548128, 35.609886 ], [ -89.545461, 35.609693 ], [ -89.544067, 35.608086 ], [ -89.545561, 35.604626 ], [ -89.543598, 35.602841 ], [ -89.538827, 35.604953 ], [ -89.531776, 35.602346 ], [ -89.535421, 35.595844 ], [ -89.526987, 35.598901 ], [ -89.527301, 35.591248 ], [ -89.526129, 35.589943 ], [ -89.526006, 35.594796 ], [ -89.522251, 35.593298 ], [ -89.521402, 35.59581 ], [ -89.51904, 35.593123 ], [ -89.521227, 35.59081 ], [ -89.520615, 35.589514 ], [ -89.511487, 35.587998 ], [ -89.512229, 35.582979 ], [ -89.510617, 35.580862 ], [ -89.506991, 35.583223 ], [ -89.507409, 35.580547 ], [ -89.501231, 35.580388 ], [ -89.497938, 35.575477 ], [ -89.492754, 35.576743 ], [ -89.483742, 35.574048 ], [ -89.489112, 35.571247 ], [ -89.488885, 35.568382 ], [ -89.487644, 35.56977 ], [ -89.483235, 35.569276 ], [ -89.482637, 35.565489 ], [ -89.479113, 35.564327 ], [ -89.477259, 35.56138 ], [ -89.482047, 35.556049 ], [ -89.480297, 35.551567 ], [ -89.48317, 35.546871 ], [ -89.477271, 35.546318 ], [ -89.477043, 35.549021 ], [ -89.471809, 35.54413 ], [ -89.472614, 35.547484 ], [ -89.469862, 35.546566 ], [ -89.474171, 35.403039 ], [ -89.438527, 35.402113 ], [ -89.438639, 35.401048 ], [ -89.183944, 35.397126 ], [ -89.198288, 34.994484 ], [ -89.017127, 34.994971 ], [ -89.017551, 34.858723 ], [ -89.035009, 34.858762 ], [ -89.03534, 34.81526 ], [ -89.088065, 34.815307 ], [ -89.088488, 34.598247 ], [ -89.245611, 34.597601 ], [ -89.245996, 34.497361 ], [ -89.246133, 34.495633 ], [ -89.24729, 34.496258 ], [ -89.24827, 34.494788 ], [ -89.249594, 34.49692 ], [ -89.246673, 34.497517 ], [ -89.248917, 34.499606 ], [ -89.250411, 34.499637 ], [ -89.251412, 34.496284 ], [ -89.254048, 34.496188 ], [ -89.255658, 34.497882 ], [ -89.258138, 34.496883 ], [ -89.25799, 34.500419 ], [ -89.263219, 34.50073 ], [ -89.262146, 34.503993 ], [ -89.264692, 34.505493 ], [ -89.269325, 34.504586 ], [ -89.269435, 34.506898 ], [ -89.272499, 34.506417 ], [ -89.274242, 34.508107 ], [ -89.274197, 34.505569 ], [ -89.27632, 34.505192 ], [ -89.277809, 34.506544 ], [ -89.277012, 34.507426 ], [ -89.280032, 34.506351 ], [ -89.282657, 34.508983 ], [ -89.283635, 34.506987 ], [ -89.285961, 34.50853 ], [ -89.287261, 34.506142 ], [ -89.2888, 34.506214 ], [ -89.288323, 34.509765 ], [ -89.290107, 34.511089 ], [ -89.288922, 34.512657 ], [ -89.292628, 34.515558 ], [ -89.292045, 34.517264 ], [ -89.295627, 34.514949 ], [ -89.295094, 34.518385 ], [ -89.296853, 34.519301 ], [ -89.300497, 34.513503 ], [ -89.303432, 34.516265 ], [ -89.302431, 34.518147 ], [ -89.310399, 34.517545 ], [ -89.310875, 34.520058 ], [ -89.313661, 34.517924 ], [ -89.31295, 34.51987 ], [ -89.315209, 34.522491 ], [ -89.313289, 34.523003 ], [ -89.314654, 34.524195 ], [ -89.319574, 34.520263 ], [ -89.326561, 34.523231 ], [ -89.325647, 34.525953 ], [ -89.329038, 34.525246 ], [ -89.330498, 34.522925 ], [ -89.329994, 34.526032 ], [ -89.33128, 34.527226 ], [ -89.333144, 34.524161 ], [ -89.335533, 34.523826 ], [ -89.335121, 34.522349 ], [ -89.33702, 34.52254 ], [ -89.337341, 34.524814 ], [ -89.339599, 34.523265 ], [ -89.342337, 34.524647 ], [ -89.343211, 34.521152 ], [ -89.345104, 34.525987 ], [ -89.346636, 34.522272 ], [ -89.34935, 34.522992 ], [ -89.349892, 34.521788 ], [ -89.354012, 34.522694 ], [ -89.35307, 34.52724 ], [ -89.362112, 34.522337 ], [ -89.362307, 34.525336 ], [ -89.364408, 34.523907 ], [ -89.365848, 34.526296 ], [ -89.367064, 34.525174 ], [ -89.364037, 34.519286 ], [ -89.369088, 34.520572 ], [ -89.369828, 34.518623 ], [ -89.372676, 34.519338 ], [ -89.373658, 34.518157 ], [ -89.373818, 34.520477 ], [ -89.375806, 34.520583 ], [ -89.379234, 34.516875 ], [ -89.380174, 34.517524 ], [ -89.378827, 34.51894 ], [ -89.381613, 34.52071 ], [ -89.386529, 34.519071 ], [ -89.386725, 34.521316 ], [ -89.389348, 34.522424 ], [ -89.389028, 34.524237 ], [ -89.392227, 34.525324 ], [ -89.393629, 34.523681 ], [ -89.394206, 34.525312 ], [ -89.40147, 34.525606 ], [ -89.40242, 34.528252 ], [ -89.406293, 34.526353 ], [ -89.405606, 34.524437 ], [ -89.407522, 34.522259 ], [ -89.41081, 34.522951 ], [ -89.412351, 34.526056 ], [ -89.414882, 34.522194 ], [ -89.424459, 34.519129 ], [ -89.434042, 34.519915 ], [ -89.440195, 34.52345 ], [ -89.442435, 34.531029 ], [ -89.448182, 34.530483 ], [ -89.456116, 34.532718 ], [ -89.459224, 34.537517 ], [ -89.465022, 34.540725 ], [ -89.46795, 34.54616 ], [ -89.473558, 34.546704 ], [ -89.476659, 34.548987 ], [ -89.474872, 34.551228 ], [ -89.476642, 34.554168 ], [ -89.564897, 34.55538 ], [ -89.915636, 34.553692 ] ] ] ] } },
{ "type": "Feature", "properties": { "CSAFP": "178", "CBSAFP": "17140", "GEOID": "17140", "GEOIDFQ": "310M700US17140", "NAME": "Cincinnati, OH-KY-IN", "NAMELSAD": "Cincinnati, OH-KY-IN Metro Area", "LSAD": "M1", "MEMI": "1", "MTFCC": "G3110", "ALAND": 11357649906, "AWATER": 208697728, "INTPTLAT": "+39.0785953", "INTPTLON": "-084.4635350", "GEO_ID": "310M700US17140", "NAME_2": "Cincinnati, OH-KY-IN Metro Area", "DP05_0001E": "2270706", "DP05_0001M": "*****" }, "geometry": { "type": "MultiPolygon", "coordinates": [ [ [ [ -84.007454, 39.255112 ], [ -83.865679, 39.247333 ], [ -83.869698, 39.056985 ], [ -83.872214, 39.021304 ], [ -83.673018, 39.02043 ], [ -83.69935, 38.727259 ], [ -83.705312, 38.639835 ], [ -83.713608, 38.641768 ], [ -83.720862, 38.646674 ], [ -83.748254, 38.64927 ], [ -83.763196, 38.652241 ], [ -83.76912, 38.655075 ], [ -83.772319, 38.658484 ], [ -83.775732, 38.666713 ], [ -83.783472, 38.695202 ], [ -83.787769, 38.699918 ], [ -83.801039, 38.705349 ], [ -83.82189, 38.709537 ], [ -83.836759, 38.717718 ], [ -83.841556, 38.723919 ], [ -83.848331, 38.746485 ], [ -83.858642, 38.756523 ], [ -83.872415, 38.762255 ], [ -83.903901, 38.768182 ], [ -83.993038, 38.592675 ], [ -83.993367, 38.587003 ], [ -83.996767, 38.583334 ], [ -83.998936, 38.584191 ], [ -84.001082, 38.58894 ], [ -84.004678, 38.589771 ], [ -84.006683, 38.589317 ], [ -84.009704, 38.584498 ], [ -84.01928, 38.58422 ], [ -84.020474, 38.585715 ], [ -84.015701, 38.589953 ], [ -84.019696, 38.594826 ], [ -84.025539, 38.590902 ], [ -84.023569, 38.583861 ], [ -84.028392, 38.582398 ], [ -84.033695, 38.582947 ], [ -84.031932, 38.590624 ], [ -84.035034, 38.593702 ], [ -84.031872, 38.594905 ], [ -84.032907, 38.596116 ], [ -84.037251, 38.596277 ], [ -84.048184, 38.590692 ], [ -84.051821, 38.591082 ], [ -84.052442, 38.592525 ], [ -84.050654, 38.594381 ], [ -84.045854, 38.594413 ], [ -84.044419, 38.596152 ], [ -84.045435, 38.600641 ], [ -84.050252, 38.602592 ], [ -84.055103, 38.599079 ], [ -84.053457, 38.595884 ], [ -84.058296, 38.591375 ], [ -84.060939, 38.592784 ], [ -84.058472, 38.597407 ], [ -84.0595, 38.598896 ], [ -84.06722, 38.597757 ], [ -84.067799, 38.599727 ], [ -84.065976, 38.602375 ], [ -84.068614, 38.603941 ], [ -84.074408, 38.598636 ], [ -84.077981, 38.598337 ], [ -84.078757, 38.604568 ], [ -84.083367, 38.608621 ], [ -84.085009, 38.606455 ], [ -84.082334, 38.600347 ], [ -84.08301, 38.598089 ], [ -84.090769, 38.59544 ], [ -84.095209, 38.591982 ], [ -84.096368, 38.588376 ], [ -84.104477, 38.586288 ], [ -84.105093, 38.585053 ], [ -84.102422, 38.581143 ], [ -84.108039, 38.579791 ], [ -84.109233, 38.575933 ], [ -84.114722, 38.570852 ], [ -84.12193, 38.570349 ], [ -84.124813, 38.568465 ], [ -84.122329, 38.563575 ], [ -84.135546, 38.557052 ], [ -84.136203, 38.554054 ], [ -84.146365, 38.549802 ], [ -84.153763, 38.550951 ], [ -84.155919, 38.554134 ], [ -84.162031, 38.554125 ], [ -84.16252, 38.55584 ], [ -84.168097, 38.559007 ], [ -84.172616, 38.557421 ], [ -84.179633, 38.558448 ], [ -84.189875, 38.552545 ], [ -84.193317, 38.553592 ], [ -84.200794, 38.55045 ], [ -84.21073, 38.550485 ], [ -84.215625, 38.554976 ], [ -84.21768, 38.55998 ], [ -84.21444, 38.562813 ], [ -84.204666, 38.563751 ], [ -84.202176, 38.566151 ], [ -84.201677, 38.570631 ], [ -84.205346, 38.582039 ], [ -84.400321, 38.560603 ], [ -84.403667, 38.56493 ], [ -84.410646, 38.565719 ], [ -84.41831, 38.557221 ], [ -84.426461, 38.557716 ], [ -84.425515, 38.555263 ], [ -84.420306, 38.551711 ], [ -84.421079, 38.550232 ], [ -84.42444, 38.550045 ], [ -84.427842, 38.546304 ], [ -84.42624, 38.545075 ], [ -84.421345, 38.545521 ], [ -84.419225, 38.542781 ], [ -84.422902, 38.54256 ], [ -84.42701, 38.538929 ], [ -84.432223, 38.539701 ], [ -84.433156, 38.533811 ], [ -84.435091, 38.536638 ], [ -84.447242, 38.537057 ], [ -84.448623, 38.535496 ], [ -84.445991, 38.532497 ], [ -84.447852, 38.529654 ], [ -84.449277, 38.53005 ], [ -84.448716, 38.533389 ], [ -84.455028, 38.530721 ], [ -84.457243, 38.531989 ], [ -84.455971, 38.534273 ], [ -84.457608, 38.536219 ], [ -84.46257, 38.534858 ], [ -84.466243, 38.536054 ], [ -84.470025, 38.538506 ], [ -84.472188, 38.54399 ], [ -84.475192, 38.543839 ], [ -84.485295, 38.508552 ], [ -84.496633, 38.512417 ], [ -84.50309, 38.511906 ], [ -84.507385, 38.507606 ], [ -84.513304, 38.508911 ], [ -84.521393, 38.508299 ], [ -84.523664, 38.505644 ], [ -84.527472, 38.50571 ], [ -84.530526, 38.503333 ], [ -84.534555, 38.503116 ], [ -84.53539, 38.500831 ], [ -84.54281, 38.499298 ], [ -84.543513, 38.497204 ], [ -84.548485, 38.496295 ], [ -84.551883, 38.493221 ], [ -84.560674, 38.492378 ], [ -84.580539, 38.473039 ], [ -84.600769, 38.481028 ], [ -84.605552, 38.480567 ], [ -84.61018, 38.482446 ], [ -84.61803, 38.480966 ], [ -84.626651, 38.485132 ], [ -84.628437, 38.491395 ], [ -84.633563, 38.495022 ], [ -84.636332, 38.503205 ], [ -84.643734, 38.508413 ], [ -84.642004, 38.510059 ], [ -84.642287, 38.513854 ], [ -84.645874, 38.513313 ], [ -84.650051, 38.515294 ], [ -84.648578, 38.518436 ], [ -84.644753, 38.520301 ], [ -84.655473, 38.523863 ], [ -84.653015, 38.527517 ], [ -84.658157, 38.52908 ], [ -84.657752, 38.53282 ], [ -84.661789, 38.532851 ], [ -84.663683, 38.531006 ], [ -84.667266, 38.531631 ], [ -84.667815, 38.528196 ], [ -84.67058, 38.526651 ], [ -84.671634, 38.53057 ], [ -84.674574, 38.532033 ], [ -84.671694, 38.534125 ], [ -84.671606, 38.536998 ], [ -84.666464, 38.535855 ], [ -84.669306, 38.540759 ], [ -84.665416, 38.543718 ], [ -84.66782, 38.545532 ], [ -84.675152, 38.546146 ], [ -84.675028, 38.548055 ], [ -84.679296, 38.551279 ], [ -84.677529, 38.553492 ], [ -84.678477, 38.555836 ], [ -84.674612, 38.554723 ], [ -84.674505, 38.557942 ], [ -84.680959, 38.55975 ], [ -84.774322, 38.618594 ], [ -84.785788, 38.720459 ], [ -84.787412, 38.723539 ], [ -84.794077, 38.724503 ], [ -84.796027, 38.719296 ], [ -84.799612, 38.715507 ], [ -84.814524, 38.710795 ], [ -84.816328, 38.707724 ], [ -84.810173, 38.704821 ], [ -84.811845, 38.702307 ], [ -84.821449, 38.703856 ], [ -84.830212, 38.711322 ], [ -84.83403, 38.711911 ], [ -84.835946, 38.708058 ], [ -84.841857, 38.703621 ], [ -84.844734, 38.696818 ], [ -84.85523, 38.697884 ], [ -84.859745, 38.700891 ], [ -84.86836, 38.700021 ], [ -84.870541, 38.698394 ], [ -84.87084, 38.692087 ], [ -84.873185, 38.688918 ], [ -84.881462, 38.684946 ], [ -84.885002, 38.687866 ], [ -84.888102, 38.687346 ], [ -84.88814, 38.678129 ], [ -84.889989, 38.67636 ], [ -84.895329, 38.678813 ], [ -84.904134, 38.678497 ], [ -84.904948, 38.669825 ], [ -84.911569, 38.668669 ], [ -84.921288, 38.670433 ], [ -84.925431, 38.673417 ], [ -84.932366, 38.666556 ], [ -84.934536, 38.66213 ], [ -84.962671, 38.679586 ], [ -85.023118, 38.761327 ], [ -85.011703, 38.766235 ], [ -84.991924, 38.778284 ], [ -84.974575, 38.77895 ], [ -84.941119, 38.775688 ], [ -84.915604, 38.784045 ], [ -84.894137, 38.793713 ], [ -84.887559, 38.794825 ], [ -84.855598, 38.789996 ], [ -84.828857, 38.783271 ], [ -84.814672, 38.784505 ], [ -84.812534, 38.786729 ], [ -84.811599, 38.79196 ], [ -84.813991, 38.800217 ], [ -84.82702, 38.818527 ], [ -84.829976, 38.825714 ], [ -84.830045, 38.83014 ], [ -84.823645, 38.838921 ], [ -84.803747, 38.850433 ], [ -84.790436, 38.861246 ], [ -84.786161, 38.868685 ], [ -84.784535, 38.875082 ], [ -84.785275, 38.880425 ], [ -84.787564, 38.883298 ], [ -84.801884, 38.891876 ], [ -84.813406, 38.895248 ], [ -84.830366, 38.897245 ], [ -84.861874, 38.897752 ], [ -84.870623, 38.900906 ], [ -85.140312, 38.903194 ], [ -85.0651, 39.310069 ], [ -85.132683, 39.310469 ], [ -85.217883, 39.308474 ], [ -85.29654, 39.268291 ], [ -85.297332, 39.339807 ], [ -85.296086, 39.364979 ], [ -85.298609, 39.525473 ], [ -85.022476, 39.526126 ], [ -85.022818, 39.524382 ], [ -84.929082, 39.524407 ], [ -84.815353, 39.52195 ], [ -84.814934, 39.567714 ], [ -84.759498, 39.5666 ], [ -84.478927, 39.56879 ], [ -84.479213, 39.591024 ], [ -84.286152, 39.589581 ], [ -83.976987, 39.569402 ], [ -84.007454, 39.255112 ] ] ] ] } },
{ "type": "Feature", "properties": { "CSAFP": "548", "CBSAFP": "47900", "GEOID": "47900", "GEOIDFQ": "310M700US47900", "NAME": "Washington-Arlington-Alexandria, DC-VA-MD-WV", "NAMELSAD": "Washington-Arlington-Alexandria, DC-VA-MD-WV Metro Area", "LSAD": "M1", "MEMI": "1", "MTFCC": "G3110", "ALAND": 15627121948, "AWATER": 784736319, "INTPTLAT": "+38.8297866", "INTPTLON": "-077.4956841", "GEO_ID": "310M700US47900", "NAME_2": "Washington-Arlington-Alexandria, DC-VA-MD-WV Metro Area", "DP05_0001E": "6318377", "DP05_0001M": "*****" }, "geometry": { "type": "MultiPolygon", "coordinates": [ [ [ [ -76.675457, 38.535876 ], [ -76.665064, 38.528667 ], [ -76.662551, 38.524248 ], [ -76.666568, 38.518533 ], [ -76.674118, 38.499622 ], [ -76.684598, 38.495009 ], [ -76.699317, 38.497125 ], [ -76.702203, 38.501668 ], [ -76.705308, 38.501683 ], [ -76.710613, 38.507469 ], [ -76.71053, 38.50917 ], [ -76.713835, 38.510482 ], [ -76.715649, 38.509446 ], [ -76.726627, 38.511769 ], [ -76.752925, 38.513755 ], [ -76.766899, 38.513278 ], [ -76.774955, 38.5089 ], [ -76.822408, 38.43241 ], [ -76.822695, 38.428378 ], [ -76.827323, 38.425186 ], [ -76.829557, 38.421119 ], [ -76.834882, 38.417935 ], [ -76.840851, 38.410164 ], [ -76.846681, 38.40799 ], [ -76.850317, 38.398336 ], [ -76.862268, 38.391846 ], [ -76.866488, 38.392812 ], [ -76.868749, 38.389809 ], [ -76.87146, 38.389937 ], [ -76.87423, 38.383725 ], [ -76.873658, 38.379571 ], [ -76.852231, 38.368111 ], [ -76.847925, 38.36223 ], [ -76.847768, 38.355775 ], [ -76.853623, 38.3401 ], [ -76.85289, 38.332598 ], [ -76.846167, 38.327785 ], [ -76.820951, 38.271342 ], [ -76.826693, 38.259526 ], [ -76.828909, 38.250128 ], [ -76.868884, 38.171328 ], [ -76.88101, 38.175199 ], [ -76.891189, 38.183732 ], [ -76.915987, 38.199667 ], [ -76.936838, 38.202385 ], [ -76.94902, 38.208418 ], [ -76.962251, 38.229888 ], [ -76.958099, 38.234058 ], [ -76.956923, 38.237472 ], [ -76.962086, 38.256964 ], [ -76.981346, 38.274542 ], [ -76.990869, 38.273639 ], [ -77.000902, 38.280004 ], [ -77.016449, 38.298837 ], [ -77.023508, 38.301455 ], [ -77.028131, 38.305317 ], [ -77.028765, 38.311382 ], [ -77.030683, 38.311622 ], [ -77.014527, 38.332634 ], [ -77.014348, 38.337723 ], [ -77.016807, 38.341688 ], [ -77.014648, 38.354043 ], [ -77.015911, 38.371024 ], [ -77.011464, 38.374425 ], [ -77.018019, 38.381601 ], [ -77.041505, 38.400692 ], [ -77.05342, 38.398813 ], [ -77.07055, 38.378151 ], [ -77.084238, 38.368739 ], [ -77.090089, 38.367275 ], [ -77.104874, 38.369746 ], [ -77.124699, 38.36676 ], [ -77.138224, 38.367916 ], [ -77.158367, 38.348502 ], [ -77.163219, 38.345823 ], [ -77.179339, 38.341914 ], [ -77.204694, 38.341096 ], [ -77.235208, 38.332536 ], [ -77.247149, 38.331523 ], [ -77.265295, 38.333164 ], [ -77.276581, 38.337881 ], [ -77.283796, 38.342855 ], [ -77.287097, 38.3488 ], [ -77.305003, 38.346925 ], [ -77.309449, 38.345083 ], [ -77.320271, 38.346321 ], [ -77.321448, 38.345577 ], [ -77.32158, 38.338142 ], [ -77.327853, 38.336345 ], [ -77.330264, 38.33387 ], [ -77.327665, 38.330847 ], [ -77.326681, 38.318743 ], [ -77.333962, 38.313041 ], [ -77.333101, 38.307758 ], [ -77.336168, 38.30247 ], [ -77.339475, 38.303016 ], [ -77.338953, 38.297929 ], [ -77.340428, 38.293339 ], [ -77.339249, 38.287255 ], [ -77.34744, 38.272237 ], [ -77.343111, 38.26795 ], [ -77.34467, 38.260612 ], [ -77.340839, 38.260507 ], [ -77.332882, 38.254417 ], [ -77.328386, 38.253268 ], [ -77.326893, 38.244443 ], [ -77.333526, 38.246252 ], [ -77.338372, 38.251735 ], [ -77.342001, 38.252742 ], [ -77.349289, 38.250667 ], [ -77.3604, 38.242423 ], [ -77.365428, 38.242672 ], [ -77.370297, 38.246576 ], [ -77.440229, 38.177318 ], [ -77.626219, 38.003429 ], [ -77.642518, 37.990688 ], [ -77.642758, 37.992547 ], [ -77.647941, 37.994094 ], [ -77.659129, 37.991814 ], [ -77.660521, 37.992995 ], [ -77.660807, 37.997497 ], [ -77.667211, 37.997003 ], [ -77.67064, 38.003378 ], [ -77.677303, 38.006516 ], [ -77.684122, 38.008168 ], [ -77.69457, 38.007117 ], [ -77.700403, 38.012695 ], [ -77.71189, 38.012721 ], [ -77.713952, 38.015237 ], [ -77.719812, 38.017038 ], [ -77.719112, 38.020238 ], [ -77.722212, 38.023238 ], [ -77.730612, 38.020838 ], [ -77.731012, 38.024838 ], [ -77.728112, 38.027138 ], [ -77.732313, 38.031637 ], [ -77.739813, 38.032938 ], [ -77.744613, 38.023938 ], [ -77.746913, 38.023638 ], [ -77.748813, 38.036737 ], [ -77.743413, 38.039237 ], [ -77.742313, 38.037137 ], [ -77.740913, 38.037737 ], [ -77.742913, 38.040737 ], [ -77.748213, 38.042137 ], [ -77.747713, 38.048337 ], [ -77.745213, 38.051137 ], [ -77.749513, 38.052837 ], [ -77.756113, 38.048237 ], [ -77.762514, 38.050537 ], [ -77.763914, 38.053137 ], [ -77.768514, 38.051737 ], [ -77.771714, 38.054237 ], [ -77.771914, 38.057437 ], [ -77.778514, 38.058737 ], [ -77.781714, 38.062637 ], [ -77.784514, 38.063337 ], [ -77.782614, 38.068537 ], [ -77.786614, 38.076337 ], [ -77.790014, 38.076137 ], [ -77.793715, 38.078537 ], [ -77.810915, 38.079537 ], [ -77.812616, 38.081238 ], [ -77.812716, 38.085137 ], [ -77.815217, 38.08684 ], [ -77.817617, 38.08564 ], [ -77.819717, 38.08784 ], [ -77.819716, 38.092436 ], [ -77.823416, 38.093539 ], [ -77.825017, 38.096539 ], [ -77.836217, 38.101139 ], [ -77.837717, 38.106039 ], [ -77.845517, 38.104338 ], [ -77.843017, 38.101038 ], [ -77.847017, 38.098438 ], [ -77.851218, 38.104337 ], [ -77.854117, 38.104237 ], [ -77.854417, 38.100937 ], [ -77.857217, 38.100037 ], [ -77.859816, 38.105237 ], [ -77.873917, 38.106336 ], [ -77.882117, 38.108836 ], [ -77.888416, 38.113136 ], [ -77.895616, 38.110036 ], [ -77.898016, 38.111436 ], [ -77.898716, 38.109436 ], [ -77.902417, 38.108136 ], [ -77.907717, 38.111836 ], [ -77.912518, 38.111536 ], [ -77.914018, 38.117036 ], [ -77.915918, 38.118136 ], [ -77.923718, 38.114536 ], [ -77.934318, 38.114006 ], [ -77.940585, 38.118869 ], [ -77.947054, 38.120035 ], [ -77.943948, 38.128396 ], [ -77.941164, 38.128997 ], [ -77.9386, 38.133404 ], [ -77.93316, 38.137655 ], [ -77.931545, 38.135837 ], [ -77.929044, 38.135863 ], [ -77.922122, 38.151761 ], [ -77.919166, 38.15165 ], [ -77.921079, 38.153181 ], [ -77.920296, 38.154673 ], [ -77.915999, 38.153334 ], [ -77.908223, 38.160351 ], [ -77.900651, 38.159815 ], [ -77.902113, 38.165998 ], [ -77.897659, 38.171135 ], [ -77.8916, 38.175731 ], [ -77.888963, 38.175564 ], [ -77.879715, 38.183789 ], [ -77.879887, 38.185791 ], [ -77.874822, 38.187737 ], [ -77.877096, 38.189207 ], [ -77.871501, 38.191028 ], [ -77.873769, 38.192686 ], [ -77.871026, 38.198279 ], [ -77.877536, 38.200765 ], [ -77.877422, 38.202185 ], [ -77.859859, 38.200601 ], [ -77.856596, 38.203185 ], [ -77.857705, 38.206478 ], [ -77.854567, 38.206977 ], [ -77.853877, 38.209308 ], [ -77.851548, 38.209032 ], [ -77.850034, 38.215781 ], [ -77.844386, 38.218112 ], [ -77.842966, 38.219543 ], [ -77.844643, 38.220212 ], [ -77.84278, 38.22224 ], [ -77.841114, 38.221619 ], [ -77.838503, 38.22489 ], [ -77.837779, 38.224016 ], [ -77.837698, 38.228503 ], [ -77.834415, 38.231637 ], [ -77.827736, 38.230001 ], [ -77.819809, 38.241622 ], [ -77.814471, 38.24575 ], [ -77.811375, 38.244675 ], [ -77.81125, 38.248955 ], [ -77.806307, 38.253452 ], [ -77.807423, 38.255583 ], [ -77.805525, 38.253501 ], [ -77.792919, 38.259591 ], [ -77.794229, 38.261882 ], [ -77.7879, 38.26372 ], [ -77.787224, 38.266454 ], [ -77.791092, 38.267961 ], [ -77.781057, 38.277718 ], [ -77.770779, 38.280135 ], [ -77.772093, 38.282199 ], [ -77.771422, 38.288075 ], [ -77.766955, 38.287534 ], [ -77.74804, 38.304924 ], [ -77.748082, 38.306533 ], [ -77.745612, 38.306762 ], [ -77.743446, 38.310523 ], [ -77.741983, 38.310424 ], [ -77.739313, 38.316022 ], [ -77.739329, 38.32095 ], [ -77.727332, 38.323704 ], [ -77.719802, 38.335594 ], [ -77.714489, 38.336012 ], [ -77.719009, 38.339744 ], [ -77.71889, 38.3416 ], [ -77.712609, 38.34481 ], [ -77.712084, 38.346074 ], [ -77.714883, 38.349155 ], [ -77.712846, 38.351432 ], [ -77.7107, 38.350677 ], [ -77.709164, 38.35771 ], [ -77.708088, 38.355409 ], [ -77.705249, 38.354899 ], [ -77.705362, 38.357304 ], [ -77.708058, 38.358641 ], [ -77.703379, 38.358453 ], [ -77.704304, 38.359557 ], [ -77.702843, 38.36084 ], [ -77.712954, 38.367673 ], [ -77.726128, 38.371575 ], [ -77.733332, 38.37587 ], [ -77.740746, 38.377021 ], [ -77.745448, 38.375274 ], [ -77.750753, 38.377446 ], [ -77.750506, 38.378823 ], [ -77.745048, 38.38048 ], [ -77.745491, 38.383698 ], [ -77.758382, 38.386027 ], [ -77.763532, 38.390953 ], [ -77.770061, 38.392992 ], [ -77.774533, 38.391861 ], [ -77.782054, 38.386032 ], [ -77.784454, 38.379866 ], [ -77.787653, 38.377101 ], [ -77.786523, 38.374847 ], [ -77.774764, 38.369008 ], [ -77.774679, 38.365402 ], [ -77.781105, 38.364035 ], [ -77.787305, 38.368858 ], [ -77.794094, 38.370472 ], [ -77.803732, 38.376973 ], [ -77.812394, 38.379226 ], [ -77.816293, 38.378583 ], [ -77.827281, 38.382158 ], [ -77.835978, 38.382009 ], [ -77.840204, 38.377524 ], [ -77.844274, 38.37844 ], [ -77.849122, 38.38202 ], [ -77.854377, 38.382279 ], [ -77.883485, 38.378666 ], [ -77.885335, 38.380373 ], [ -77.885248, 38.385566 ], [ -77.886763, 38.388045 ], [ -77.892057, 38.388944 ], [ -77.898032, 38.385125 ], [ -77.908465, 38.38217 ], [ -77.911942, 38.370535 ], [ -77.921534, 38.36483 ], [ -77.950261, 38.360416 ], [ -77.958443, 38.353672 ], [ -77.972654, 38.359069 ], [ -77.976283, 38.355205 ], [ -77.974182, 38.349637 ], [ -77.975732, 38.347087 ], [ -77.985784, 38.346852 ], [ -77.990683, 38.349277 ], [ -77.994707, 38.348967 ], [ -78.009455, 38.338692 ], [ -78.016423, 38.331682 ], [ -78.030651, 38.327948 ], [ -78.031077, 38.325336 ], [ -78.035926, 38.32045 ], [ -78.033367, 38.314682 ], [ -78.03535, 38.312523 ], [ -78.039698, 38.311555 ], [ -78.04806, 38.312953 ], [ -78.053654, 38.317721 ], [ -78.059322, 38.313838 ], [ -78.064713, 38.312435 ], [ -78.068592, 38.308395 ], [ -78.071939, 38.31278 ], [ -78.077367, 38.316295 ], [ -78.082777, 38.315851 ], [ -78.088318, 38.311223 ], [ -78.092414, 38.310284 ], [ -78.095543, 38.312316 ], [ -78.099304, 38.310969 ], [ -78.104952, 38.311879 ], [ -78.094262, 38.325692 ], [ -78.091083, 38.327445 ], [ -78.082692, 38.327635 ], [ -78.086998, 38.331752 ], [ -78.087457, 38.334356 ], [ -78.090822, 38.336436 ], [ -78.091178, 38.338835 ], [ -78.100345, 38.343567 ], [ -78.107656, 38.343341 ], [ -78.106093, 38.347926 ], [ -78.113901, 38.354187 ], [ -78.116296, 38.358861 ], [ -78.116058, 38.362695 ], [ -78.117684, 38.363153 ], [ -78.117961, 38.368822 ], [ -78.113932, 38.376567 ], [ -78.111723, 38.377208 ], [ -78.111012, 38.381177 ], [ -78.114928, 38.383342 ], [ -78.105714, 38.38276 ], [ -78.09919, 38.387463 ], [ -78.095683, 38.386262 ], [ -78.091735, 38.389945 ], [ -78.095936, 38.393151 ], [ -78.094326, 38.399078 ], [ -78.096004, 38.404258 ], [ -78.107345, 38.408892 ], [ -78.103784, 38.411749 ], [ -78.105458, 38.413485 ], [ -78.107342, 38.413923 ], [ -78.108261, 38.411933 ], [ -78.109277, 38.414118 ], [ -78.112315, 38.413122 ], [ -78.115789, 38.416295 ], [ -78.118312, 38.416109 ], [ -78.118594, 38.418408 ], [ -78.117618, 38.417451 ], [ -78.115887, 38.419024 ], [ -78.117877, 38.42039 ], [ -78.115364, 38.422712 ], [ -78.120237, 38.422674 ], [ -78.122721, 38.42573 ], [ -78.126936, 38.425938 ], [ -78.124165, 38.428434 ], [ -78.123682, 38.431338 ], [ -78.118822, 38.434382 ], [ -78.122749, 38.440101 ], [ -78.129422, 38.440629 ], [ -78.131868, 38.444616 ], [ -78.134874, 38.445138 ], [ -78.139764, 38.449079 ], [ -78.139459, 38.453004 ], [ -78.143649, 38.454066 ], [ -78.156231, 38.464391 ], [ -78.263438, 38.561943 ], [ -78.338176, 38.627312 ], [ -78.335182, 38.628751 ], [ -78.327615, 38.628777 ], [ -78.319664, 38.643214 ], [ -78.319619, 38.646427 ], [ -78.315581, 38.651564 ], [ -78.320136, 38.659528 ], [ -78.317546, 38.669499 ], [ -78.323967, 38.672696 ], [ -78.320812, 38.678157 ], [ -78.314386, 38.682509 ], [ -78.316356, 38.690557 ], [ -78.319989, 38.698352 ], [ -78.328804, 38.702679 ], [ -78.331705, 38.702642 ], [ -78.332216, 38.705638 ], [ -78.323727, 38.721259 ], [ -78.318775, 38.737866 ], [ -78.313661, 38.737177 ], [ -78.303477, 38.738913 ], [ -78.299783, 38.744491 ], [ -78.299477, 38.748369 ], [ -78.296019, 38.751134 ], [ -78.29054, 38.750373 ], [ -78.285122, 38.758746 ], [ -78.291549, 38.770637 ], [ -78.289217, 38.775979 ], [ -78.289993, 38.779807 ], [ -78.295142, 38.784308 ], [ -78.302024, 38.783972 ], [ -78.329595, 38.792883 ], [ -78.336631, 38.797845 ], [ -78.343259, 38.805571 ], [ -78.348021, 38.805783 ], [ -78.394704, 38.82279 ], [ -78.361583, 38.856877 ], [ -78.34993, 38.866367 ], [ -78.345889, 38.867916 ], [ -78.338566, 38.875549 ], [ -78.33178, 38.8875 ], [ -78.332252, 38.888875 ], [ -78.338577, 38.888642 ], [ -78.33835, 38.890953 ], [ -78.327366, 38.904275 ], [ -78.321435, 38.9183 ], [ -78.308746, 38.926526 ], [ -78.305451, 38.936451 ], [ -78.300414, 38.943592 ], [ -78.307248, 38.95263 ], [ -78.312384, 38.949714 ], [ -78.318098, 38.952134 ], [ -78.328796, 38.952281 ], [ -78.335155, 38.94934 ], [ -78.330912, 38.961544 ], [ -78.33886, 38.980169 ], [ -78.3335, 38.981522 ], [ -78.321922, 38.97399 ], [ -78.318988, 38.977799 ], [ -78.319211, 38.98126 ], [ -78.316352, 38.983319 ], [ -78.32851, 38.991303 ], [ -78.32992, 38.993547 ], [ -78.328477, 38.994752 ], [ -78.333167, 39.000528 ], [ -78.330667, 39.001452 ], [ -78.325322, 38.999951 ], [ -78.320183, 39.005608 ], [ -78.31408, 39.007994 ], [ -78.18583, 39.016544 ], [ -78.185596, 39.020181 ], [ -78.176901, 39.01709 ], [ -78.163871, 39.017928 ], [ -78.162378, 39.021691 ], [ -78.153562, 39.031593 ], [ -78.137014, 39.074625 ], [ -78.131489, 39.077819 ], [ -78.125416, 39.089187 ], [ -78.118668, 39.093347 ], [ -78.114912, 39.091512 ], [ -78.112643, 39.092172 ], [ -78.107056, 39.100312 ], [ -78.111433, 39.102706 ], [ -78.110784, 39.104135 ], [ -78.104355, 39.104492 ], [ -78.102031, 39.106091 ], [ -78.104967, 39.109737 ], [ -78.103481, 39.112211 ], [ -78.103944, 39.115792 ], [ -78.107548, 39.117303 ], [ -78.108274, 39.119285 ], [ -78.107, 39.120805 ], [ -78.102205, 39.120429 ], [ -78.103059, 39.124089 ], [ -78.097357, 39.130791 ], [ -78.094699, 39.131245 ], [ -78.095035, 39.134883 ], [ -78.092743, 39.138708 ], [ -78.095377, 39.14048 ], [ -78.089944, 39.143472 ], [ -78.090758, 39.147362 ], [ -78.088457, 39.149003 ], [ -78.088663, 39.15166 ], [ -78.085145, 39.152702 ], [ -78.088789, 39.156118 ], [ -78.088323, 39.157884 ], [ -78.086899, 39.159143 ], [ -78.081925, 39.158833 ], [ -78.085476, 39.160713 ], [ -78.08693, 39.164153 ], [ -78.07872, 39.166805 ], [ -78.081775, 39.171918 ], [ -78.073001, 39.178085 ], [ -78.076038, 39.187614 ], [ -78.075088, 39.190085 ], [ -78.07736, 39.192094 ], [ -78.075696, 39.193498 ], [ -78.071078, 39.193517 ], [ -78.075503, 39.198089 ], [ -78.069678, 39.19971 ], [ -78.07465, 39.205083 ], [ -78.067888, 39.205201 ], [ -78.067007, 39.206734 ], [ -78.069844, 39.211401 ], [ -78.061829, 39.210363 ], [ -78.061442, 39.212551 ], [ -78.064734, 39.216302 ], [ -78.059462, 39.218229 ], [ -78.060625, 39.22341 ], [ -78.058702, 39.22695 ], [ -78.055843, 39.228583 ], [ -78.050543, 39.228318 ], [ -78.048043, 39.235178 ], [ -78.042034, 39.236903 ], [ -78.045354, 39.242135 ], [ -78.040053, 39.246184 ], [ -78.037701, 39.26043 ], [ -78.033915, 39.262745 ], [ -78.032587, 39.265449 ], [ -78.033495, 39.268078 ], [ -78.027963, 39.269744 ], [ -78.026152, 39.271942 ], [ -78.026899, 39.27365 ], [ -78.034538, 39.276039 ], [ -78.035261, 39.278679 ], [ -78.02619, 39.280204 ], [ -78.025239, 39.284612 ], [ -78.027234, 39.288419 ], [ -78.020328, 39.288053 ], [ -78.018113, 39.293537 ], [ -78.012876, 39.297294 ], [ -78.005896, 39.306817 ], [ -77.997427, 39.310512 ], [ -77.988179, 39.320084 ], [ -77.990186, 39.322784 ], [ -77.99477, 39.323795 ], [ -77.995996, 39.326043 ], [ -77.993117, 39.327454 ], [ -77.987919, 39.325632 ], [ -77.988159, 39.331893 ], [ -77.984703, 39.332966 ], [ -77.980547, 39.338966 ], [ -77.976879, 39.340087 ], [ -77.976933, 39.343682 ], [ -77.982471, 39.347637 ], [ -77.981633, 39.349318 ], [ -77.973922, 39.349739 ], [ -77.96982, 39.345858 ], [ -77.966648, 39.345868 ], [ -77.965246, 39.35235 ], [ -77.968507, 39.357435 ], [ -77.961945, 39.359587 ], [ -77.967107, 39.366974 ], [ -77.958272, 39.367086 ], [ -77.95129, 39.372308 ], [ -77.943892, 39.372681 ], [ -77.942825, 39.374788 ], [ -77.94849, 39.377955 ], [ -77.946808, 39.380586 ], [ -77.931808, 39.379597 ], [ -77.859189, 39.437073 ], [ -77.856997, 39.440729 ], [ -77.84714, 39.446557 ], [ -77.847057, 39.450734 ], [ -77.843684, 39.458782 ], [ -77.839437, 39.46071 ], [ -77.840954, 39.463654 ], [ -77.838592, 39.470919 ], [ -77.832263, 39.478743 ], [ -77.831691, 39.483491 ], [ -77.828781, 39.486011 ], [ -77.825572, 39.493289 ], [ -77.819361, 39.493548 ], [ -77.807346, 39.49013 ], [ -77.797252, 39.489465 ], [ -77.791244, 39.491117 ], [ -77.782153, 39.499036 ], [ -77.770909, 39.498935 ], [ -77.766383, 39.496293 ], [ -77.765541, 39.493427 ], [ -77.767278, 39.491271 ], [ -77.78781, 39.485463 ], [ -77.797196, 39.480139 ], [ -77.798004, 39.475232 ], [ -77.795384, 39.471247 ], [ -77.777605, 39.462253 ], [ -77.780601, 39.459844 ], [ -77.792674, 39.462064 ], [ -77.798006, 39.460769 ], [ -77.798269, 39.456131 ], [ -77.786121, 39.44744 ], [ -77.785265, 39.445403 ], [ -77.788239, 39.44295 ], [ -77.800911, 39.440674 ], [ -77.803269, 39.43799 ], [ -77.80157, 39.434943 ], [ -77.794316, 39.430925 ], [ -77.774399, 39.427797 ], [ -77.763683, 39.428348 ], [ -77.754188, 39.424243 ], [ -77.746403, 39.409369 ], [ -77.738407, 39.398976 ], [ -77.735869, 39.391172 ], [ -77.736609, 39.387148 ], [ -77.749176, 39.384353 ], [ -77.752999, 39.381526 ], [ -77.752309, 39.377398 ], [ -77.743641, 39.364663 ], [ -77.744327, 39.356763 ], [ -77.748267, 39.350712 ], [ -77.759629, 39.344775 ], [ -77.760531, 39.339181 ], [ -77.755728, 39.333938 ], [ -77.734692, 39.327066 ], [ -77.72607, 39.321651 ], [ -77.707674, 39.321728 ], [ -77.696076, 39.318453 ], [ -77.6865, 39.320199 ], [ -77.682076, 39.323729 ], [ -77.677164, 39.324534 ], [ -77.673442, 39.344225 ], [ -77.666887, 39.350732 ], [ -77.660348, 39.363681 ], [ -77.651552, 39.375112 ], [ -77.640411, 39.402538 ], [ -77.63932, 39.407356 ], [ -77.640876, 39.41539 ], [ -77.638076, 39.422779 ], [ -77.637924, 39.435333 ], [ -77.634689, 39.445549 ], [ -77.630157, 39.448375 ], [ -77.626518, 39.448455 ], [ -77.628554, 39.451547 ], [ -77.626811, 39.457106 ], [ -77.621856, 39.459674 ], [ -77.621734, 39.463962 ], [ -77.615981, 39.468768 ], [ -77.622024, 39.481754 ], [ -77.61441, 39.491551 ], [ -77.623008, 39.499898 ], [ -77.620864, 39.505805 ], [ -77.622604, 39.507812 ], [ -77.619781, 39.511791 ], [ -77.618117, 39.518577 ], [ -77.614439, 39.522797 ], [ -77.614801, 39.525994 ], [ -77.612897, 39.529674 ], [ -77.610672, 39.530257 ], [ -77.606072, 39.536719 ], [ -77.597068, 39.541975 ], [ -77.599372, 39.550193 ], [ -77.595451, 39.551799 ], [ -77.594436, 39.563446 ], [ -77.589308, 39.567092 ], [ -77.586761, 39.571365 ], [ -77.585304, 39.583297 ], [ -77.578178, 39.598011 ], [ -77.575027, 39.61127 ], [ -77.570182, 39.619998 ], [ -77.550765, 39.625312 ], [ -77.546821, 39.632736 ], [ -77.54068, 39.633561 ], [ -77.530967, 39.631484 ], [ -77.52626, 39.635002 ], [ -77.525764, 39.637531 ], [ -77.520004, 39.640815 ], [ -77.513359, 39.649543 ], [ -77.510971, 39.655864 ], [ -77.504508, 39.661692 ], [ -77.504567, 39.664313 ], [ -77.49781, 39.668132 ], [ -77.492874, 39.676425 ], [ -77.497429, 39.683524 ], [ -77.50836, 39.684072 ], [ -77.503158, 39.689231 ], [ -77.497208, 39.690178 ], [ -77.493519, 39.69259 ], [ -77.490355, 39.695842 ], [ -77.486239, 39.704619 ], [ -77.474274, 39.71331 ], [ -77.469145, 39.720018 ], [ -77.217024, 39.719861 ], [ -77.21461, 39.717218 ], [ -77.215596, 39.71271 ], [ -77.224971, 39.710365 ], [ -77.226766, 39.707306 ], [ -77.224319, 39.704526 ], [ -77.216159, 39.701354 ], [ -77.215169, 39.699357 ], [ -77.216261, 39.697413 ], [ -77.225968, 39.693839 ], [ -77.240031, 39.695703 ], [ -77.243268, 39.694731 ], [ -77.244338, 39.691368 ], [ -77.236151, 39.685648 ], [ -77.236349, 39.680896 ], [ -77.234538, 39.677434 ], [ -77.243062, 39.669978 ], [ -77.249283, 39.667477 ], [ -77.254606, 39.667602 ], [ -77.255839, 39.663211 ], [ -77.262011, 39.66519 ], [ -77.266243, 39.662269 ], [ -77.265471, 39.655924 ], [ -77.272414, 39.651601 ], [ -77.275607, 39.647196 ], [ -77.271375, 39.641655 ], [ -77.27673, 39.639286 ], [ -77.279173, 39.636419 ], [ -77.275973, 39.631928 ], [ -77.291504, 39.630582 ], [ -77.294655, 39.631883 ], [ -77.300062, 39.639326 ], [ -77.307174, 39.641114 ], [ -77.311552, 39.638607 ], [ -77.307912, 39.628326 ], [ -77.299519, 39.62386 ], [ -77.301676, 39.621261 ], [ -77.307377, 39.618965 ], [ -77.300262, 39.612555 ], [ -77.294006, 39.610328 ], [ -77.290304, 39.60664 ], [ -77.290422, 39.604437 ], [ -77.287747, 39.604516 ], [ -77.285681, 39.60776 ], [ -77.271305, 39.606163 ], [ -77.26979, 39.603873 ], [ -77.27036, 39.600317 ], [ -77.265977, 39.598396 ], [ -77.26315, 39.594243 ], [ -77.260594, 39.59396 ], [ -77.25955, 39.59481 ], [ -77.261659, 39.60048 ], [ -77.258461, 39.603635 ], [ -77.254679, 39.603277 ], [ -77.250847, 39.601589 ], [ -77.247163, 39.593714 ], [ -77.238778, 39.588975 ], [ -77.238708, 39.584412 ], [ -77.233312, 39.588453 ], [ -77.227437, 39.588074 ], [ -77.232118, 39.586149 ], [ -77.23252, 39.584632 ], [ -77.220262, 39.582108 ], [ -77.219175, 39.579693 ], [ -77.22292, 39.577457 ], [ -77.220713, 39.575624 ], [ -77.215866, 39.574434 ], [ -77.210044, 39.579097 ], [ -77.199933, 39.578473 ], [ -77.199365, 39.576403 ], [ -77.18697, 39.566675 ], [ -77.187005, 39.562482 ], [ -77.182727, 39.559342 ], [ -77.17801, 39.560895 ], [ -77.175238, 39.559982 ], [ -77.171494, 39.554639 ], [ -77.169445, 39.554118 ], [ -77.169616, 39.549851 ], [ -77.171751, 39.546645 ], [ -77.171603, 39.543823 ], [ -77.169, 39.542291 ], [ -77.171462, 39.539233 ], [ -77.170583, 39.534396 ], [ -77.165457, 39.534166 ], [ -77.163211, 39.532538 ], [ -77.155963, 39.53369 ], [ -77.15234, 39.532498 ], [ -77.150027, 39.521988 ], [ -77.138402, 39.52049 ], [ -77.136951, 39.517403 ], [ -77.137824, 39.515159 ], [ -77.133541, 39.508541 ], [ -77.129755, 39.50956 ], [ -77.127729, 39.508549 ], [ -77.113268, 39.497763 ], [ -77.109998, 39.49748 ], [ -77.107394, 39.494195 ], [ -77.106747, 39.491859 ], [ -77.1102, 39.486004 ], [ -77.117686, 39.478619 ], [ -77.117073, 39.475472 ], [ -77.118911, 39.473037 ], [ -77.119972, 39.465256 ], [ -77.116022, 39.459845 ], [ -77.123958, 39.451305 ], [ -77.133448, 39.432401 ], [ -77.148037, 39.417755 ], [ -77.147401, 39.409136 ], [ -77.154384, 39.391298 ], [ -77.156404, 39.377973 ], [ -77.159191, 39.374094 ], [ -77.158185, 39.373451 ], [ -77.164723, 39.367674 ], [ -77.167096, 39.3586 ], [ -77.169734, 39.355102 ], [ -77.16808, 39.353957 ], [ -77.18381, 39.345459 ], [ -77.187113, 39.340595 ], [ -77.181489, 39.329294 ], [ -77.173276, 39.320481 ], [ -77.1713, 39.314334 ], [ -77.166361, 39.311765 ], [ -77.16459, 39.307444 ], [ -77.162333, 39.307922 ], [ -77.159774, 39.304896 ], [ -77.149125, 39.299288 ], [ -77.143594, 39.293032 ], [ -77.140059, 39.292095 ], [ -77.140195, 39.289284 ], [ -77.137875, 39.288091 ], [ -77.139969, 39.283096 ], [ -77.134059, 39.276569 ], [ -77.134207, 39.271046 ], [ -77.130587, 39.268412 ], [ -77.116994, 39.267535 ], [ -77.115016, 39.265174 ], [ -77.110809, 39.264138 ], [ -77.105751, 39.264309 ], [ -77.103621, 39.265999 ], [ -77.082104, 39.260033 ], [ -77.077413, 39.256274 ], [ -77.071456, 39.255008 ], [ -77.065572, 39.250956 ], [ -77.062137, 39.247228 ], [ -77.060697, 39.242965 ], [ -77.061728, 39.241543 ], [ -77.060037, 39.240193 ], [ -77.055795, 39.238305 ], [ -77.044812, 39.237666 ], [ -77.032074, 39.224405 ], [ -77.032325, 39.220317 ], [ -77.019293, 39.21292 ], [ -77.01757, 39.209751 ], [ -77.00942, 39.206732 ], [ -77.012165, 39.195181 ], [ -77.004168, 39.192335 ], [ -77.004329, 39.189257 ], [ -77.008463, 39.181743 ], [ -76.998876, 39.1778 ], [ -77.005526, 39.176141 ], [ -77.004341, 39.174276 ], [ -76.997526, 39.17447 ], [ -77.001399, 39.170879 ], [ -77.000975, 39.169537 ], [ -76.997166, 39.166397 ], [ -76.987541, 39.166385 ], [ -76.973342, 39.162075 ], [ -76.976738, 39.154019 ], [ -76.975425, 39.149581 ], [ -76.965048, 39.148596 ], [ -76.962218, 39.14566 ], [ -76.950748, 39.145322 ], [ -76.949944, 39.143963 ], [ -76.952881, 39.142763 ], [ -76.953067, 39.13897 ], [ -76.958517, 39.134023 ], [ -76.946749, 39.129407 ], [ -76.943692, 39.132105 ], [ -76.938278, 39.132779 ], [ -76.933415, 39.136604 ], [ -76.928212, 39.138253 ], [ -76.926438, 39.135306 ], [ -76.918472, 39.131716 ], [ -76.915447, 39.126798 ], [ -76.906731, 39.125403 ], [ -76.898723, 39.126505 ], [ -76.889137, 39.131148 ], [ -76.885656, 39.131292 ], [ -76.884315, 39.126885 ], [ -76.870109, 39.112712 ], [ -76.843444, 39.106987 ], [ -76.837649, 39.100725 ], [ -76.837686, 39.096933 ], [ -76.829327, 39.095642 ], [ -76.827392, 39.093269 ], [ -76.827249, 39.089628 ], [ -76.834908, 39.082871 ], [ -76.83234, 39.076301 ], [ -76.838083, 39.073586 ], [ -76.836458, 39.068437 ], [ -76.831554, 39.069175 ], [ -76.829177, 39.06453 ], [ -76.826659, 39.065795 ], [ -76.817874, 39.061758 ], [ -76.815991, 39.062642 ], [ -76.810053, 39.060933 ], [ -76.804229, 39.062632 ], [ -76.801393, 39.055885 ], [ -76.794506, 39.053248 ], [ -76.792355, 39.045995 ], [ -76.787593, 39.044631 ], [ -76.783933, 39.046251 ], [ -76.774875, 39.04487 ], [ -76.774053, 39.041 ], [ -76.77029, 39.040869 ], [ -76.769002, 39.038949 ], [ -76.765391, 39.040435 ], [ -76.762215, 39.035165 ], [ -76.755829, 39.037719 ], [ -76.747732, 39.033647 ], [ -76.750255, 39.030797 ], [ -76.743746, 39.025136 ], [ -76.742784, 39.02047 ], [ -76.744631, 39.017385 ], [ -76.740379, 39.012868 ], [ -76.737528, 39.012292 ], [ -76.733279, 39.006824 ], [ -76.728305, 39.007365 ], [ -76.725463, 39.005925 ], [ -76.723996, 39.004173 ], [ -76.725615, 38.998949 ], [ -76.72103, 38.999658 ], [ -76.713134, 38.994836 ], [ -76.711602, 38.99543 ], [ -76.698166, 38.983495 ], [ -76.698867, 38.981211 ], [ -76.702459, 38.979474 ], [ -76.70103, 38.975724 ], [ -76.703745, 38.971525 ], [ -76.699259, 38.96891 ], [ -76.698979, 38.962676 ], [ -76.69398, 38.956368 ], [ -76.693327, 38.951928 ], [ -76.695433, 38.948217 ], [ -76.691174, 38.941575 ], [ -76.692162, 38.936276 ], [ -76.689941, 38.933949 ], [ -76.681425, 38.931265 ], [ -76.682832, 38.926516 ], [ -76.690327, 38.924876 ], [ -76.690592, 38.923456 ], [ -76.686204, 38.917958 ], [ -76.683197, 38.919085 ], [ -76.679371, 38.916513 ], [ -76.677941, 38.913707 ], [ -76.678518, 38.910539 ], [ -76.670333, 38.907271 ], [ -76.669572, 38.903685 ], [ -76.671505, 38.899419 ], [ -76.676259, 38.895949 ], [ -76.676301, 38.89191 ], [ -76.671786, 38.887568 ], [ -76.675504, 38.885429 ], [ -76.676779, 38.875487 ], [ -76.680656, 38.872279 ], [ -76.682523, 38.86734 ], [ -76.688409, 38.864346 ], [ -76.691527, 38.8598 ], [ -76.691169, 38.854401 ], [ -76.698273, 38.84303 ], [ -76.699717, 38.836778 ], [ -76.696371, 38.822724 ], [ -76.696965, 38.818784 ], [ -76.701775, 38.815538 ], [ -76.70886, 38.81639 ], [ -76.712067, 38.814002 ], [ -76.711975, 38.810153 ], [ -76.708065, 38.804867 ], [ -76.710676, 38.79843 ], [ -76.710116, 38.796003 ], [ -76.702025, 38.788747 ], [ -76.706145, 38.785665 ], [ -76.712251, 38.784356 ], [ -76.7144, 38.779087 ], [ -76.712548, 38.77491 ], [ -76.700947, 38.768747 ], [ -76.6995, 38.754121 ], [ -76.697273, 38.750115 ], [ -76.686478, 38.748568 ], [ -76.684586, 38.745858 ], [ -76.684844, 38.736749 ], [ -76.694996, 38.735075 ], [ -76.695555, 38.731544 ], [ -76.693589, 38.724761 ], [ -76.70196, 38.710864 ], [ -76.694946, 38.702468 ], [ -76.698525, 38.692243 ], [ -76.697431, 38.687797 ], [ -76.686982, 38.680634 ], [ -76.690461, 38.673683 ], [ -76.699261, 38.671109 ], [ -76.701003, 38.668362 ], [ -76.697173, 38.664663 ], [ -76.683866, 38.662171 ], [ -76.683186, 38.658813 ], [ -76.685127, 38.654771 ], [ -76.69163, 38.648506 ], [ -76.692853, 38.636437 ], [ -76.686138, 38.630182 ], [ -76.678468, 38.627321 ], [ -76.672334, 38.617533 ], [ -76.673479, 38.607249 ], [ -76.672557, 38.599271 ], [ -76.680702, 38.580499 ], [ -76.677591, 38.571044 ], [ -76.679144, 38.566734 ], [ -76.672274, 38.552846 ], [ -76.675457, 38.535876 ] ] ] ] } },
{ "type": "Feature", "properties": { "CSAFP": "216", "CBSAFP": "19740", "GEOID": "19740", "GEOIDFQ": "310M700US19740", "NAME": "Denver-Aurora-Centennial, CO", "NAMELSAD": "Denver-Aurora-Centennial, CO Metro Area", "LSAD": "M1", "MEMI": "1", "MTFCC": "G3110", "ALAND": 21612754531, "AWATER": 149054847, "INTPTLAT": "+39.4347890", "INTPTLON": "-104.9010728", "GEO_ID": "310M700US19740", "NAME_2": "Denver-Aurora-Centennial, CO Metro Area", "DP05_0001E": "3002721", "DP05_0001M": "*****" }, "geometry": { "type": "MultiPolygon", "coordinates": [ [ [ [ -104.662483, 39.129529 ], [ -105.330382, 39.129474 ], [ -105.32896, 38.697203 ], [ -105.448388, 38.697581 ], [ -105.850859, 38.693924 ], [ -105.888912, 38.695153 ], [ -105.89839, 38.693769 ], [ -105.96975, 38.693551 ], [ -105.968996, 38.697186 ], [ -105.965375, 38.698979 ], [ -105.961823, 38.706055 ], [ -105.953039, 38.713655 ], [ -105.946185, 38.716724 ], [ -105.947565, 38.720189 ], [ -105.943469, 38.723144 ], [ -105.946108, 38.727435 ], [ -105.943493, 38.730818 ], [ -105.943017, 38.734532 ], [ -105.947947, 38.741689 ], [ -105.94786, 38.743823 ], [ -105.941337, 38.745605 ], [ -105.941433, 38.748687 ], [ -105.937994, 38.756036 ], [ -105.939249, 38.764083 ], [ -105.94454, 38.768105 ], [ -105.941443, 38.769224 ], [ -105.939636, 38.772008 ], [ -105.934212, 38.771843 ], [ -105.929289, 38.774547 ], [ -105.93055, 38.778541 ], [ -105.929563, 38.78139 ], [ -105.925024, 38.783128 ], [ -105.926709, 38.785508 ], [ -105.923686, 38.786246 ], [ -105.920786, 38.789541 ], [ -105.914903, 38.790606 ], [ -105.910685, 38.804528 ], [ -105.906585, 38.806873 ], [ -105.913997, 38.816063 ], [ -105.917628, 38.81786 ], [ -105.941845, 38.84039 ], [ -105.939147, 38.846046 ], [ -105.943174, 38.852307 ], [ -105.938684, 38.857408 ], [ -105.933613, 38.860271 ], [ -105.931821, 38.866016 ], [ -105.928617, 38.86595 ], [ -105.928242, 38.870107 ], [ -105.925123, 38.872178 ], [ -105.926846, 38.874235 ], [ -105.931159, 38.874709 ], [ -105.932975, 38.878219 ], [ -105.941238, 38.885592 ], [ -105.949139, 38.883104 ], [ -105.964965, 38.885977 ], [ -105.974297, 38.882458 ], [ -105.979175, 38.888913 ], [ -105.979418, 38.894533 ], [ -105.968661, 38.90072 ], [ -105.967887, 38.90442 ], [ -105.96577, 38.905876 ], [ -105.969464, 38.908606 ], [ -105.976644, 38.910622 ], [ -105.976531, 38.914419 ], [ -105.979913, 38.914181 ], [ -105.985657, 38.918025 ], [ -105.994449, 38.914858 ], [ -105.99817, 38.915159 ], [ -105.999698, 38.918902 ], [ -106.01501, 38.932712 ], [ -106.020529, 38.934628 ], [ -106.028138, 38.942849 ], [ -106.03683, 38.940647 ], [ -106.051701, 38.943452 ], [ -106.05825, 38.941805 ], [ -106.058449, 38.939151 ], [ -106.063532, 38.93568 ], [ -106.06591, 38.931896 ], [ -106.078628, 38.935255 ], [ -106.084835, 38.93943 ], [ -106.090653, 38.936543 ], [ -106.09355, 38.937958 ], [ -106.094862, 38.936775 ], [ -106.096461, 38.938243 ], [ -106.112665, 38.941366 ], [ -106.112043, 38.950908 ], [ -106.113698, 38.955642 ], [ -106.11106, 38.957669 ], [ -106.112193, 38.960188 ], [ -106.107743, 38.964143 ], [ -106.104363, 38.973383 ], [ -106.109711, 38.982229 ], [ -106.108953, 38.987377 ], [ -106.116771, 38.988084 ], [ -106.132568, 38.995519 ], [ -106.141251, 38.994966 ], [ -106.145414, 38.997899 ], [ -106.157804, 38.994264 ], [ -106.160896, 38.99475 ], [ -106.169134, 38.991302 ], [ -106.170067, 38.994644 ], [ -106.175918, 38.999647 ], [ -106.178849, 39.010764 ], [ -106.184949, 39.012581 ], [ -106.186077, 39.015595 ], [ -106.192954, 39.017709 ], [ -106.193105, 39.019681 ], [ -106.189473, 39.021279 ], [ -106.192077, 39.029287 ], [ -106.182501, 39.038551 ], [ -106.185353, 39.04402 ], [ -106.184815, 39.050837 ], [ -106.191006, 39.056073 ], [ -106.191577, 39.067983 ], [ -106.186524, 39.071638 ], [ -106.186109, 39.074987 ], [ -106.180328, 39.077245 ], [ -106.17569, 39.082939 ], [ -106.169663, 39.086417 ], [ -106.169867, 39.090731 ], [ -106.172543, 39.096857 ], [ -106.178556, 39.103291 ], [ -106.190422, 39.102752 ], [ -106.195768, 39.104472 ], [ -106.203399, 39.102732 ], [ -106.210173, 39.103918 ], [ -106.207365, 39.109537 ], [ -106.203395, 39.111962 ], [ -106.203483, 39.114089 ], [ -106.191106, 39.121075 ], [ -106.188699, 39.12102 ], [ -106.1858, 39.129249 ], [ -106.182296, 39.13029 ], [ -106.173086, 39.138102 ], [ -106.174821, 39.141423 ], [ -106.173461, 39.144796 ], [ -106.175349, 39.156298 ], [ -106.179447, 39.165036 ], [ -106.17841, 39.17458 ], [ -106.185526, 39.186587 ], [ -106.17932, 39.193493 ], [ -106.180281, 39.202521 ], [ -106.184744, 39.209308 ], [ -106.178409, 39.212978 ], [ -106.177181, 39.218147 ], [ -106.178216, 39.219132 ], [ -106.170158, 39.222994 ], [ -106.168304, 39.23072 ], [ -106.172935, 39.236805 ], [ -106.182787, 39.239608 ], [ -106.18512, 39.242694 ], [ -106.180782, 39.247932 ], [ -106.181591, 39.257005 ], [ -106.180379, 39.259905 ], [ -106.186732, 39.279134 ], [ -106.185458, 39.285751 ], [ -106.181887, 39.289968 ], [ -106.182578, 39.29306 ], [ -106.180911, 39.2988 ], [ -106.183051, 39.301112 ], [ -106.183972, 39.309354 ], [ -106.182956, 39.310907 ], [ -106.176428, 39.312075 ], [ -106.174181, 39.318276 ], [ -106.169474, 39.322232 ], [ -106.151246, 39.320694 ], [ -106.149995, 39.3254 ], [ -106.147153, 39.327605 ], [ -106.140274, 39.338809 ], [ -106.14699, 39.34926 ], [ -106.148448, 39.358613 ], [ -106.152909, 39.362479 ], [ -106.149197, 39.367897 ], [ -106.144361, 39.36812 ], [ -106.138743, 39.372006 ], [ -106.137797, 39.376845 ], [ -106.135529, 39.379546 ], [ -106.120308, 39.37659 ], [ -106.097206, 39.377987 ], [ -106.085632, 39.369723 ], [ -106.081207, 39.369199 ], [ -106.080241, 39.370435 ], [ -106.074192, 39.36863 ], [ -106.056096, 39.358431 ], [ -106.043926, 39.357378 ], [ -106.021966, 39.361713 ], [ -106.017619, 39.365503 ], [ -106.016794, 39.374988 ], [ -106.018383, 39.381403 ], [ -106.013851, 39.386898 ], [ -106.008401, 39.387356 ], [ -106.003339, 39.391766 ], [ -105.996648, 39.394424 ], [ -105.992856, 39.401859 ], [ -105.985018, 39.401667 ], [ -105.981923, 39.405974 ], [ -105.976867, 39.40857 ], [ -105.951867, 39.414338 ], [ -105.955328, 39.421987 ], [ -105.954837, 39.42622 ], [ -105.960726, 39.429018 ], [ -105.964499, 39.432812 ], [ -105.966043, 39.438782 ], [ -105.961752, 39.440091 ], [ -105.954545, 39.438359 ], [ -105.944155, 39.44091 ], [ -105.943698, 39.446183 ], [ -105.941853, 39.448246 ], [ -105.94217, 39.452773 ], [ -105.938663, 39.458498 ], [ -105.926674, 39.459417 ], [ -105.914845, 39.458376 ], [ -105.911637, 39.456736 ], [ -105.905959, 39.459657 ], [ -105.901835, 39.464248 ], [ -105.901612, 39.469619 ], [ -105.896886, 39.475206 ], [ -105.897327, 39.477137 ], [ -105.894725, 39.477517 ], [ -105.892666, 39.479998 ], [ -105.892225, 39.484029 ], [ -105.879087, 39.483767 ], [ -105.878485, 39.489369 ], [ -105.874714, 39.493521 ], [ -105.871113, 39.495006 ], [ -105.866584, 39.494351 ], [ -105.864128, 39.501623 ], [ -105.860395, 39.50471 ], [ -105.853887, 39.504506 ], [ -105.859457, 39.509225 ], [ -105.859947, 39.512148 ], [ -105.866889, 39.516702 ], [ -105.868065, 39.51949 ], [ -105.864701, 39.522115 ], [ -105.859507, 39.531536 ], [ -105.857732, 39.532058 ], [ -105.854562, 39.527868 ], [ -105.845377, 39.52375 ], [ -105.844329, 39.525992 ], [ -105.830016, 39.532043 ], [ -105.822925, 39.529931 ], [ -105.817631, 39.53831 ], [ -105.818928, 39.545815 ], [ -105.816308, 39.54815 ], [ -105.815807, 39.551976 ], [ -105.822337, 39.553012 ], [ -105.825771, 39.555678 ], [ -105.830005, 39.565933 ], [ -105.836599, 39.56879 ], [ -105.838369, 39.572952 ], [ -105.826544, 39.5802 ], [ -105.808083, 39.583395 ], [ -105.800154, 39.593415 ], [ -105.795337, 39.594234 ], [ -105.79075, 39.598245 ], [ -105.782745, 39.600145 ], [ -105.775744, 39.605576 ], [ -105.776143, 39.61108 ], [ -105.782706, 39.617957 ], [ -105.782674, 39.629024 ], [ -105.793058, 39.636328 ], [ -105.810939, 39.635348 ], [ -105.817239, 39.633555 ], [ -105.821182, 39.642692 ], [ -105.825963, 39.640931 ], [ -105.834925, 39.642002 ], [ -105.841546, 39.646184 ], [ -105.848665, 39.644156 ], [ -105.854341, 39.649081 ], [ -105.856613, 39.657614 ], [ -105.859953, 39.659229 ], [ -105.864767, 39.667218 ], [ -105.879613, 39.663638 ], [ -105.884861, 39.657084 ], [ -105.893945, 39.659418 ], [ -105.896812, 39.664664 ], [ -105.910753, 39.662294 ], [ -105.926681, 39.673588 ], [ -105.92703, 39.676703 ], [ -105.921329, 39.68431 ], [ -105.919581, 39.690287 ], [ -105.920042, 39.693888 ], [ -105.924618, 39.698972 ], [ -105.924546, 39.703423 ], [ -105.921407, 39.709936 ], [ -105.911775, 39.715295 ], [ -105.906724, 39.727532 ], [ -105.88944, 39.731548 ], [ -105.883714, 39.737012 ], [ -105.882375, 39.740328 ], [ -105.882343, 39.745579 ], [ -105.884839, 39.75172 ], [ -105.880481, 39.759303 ], [ -105.882849, 39.763383 ], [ -105.886716, 39.766003 ], [ -105.890029, 39.77864 ], [ -105.892657, 39.782638 ], [ -105.887695, 39.789022 ], [ -105.887395, 39.796996 ], [ -105.875566, 39.799258 ], [ -105.872306, 39.796692 ], [ -105.854942, 39.796154 ], [ -105.850901, 39.789091 ], [ -105.851476, 39.787766 ], [ -105.844088, 39.789518 ], [ -105.829997, 39.788219 ], [ -105.822954, 39.785605 ], [ -105.819195, 39.789832 ], [ -105.810511, 39.791475 ], [ -105.808264, 39.797333 ], [ -105.80194, 39.799336 ], [ -105.799013, 39.80343 ], [ -105.793731, 39.801944 ], [ -105.79094, 39.803101 ], [ -105.784662, 39.802434 ], [ -105.779712, 39.79905 ], [ -105.765958, 39.794855 ], [ -105.742307, 39.804193 ], [ -105.735925, 39.804985 ], [ -105.733457, 39.812542 ], [ -105.724159, 39.818526 ], [ -105.724245, 39.824073 ], [ -105.719054, 39.827794 ], [ -105.71934, 39.831051 ], [ -105.716981, 39.835472 ], [ -105.713369, 39.838212 ], [ -105.703271, 39.836712 ], [ -105.695747, 39.839482 ], [ -105.693542, 39.847853 ], [ -105.690348, 39.851996 ], [ -105.696125, 39.861516 ], [ -105.697769, 39.867986 ], [ -105.696851, 39.8717 ], [ -105.700784, 39.878889 ], [ -105.698383, 39.880956 ], [ -105.697692, 39.88431 ], [ -105.699364, 39.885596 ], [ -105.699719, 39.891499 ], [ -105.697218, 39.894561 ], [ -105.691121, 39.897289 ], [ -105.690315, 39.9019 ], [ -105.687233, 39.904193 ], [ -105.688594, 39.907484 ], [ -105.687859, 39.911701 ], [ -105.685979, 39.915649 ], [ -105.682187, 39.91748 ], [ -105.682272, 39.921908 ], [ -105.68008, 39.926503 ], [ -105.676614, 39.928565 ], [ -105.677973, 39.930512 ], [ -105.675798, 39.932445 ], [ -105.457351, 39.932186 ], [ -105.440034, 39.938388 ], [ -105.430702, 39.931693 ], [ -105.422063, 39.931626 ], [ -105.418839, 39.92867 ], [ -105.413721, 39.934486 ], [ -105.406417, 39.9317 ], [ -105.400843, 39.935032 ], [ -105.397971, 39.934867 ], [ -105.397849, 39.912886 ], [ -105.147143, 39.913889 ], [ -105.147041, 39.928938 ], [ -105.137604, 39.928931 ], [ -105.137578, 39.939712 ], [ -105.128165, 39.939618 ], [ -105.128002, 39.954173 ], [ -105.121943, 39.95416 ], [ -105.12116, 39.952138 ], [ -105.109517, 39.956996 ], [ -105.120837, 39.951293 ], [ -105.109333, 39.95064 ], [ -105.109353, 39.943336 ], [ -105.118562, 39.943323 ], [ -105.118774, 39.933796 ], [ -105.109414, 39.925475 ], [ -105.11345, 39.931514 ], [ -105.109236, 39.936135 ], [ -105.090853, 39.936051 ], [ -105.091072, 39.943281 ], [ -105.076637, 39.943329 ], [ -105.076568, 39.950538 ], [ -105.071899, 39.950198 ], [ -105.072002, 39.95767 ], [ -105.088231, 39.957928 ], [ -105.088693, 39.958424 ], [ -105.088031, 39.959753 ], [ -105.078632, 39.962182 ], [ -105.068065, 39.970932 ], [ -105.052797, 39.977674 ], [ -105.052823, 40.00026 ], [ -105.007906, 40.000483 ], [ -105.007995, 40.007581 ], [ -104.989647, 40.007679 ], [ -104.989614, 40.01489 ], [ -104.999065, 40.014887 ], [ -104.995792, 40.020361 ], [ -104.999013, 40.020627 ], [ -104.996784, 40.02082 ], [ -104.996742, 40.023509 ], [ -104.999005, 40.023509 ], [ -104.999007, 40.025776 ], [ -104.986543, 40.025799 ], [ -104.9865, 40.029309 ], [ -104.980063, 40.029325 ], [ -104.979905, 40.042111 ], [ -104.978526, 40.043888 ], [ -104.961071, 40.044144 ], [ -104.961405, 40.000337 ], [ -103.705701, 40.001366 ], [ -103.707072, 39.566295 ], [ -103.714355, 39.566331 ], [ -103.71523, 39.128454 ], [ -103.721152, 39.128307 ], [ -103.722007, 39.084085 ], [ -103.719664, 38.866827 ], [ -104.055528, 38.868868 ], [ -104.053064, 38.955968 ], [ -104.053461, 39.043828 ], [ -104.051589, 39.12837 ], [ -104.662483, 39.129529 ] ], [ [ -105.082566, 39.959277 ], [ -105.080048, 39.957928 ], [ -105.052889, 39.957826 ], [ -105.052828, 39.965892 ], [ -105.057747, 39.968636 ], [ -105.057709, 39.974669 ], [ -105.067269, 39.970369 ], [ -105.076567, 39.962466 ], [ -105.082566, 39.959277 ] ], [ [ -104.979917, 40.029486 ], [ -104.973074, 40.029512 ], [ -104.97305, 40.033037 ], [ -104.979911, 40.033053 ], [ -104.979917, 40.029486 ] ] ], [ [ [ -105.109178, 39.956566 ], [ -105.107365, 39.958101 ], [ -105.09996, 39.958979 ], [ -105.099965, 39.957855 ], [ -105.091025, 39.957803 ], [ -105.109178, 39.956566 ] ] ] ] } },
{ "type": "Feature", "properties": { "CSAFP": "416", "CBSAFP": "36420", "GEOID": "36420", "GEOIDFQ": "310M700US36420", "NAME": "Oklahoma City, OK", "NAMELSAD": "Oklahoma City, OK Metro Area", "LSAD": "M1", "MEMI": "1", "MTFCC": "G3110", "ALAND": 14275409647, "AWATER": 181028873, "INTPTLAT": "+35.4309676", "INTPTLON": "-097.5069659", "GEO_ID": "310M700US36420", "NAME_2": "Oklahoma City, OK Metro Area", "DP05_0001E": "1463267", "DP05_0001M": "*****" }, "geometry": { "type": "MultiPolygon", "coordinates": [ [ [ [ -97.142349, 34.928176 ], [ -97.135805, 34.924399 ], [ -97.133689, 34.924693 ], [ -97.132415, 34.926909 ], [ -97.134932, 34.932594 ], [ -97.132867, 34.934642 ], [ -97.114, 34.935101 ], [ -97.099732, 34.929535 ], [ -97.096821, 34.930918 ], [ -97.085537, 34.931359 ], [ -97.07972, 34.928922 ], [ -97.07179, 34.91986 ], [ -97.052477, 34.921254 ], [ -97.043208, 34.915212 ], [ -97.035808, 34.912893 ], [ -97.025946, 34.912329 ], [ -97.01593, 34.907348 ], [ -96.993632, 34.915827 ], [ -96.987811, 34.920338 ], [ -96.982727, 34.921837 ], [ -96.976682, 34.926888 ], [ -96.974944, 34.934269 ], [ -96.9727, 34.935412 ], [ -96.967564, 34.934547 ], [ -96.96547, 34.936461 ], [ -96.965822, 34.939058 ], [ -96.958912, 34.94587 ], [ -96.957037, 34.950979 ], [ -96.946455, 34.95854 ], [ -96.930586, 34.964364 ], [ -96.930872, 34.854632 ], [ -97.668099, 34.855164 ], [ -97.668512, 34.68134 ], [ -98.089097, 34.681163 ], [ -98.089036, 34.840718 ], [ -98.089558, 34.854929 ], [ -98.093127, 34.854988 ], [ -98.092976, 35.088407 ], [ -98.091096, 35.089181 ], [ -98.09132, 35.202248 ], [ -98.09134, 35.20373 ], [ -98.094977, 35.20372 ], [ -98.096014, 35.377753 ], [ -98.306326, 35.377239 ], [ -98.306496, 35.536238 ], [ -98.308393, 35.551313 ], [ -98.313251, 35.551523 ], [ -98.313418, 35.557888 ], [ -98.313153, 35.725161 ], [ -97.674026, 35.72597 ], [ -97.675617, 36.164663 ], [ -97.353946, 36.164304 ], [ -97.35387, 35.984934 ], [ -97.340784, 35.992759 ], [ -97.334042, 36.004669 ], [ -97.326823, 36.007737 ], [ -97.32362, 36.010877 ], [ -97.308779, 36.011002 ], [ -97.300522, 36.009307 ], [ -97.294601, 36.005557 ], [ -97.287467, 35.996682 ], [ -97.284544, 35.987142 ], [ -97.285885, 35.98049 ], [ -97.27756, 35.973782 ], [ -97.245353, 35.972471 ], [ -97.234292, 35.969601 ], [ -97.219992, 35.963627 ], [ -97.205841, 35.945959 ], [ -97.19264, 35.941639 ], [ -97.174167, 35.940801 ], [ -97.159149, 35.944723 ], [ -97.144106, 35.953118 ], [ -97.140455, 35.95906 ], [ -97.140583, 35.941991 ], [ -96.619655, 35.941571 ], [ -96.620127, 35.692378 ], [ -96.621666, 35.54945 ], [ -96.624681, 35.462707 ], [ -97.14149, 35.463977 ], [ -97.142349, 34.928176 ] ] ] ] } },
{ "type": "Feature", "properties": { "CSAFP": "172", "CBSAFP": "16740", "GEOID": "16740", "GEOIDFQ": "310M700US16740", "NAME": "Charlotte-Concord-Gastonia, NC-SC", "NAMELSAD": "Charlotte-Concord-Gastonia, NC-SC Metro Area", "LSAD": "M1", "MEMI": "1", "MTFCC": "G3110", "ALAND": 14497151006, "AWATER": 302072282, "INTPTLAT": "+35.1663423", "INTPTLON": "-080.7972848", "GEO_ID": "310M700US16740", "NAME_2": "Charlotte-Concord-Gastonia, NC-SC Metro Area", "DP05_0001E": "2768407", "DP05_0001M": "*****" }, "geometry": { "type": "MultiPolygon", "coordinates": [ [ [ [ -80.707824, 35.852961 ], [ -80.700082, 35.850461 ], [ -80.696518, 35.85457 ], [ -80.693199, 35.853696 ], [ -80.691744, 35.8635 ], [ -80.687366, 35.859767 ], [ -80.676962, 35.855859 ], [ -80.67427, 35.857725 ], [ -80.672311, 35.855805 ], [ -80.668765, 35.856306 ], [ -80.669579, 35.852114 ], [ -80.672935, 35.849816 ], [ -80.671296, 35.846531 ], [ -80.660502, 35.844589 ], [ -80.649321, 35.846206 ], [ -80.642459, 35.844116 ], [ -80.631698, 35.845649 ], [ -80.63109, 35.838507 ], [ -80.622623, 35.839036 ], [ -80.610912, 35.831279 ], [ -80.609929, 35.828709 ], [ -80.612496, 35.82551 ], [ -80.609573, 35.823127 ], [ -80.603906, 35.823726 ], [ -80.603361, 35.826259 ], [ -80.601446, 35.823352 ], [ -80.599225, 35.827341 ], [ -80.594191, 35.827323 ], [ -80.594199, 35.823023 ], [ -80.591043, 35.81724 ], [ -80.587315, 35.819245 ], [ -80.590041, 35.821276 ], [ -80.586869, 35.823067 ], [ -80.570382, 35.816296 ], [ -80.567806, 35.811918 ], [ -80.561816, 35.809524 ], [ -80.554788, 35.8004 ], [ -80.546801, 35.798352 ], [ -80.542972, 35.792254 ], [ -80.537356, 35.78994 ], [ -80.535615, 35.791555 ], [ -80.533448, 35.791028 ], [ -80.53424, 35.787056 ], [ -80.532884, 35.785248 ], [ -80.52807, 35.783405 ], [ -80.520771, 35.784367 ], [ -80.514936, 35.778107 ], [ -80.508247, 35.774457 ], [ -80.50192, 35.782979 ], [ -80.496573, 35.782747 ], [ -80.491873, 35.778778 ], [ -80.49191, 35.775708 ], [ -80.487201, 35.766248 ], [ -80.487098, 35.771314 ], [ -80.484775, 35.775586 ], [ -80.478538, 35.774883 ], [ -80.471417, 35.767834 ], [ -80.468758, 35.757381 ], [ -80.461871, 35.750684 ], [ -80.45635, 35.737314 ], [ -80.453043, 35.734368 ], [ -80.442605, 35.734833 ], [ -80.412327, 35.722229 ], [ -80.405403, 35.722242 ], [ -80.395142, 35.724959 ], [ -80.388658, 35.719323 ], [ -80.382337, 35.71982 ], [ -80.370768, 35.71611 ], [ -80.341008, 35.721279 ], [ -80.333789, 35.720033 ], [ -80.325887, 35.711941 ], [ -80.324211, 35.707715 ], [ -80.324841, 35.703707 ], [ -80.331954, 35.69728 ], [ -80.334399, 35.69236 ], [ -80.333317, 35.683563 ], [ -80.330602, 35.678799 ], [ -80.325667, 35.674716 ], [ -80.31483, 35.671665 ], [ -80.307345, 35.665778 ], [ -80.304621, 35.65354 ], [ -80.293805, 35.643201 ], [ -80.28875, 35.63569 ], [ -80.262946, 35.62841 ], [ -80.256624, 35.622483 ], [ -80.243447, 35.61443 ], [ -80.236974, 35.606778 ], [ -80.231728, 35.596532 ], [ -80.20899, 35.581495 ], [ -80.206956, 35.573061 ], [ -80.210276, 35.556973 ], [ -80.209794, 35.552263 ], [ -80.207046, 35.54929 ], [ -80.199365, 35.54586 ], [ -80.195528, 35.53662 ], [ -80.197288, 35.529821 ], [ -80.190627, 35.525779 ], [ -80.183936, 35.516348 ], [ -80.184699, 35.508144 ], [ -80.182866, 35.503274 ], [ -80.295421, 35.50292 ], [ -80.484356, 35.216368 ], [ -80.483102, 35.212841 ], [ -80.494389, 35.205622 ], [ -80.499539, 35.198065 ], [ -80.505655, 35.193751 ], [ -80.504107, 35.187486 ], [ -80.50505, 35.182936 ], [ -80.493364, 35.178856 ], [ -80.489092, 35.175512 ], [ -80.485587, 35.176519 ], [ -80.482758, 35.179947 ], [ -80.48033, 35.179822 ], [ -80.477063, 35.177519 ], [ -80.476224, 35.171801 ], [ -80.469821, 35.166925 ], [ -80.46789, 35.166799 ], [ -80.463733, 35.170372 ], [ -80.459347, 35.165077 ], [ -80.447229, 35.164796 ], [ -80.440436, 35.161076 ], [ -80.435924, 35.165043 ], [ -80.430317, 35.166164 ], [ -80.419262, 35.172864 ], [ -80.417047, 35.1716 ], [ -80.415744, 35.166492 ], [ -80.412187, 35.163371 ], [ -80.408556, 35.163747 ], [ -80.402909, 35.167293 ], [ -80.397781, 35.165452 ], [ -80.388328, 35.165862 ], [ -80.379593, 35.172784 ], [ -80.376772, 35.177507 ], [ -80.370122, 35.179786 ], [ -80.366011, 35.17574 ], [ -80.364483, 35.170607 ], [ -80.356982, 35.16494 ], [ -80.354168, 35.165786 ], [ -80.351551, 35.169286 ], [ -80.346106, 35.169117 ], [ -80.339895, 35.174302 ], [ -80.334895, 35.17371 ], [ -80.328245, 35.176664 ], [ -80.321471, 35.17312 ], [ -80.320931, 35.178725 ], [ -80.305352, 35.181921 ], [ -80.303884, 35.188045 ], [ -80.295965, 35.193942 ], [ -80.292252, 35.194053 ], [ -80.287921, 35.191418 ], [ -80.284366, 35.192235 ], [ -80.281913, 35.195602 ], [ -80.27573, 35.196057 ], [ -80.271507, 35.20167 ], [ -80.265012, 35.20405 ], [ -80.263855, 35.20841 ], [ -80.254346, 35.211294 ], [ -80.251276, 35.208794 ], [ -80.250545, 35.202097 ], [ -80.239999, 35.188067 ], [ -80.2421, 35.181573 ], [ -80.241241, 35.17907 ], [ -80.225002, 35.156241 ], [ -80.207838, 35.155986 ], [ -80.205252, 35.165433 ], [ -80.197369, 35.166586 ], [ -80.19492, 35.165381 ], [ -80.193528, 35.158877 ], [ -80.191192, 35.155905 ], [ -80.173263, 35.147897 ], [ -80.165076, 35.147476 ], [ -80.159831, 35.14982 ], [ -80.161002, 35.153068 ], [ -80.166602, 35.158476 ], [ -80.167614, 35.161907 ], [ -80.165807, 35.164528 ], [ -80.159144, 35.167332 ], [ -80.15702, 35.173797 ], [ -80.15164, 35.174549 ], [ -80.141895, 35.168251 ], [ -80.135742, 35.167636 ], [ -80.131767, 35.173362 ], [ -80.124175, 35.175281 ], [ -80.129114, 35.184629 ], [ -80.128417, 35.188333 ], [ -80.122148, 35.192483 ], [ -80.115066, 35.194279 ], [ -80.112015, 35.193579 ], [ -80.108304, 35.188933 ], [ -80.108878, 35.17867 ], [ -80.107071, 35.173062 ], [ -80.091949, 35.162749 ], [ -80.077678, 35.147595 ], [ -80.075365, 35.143081 ], [ -80.074218, 35.132402 ], [ -80.069025, 35.122291 ], [ -80.069686, 35.115002 ], [ -80.068484, 35.112363 ], [ -80.042206, 35.102967 ], [ -80.024355, 35.090375 ], [ -79.993377, 35.08546 ], [ -79.984254, 35.090715 ], [ -79.981406, 35.097437 ], [ -79.977589, 35.101785 ], [ -79.958475, 35.113719 ], [ -79.94365, 35.119081 ], [ -79.927925, 35.117923 ], [ -79.923571, 35.114874 ], [ -79.9219, 35.106685 ], [ -79.912518, 35.096067 ], [ -79.912341, 35.075338 ], [ -79.908983, 35.066963 ], [ -79.903132, 35.062068 ], [ -79.883596, 35.051722 ], [ -79.876189, 35.043448 ], [ -79.876744, 35.035945 ], [ -79.892427, 35.02487 ], [ -79.894645, 35.016435 ], [ -79.900017, 35.00904 ], [ -79.900627, 35.005737 ], [ -79.880496, 34.988833 ], [ -79.867138, 34.98226 ], [ -79.864435, 34.979251 ], [ -79.863813, 34.974208 ], [ -79.872341, 34.955003 ], [ -79.872303, 34.950371 ], [ -79.866994, 34.93981 ], [ -79.859241, 34.931789 ], [ -79.851529, 34.916017 ], [ -79.848611, 34.906754 ], [ -79.849536, 34.900006 ], [ -79.865784, 34.879358 ], [ -79.881032, 34.866016 ], [ -79.900462, 34.857779 ], [ -79.90872, 34.841584 ], [ -79.913903, 34.818452 ], [ -79.923089, 34.808756 ], [ -79.927412, 34.806734 ], [ -80.56171, 34.817429 ], [ -80.564055, 34.814763 ], [ -80.55841, 34.801377 ], [ -80.554225, 34.79826 ], [ -80.552061, 34.791262 ], [ -80.545045, 34.789101 ], [ -80.546924, 34.786732 ], [ -80.544419, 34.783923 ], [ -80.538937, 34.782058 ], [ -80.53348, 34.782937 ], [ -80.534661, 34.777242 ], [ -80.528406, 34.774157 ], [ -80.527787, 34.7727 ], [ -80.529866, 34.772431 ], [ -80.529827, 34.771106 ], [ -80.525237, 34.770934 ], [ -80.522438, 34.768296 ], [ -80.514767, 34.76673 ], [ -80.517832, 34.762924 ], [ -80.516566, 34.759382 ], [ -80.510405, 34.754522 ], [ -80.507145, 34.745532 ], [ -80.500039, 34.739253 ], [ -80.501903, 34.737189 ], [ -80.498059, 34.730227 ], [ -80.493283, 34.725056 ], [ -80.488347, 34.723767 ], [ -80.487715, 34.721987 ], [ -80.489766, 34.720226 ], [ -80.485567, 34.717429 ], [ -80.489048, 34.715721 ], [ -80.486554, 34.712544 ], [ -80.488212, 34.704095 ], [ -80.486606, 34.705949 ], [ -80.482743, 34.704906 ], [ -80.475181, 34.699244 ], [ -80.472791, 34.691938 ], [ -80.468064, 34.689357 ], [ -80.470793, 34.687021 ], [ -80.461141, 34.682558 ], [ -80.460782, 34.676984 ], [ -80.450168, 34.675701 ], [ -80.453451, 34.671769 ], [ -80.446466, 34.668165 ], [ -80.445496, 34.66569 ], [ -80.439381, 34.663761 ], [ -80.438456, 34.661586 ], [ -80.4403, 34.658063 ], [ -80.43753, 34.660485 ], [ -80.431768, 34.660021 ], [ -80.42988, 34.655758 ], [ -80.432683, 34.654035 ], [ -80.435122, 34.647066 ], [ -80.435036, 34.642075 ], [ -80.431356, 34.637341 ], [ -80.425918, 34.636825 ], [ -80.420307, 34.631329 ], [ -80.414076, 34.628 ], [ -80.412566, 34.623408 ], [ -80.415777, 34.62305 ], [ -80.419235, 34.620084 ], [ -80.414132, 34.615791 ], [ -80.408373, 34.614765 ], [ -80.550552, 34.560116 ], [ -80.547372, 34.555179 ], [ -80.547815, 34.552087 ], [ -80.543526, 34.546222 ], [ -80.544606, 34.543084 ], [ -80.542641, 34.540243 ], [ -80.543528, 34.537449 ], [ -80.541342, 34.533829 ], [ -80.538352, 34.535341 ], [ -80.535973, 34.533943 ], [ -80.534592, 34.527025 ], [ -80.527786, 34.521916 ], [ -80.526931, 34.514746 ], [ -80.524276, 34.512844 ], [ -80.525605, 34.510531 ], [ -80.523945, 34.5095 ], [ -80.527322, 34.506546 ], [ -80.527434, 34.503935 ], [ -80.536619, 34.504441 ], [ -80.54405, 34.507491 ], [ -80.545608, 34.504184 ], [ -80.545168, 34.500153 ], [ -80.548906, 34.493264 ], [ -80.559502, 34.49363 ], [ -80.56715, 34.489519 ], [ -80.576146, 34.489415 ], [ -80.575765, 34.485409 ], [ -80.57937, 34.484569 ], [ -80.582492, 34.492939 ], [ -80.585977, 34.496788 ], [ -80.595766, 34.502134 ], [ -80.598025, 34.495187 ], [ -80.604109, 34.4952 ], [ -80.606587, 34.491003 ], [ -80.608711, 34.49101 ], [ -80.610359, 34.488794 ], [ -80.614278, 34.488808 ], [ -80.614359, 34.495238 ], [ -80.610214, 34.497747 ], [ -80.61363, 34.499939 ], [ -80.621039, 34.497112 ], [ -80.623138, 34.497981 ], [ -80.622612, 34.496222 ], [ -80.62561, 34.495236 ], [ -80.629595, 34.498704 ], [ -80.629647, 34.491194 ], [ -80.622671, 34.491527 ], [ -80.627841, 34.482588 ], [ -80.632105, 34.480609 ], [ -80.632213, 34.491433 ], [ -80.645378, 34.491927 ], [ -80.64693, 34.489833 ], [ -80.645245, 34.483746 ], [ -80.653473, 34.479319 ], [ -80.658417, 34.478612 ], [ -80.670963, 34.49102 ], [ -80.676062, 34.493116 ], [ -80.67806, 34.497583 ], [ -80.682103, 34.500787 ], [ -80.682801, 34.507009 ], [ -80.688583, 34.514976 ], [ -80.696839, 34.51449 ], [ -80.698162, 34.515967 ], [ -80.699929, 34.515513 ], [ -80.700586, 34.512846 ], [ -80.706138, 34.509932 ], [ -80.709185, 34.505115 ], [ -80.713329, 34.487334 ], [ -80.733516, 34.481407 ], [ -80.737772, 34.482587 ], [ -80.739966, 34.479957 ], [ -80.745597, 34.491174 ], [ -80.740167, 34.50011 ], [ -80.739734, 34.506721 ], [ -80.7448, 34.510131 ], [ -80.745617, 34.512591 ], [ -80.739372, 34.524867 ], [ -80.737674, 34.539497 ], [ -80.743345, 34.539916 ], [ -80.879227, 34.457776 ], [ -80.888246, 34.467874 ], [ -80.898722, 34.486694 ], [ -80.895652, 34.493571 ], [ -80.8875, 34.4954 ], [ -80.88172, 34.500117 ], [ -80.875377, 34.529735 ], [ -80.877491, 34.543146 ], [ -81.002705, 34.547857 ], [ -81.060028, 34.553278 ], [ -81.422807, 34.572029 ], [ -81.426963, 34.579257 ], [ -81.423103, 34.586773 ], [ -81.417963, 34.604109 ], [ -81.417997, 34.629232 ], [ -81.416488, 34.635252 ], [ -81.429667, 34.648604 ], [ -81.442018, 34.653727 ], [ -81.450938, 34.672122 ], [ -81.454297, 34.675188 ], [ -81.453678, 34.692343 ], [ -81.455468, 34.696682 ], [ -81.455552, 34.711287 ], [ -81.454242, 34.720919 ], [ -81.456521, 34.723817 ], [ -81.461962, 34.726517 ], [ -81.47605, 34.723239 ], [ -81.479395, 34.723869 ], [ -81.488377, 34.73304 ], [ -81.487336, 34.738177 ], [ -81.482453, 34.744398 ], [ -81.462219, 34.757311 ], [ -81.454636, 34.759422 ], [ -81.452855, 34.761749 ], [ -81.455323, 34.773327 ], [ -81.453641, 34.782242 ], [ -81.459259, 34.797532 ], [ -81.469335, 34.802777 ], [ -81.46912, 34.811002 ], [ -81.480676, 34.808407 ], [ -81.48801, 34.814794 ], [ -81.487019, 34.816767 ], [ -81.470177, 34.827447 ], [ -81.461755, 34.831018 ], [ -81.453279, 34.846713 ], [ -81.454907, 34.849136 ], [ -81.462078, 34.852903 ], [ -81.469059, 34.866479 ], [ -81.471395, 34.874723 ], [ -81.472606, 34.89111 ], [ -81.478653, 34.897967 ], [ -81.475624, 34.908001 ], [ -81.470065, 34.913574 ], [ -81.471351, 34.918216 ], [ -81.477188, 34.924243 ], [ -81.47351, 34.935489 ], [ -81.475512, 34.937312 ], [ -81.487569, 34.939916 ], [ -81.492282, 34.947194 ], [ -81.487632, 34.955865 ], [ -81.486152, 34.965109 ], [ -81.480729, 34.970514 ], [ -81.475835, 34.982966 ], [ -81.483695, 34.993298 ], [ -81.484748, 34.999349 ], [ -81.48057, 35.005906 ], [ -81.484091, 35.012908 ], [ -81.488554, 35.029445 ], [ -81.48704, 35.031012 ], [ -81.48716, 35.034954 ], [ -81.477905, 35.040226 ], [ -81.478533, 35.042731 ], [ -81.472804, 35.04375 ], [ -81.471346, 35.048173 ], [ -81.408816, 35.047077 ], [ -81.402521, 35.136886 ], [ -81.3666, 35.164883 ], [ -81.328037, 35.163467 ], [ -81.323668, 35.189605 ], [ -81.324264, 35.241269 ], [ -81.321729, 35.260449 ], [ -81.353507, 35.277351 ], [ -81.355515, 35.28023 ], [ -81.355381, 35.296228 ], [ -81.366618, 35.315146 ], [ -81.363813, 35.323419 ], [ -81.356682, 35.330604 ], [ -81.382832, 35.346075 ], [ -81.398924, 35.353138 ], [ -81.45863, 35.423317 ], [ -81.481383, 35.471503 ], [ -81.513004, 35.523317 ], [ -81.509463, 35.53605 ], [ -81.509218, 35.550352 ], [ -81.515421, 35.558297 ], [ -81.537599, 35.564228 ], [ -81.535403, 35.568137 ], [ -81.496238, 35.567062 ], [ -80.960025, 35.54702 ], [ -80.953531, 35.553933 ], [ -80.957018, 35.56775 ], [ -80.953328, 35.578613 ], [ -80.948757, 35.583553 ], [ -80.93644, 35.587746 ], [ -80.933483, 35.591329 ], [ -80.935124, 35.596382 ], [ -80.940979, 35.600803 ], [ -80.943311, 35.606273 ], [ -80.938533, 35.613235 ], [ -80.928293, 35.616347 ], [ -80.925483, 35.619016 ], [ -80.925515, 35.620946 ], [ -80.938038, 35.631062 ], [ -80.942386, 35.636561 ], [ -80.952715, 35.642985 ], [ -80.960841, 35.659775 ], [ -80.965869, 35.664696 ], [ -80.966675, 35.671012 ], [ -80.981485, 35.681663 ], [ -80.983148, 35.687131 ], [ -80.986536, 35.691666 ], [ -80.990928, 35.69414 ], [ -80.993704, 35.701291 ], [ -81.003189, 35.709166 ], [ -81.017733, 35.712728 ], [ -81.041724, 35.707366 ], [ -81.062639, 35.711621 ], [ -81.064897, 35.714343 ], [ -81.065752, 35.719549 ], [ -81.064038, 35.728484 ], [ -81.067863, 35.7381 ], [ -81.089935, 35.7566 ], [ -81.090591, 35.758914 ], [ -81.088672, 35.764305 ], [ -81.090265, 35.766643 ], [ -81.093814, 35.768803 ], [ -81.102355, 35.768296 ], [ -81.109507, 35.776594 ], [ -81.106453, 35.778512 ], [ -81.105823, 35.781902 ], [ -81.102009, 35.783382 ], [ -81.101036, 35.787477 ], [ -81.093699, 35.794033 ], [ -81.086731, 35.796681 ], [ -81.078943, 35.802775 ], [ -81.079265, 35.808994 ], [ -81.077505, 35.812734 ], [ -81.070057, 35.818141 ], [ -81.064603, 35.824561 ], [ -81.060451, 35.835109 ], [ -81.041339, 35.857855 ], [ -81.005541, 35.958287 ], [ -81.0034, 35.996737 ], [ -81.028833, 36.045652 ], [ -80.975675, 36.05881 ], [ -80.693197, 36.05126 ], [ -80.707824, 35.852961 ] ] ] ] } },
{ "type": "Feature", "properties": { "CSAFP": "184", "CBSAFP": "17410", "GEOID": "17410", "GEOIDFQ": "310M700US17410", "NAME": "Cleveland, OH", "NAMELSAD": "Cleveland, OH Metro Area", "LSAD": "M1", "MEMI": "1", "MTFCC": "G3110", "ALAND": 6996797989, "AWATER": 6852681067, "INTPTLAT": "+41.6675481", "INTPTLON": "-081.4305203", "GEO_ID": "310M700US17410", "NAME_2": "Cleveland, OH Metro Area", "DP05_0001E": "2171526", "DP05_0001M": "*****" }, "geometry": { "type": "MultiPolygon", "coordinates": [ [ [ [ -80.519421, 41.977523 ], [ -80.519225, 41.49934 ], [ -80.628672, 41.498418 ], [ -81.003126, 41.501478 ], [ -81.003191, 41.347859 ], [ -81.301982, 41.347333 ], [ -81.598052, 41.351157 ], [ -81.597624, 41.349409 ], [ -81.592948, 41.349386 ], [ -81.593566, 41.347685 ], [ -81.596815, 41.347212 ], [ -81.595236, 41.343919 ], [ -81.589742, 41.343746 ], [ -81.587813, 41.342154 ], [ -81.587901, 41.336311 ], [ -81.591662, 41.328726 ], [ -81.587051, 41.323242 ], [ -81.587309, 41.319032 ], [ -81.583425, 41.315356 ], [ -81.585381, 41.308536 ], [ -81.582251, 41.30595 ], [ -81.578555, 41.305817 ], [ -81.573036, 41.302919 ], [ -81.575517, 41.30266 ], [ -81.57573, 41.300909 ], [ -81.572859, 41.300751 ], [ -81.57251, 41.296504 ], [ -81.57107, 41.295868 ], [ -81.57205, 41.293896 ], [ -81.569819, 41.293139 ], [ -81.570901, 41.290813 ], [ -81.565337, 41.289182 ], [ -81.567949, 41.285404 ], [ -81.564473, 41.283976 ], [ -81.562591, 41.278753 ], [ -81.68495, 41.277146 ], [ -81.688491, 40.98859 ], [ -81.828875, 40.988272 ], [ -82.173359, 40.992046 ], [ -82.171492, 41.063537 ], [ -82.336496, 41.065761 ], [ -82.337969, 41.115816 ], [ -82.340586, 41.132953 ], [ -82.341058, 41.241243 ], [ -82.348183, 41.431943 ], [ -82.348122, 41.700057 ], [ -81.709202, 42.000037 ], [ -81.686447, 42.000037 ], [ -81.624847, 42.030732 ], [ -81.624847, 42.029619 ], [ -81.495181, 42.096402 ], [ -81.249833, 42.216415 ], [ -81.026141, 42.250046 ], [ -80.999825, 42.252404 ], [ -80.519851, 42.327132 ], [ -80.519421, 41.977523 ] ] ] ] } },
{ "type": "Feature", "properties": { "CSAFP": "376", "CBSAFP": "33340", "GEOID": "33340", "GEOIDFQ": "310M700US33340", "NAME": "Milwaukee-Waukesha, WI", "NAMELSAD": "Milwaukee-Waukesha, WI Metro Area", "LSAD": "M1", "MEMI": "1", "MTFCC": "G3110", "ALAND": 3768016694, "AWATER": 4835686155, "INTPTLAT": "+42.9126431", "INTPTLON": "-087.8623115", "GEO_ID": "310M700US33340", "NAME_2": "Milwaukee-Waukesha, WI Metro Area", "DP05_0001E": "1568938", "DP05_0001M": "*****" }, "geometry": { "type": "MultiPolygon", "coordinates": [ [ [ [ -87.791108, 43.543016 ], [ -87.134778, 43.541433 ], [ -87.147166, 43.379859 ], [ -87.125072, 43.227737 ], [ -87.108397, 43.12501 ], [ -87.069419, 42.842146 ], [ -88.541535, 42.842996 ], [ -88.541579, 43.019387 ], [ -88.539318, 43.129081 ], [ -88.535843, 43.196048 ], [ -88.417987, 43.194697 ], [ -88.419267, 43.27469 ], [ -88.418439, 43.370175 ], [ -88.401544, 43.370029 ], [ -88.400426, 43.543532 ], [ -87.791108, 43.543016 ] ] ] ] } },
{ "type": "Feature", "properties": { "CSAFP": "176", "CBSAFP": "16980", "GEOID": "16980", "GEOIDFQ": "310M700US16980", "NAME": "Chicago-Naperville-Elgin, IL-IN", "NAMELSAD": "Chicago-Naperville-Elgin, IL-IN Metro Area", "LSAD": "M1", "MEMI": "1", "MTFCC": "G3110", "ALAND": 17931312603, "AWATER": 4924038041, "INTPTLAT": "+41.7587800", "INTPTLON": "-087.8418871", "GEO_ID": "310M700US16980", "NAME_2": "Chicago-Naperville-Elgin, IL-IN Metro Area", "DP05_0001E": "9371595", "DP05_0001M": "*****" }, "geometry": { "type": "MultiPolygon", "coordinates": [ [ [ [ -88.199389, 42.495133 ], [ -87.981324, 42.494928 ], [ -87.793371, 42.49172 ], [ -87.375058, 42.493815 ], [ -87.019935, 42.493498 ], [ -87.150009, 42.000033 ], [ -87.148431, 42.000014 ], [ -87.207774, 41.760956 ], [ -86.933334, 41.761035 ], [ -86.932271, 41.617272 ], [ -86.929353, 41.484929 ], [ -86.930781, 41.339681 ], [ -86.92956, 41.249079 ], [ -86.930759, 40.912418 ], [ -86.987438, 40.912177 ], [ -86.986438, 40.837921 ], [ -87.099793, 40.837607 ], [ -87.09839, 40.736541 ], [ -87.526031, 40.736885 ], [ -87.526731, 41.298052 ], [ -88.013919, 41.292447 ], [ -88.01181, 41.205508 ], [ -88.244144, 41.201566 ], [ -88.240889, 41.114383 ], [ -88.48492, 41.10865 ], [ -88.58624, 41.10828 ], [ -88.588568, 41.27148 ], [ -88.593704, 41.373035 ], [ -88.60224, 41.631389 ], [ -88.706158, 41.630189 ], [ -88.818462, 41.631352 ], [ -88.938679, 41.628316 ], [ -88.940317, 41.716772 ], [ -88.94166, 41.717503 ], [ -88.942146, 42.06505 ], [ -88.938935, 42.065097 ], [ -88.939732, 42.15232 ], [ -88.705585, 42.153537 ], [ -88.705748, 42.39631 ], [ -88.707421, 42.493596 ], [ -88.628997, 42.495045 ], [ -88.199389, 42.495133 ] ] ] ] } },
{ "type": "Feature", "properties": { "CSAFP": "198", "CBSAFP": "18140", "GEOID": "18140", "GEOIDFQ": "310M700US18140", "NAME": "Columbus, OH", "NAMELSAD": "Columbus, OH Metro Area", "LSAD": "M1", "MEMI": "1", "MTFCC": "G3110", "ALAND": 12425338866, "AWATER": 139130776, "INTPTLAT": "+39.9685617", "INTPTLON": "-082.8359105", "GEO_ID": "310M700US18140", "NAME_2": "Columbus, OH Metro Area", "DP05_0001E": "2175788", "DP05_0001M": "*****" }, "geometry": { "type": "MultiPolygon", "coordinates": [ [ [ [ -82.233974, 39.91326 ], [ -82.162372, 39.909374 ], [ -82.170047, 39.82075 ], [ -82.072934, 39.816227 ], [ -82.080224, 39.727673 ], [ -82.024219, 39.724686 ], [ -82.039605, 39.550217 ], [ -82.159161, 39.556574 ], [ -82.167379, 39.466307 ], [ -82.28041, 39.472906 ], [ -82.289663, 39.384195 ], [ -82.514479, 39.395767 ], [ -82.51758, 39.369468 ], [ -82.634386, 39.375966 ], [ -82.635686, 39.361566 ], [ -82.748591, 39.368165 ], [ -82.740729, 39.46835 ], [ -82.998204, 39.480061 ], [ -82.995104, 39.488161 ], [ -82.992901, 39.489861 ], [ -82.9895, 39.491054 ], [ -82.982296, 39.489362 ], [ -82.980396, 39.490261 ], [ -82.978741, 39.500854 ], [ -82.983691, 39.503359 ], [ -82.983253, 39.506155 ], [ -82.98456, 39.506754 ], [ -83.266737, 39.516249 ], [ -83.252435, 39.695438 ], [ -83.460601, 39.70504 ], [ -83.65333, 39.716876 ], [ -83.647169, 39.773029 ], [ -83.589909, 39.768812 ], [ -83.512625, 40.010023 ], [ -83.516155, 40.010188 ], [ -83.503714, 40.111468 ], [ -83.494498, 40.225467 ], [ -83.551338, 40.22937 ], [ -83.520227, 40.504077 ], [ -83.248289, 40.507078 ], [ -83.248595, 40.443989 ], [ -83.165115, 40.439022 ], [ -83.020798, 40.433795 ], [ -83.016785, 40.484511 ], [ -82.958401, 40.490664 ], [ -82.957817, 40.645148 ], [ -82.859753, 40.646395 ], [ -82.85805, 40.712447 ], [ -82.627191, 40.709416 ], [ -82.626165, 40.666132 ], [ -82.644977, 40.666425 ], [ -82.644117, 40.63724 ], [ -82.62476, 40.637283 ], [ -82.623609, 40.549879 ], [ -82.642796, 40.550011 ], [ -82.642837, 40.522111 ], [ -82.633181, 40.523066 ], [ -82.646503, 40.345076 ], [ -82.744931, 40.349603 ], [ -82.750747, 40.276996 ], [ -82.476114, 40.264703 ], [ -82.477273, 40.24581 ], [ -82.346317, 40.240213 ], [ -82.182823, 40.238624 ], [ -82.198728, 39.950196 ], [ -82.231695, 39.951075 ], [ -82.233974, 39.91326 ] ] ] ] } },
{ "type": "Feature", "properties": { "CSAFP": null, "CBSAFP": "12420", "GEOID": "12420", "GEOIDFQ": "310M700US12420", "NAME": "Austin-Round Rock-San Marcos, TX", "NAMELSAD": "Austin-Round Rock-San Marcos, TX Metro Area", "LSAD": "M1", "MEMI": "1", "MTFCC": "G3110", "ALAND": 10929311439, "AWATER": 149957078, "INTPTLAT": "+30.2497437", "INTPTLON": "-097.6498417", "GEO_ID": "310M700US12420", "NAME_2": "Austin-Round Rock-San Marcos, TX Metro Area", "DP05_0001E": "2426592", "DP05_0001M": "*****" }, "geometry": { "type": "MultiPolygon", "coordinates": [ [ [ [ -97.997942, 30.720294 ], [ -97.96286, 30.785641 ], [ -97.8281, 30.904414 ], [ -97.624051, 30.870004 ], [ -97.269949, 30.735362 ], [ -97.155219, 30.457344 ], [ -97.334463, 30.402843 ], [ -97.199578, 30.337833 ], [ -97.081834, 30.259357 ], [ -97.024461, 30.051435 ], [ -97.317893, 29.784658 ], [ -97.597743, 29.630718 ], [ -97.59992, 29.63168 ], [ -97.598629, 29.635155 ], [ -97.600656, 29.635943 ], [ -97.599765, 29.637181 ], [ -97.603731, 29.641786 ], [ -97.60643, 29.640273 ], [ -97.604644, 29.63648 ], [ -97.60585, 29.635093 ], [ -97.610967, 29.637131 ], [ -97.617838, 29.633393 ], [ -97.618836, 29.635547 ], [ -97.616242, 29.641117 ], [ -97.617162, 29.645036 ], [ -97.622435, 29.642742 ], [ -97.627748, 29.642693 ], [ -97.627408, 29.640451 ], [ -97.629429, 29.639783 ], [ -97.630369, 29.64682 ], [ -97.634094, 29.647716 ], [ -97.633202, 29.651023 ], [ -97.631144, 29.650944 ], [ -97.631286, 29.65381 ], [ -97.635269, 29.653717 ], [ -97.636313, 29.655372 ], [ -97.640492, 29.651883 ], [ -97.642885, 29.654609 ], [ -97.649992, 29.655338 ], [ -97.651755, 29.654025 ], [ -97.654344, 29.658035 ], [ -97.653443, 29.660364 ], [ -97.652123, 29.661877 ], [ -97.650239, 29.661391 ], [ -97.648533, 29.656961 ], [ -97.647628, 29.661066 ], [ -97.652612, 29.667843 ], [ -97.656849, 29.664672 ], [ -97.656834, 29.662614 ], [ -97.658802, 29.663365 ], [ -97.661375, 29.668651 ], [ -97.663243, 29.66698 ], [ -97.665002, 29.668801 ], [ -97.66591, 29.666905 ], [ -97.670864, 29.667063 ], [ -97.67117, 29.664116 ], [ -97.673183, 29.663159 ], [ -97.67516, 29.665665 ], [ -97.674061, 29.668575 ], [ -97.677788, 29.668785 ], [ -97.676553, 29.666961 ], [ -97.678368, 29.666761 ], [ -97.678586, 29.664314 ], [ -97.683823, 29.664269 ], [ -97.682214, 29.666417 ], [ -97.683452, 29.667319 ], [ -97.683864, 29.666057 ], [ -97.687047, 29.666178 ], [ -97.686537, 29.667317 ], [ -97.68509, 29.666597 ], [ -97.686128, 29.669503 ], [ -97.688517, 29.67274 ], [ -97.691138, 29.671803 ], [ -97.690865, 29.673265 ], [ -97.69363, 29.673068 ], [ -97.698284, 29.669249 ], [ -97.697588, 29.66655 ], [ -97.702229, 29.668592 ], [ -97.703431, 29.673408 ], [ -97.70595, 29.674315 ], [ -97.705181, 29.675581 ], [ -97.706558, 29.677348 ], [ -97.705332, 29.67749 ], [ -97.704262, 29.682422 ], [ -97.708693, 29.683732 ], [ -97.711705, 29.6815 ], [ -97.717215, 29.681797 ], [ -97.717205, 29.684149 ], [ -97.722739, 29.682151 ], [ -97.722104, 29.68552 ], [ -97.725625, 29.685672 ], [ -97.727576, 29.687892 ], [ -97.736005, 29.691336 ], [ -97.735409, 29.693618 ], [ -97.738505, 29.696549 ], [ -97.743286, 29.696967 ], [ -97.743347, 29.698841 ], [ -97.736797, 29.702219 ], [ -97.736583, 29.710729 ], [ -97.738426, 29.712956 ], [ -97.748988, 29.711103 ], [ -97.749745, 29.711938 ], [ -97.74665, 29.712556 ], [ -97.747094, 29.714017 ], [ -97.756548, 29.717825 ], [ -97.759042, 29.714592 ], [ -97.763364, 29.713042 ], [ -97.768475, 29.720052 ], [ -97.759219, 29.723838 ], [ -97.758696, 29.725519 ], [ -97.760979, 29.725493 ], [ -97.76128, 29.728299 ], [ -97.765275, 29.728482 ], [ -97.77096, 29.732305 ], [ -97.772287, 29.733797 ], [ -97.770499, 29.73347 ], [ -97.770699, 29.737819 ], [ -97.768564, 29.74163 ], [ -97.774062, 29.741585 ], [ -97.774002, 29.743938 ], [ -97.777112, 29.746687 ], [ -97.78219, 29.747865 ], [ -97.779464, 29.748209 ], [ -97.781237, 29.752709 ], [ -97.780767, 29.759116 ], [ -97.787041, 29.760947 ], [ -97.792814, 29.759257 ], [ -97.794218, 29.752773 ], [ -97.799396, 29.75226 ], [ -97.801361, 29.754194 ], [ -97.803597, 29.753731 ], [ -97.80382, 29.757432 ], [ -97.800245, 29.760871 ], [ -97.800279, 29.766207 ], [ -97.805417, 29.767448 ], [ -97.810447, 29.7729 ], [ -97.811171, 29.774501 ], [ -97.805542, 29.773158 ], [ -97.80565, 29.777058 ], [ -97.808453, 29.779775 ], [ -97.811371, 29.780295 ], [ -97.812489, 29.778132 ], [ -97.814805, 29.78019 ], [ -97.811883, 29.783906 ], [ -97.814326, 29.784723 ], [ -97.817138, 29.790383 ], [ -97.819566, 29.78943 ], [ -97.821837, 29.782721 ], [ -97.823997, 29.783537 ], [ -97.822654, 29.784629 ], [ -97.823742, 29.785459 ], [ -97.826482, 29.784046 ], [ -97.82417, 29.781429 ], [ -97.828535, 29.781426 ], [ -97.827837, 29.779114 ], [ -97.829599, 29.779956 ], [ -97.832374, 29.784496 ], [ -97.830043, 29.789983 ], [ -97.830265, 29.795533 ], [ -97.83686, 29.795179 ], [ -97.842351, 29.799224 ], [ -97.841913, 29.80746 ], [ -97.844842, 29.808455 ], [ -97.845682, 29.80737 ], [ -97.846362, 29.808648 ], [ -97.840604, 29.816201 ], [ -97.839747, 29.820402 ], [ -97.842121, 29.821494 ], [ -97.842704, 29.824015 ], [ -97.836934, 29.825048 ], [ -97.83671, 29.827158 ], [ -97.843898, 29.832841 ], [ -97.84484, 29.839111 ], [ -97.847336, 29.842449 ], [ -97.855533, 29.843913 ], [ -97.856203, 29.848884 ], [ -97.86336, 29.856194 ], [ -97.867007, 29.854698 ], [ -97.867331, 29.851927 ], [ -97.868885, 29.851357 ], [ -97.872196, 29.852519 ], [ -97.875259, 29.858208 ], [ -97.943564, 29.806914 ], [ -97.999271, 29.752444 ], [ -98.030523, 29.848539 ], [ -98.2976, 30.037994 ], [ -98.173025, 30.356244 ], [ -98.097709, 30.467626 ], [ -98.097778, 30.498058 ], [ -98.107468, 30.494268 ], [ -98.113723, 30.485576 ], [ -98.123111, 30.484723 ], [ -98.12342, 30.486482 ], [ -97.997942, 30.720294 ] ] ] ] } },
{ "type": "Feature", "properties": { "CSAFP": "476", "CBSAFP": "41180", "GEOID": "41180", "GEOIDFQ": "310M700US41180", "NAME": "St. Louis, MO-IL", "NAMELSAD": "St. Louis, MO-IL Metro Area", "LSAD": "M1", "MEMI": "1", "MTFCC": "G3110", "ALAND": 20366316374, "AWATER": 565763233, "INTPTLAT": "+38.7402108", "INTPTLON": "-090.3458253", "GEO_ID": "310M700US41180", "NAME_2": "St. Louis, MO-IL Metro Area", "DP05_0001E": "2810850", "DP05_0001M": "*****" }, "geometry": { "type": "MultiPolygon", "coordinates": [ [ [ [ -89.254185, 38.742018 ], [ -89.138393, 38.736331 ], [ -89.143866, 38.503089 ], [ -89.254872, 38.50934 ], [ -89.259038, 38.509084 ], [ -89.260338, 38.507251 ], [ -89.264154, 38.510496 ], [ -89.265479, 38.507466 ], [ -89.270459, 38.506652 ], [ -89.269483, 38.504858 ], [ -89.272173, 38.506176 ], [ -89.272242, 38.504278 ], [ -89.272906, 38.507153 ], [ -89.274819, 38.504815 ], [ -89.277791, 38.505045 ], [ -89.276568, 38.507216 ], [ -89.277684, 38.507925 ], [ -89.279736, 38.505489 ], [ -89.279936, 38.508197 ], [ -89.284403, 38.506293 ], [ -89.284788, 38.509611 ], [ -89.285609, 38.508351 ], [ -89.289999, 38.508607 ], [ -89.289136, 38.505389 ], [ -89.292044, 38.505857 ], [ -89.292083, 38.508141 ], [ -89.294783, 38.507732 ], [ -89.293134, 38.505423 ], [ -89.293955, 38.504546 ], [ -89.29641, 38.506904 ], [ -89.298836, 38.505692 ], [ -89.299866, 38.507706 ], [ -89.297944, 38.50912 ], [ -89.301558, 38.508168 ], [ -89.300176, 38.511031 ], [ -89.303307, 38.509363 ], [ -89.307491, 38.510719 ], [ -89.307066, 38.508972 ], [ -89.308333, 38.508536 ], [ -89.309012, 38.511152 ], [ -89.310217, 38.509059 ], [ -89.311088, 38.51252 ], [ -89.315379, 38.511771 ], [ -89.316798, 38.508488 ], [ -89.321552, 38.511255 ], [ -89.323456, 38.510508 ], [ -89.322505, 38.512993 ], [ -89.326173, 38.511276 ], [ -89.325953, 38.51365 ], [ -89.328948, 38.510162 ], [ -89.332597, 38.51006 ], [ -89.330844, 38.512245 ], [ -89.338238, 38.510861 ], [ -89.337217, 38.512819 ], [ -89.339101, 38.513406 ], [ -89.343058, 38.510325 ], [ -89.345862, 38.51284 ], [ -89.345681, 38.510049 ], [ -89.347052, 38.513346 ], [ -89.344903, 38.514278 ], [ -89.348088, 38.516783 ], [ -89.350873, 38.516162 ], [ -89.34992, 38.517769 ], [ -89.351483, 38.518861 ], [ -89.354862, 38.517879 ], [ -89.354986, 38.516324 ], [ -89.356238, 38.51807 ], [ -89.358784, 38.517769 ], [ -89.357628, 38.514838 ], [ -89.360424, 38.516546 ], [ -89.36123, 38.514501 ], [ -89.359243, 38.508818 ], [ -89.363429, 38.510583 ], [ -89.364023, 38.508587 ], [ -89.366316, 38.508237 ], [ -89.361878, 38.507997 ], [ -89.360931, 38.506196 ], [ -89.368183, 38.505193 ], [ -89.368236, 38.502928 ], [ -89.365964, 38.503401 ], [ -89.364918, 38.500995 ], [ -89.368903, 38.500473 ], [ -89.367148, 38.49799 ], [ -89.369896, 38.499825 ], [ -89.371517, 38.497036 ], [ -89.373383, 38.496934 ], [ -89.372777, 38.500462 ], [ -89.380116, 38.494277 ], [ -89.379252, 38.496999 ], [ -89.382272, 38.497446 ], [ -89.385585, 38.494302 ], [ -89.387656, 38.497159 ], [ -89.388914, 38.494095 ], [ -89.398063, 38.494815 ], [ -89.39855, 38.49199 ], [ -89.395718, 38.490177 ], [ -89.400685, 38.489131 ], [ -89.401903, 38.489499 ], [ -89.40165, 38.494408 ], [ -89.405914, 38.495642 ], [ -89.408104, 38.489037 ], [ -89.410516, 38.487315 ], [ -89.417153, 38.494106 ], [ -89.425495, 38.496065 ], [ -89.428491, 38.499078 ], [ -89.433989, 38.494884 ], [ -89.43444, 38.49059 ], [ -89.448521, 38.489214 ], [ -89.455802, 38.482504 ], [ -89.455145, 38.479769 ], [ -89.467565, 38.476291 ], [ -89.469724, 38.47308 ], [ -89.478533, 38.471302 ], [ -89.48188, 38.46859 ], [ -89.483704, 38.473124 ], [ -89.488974, 38.474253 ], [ -89.490147, 38.477746 ], [ -89.493283, 38.475055 ], [ -89.490566, 38.47161 ], [ -89.501222, 38.474437 ], [ -89.504631, 38.473433 ], [ -89.508503, 38.474611 ], [ -89.513851, 38.472538 ], [ -89.519765, 38.474541 ], [ -89.52459, 38.479451 ], [ -89.528445, 38.477298 ], [ -89.528154, 38.481074 ], [ -89.531616, 38.47868 ], [ -89.533714, 38.480667 ], [ -89.540194, 38.480589 ], [ -89.541841, 38.478697 ], [ -89.539264, 38.475538 ], [ -89.54082, 38.474049 ], [ -89.546725, 38.474403 ], [ -89.550028, 38.4773 ], [ -89.552046, 38.475378 ], [ -89.550846, 38.477532 ], [ -89.55219, 38.478259 ], [ -89.55825, 38.477457 ], [ -89.556873, 38.475684 ], [ -89.558323, 38.474748 ], [ -89.56071, 38.477356 ], [ -89.568055, 38.475745 ], [ -89.567667, 38.478851 ], [ -89.56473, 38.481314 ], [ -89.565883, 38.483288 ], [ -89.567822, 38.481031 ], [ -89.57321, 38.482475 ], [ -89.57423, 38.480619 ], [ -89.572495, 38.478658 ], [ -89.574334, 38.477594 ], [ -89.577666, 38.483461 ], [ -89.579325, 38.480184 ], [ -89.588923, 38.475565 ], [ -89.592251, 38.476572 ], [ -89.594928, 38.474789 ], [ -89.600354, 38.476087 ], [ -89.603357, 38.474094 ], [ -89.607524, 38.474986 ], [ -89.613453, 38.473249 ], [ -89.615738, 38.471417 ], [ -89.616943, 38.466634 ], [ -89.621021, 38.466343 ], [ -89.620191, 38.46316 ], [ -89.623246, 38.460812 ], [ -89.625996, 38.460619 ], [ -89.62608, 38.464426 ], [ -89.628875, 38.463696 ], [ -89.626706, 38.453705 ], [ -89.629186, 38.449897 ], [ -89.632602, 38.452419 ], [ -89.63461, 38.451933 ], [ -89.632833, 38.447181 ], [ -89.636473, 38.448103 ], [ -89.637765, 38.450326 ], [ -89.638709, 38.449081 ], [ -89.636782, 38.446305 ], [ -89.638854, 38.445219 ], [ -89.646048, 38.44808 ], [ -89.647049, 38.446057 ], [ -89.643195, 38.443928 ], [ -89.645027, 38.441429 ], [ -89.664178, 38.445326 ], [ -89.667779, 38.442753 ], [ -89.668448, 38.44042 ], [ -89.668696, 38.435628 ], [ -89.665058, 38.43498 ], [ -89.66703, 38.432335 ], [ -89.674035, 38.434732 ], [ -89.672045, 38.429011 ], [ -89.675188, 38.431828 ], [ -89.677997, 38.432121 ], [ -89.67785, 38.42474 ], [ -89.685696, 38.425385 ], [ -89.686107, 38.426758 ], [ -89.683357, 38.428676 ], [ -89.687431, 38.42988 ], [ -89.689012, 38.426372 ], [ -89.696755, 38.425041 ], [ -89.695068, 38.421288 ], [ -89.692102, 38.419844 ], [ -89.694771, 38.416675 ], [ -89.704245, 38.415779 ], [ -89.703256, 38.219404 ], [ -89.9249, 38.220816 ], [ -90.036316, 38.223246 ], [ -90.035867, 38.135736 ], [ -90.205205, 38.086907 ], [ -90.217019, 38.093466 ], [ -90.240713, 38.110375 ], [ -90.252666, 38.127812 ], [ -90.256115, 38.125912 ], [ -90.25008, 38.114225 ], [ -90.256496, 38.116956 ], [ -90.262716, 38.107519 ], [ -90.269921, 38.107691 ], [ -90.274046, 38.105039 ], [ -90.280911, 38.103968 ], [ -90.280283, 38.098764 ], [ -90.28429, 38.096775 ], [ -90.288177, 38.091539 ], [ -90.291698, 38.091593 ], [ -90.295999, 38.087979 ], [ -90.31748, 38.092753 ], [ -90.317779, 38.09418 ], [ -90.321016, 38.094938 ], [ -90.324914, 38.093302 ], [ -90.32939, 38.09436 ], [ -90.416022, 38.042315 ], [ -90.583324, 38.003499 ], [ -90.625241, 38.007418 ], [ -90.628192, 38.007962 ], [ -90.626469, 38.011937 ], [ -90.61651, 38.013493 ], [ -90.612787, 38.015895 ], [ -90.616585, 38.022248 ], [ -90.616445, 38.028412 ], [ -90.621508, 38.040357 ], [ -90.620996, 38.052601 ], [ -90.61891, 38.0572 ], [ -90.613456, 38.061955 ], [ -90.612019, 38.067603 ], [ -90.612914, 38.071631 ], [ -90.616709, 38.073422 ], [ -90.620175, 38.072789 ], [ -90.625212, 38.076036 ], [ -90.633351, 38.074117 ], [ -90.650688, 38.080908 ], [ -90.659153, 38.081797 ], [ -90.662033, 38.086225 ], [ -90.657103, 38.087073 ], [ -90.651375, 38.091509 ], [ -90.658082, 38.0975 ], [ -90.660986, 38.095801 ], [ -90.660759, 38.092192 ], [ -90.663179, 38.087825 ], [ -90.681597, 38.087649 ], [ -90.684776, 38.08627 ], [ -90.685366, 38.091058 ], [ -90.678091, 38.092175 ], [ -90.676262, 38.094122 ], [ -90.681399, 38.102681 ], [ -90.780185, 38.204112 ], [ -90.97019, 38.20551 ], [ -90.970187, 38.206687 ], [ -91.000138, 38.204088 ], [ -91.36763, 38.204013 ], [ -91.365436, 38.33147 ], [ -91.367037, 38.331491 ], [ -91.369192, 38.699324 ], [ -91.395134, 38.70799 ], [ -91.418637, 38.709778 ], [ -91.415832, 38.8453 ], [ -91.33885, 38.84453 ], [ -91.301894, 38.845851 ], [ -91.301898, 38.84431 ], [ -91.264927, 38.843833 ], [ -91.263644, 38.956458 ], [ -91.263774, 38.963634 ], [ -91.264979, 38.963638 ], [ -91.260232, 39.139845 ], [ -91.18546, 39.13905 ], [ -91.182942, 39.227233 ], [ -91.000135, 39.224451 ], [ -90.721835, 39.224108 ], [ -90.721593, 39.23273 ], [ -90.726981, 39.251173 ], [ -90.72996, 39.255894 ], [ -90.739087, 39.261893 ], [ -90.751599, 39.265432 ], [ -90.767648, 39.280025 ], [ -90.775673, 39.292811 ], [ -90.790675, 39.302908 ], [ -90.793461, 39.309498 ], [ -90.816851, 39.320496 ], [ -90.8475, 39.345272 ], [ -90.893777, 39.367343 ], [ -90.900095, 39.372354 ], [ -90.904862, 39.379403 ], [ -90.920976, 39.383687 ], [ -90.928745, 39.387544 ], [ -90.934007, 39.392127 ], [ -90.936728, 39.399511 ], [ -90.765075, 39.399136 ], [ -90.613775, 39.395416 ], [ -90.617301, 39.385692 ], [ -90.620802, 39.381156 ], [ -90.620162, 39.375692 ], [ -90.62229, 39.365089 ], [ -90.619638, 39.349096 ], [ -90.612892, 39.324538 ], [ -90.611258, 39.311213 ], [ -90.60243, 39.292693 ], [ -90.602393, 39.28748 ], [ -90.606329, 39.279771 ], [ -90.609796, 39.259812 ], [ -90.605904, 39.251362 ], [ -90.597989, 39.24333 ], [ -90.597229, 39.235127 ], [ -90.592289, 39.21823 ], [ -90.593009, 39.209956 ], [ -90.591219, 39.201129 ], [ -90.592095, 39.19579 ], [ -90.597482, 39.187531 ], [ -90.598887, 39.181513 ], [ -90.609221, 39.172168 ], [ -90.613718, 39.160177 ], [ -90.61454, 39.14229 ], [ -90.603569, 39.117592 ], [ -90.597072, 39.127327 ], [ -90.599044, 39.133274 ], [ -90.597959, 39.136752 ], [ -90.591526, 39.138332 ], [ -90.589382, 39.141169 ], [ -90.584654, 39.142165 ], [ -90.582803, 39.144327 ], [ -90.583187, 39.149154 ], [ -90.587213, 39.154873 ], [ -90.585364, 39.161553 ], [ -90.581753, 39.164845 ], [ -90.576524, 39.164708 ], [ -90.575199, 39.167836 ], [ -90.575904, 39.173084 ], [ -90.582106, 39.176927 ], [ -90.578699, 39.179897 ], [ -90.580587, 39.184895 ], [ -90.57334, 39.184097 ], [ -90.574699, 39.179075 ], [ -90.572422, 39.177332 ], [ -90.56611, 39.180382 ], [ -90.570296, 39.182181 ], [ -90.570114, 39.183372 ], [ -90.56534, 39.183574 ], [ -90.557767, 39.188482 ], [ -90.545483, 39.190079 ], [ -90.546248, 39.184242 ], [ -90.54396, 39.183183 ], [ -90.542447, 39.18389 ], [ -90.540927, 39.189529 ], [ -90.537281, 39.192959 ], [ -90.534937, 39.189186 ], [ -90.53155, 39.187376 ], [ -90.528473, 39.188366 ], [ -90.529221, 39.191626 ], [ -90.526816, 39.192449 ], [ -90.52301, 39.187053 ], [ -90.520365, 39.188024 ], [ -90.510917, 39.186567 ], [ -90.503236, 39.181705 ], [ -90.505821, 39.172916 ], [ -90.503963, 39.170907 ], [ -90.502458, 39.163745 ], [ -90.498095, 39.163961 ], [ -90.497786, 39.160642 ], [ -90.495793, 39.160235 ], [ -90.487879, 39.164074 ], [ -90.486429, 39.170002 ], [ -90.487624, 39.175005 ], [ -90.313289, 39.174289 ], [ -90.31393, 39.225128 ], [ -90.201769, 39.225497 ], [ -90.202681, 39.258192 ], [ -90.193699, 39.258235 ], [ -90.193872, 39.26196 ], [ -90.148069, 39.261947 ], [ -90.153782, 39.520315 ], [ -89.701661, 39.523316 ], [ -89.699276, 39.348048 ], [ -89.703692, 39.34803 ], [ -89.698555, 38.998979 ], [ -89.586092, 38.999456 ], [ -89.586344, 39.028329 ], [ -89.250238, 39.028184 ], [ -89.250305, 38.999191 ], [ -89.25736, 38.99917 ], [ -89.257417, 38.995127 ], [ -89.254185, 38.742018 ] ] ] ] } },
{ "type": "Feature", "properties": { "CSAFP": "429", "CBSAFP": "38060", "GEOID": "38060", "GEOIDFQ": "310M700US38060", "NAME": "Phoenix-Mesa-Chandler, AZ", "NAMELSAD": "Phoenix-Mesa-Chandler, AZ Metro Area", "LSAD": "M1", "MEMI": "1", "MTFCC": "G3110", "ALAND": 37732769051, "AWATER": 82802999, "INTPTLAT": "+33.1857653", "INTPTLON": "-112.0678624", "GEO_ID": "310M700US38060", "NAME_2": "Phoenix-Mesa-Chandler, AZ Metro Area", "DP05_0001E": "5028754", "DP05_0001M": "*****" }, "geometry": { "type": "MultiPolygon", "coordinates": [ [ [ [ -111.039976, 33.466019 ], [ -110.974706, 33.342095 ], [ -110.946684, 33.250053 ], [ -110.781754, 32.983891 ], [ -110.7651, 32.986179 ], [ -110.763687, 32.99233 ], [ -110.765189, 33.002197 ], [ -110.763778, 33.004945 ], [ -110.754314, 33.006421 ], [ -110.751301, 33.010686 ], [ -110.746798, 33.010697 ], [ -110.744998, 33.013553 ], [ -110.744979, 33.017531 ], [ -110.738756, 33.019506 ], [ -110.737968, 33.022334 ], [ -110.731742, 33.024926 ], [ -110.72819, 33.029542 ], [ -110.727648, 33.032918 ], [ -110.729114, 33.035463 ], [ -110.725117, 33.041893 ], [ -110.722023, 33.043202 ], [ -110.71648, 33.040915 ], [ -110.715954, 33.05063 ], [ -110.725701, 33.069392 ], [ -110.721361, 33.073044 ], [ -110.721105, 33.0762 ], [ -110.71784, 33.075815 ], [ -110.712676, 33.078032 ], [ -110.711576, 33.081584 ], [ -110.706672, 33.083699 ], [ -110.693334, 33.077052 ], [ -110.690017, 33.078469 ], [ -110.68828, 33.081249 ], [ -110.689029, 33.083669 ], [ -110.694557, 33.08529 ], [ -110.69495, 33.086875 ], [ -110.691056, 33.088963 ], [ -110.683138, 33.088227 ], [ -110.683577, 33.098675 ], [ -110.679776, 33.101201 ], [ -110.677893, 33.111365 ], [ -110.672765, 33.11164 ], [ -110.670475, 33.116602 ], [ -110.665971, 33.120018 ], [ -110.662397, 33.119062 ], [ -110.661658, 33.113321 ], [ -110.656508, 33.113692 ], [ -110.643595, 33.129781 ], [ -110.638997, 33.133051 ], [ -110.634961, 33.142031 ], [ -110.620664, 33.144011 ], [ -110.609386, 33.142798 ], [ -110.601498, 33.137898 ], [ -110.598713, 33.137942 ], [ -110.597146, 33.13413 ], [ -110.593459, 33.133926 ], [ -110.586982, 33.137314 ], [ -110.584608, 33.142136 ], [ -110.580962, 33.14416 ], [ -110.58176, 33.146825 ], [ -110.579445, 33.147132 ], [ -110.574964, 33.144475 ], [ -110.568994, 33.14481 ], [ -110.566962, 33.148125 ], [ -110.562112, 33.148812 ], [ -110.561772, 33.152853 ], [ -110.558654, 33.155316 ], [ -110.556034, 33.155285 ], [ -110.552647, 33.152579 ], [ -110.549703, 33.153094 ], [ -110.550138, 33.158057 ], [ -110.54547, 33.169057 ], [ -110.542699, 33.168368 ], [ -110.540673, 33.1638 ], [ -110.534442, 33.160584 ], [ -110.528399, 33.158624 ], [ -110.525015, 33.15957 ], [ -110.523918, 33.161689 ], [ -110.526838, 33.163659 ], [ -110.529238, 33.161747 ], [ -110.532674, 33.162771 ], [ -110.534607, 33.165262 ], [ -110.534323, 33.167713 ], [ -110.528097, 33.171279 ], [ -110.527064, 33.176868 ], [ -110.51627, 33.175693 ], [ -110.513504, 33.179322 ], [ -110.509045, 33.18029 ], [ -110.504733, 33.186248 ], [ -110.498779, 33.186829 ], [ -110.48625, 33.182935 ], [ -110.466333, 33.182304 ], [ -110.462147, 33.184869 ], [ -110.464238, 33.192355 ], [ -110.453944, 33.198039 ], [ -110.451732, 33.194101 ], [ -110.449021, 33.194526 ], [ -110.449233, 32.513995 ], [ -110.845097, 32.513866 ], [ -110.845079, 32.51112 ], [ -111.157493, 32.511255 ], [ -111.157567, 32.501624 ], [ -111.569252, 32.501389 ], [ -111.569256, 32.506769 ], [ -113.333894, 32.505188 ], [ -113.333212, 33.22721 ], [ -113.33392, 33.377425 ], [ -113.335049, 33.377522 ], [ -113.335075, 33.704342 ], [ -113.333751, 34.000039 ], [ -112.743951, 33.999898 ], [ -112.276168, 33.882469 ], [ -112.277604, 33.890439 ], [ -112.275158, 33.893404 ], [ -112.265746, 33.89807 ], [ -112.258899, 33.905043 ], [ -112.243039, 33.905361 ], [ -112.240726, 33.908261 ], [ -112.243643, 33.913138 ], [ -112.242948, 33.915462 ], [ -112.236551, 33.915064 ], [ -112.235051, 33.916408 ], [ -112.231565, 33.936043 ], [ -112.236014, 33.939534 ], [ -112.241371, 33.940527 ], [ -112.235798, 33.947286 ], [ -112.240258, 33.95049 ], [ -112.240348, 33.956643 ], [ -112.229231, 33.954186 ], [ -112.22304, 33.960036 ], [ -112.214618, 33.963626 ], [ -112.215008, 33.967145 ], [ -112.201379, 33.97072 ], [ -112.196771, 33.973935 ], [ -112.19414, 33.977929 ], [ -112.192713, 33.991928 ], [ -112.180522, 34.003578 ], [ -112.183275, 34.009914 ], [ -112.182912, 34.012483 ], [ -112.176355, 34.014421 ], [ -112.171583, 34.017806 ], [ -112.165537, 34.012586 ], [ -112.161128, 34.017717 ], [ -112.164774, 34.026954 ], [ -112.164715, 34.036266 ], [ -112.158695, 34.040043 ], [ -112.153647, 34.040909 ], [ -112.158407, 34.043772 ], [ -112.161631, 34.042287 ], [ -112.16282, 34.046873 ], [ -112.164758, 34.04817 ], [ -111.726334, 34.000041 ], [ -111.491722, 33.999809 ], [ -111.489869, 34.001352 ], [ -111.473545, 34.00321 ], [ -111.472438, 34.004687 ], [ -111.470699, 34.002761 ], [ -111.466532, 34.005943 ], [ -111.458376, 34.002207 ], [ -111.454415, 34.00475 ], [ -111.449398, 34.00015 ], [ -111.445079, 34.001176 ], [ -111.444297, 33.99886 ], [ -111.441784, 33.998079 ], [ -111.44033, 33.994915 ], [ -111.442813, 33.991372 ], [ -111.437223, 33.986749 ], [ -111.434654, 33.986806 ], [ -111.433096, 33.984401 ], [ -111.434707, 33.980893 ], [ -111.441272, 33.978375 ], [ -111.44809, 33.973285 ], [ -111.448887, 33.968602 ], [ -111.452552, 33.965928 ], [ -111.452354, 33.961006 ], [ -111.448012, 33.957786 ], [ -111.451621, 33.953951 ], [ -111.452267, 33.948791 ], [ -111.447304, 33.941549 ], [ -111.447072, 33.934859 ], [ -111.45204, 33.933767 ], [ -111.449267, 33.929733 ], [ -111.451736, 33.920995 ], [ -111.437487, 33.916174 ], [ -111.430638, 33.923999 ], [ -111.425932, 33.926108 ], [ -111.405203, 33.919436 ], [ -111.408603, 33.91197 ], [ -111.407997, 33.905286 ], [ -111.411584, 33.903727 ], [ -111.413663, 33.898706 ], [ -111.411435, 33.891601 ], [ -111.41331, 33.888716 ], [ -111.412824, 33.885881 ], [ -111.411199, 33.883596 ], [ -111.408051, 33.883859 ], [ -111.405522, 33.882108 ], [ -111.405652, 33.879535 ], [ -111.396046, 33.876933 ], [ -111.397583, 33.875042 ], [ -111.396083, 33.872785 ], [ -111.39631, 33.868566 ], [ -111.38721, 33.862488 ], [ -111.38699, 33.860447 ], [ -111.392323, 33.854832 ], [ -111.391782, 33.852959 ], [ -111.395853, 33.844623 ], [ -111.395477, 33.840862 ], [ -111.390146, 33.8377 ], [ -111.392497, 33.8359 ], [ -111.383563, 33.833622 ], [ -111.378615, 33.829581 ], [ -111.378027, 33.827393 ], [ -111.372317, 33.823924 ], [ -111.372011, 33.818245 ], [ -111.384241, 33.81649 ], [ -111.385087, 33.810305 ], [ -111.388326, 33.805353 ], [ -111.387912, 33.803214 ], [ -111.378502, 33.793715 ], [ -111.382797, 33.78813 ], [ -111.381199, 33.785229 ], [ -111.385464, 33.783185 ], [ -111.389444, 33.776663 ], [ -111.386553, 33.773215 ], [ -111.389371, 33.770807 ], [ -111.387124, 33.763231 ], [ -111.3833, 33.762791 ], [ -111.382161, 33.760957 ], [ -111.386812, 33.750044 ], [ -111.381136, 33.747659 ], [ -111.37663, 33.749634 ], [ -111.373014, 33.749343 ], [ -111.372137, 33.745211 ], [ -111.356291, 33.738835 ], [ -111.354831, 33.733246 ], [ -111.351912, 33.73352 ], [ -111.352302, 33.732286 ], [ -111.344263, 33.727401 ], [ -111.343626, 33.724839 ], [ -111.336369, 33.720355 ], [ -111.338615, 33.715899 ], [ -111.337016, 33.708989 ], [ -111.338321, 33.702746 ], [ -111.336222, 33.700777 ], [ -111.331394, 33.688338 ], [ -111.326012, 33.684379 ], [ -111.314903, 33.681394 ], [ -111.309163, 33.673857 ], [ -111.304213, 33.671403 ], [ -111.299514, 33.663823 ], [ -111.287187, 33.658615 ], [ -111.286188, 33.65657 ], [ -111.287193, 33.652021 ], [ -111.282283, 33.64648 ], [ -111.279787, 33.645865 ], [ -111.280225, 33.644518 ], [ -111.276124, 33.638966 ], [ -111.27361, 33.638448 ], [ -111.269295, 33.629229 ], [ -111.26283, 33.623157 ], [ -111.255704, 33.621128 ], [ -111.249538, 33.624331 ], [ -111.246746, 33.621493 ], [ -111.238358, 33.618447 ], [ -111.237368, 33.615401 ], [ -111.231534, 33.613175 ], [ -111.231948, 33.609506 ], [ -111.223687, 33.602857 ], [ -111.222055, 33.602446 ], [ -111.216749, 33.608317 ], [ -111.216079, 33.612701 ], [ -111.207453, 33.620572 ], [ -111.209444, 33.633499 ], [ -111.20704, 33.636878 ], [ -111.200282, 33.640257 ], [ -111.180619, 33.659792 ], [ -111.173537, 33.660123 ], [ -111.169479, 33.667514 ], [ -111.153354, 33.677606 ], [ -111.039976, 33.466019 ] ] ] ] } },
{ "type": "Feature", "properties": { "CSAFP": "312", "CBSAFP": "28140", "GEOID": "28140", "GEOIDFQ": "310M700US28140", "NAME": "Kansas City, MO-KS", "NAMELSAD": "Kansas City, MO-KS Metro Area", "LSAD": "M1", "MEMI": "1", "MTFCC": "G3110", "ALAND": 18794370744, "AWATER": 301199458, "INTPTLAT": "+38.9318567", "INTPTLON": "-094.4438406", "GEO_ID": "310M700US28140", "NAME_2": "Kansas City, MO-KS Metro Area", "DP05_0001E": "2218142", "DP05_0001M": "*****" }, "geometry": { "type": "MultiPolygon", "coordinates": [ [ [ [ -94.205961, 39.745841 ], [ -94.205844, 39.788954 ], [ -94.204811, 39.789058 ], [ -94.093205, 39.785852 ], [ -93.87072, 39.786884 ], [ -93.758992, 39.784674 ], [ -93.758463, 39.207021 ], [ -93.738956, 39.209655 ], [ -93.71121, 39.206262 ], [ -93.702335, 39.208799 ], [ -93.695418, 39.213664 ], [ -93.689411, 39.224716 ], [ -93.685553, 39.228552 ], [ -93.674332, 39.233966 ], [ -93.661901, 39.235782 ], [ -93.656291, 39.240428 ], [ -93.657469, 39.245525 ], [ -93.652237, 39.24834 ], [ -93.644407, 39.245202 ], [ -93.640584, 39.247306 ], [ -93.636381, 39.247172 ], [ -93.627455, 39.242972 ], [ -93.585829, 39.24076 ], [ -93.568926, 39.228605 ], [ -93.563192, 39.22002 ], [ -93.551528, 39.217017 ], [ -93.528432, 39.214892 ], [ -93.500211, 39.218005 ], [ -93.489284, 39.226297 ], [ -93.486573, 39.233861 ], [ -93.496221, 39.264891 ], [ -93.495377, 39.275459 ], [ -93.489889, 39.285145 ], [ -93.4837, 39.290249 ], [ -93.477233, 39.292796 ], [ -93.481816, 39.230471 ], [ -93.497268, 38.928441 ], [ -93.834719, 38.937909 ], [ -93.836319, 38.908709 ], [ -94.114175, 38.917304 ], [ -94.129372, 38.655862 ], [ -94.116408, 38.655518 ], [ -94.119664, 38.568712 ], [ -94.064317, 38.56738 ], [ -94.06782, 38.466016 ], [ -94.06502, 38.465816 ], [ -94.075214, 38.214502 ], [ -94.049895, 38.213985 ], [ -94.058285, 38.036627 ], [ -94.06018, 38.035679 ], [ -94.061679, 38.031305 ], [ -94.064696, 38.031251 ], [ -94.065699, 38.035488 ], [ -94.069375, 38.03682 ], [ -94.080659, 38.031597 ], [ -94.085239, 38.032465 ], [ -94.088601, 38.035946 ], [ -94.08654, 38.039791 ], [ -94.087118, 38.04162 ], [ -94.094425, 38.039906 ], [ -94.096844, 38.044803 ], [ -94.101912, 38.048105 ], [ -94.104608, 38.046809 ], [ -94.103869, 38.040598 ], [ -94.105647, 38.037759 ], [ -94.109911, 38.03732 ], [ -94.112874, 38.040083 ], [ -94.118755, 38.042159 ], [ -94.118868, 38.044505 ], [ -94.114832, 38.046623 ], [ -94.115478, 38.048433 ], [ -94.124693, 38.05017 ], [ -94.129037, 38.0567 ], [ -94.133699, 38.058232 ], [ -94.150583, 38.053864 ], [ -94.157432, 38.057119 ], [ -94.168589, 38.049723 ], [ -94.183214, 38.045281 ], [ -94.190886, 38.045186 ], [ -94.194578, 38.04182 ], [ -94.194374, 38.035057 ], [ -94.196061, 38.033791 ], [ -94.198576, 38.036096 ], [ -94.19762, 38.039186 ], [ -94.20069, 38.046545 ], [ -94.194724, 38.052706 ], [ -94.197232, 38.054567 ], [ -94.20282, 38.054292 ], [ -94.211051, 38.050975 ], [ -94.209947, 38.043815 ], [ -94.213977, 38.039688 ], [ -94.21504, 38.034023 ], [ -94.217244, 38.033612 ], [ -94.219762, 38.038943 ], [ -94.223889, 38.040348 ], [ -94.227044, 38.035161 ], [ -94.224849, 38.027337 ], [ -94.236588, 38.025952 ], [ -94.243729, 38.02732 ], [ -94.245126, 38.030468 ], [ -94.242933, 38.032639 ], [ -94.233514, 38.032226 ], [ -94.233668, 38.033753 ], [ -94.238184, 38.035564 ], [ -94.24066, 38.039793 ], [ -94.231778, 38.042922 ], [ -94.230446, 38.045609 ], [ -94.234364, 38.047112 ], [ -94.237363, 38.043909 ], [ -94.239114, 38.043952 ], [ -94.240619, 38.050819 ], [ -94.614061, 38.060056 ], [ -94.614089, 38.037057 ], [ -95.077876, 38.037706 ], [ -95.075459, 38.258714 ], [ -95.065103, 38.258648 ], [ -95.065784, 38.694589 ], [ -95.056667, 38.694902 ], [ -95.056258, 38.98212 ], [ -95.06071, 38.985625 ], [ -95.068725, 38.98712 ], [ -95.084768, 38.982365 ], [ -95.086688, 38.98022 ], [ -95.086799, 38.974327 ], [ -95.074453, 38.964369 ], [ -95.076443, 38.959831 ], [ -95.085232, 38.953836 ], [ -95.100856, 38.956219 ], [ -95.104541, 38.959069 ], [ -95.107529, 38.966674 ], [ -95.11091, 38.969338 ], [ -95.120358, 38.970159 ], [ -95.126889, 38.967699 ], [ -95.13969, 38.969388 ], [ -95.164123, 38.98163 ], [ -95.166573, 38.977016 ], [ -95.164859, 38.97152 ], [ -95.169539, 38.966471 ], [ -95.186189, 38.964542 ], [ -95.187963, 39.128909 ], [ -95.180125, 39.128889 ], [ -95.180891, 39.419218 ], [ -94.968973, 39.418879 ], [ -94.976131, 39.425863 ], [ -94.980419, 39.438574 ], [ -94.987495, 39.444621 ], [ -95.000241, 39.449763 ], [ -95.022025, 39.455453 ], [ -95.033408, 39.460876 ], [ -95.04078, 39.466387 ], [ -95.047671, 39.477536 ], [ -95.050552, 39.497514 ], [ -95.054459, 39.502653 ], [ -95.0593, 39.506473 ], [ -95.082714, 39.516712 ], [ -95.102888, 39.533347 ], [ -94.601215, 39.53017 ], [ -94.602257, 39.747195 ], [ -94.31817, 39.747514 ], [ -94.205961, 39.745841 ] ] ] ] } },
{ "type": "Feature", "properties": { "CSAFP": "348", "CBSAFP": "31080", "GEOID": "31080", "GEOIDFQ": "310M700US31080", "NAME": "Los Angeles-Long Beach-Anaheim, CA", "NAMELSAD": "Los Angeles-Long Beach-Anaheim, CA Metro Area", "LSAD": "M1", "MEMI": "1", "MTFCC": "G3110", "ALAND": 12570606204, "AWATER": 2190172320, "INTPTLAT": "+34.1087033", "INTPTLON": "-118.1827533", "GEO_ID": "310M700US31080", "NAME_2": "Los Angeles-Long Beach-Anaheim, CA Metro Area", "DP05_0001E": "12974487", "DP05_0001M": "*****" }, "geometry": { "type": "MultiPolygon", "coordinates": [ [ [ [ -117.783075, 33.94626 ], [ -117.738089, 33.913738 ], [ -117.679303, 33.877621 ], [ -117.671608, 33.869368 ], [ -117.675053, 33.868725 ], [ -117.674282, 33.857956 ], [ -117.662117, 33.857499 ], [ -117.580136, 33.767988 ], [ -117.536448, 33.757665 ], [ -117.533999, 33.710355 ], [ -117.474573, 33.703811 ], [ -117.457981, 33.690292 ], [ -117.412987, 33.659045 ], [ -117.51021, 33.533999 ], [ -117.509909, 33.520546 ], [ -117.503181, 33.520405 ], [ -117.503756, 33.508945 ], [ -117.509725, 33.509062 ], [ -117.509499, 33.470268 ], [ -117.538174, 33.454876 ], [ -117.55984, 33.451388 ], [ -117.578513, 33.453806 ], [ -117.611081, 33.333992 ], [ -117.636201, 33.349128 ], [ -117.64786, 33.363635 ], [ -117.653795, 33.364818 ], [ -117.713571, 33.408777 ], [ -117.735336, 33.407436 ], [ -117.741409, 33.410118 ], [ -117.76514, 33.431539 ], [ -117.790478, 33.461241 ], [ -117.793262, 33.469782 ], [ -117.811277, 33.482019 ], [ -117.816356, 33.490872 ], [ -117.934046, 33.549254 ], [ -118.000879, 33.593165 ], [ -118.033611, 33.609354 ], [ -118.049848, 33.620015 ], [ -118.075074, 33.639606 ], [ -118.096473, 33.653651 ], [ -118.1259, 33.697151 ], [ -118.16583, 33.691563 ], [ -118.237008, 33.690595 ], [ -118.254528, 33.67507 ], [ -118.274239, 33.663429 ], [ -118.319135, 33.659547 ], [ -118.345415, 33.663427 ], [ -118.377171, 33.678953 ], [ -118.385931, 33.686712 ], [ -118.428637, 33.701266 ], [ -118.466962, 33.725524 ], [ -118.485577, 33.753664 ], [ -118.487768, 33.779865 ], [ -118.484483, 33.803154 ], [ -118.469153, 33.818679 ], [ -118.450538, 33.832265 ], [ -118.443968, 33.839057 ], [ -118.447254, 33.84876 ], [ -118.47682, 33.889513 ], [ -118.500912, 33.918621 ], [ -118.508627, 33.932517 ], [ -118.523447, 33.953049 ], [ -118.533474, 33.961794 ], [ -118.548417, 33.97997 ], [ -118.557356, 33.987673 ], [ -118.569687, 33.988811 ], [ -118.586577, 33.987013 ], [ -118.594079, 33.988065 ], [ -118.604389, 33.986283 ], [ -118.648348, 33.986729 ], [ -118.666514, 33.980562 ], [ -118.680815, 33.97916 ], [ -118.689144, 33.97995 ], [ -118.704574, 33.97784 ], [ -118.727459, 33.980307 ], [ -118.735528, 33.977035 ], [ -118.746391, 33.975501 ], [ -118.754411, 33.967792 ], [ -118.786528, 33.95143 ], [ -118.797728, 33.948212 ], [ -118.809827, 33.946905 ], [ -118.824893, 33.949042 ], [ -118.841116, 33.955371 ], [ -118.856846, 33.96597 ], [ -118.873998, 33.983314 ], [ -118.887301, 33.987223 ], [ -118.931653, 33.99211 ], [ -118.951721, 33.992858 ], [ -118.940965, 34.07483 ], [ -118.788889, 34.168214 ], [ -118.668152, 34.168195 ], [ -118.667714, 34.240345 ], [ -118.632494, 34.240391 ], [ -118.632548, 34.263429 ], [ -118.636789, 34.291804 ], [ -118.894634, 34.817972 ], [ -118.880416, 34.817843 ], [ -118.884164, 34.813489 ], [ -118.883317, 34.809373 ], [ -118.876722, 34.803203 ], [ -118.87212, 34.803171 ], [ -118.854114, 34.803279 ], [ -118.854009, 34.817758 ], [ -118.484544, 34.818213 ], [ -117.987678, 34.822625 ], [ -117.667459, 34.822528 ], [ -117.667121, 34.557906 ], [ -117.660401, 34.557892 ], [ -117.659757, 34.452769 ], [ -117.646374, 34.28917 ], [ -117.678501, 34.161993 ], [ -117.681713, 34.155827 ], [ -117.686799, 34.138122 ], [ -117.716475, 34.067577 ], [ -117.727359, 34.037389 ], [ -117.730125, 34.021371 ], [ -117.735846, 34.018554 ], [ -117.767657, 34.023508 ], [ -117.767525, 34.004695 ], [ -117.785033, 34.004854 ], [ -117.802539, 33.975551 ], [ -117.802445, 33.968308 ], [ -117.793667, 33.968135 ], [ -117.793551, 33.953822 ], [ -117.783075, 33.94626 ] ] ], [ [ [ -118.668203, 33.485937 ], [ -118.66371, 33.500025 ], [ -118.655735, 33.510818 ], [ -118.644058, 33.521284 ], [ -118.625916, 33.528978 ], [ -118.605014, 33.532206 ], [ -118.589719, 33.531978 ], [ -118.579144, 33.52841 ], [ -118.567188, 33.529482 ], [ -118.55775, 33.528328 ], [ -118.546602, 33.530841 ], [ -118.529382, 33.531182 ], [ -118.506757, 33.524911 ], [ -118.493335, 33.515726 ], [ -118.477276, 33.515434 ], [ -118.462853, 33.510427 ], [ -118.44755, 33.500025 ], [ -118.436835, 33.489443 ], [ -118.427095, 33.487161 ], [ -118.420841, 33.481782 ], [ -118.40323, 33.479267 ], [ -118.359393, 33.464922 ], [ -118.350918, 33.457818 ], [ -118.332773, 33.448044 ], [ -118.316351, 33.434137 ], [ -118.310947, 33.425137 ], [ -118.306591, 33.407155 ], [ -118.304102, 33.403632 ], [ -118.294666, 33.397593 ], [ -118.27721, 33.380743 ], [ -118.262748, 33.37044 ], [ -118.257714, 33.364131 ], [ -118.245102, 33.338341 ], [ -118.241286, 33.323023 ], [ -118.242701, 33.303113 ], [ -118.249075, 33.284142 ], [ -118.250903, 33.280465 ], [ -118.259178, 33.272505 ], [ -118.280703, 33.259092 ], [ -118.302837, 33.251005 ], [ -118.327993, 33.248083 ], [ -118.343772, 33.25003 ], [ -118.363311, 33.255074 ], [ -118.381487, 33.262298 ], [ -118.385589, 33.265358 ], [ -118.402557, 33.267937 ], [ -118.412049, 33.266275 ], [ -118.437654, 33.267018 ], [ -118.455072, 33.269019 ], [ -118.486688, 33.276905 ], [ -118.510386, 33.289659 ], [ -118.534885, 33.315176 ], [ -118.547476, 33.34048 ], [ -118.551193, 33.369352 ], [ -118.547929, 33.376799 ], [ -118.553376, 33.380226 ], [ -118.573197, 33.383479 ], [ -118.59108, 33.390872 ], [ -118.607228, 33.398294 ], [ -118.618574, 33.406191 ], [ -118.625917, 33.414265 ], [ -118.630734, 33.423203 ], [ -118.655057, 33.44531 ], [ -118.66175, 33.456317 ], [ -118.665919, 33.467334 ], [ -118.668203, 33.485937 ] ] ], [ [ [ -118.678204, 33.039726 ], [ -118.675605, 33.049349 ], [ -118.663846, 33.066846 ], [ -118.654363, 33.074952 ], [ -118.641301, 33.081882 ], [ -118.632642, 33.084539 ], [ -118.619621, 33.086719 ], [ -118.578337, 33.086243 ], [ -118.552627, 33.078633 ], [ -118.542103, 33.073788 ], [ -118.523727, 33.059972 ], [ -118.514966, 33.049889 ], [ -118.507663, 33.037883 ], [ -118.495582, 33.026336 ], [ -118.491132, 33.017923 ], [ -118.489497, 33.01063 ], [ -118.448863, 32.96175 ], [ -118.423338, 32.946483 ], [ -118.390787, 32.917841 ], [ -118.362519, 32.900117 ], [ -118.337457, 32.879748 ], [ -118.328898, 32.875037 ], [ -118.31739, 32.863765 ], [ -118.310343, 32.859505 ], [ -118.29725, 32.845094 ], [ -118.289894, 32.829383 ], [ -118.288784, 32.820829 ], [ -118.289905, 32.81053 ], [ -118.295841, 32.798256 ], [ -118.302848, 32.788846 ], [ -118.323819, 32.773514 ], [ -118.343192, 32.767062 ], [ -118.353494, 32.765807 ], [ -118.378377, 32.770232 ], [ -118.392557, 32.758501 ], [ -118.408322, 32.751914 ], [ -118.419799, 32.75004 ], [ -118.436538, 32.75004 ], [ -118.453808, 32.755111 ], [ -118.464712, 32.760176 ], [ -118.473906, 32.766824 ], [ -118.484974, 32.779158 ], [ -118.50765, 32.796877 ], [ -118.520433, 32.801963 ], [ -118.538197, 32.81277 ], [ -118.553186, 32.828797 ], [ -118.562528, 32.849438 ], [ -118.59693, 32.890466 ], [ -118.605289, 32.90854 ], [ -118.605471, 32.918204 ], [ -118.608802, 32.92769 ], [ -118.622117, 32.941434 ], [ -118.635522, 32.9656 ], [ -118.644732, 33.000033 ], [ -118.670173, 33.000034 ], [ -118.678551, 33.026356 ], [ -118.678204, 33.039726 ] ] ] ] } },
{ "type": "Feature", "properties": { "CSAFP": "370", "CBSAFP": "33100", "GEOID": "33100", "GEOIDFQ": "310M700US33100", "NAME": "Miami-Fort Lauderdale-West Palm Beach, FL", "NAMELSAD": "Miami-Fort Lauderdale-West Palm Beach, FL Metro Area", "LSAD": "M1", "MEMI": "1", "MTFCC": "G3110", "ALAND": 13124221215, "AWATER": 2625365884, "INTPTLAT": "+26.1018281", "INTPTLON": "-080.4787552", "GEO_ID": "310M700US33100", "NAME_2": "Miami-Fort Lauderdale-West Palm Beach, FL Metro Area", "DP05_0001E": "6249291", "DP05_0001M": "*****" }, "geometry": { "type": "MultiPolygon", "coordinates": [ [ [ [ -79.996596, 26.88223 ], [ -79.974306, 26.792415 ], [ -79.975557, 26.764989 ], [ -79.97965, 26.750341 ], [ -79.979153, 26.726709 ], [ -79.974734, 26.708231 ], [ -79.974728, 26.702598 ], [ -79.97654, 26.687479 ], [ -79.979736, 26.677464 ], [ -79.980879, 26.66363 ], [ -79.980648, 26.595447 ], [ -79.982476, 26.569247 ], [ -79.985875, 26.550887 ], [ -79.98631, 26.537035 ], [ -79.988543, 26.527264 ], [ -79.991269, 26.523026 ], [ -80.006149, 26.432809 ], [ -80.014362, 26.362236 ], [ -80.015276, 26.320956 ], [ -80.02208, 26.28878 ], [ -80.02505, 26.24787 ], [ -80.03042, 26.23245 ], [ -80.03811, 26.19674 ], [ -80.03787, 26.18329 ], [ -80.04139, 26.17079 ], [ -80.04721, 26.13295 ], [ -80.04978, 26.08823 ], [ -80.05453, 26.07312 ], [ -80.06107, 25.98846 ], [ -80.06335, 25.9744 ], [ -80.06421, 25.94081 ], [ -80.06297, 25.92947 ], [ -80.06543, 25.91523 ], [ -80.06376, 25.90328 ], [ -80.06572, 25.88124 ], [ -80.0628, 25.84959 ], [ -80.06696, 25.80239 ], [ -80.07262, 25.77928 ], [ -80.06958, 25.76703 ], [ -80.06962, 25.75566 ], [ -80.07248, 25.74459 ], [ -80.07714, 25.73568 ], [ -80.0828, 25.72862 ], [ -80.09178, 25.72111 ], [ -80.09389, 25.69856 ], [ -80.09886, 25.68422 ], [ -80.09843, 25.66431 ], [ -80.10373, 25.64885 ], [ -80.10777, 25.60663 ], [ -80.10476, 25.59461 ], [ -80.10527, 25.58119 ], [ -80.10365, 25.56488 ], [ -80.10602, 25.55361 ], [ -80.11557, 25.52666 ], [ -80.11515, 25.52287 ], [ -80.10804, 25.51683 ], [ -80.10081, 25.50756 ], [ -80.09552, 25.49524 ], [ -80.09414, 25.47925 ], [ -80.09838, 25.46309 ], [ -80.10541, 25.45211 ], [ -80.11459, 25.44355 ], [ -80.12737, 25.43644 ], [ -80.139104, 25.433101 ], [ -80.14812, 25.41345 ], [ -80.14977, 25.40287 ], [ -80.15291, 25.39466 ], [ -80.16241, 25.37994 ], [ -80.17656, 25.36687 ], [ -80.183871, 25.348183 ], [ -80.250225, 25.339367 ], [ -80.256475, 25.350691 ], [ -80.265472, 25.354296 ], [ -80.372121, 25.310215 ], [ -80.371981, 25.305928 ], [ -80.379021, 25.305895 ], [ -80.379149, 25.287859 ], [ -80.395081, 25.272937 ], [ -80.394931, 25.253537 ], [ -80.410955, 25.253466 ], [ -80.418649, 25.244749 ], [ -80.41887, 25.23631 ], [ -80.436272, 25.235762 ], [ -80.435234, 25.240632 ], [ -80.440006, 25.239435 ], [ -80.439306, 25.242509 ], [ -80.444205, 25.244199 ], [ -80.445598, 25.242729 ], [ -80.444455, 25.2399 ], [ -80.44897, 25.240747 ], [ -80.453407, 25.238359 ], [ -80.456534, 25.238816 ], [ -80.457441, 25.236844 ], [ -80.456331, 25.235191 ], [ -80.460795, 25.236818 ], [ -80.467149, 25.234727 ], [ -80.468634, 25.230048 ], [ -80.470853, 25.230413 ], [ -80.472667, 25.228555 ], [ -80.475872, 25.230799 ], [ -80.480408, 25.228228 ], [ -80.482473, 25.224878 ], [ -80.484996, 25.225519 ], [ -80.487318, 25.228728 ], [ -80.494176, 25.227117 ], [ -80.496039, 25.223997 ], [ -80.494448, 25.221314 ], [ -80.494998, 25.21629 ], [ -80.491818, 25.213471 ], [ -80.487034, 25.212306 ], [ -80.488182, 25.209567 ], [ -80.487215, 25.207126 ], [ -80.492181, 25.207499 ], [ -80.492769, 25.205579 ], [ -80.500604, 25.211191 ], [ -80.500531, 25.208391 ], [ -80.495568, 25.205323 ], [ -80.495335, 25.199499 ], [ -80.499295, 25.200804 ], [ -80.500258, 25.204814 ], [ -80.503109, 25.203142 ], [ -80.50487, 25.206584 ], [ -80.508131, 25.206505 ], [ -80.507186, 25.210116 ], [ -80.510635, 25.216058 ], [ -80.5154, 25.217394 ], [ -80.514641, 25.219548 ], [ -80.519176, 25.222375 ], [ -80.524296, 25.221164 ], [ -80.528586, 25.216944 ], [ -80.529069, 25.213505 ], [ -80.530909, 25.214836 ], [ -80.539634, 25.213512 ], [ -80.540671, 25.20865 ], [ -80.538051, 25.205804 ], [ -80.538649, 25.204097 ], [ -80.535709, 25.201033 ], [ -80.535837, 25.198923 ], [ -80.541158, 25.205702 ], [ -80.545641, 25.204983 ], [ -80.547934, 25.206178 ], [ -80.549597, 25.208632 ], [ -80.548208, 25.212096 ], [ -80.54919, 25.214045 ], [ -80.553829, 25.21398 ], [ -80.557965, 25.211642 ], [ -80.561949, 25.212194 ], [ -80.558546, 25.199303 ], [ -80.563923, 25.197017 ], [ -80.565387, 25.192651 ], [ -80.568791, 25.193159 ], [ -80.574966, 25.197977 ], [ -80.577233, 25.202221 ], [ -80.576425, 25.203576 ], [ -80.574613, 25.198667 ], [ -80.57126, 25.198526 ], [ -80.569013, 25.204168 ], [ -80.563819, 25.205083 ], [ -80.56548, 25.209581 ], [ -80.568404, 25.211554 ], [ -80.574558, 25.210066 ], [ -80.577103, 25.212084 ], [ -80.582374, 25.210551 ], [ -80.58245, 25.208119 ], [ -80.584139, 25.207454 ], [ -80.583836, 25.200557 ], [ -80.59158, 25.199245 ], [ -80.594173, 25.195159 ], [ -80.594619, 25.190368 ], [ -80.606404, 25.186384 ], [ -80.614448, 25.175779 ], [ -80.619011, 25.17736 ], [ -80.617801, 25.180461 ], [ -80.619616, 25.181999 ], [ -80.621841, 25.180312 ], [ -80.625187, 25.18255 ], [ -80.609583, 25.182846 ], [ -80.609734, 25.18592 ], [ -80.603255, 25.190576 ], [ -80.605724, 25.194797 ], [ -80.603936, 25.200927 ], [ -80.604916, 25.202733 ], [ -80.608522, 25.202734 ], [ -80.609933, 25.200256 ], [ -80.6149, 25.200717 ], [ -80.61959, 25.197575 ], [ -80.622539, 25.199181 ], [ -80.625313, 25.195004 ], [ -80.629447, 25.197713 ], [ -80.634237, 25.192367 ], [ -80.63885, 25.190877 ], [ -80.647119, 25.189522 ], [ -80.648279, 25.192159 ], [ -80.651633, 25.192479 ], [ -80.654329, 25.188214 ], [ -80.654278, 25.184795 ], [ -80.65937, 25.184771 ], [ -80.663982, 25.179494 ], [ -80.662443, 25.174975 ], [ -80.659191, 25.174747 ], [ -80.657955, 25.177499 ], [ -80.651654, 25.175345 ], [ -80.638067, 25.178556 ], [ -80.633632, 25.176334 ], [ -80.640285, 25.176655 ], [ -80.645074, 25.174704 ], [ -80.647517, 25.171503 ], [ -80.651775, 25.162119 ], [ -80.650944, 25.15744 ], [ -80.65641, 25.154287 ], [ -80.655933, 25.149378 ], [ -80.652454, 25.147315 ], [ -80.652808, 25.146077 ], [ -80.656663, 25.144928 ], [ -80.657974, 25.146601 ], [ -80.659158, 25.142633 ], [ -80.669061, 25.142127 ], [ -80.673696, 25.138477 ], [ -80.67458, 25.142241 ], [ -80.670924, 25.144145 ], [ -80.661907, 25.154011 ], [ -80.656615, 25.156282 ], [ -80.653063, 25.162866 ], [ -80.657803, 25.169128 ], [ -80.661911, 25.167383 ], [ -80.669825, 25.167038 ], [ -80.667987, 25.170822 ], [ -80.671694, 25.174583 ], [ -80.673256, 25.173895 ], [ -80.674061, 25.170019 ], [ -80.672321, 25.167495 ], [ -80.678066, 25.163938 ], [ -80.680436, 25.164785 ], [ -80.677515, 25.172862 ], [ -80.680238, 25.174559 ], [ -80.6881, 25.168866 ], [ -80.693166, 25.167282 ], [ -80.697851, 25.162944 ], [ -80.697594, 25.154434 ], [ -80.704045, 25.152044 ], [ -80.705327, 25.148329 ], [ -80.703231, 25.141447 ], [ -80.706294, 25.139815 ], [ -80.711571, 25.151946 ], [ -80.713596, 25.151718 ], [ -80.717883, 25.155661 ], [ -80.727206, 25.152879 ], [ -80.723002, 25.159329 ], [ -80.72308, 25.161553 ], [ -80.725527, 25.165772 ], [ -80.731704, 25.167443 ], [ -80.729256, 25.163614 ], [ -80.729908, 25.159759 ], [ -80.734194, 25.160972 ], [ -80.737267, 25.159065 ], [ -80.738832, 25.16161 ], [ -80.745918, 25.165391 ], [ -80.747279, 25.164815 ], [ -80.747197, 25.158715 ], [ -80.743739, 25.1539 ], [ -80.739427, 25.151081 ], [ -80.730986, 25.152922 ], [ -80.722362, 25.147515 ], [ -80.721555, 25.145496 ], [ -80.727728, 25.144897 ], [ -80.730625, 25.14306 ], [ -80.74293, 25.142654 ], [ -80.751453, 25.151392 ], [ -80.756315, 25.152706 ], [ -80.755384, 25.159157 ], [ -80.765959, 25.162279 ], [ -80.772288, 25.159485 ], [ -80.772366, 25.156502 ], [ -80.768793, 25.150078 ], [ -80.771244, 25.140767 ], [ -80.778018, 25.137704 ], [ -80.773535, 25.144301 ], [ -80.772623, 25.149827 ], [ -80.776924, 25.160727 ], [ -80.782213, 25.165273 ], [ -80.792422, 25.164452 ], [ -80.795801, 25.162113 ], [ -80.798401, 25.156357 ], [ -80.797953, 25.146723 ], [ -80.800526, 25.142985 ], [ -80.802561, 25.152871 ], [ -80.800135, 25.163194 ], [ -80.793901, 25.176244 ], [ -80.796218, 25.18042 ], [ -80.808189, 25.18421 ], [ -80.808368, 25.181549 ], [ -80.811469, 25.1799 ], [ -80.809576, 25.183866 ], [ -80.814416, 25.182743 ], [ -80.813034, 25.176067 ], [ -80.809255, 25.172192 ], [ -80.809559, 25.169048 ], [ -80.814163, 25.165418 ], [ -80.825739, 25.160548 ], [ -80.827164, 25.160906 ], [ -80.830025, 25.168114 ], [ -80.838216, 25.174792 ], [ -80.846407, 25.177066 ], [ -80.858167, 25.176607 ], [ -80.857989, 25.243 ], [ -80.861991, 25.242898 ], [ -80.862191, 25.364193 ], [ -80.87319, 25.363993 ], [ -80.87256, 26.001474 ], [ -80.879361, 26.180055 ], [ -80.881915, 26.346125 ], [ -80.880017, 26.346059 ], [ -80.885565, 26.594016 ], [ -80.885639, 26.958919 ], [ -80.374523, 26.958386 ], [ -80.142007, 26.95664 ], [ -80.141758, 26.97094 ], [ -80.022754, 26.970392 ], [ -79.996596, 26.88223 ] ] ] ] } },
{ "type": "Feature", "properties": { "CSAFP": "378", "CBSAFP": "33460", "GEOID": "33460", "GEOIDFQ": "310M700US33460", "NAME": "Minneapolis-St. Paul-Bloomington, MN-WI", "NAMELSAD": "Minneapolis-St. Paul-Bloomington, MN-WI Metro Area", "LSAD": "M1", "MEMI": "1", "MTFCC": "G3110", "ALAND": 18253076814, "AWATER": 1224215301, "INTPTLAT": "+45.0966640", "INTPTLON": "-093.2753610", "GEO_ID": "310M700US33460", "NAME_2": "Minneapolis-St. Paul-Bloomington, MN-WI Metro Area", "DP05_0001E": "3713668", "DP05_0001M": "*****" }, "geometry": { "type": "MultiPolygon", "coordinates": [ [ [ [ -93.265894, 45.730883 ], [ -92.841051, 45.730024 ], [ -92.848851, 45.728751 ], [ -92.850933, 45.723831 ], [ -92.862598, 45.722241 ], [ -92.869193, 45.717568 ], [ -92.868862, 45.711993 ], [ -92.871775, 45.699774 ], [ -92.870145, 45.696757 ], [ -92.875488, 45.689014 ], [ -92.878932, 45.665606 ], [ -92.882504, 45.659471 ], [ -92.885903, 45.645541 ], [ -92.889433, 45.641202 ], [ -92.886857, 45.635723 ], [ -92.888035, 45.624959 ], [ -92.882529, 45.610216 ], [ -92.886442, 45.598679 ], [ -92.886421, 45.594881 ], [ -92.883277, 45.589831 ], [ -92.884954, 45.578818 ], [ -92.883749, 45.575483 ], [ -92.871082, 45.567581 ], [ -92.846447, 45.566515 ], [ -92.823309, 45.560934 ], [ -92.801503, 45.562854 ], [ -92.785741, 45.567888 ], [ -92.775988, 45.568478 ], [ -92.770223, 45.566939 ], [ -92.756906, 45.557499 ], [ -92.745591, 45.553016 ], [ -92.726082, 45.541112 ], [ -92.72465, 45.536744 ], [ -92.728023, 45.525652 ], [ -92.726677, 45.514462 ], [ -92.712863, 45.504849 ], [ -92.700899, 45.491609 ], [ -92.690962, 45.475442 ], [ -92.682596, 45.469909 ], [ -92.680234, 45.464344 ], [ -92.653549, 45.455346 ], [ -92.646602, 45.441635 ], [ -92.650269, 45.419168 ], [ -92.646676, 45.413227 ], [ -92.650568, 45.403311 ], [ -92.65042, 45.39851 ], [ -92.664104, 45.393308 ], [ -92.676963, 45.380144 ], [ -92.679187, 45.37271 ], [ -92.688528, 45.368429 ], [ -92.702723, 45.358468 ], [ -92.704054, 45.35366 ], [ -92.699523, 45.342421 ], [ -92.698967, 45.336374 ], [ -92.708675, 45.322525 ], [ -92.727737, 45.309288 ], [ -92.737121, 45.300459 ], [ -92.751155, 45.292827 ], [ -92.75871, 45.290965 ], [ -92.762004, 45.288213 ], [ -92.760612, 45.278828 ], [ -92.753844, 45.270959 ], [ -92.75192, 45.265877 ], [ -92.753621, 45.259419 ], [ -92.760264, 45.251717 ], [ -92.757456, 45.230526 ], [ -92.751708, 45.218666 ], [ -92.754005, 45.212769 ], [ -92.758008, 45.209566 ], [ -92.156465, 45.209554 ], [ -92.157072, 45.121608 ], [ -92.136113, 45.121388 ], [ -92.1353, 44.53958 ], [ -92.316169, 44.541009 ], [ -92.322341, 44.546779 ], [ -92.332676, 44.552574 ], [ -92.357313, 44.55848 ], [ -92.391545, 44.557643 ], [ -92.415675, 44.560506 ], [ -92.426395, 44.558803 ], [ -92.438626, 44.552639 ], [ -92.458896, 44.562745 ], [ -92.480986, 44.568449 ], [ -92.493717, 44.566052 ], [ -92.508667, 44.570313 ], [ -92.5187, 44.575228 ], [ -92.528, 44.57325 ], [ -92.541016, 44.567127 ], [ -92.546768, 44.567375 ], [ -92.55146, 44.571472 ], [ -92.549248, 44.578467 ], [ -92.550041, 44.581468 ], [ -92.567826, 44.602526 ], [ -92.577156, 44.605037 ], [ -92.581588, 44.600851 ], [ -92.586216, 44.600088 ], [ -92.588797, 44.601698 ], [ -92.590488, 44.605944 ], [ -92.601608, 44.612038 ], [ -92.614713, 44.611658 ], [ -92.619787, 44.613584 ], [ -92.623565, 44.619225 ], [ -92.620171, 44.629531 ], [ -92.621847, 44.639018 ], [ -92.632021, 44.649187 ], [ -92.660988, 44.6609 ], [ -92.69432, 44.688615 ], [ -92.732043, 44.714345 ], [ -92.732043, 44.629493 ], [ -92.792584, 44.629722 ], [ -92.7926, 44.542971 ], [ -92.918977, 44.54325 ], [ -92.918764, 44.517598 ], [ -92.922876, 44.51794 ], [ -92.925463, 44.515166 ], [ -92.935918, 44.511679 ], [ -92.946517, 44.512572 ], [ -92.952685, 44.506979 ], [ -92.956354, 44.508556 ], [ -92.955141, 44.510874 ], [ -92.956849, 44.514552 ], [ -92.96231, 44.515787 ], [ -92.973208, 44.514692 ], [ -92.981941, 44.518651 ], [ -93.017384, 44.515032 ], [ -93.023192, 44.516188 ], [ -93.024735, 44.518052 ], [ -93.033003, 44.514425 ], [ -93.039339, 44.515545 ], [ -93.039485, 44.471871 ], [ -93.281686, 44.471998 ], [ -93.281521, 44.543957 ], [ -93.524327, 44.543618 ], [ -93.525468, 44.196131 ], [ -93.767971, 44.195836 ], [ -93.768031, 44.239384 ], [ -94.021381, 44.239987 ], [ -94.021989, 44.241691 ], [ -94.015269, 44.248418 ], [ -94.009898, 44.246194 ], [ -94.008499, 44.247658 ], [ -94.009983, 44.25233 ], [ -94.016132, 44.25738 ], [ -94.023336, 44.255746 ], [ -94.025252, 44.256875 ], [ -94.021633, 44.261605 ], [ -94.014291, 44.264955 ], [ -94.01285, 44.269425 ], [ -94.008409, 44.270673 ], [ -94.013147, 44.273183 ], [ -94.011729, 44.276025 ], [ -94.006108, 44.27883 ], [ -93.998135, 44.278806 ], [ -93.995137, 44.287161 ], [ -93.990088, 44.292305 ], [ -93.991132, 44.295466 ], [ -93.980978, 44.299631 ], [ -93.974479, 44.299694 ], [ -93.966103, 44.307049 ], [ -93.959783, 44.307299 ], [ -93.95077, 44.320379 ], [ -93.952791, 44.324738 ], [ -93.950823, 44.328758 ], [ -93.94362, 44.331266 ], [ -93.942917, 44.333973 ], [ -93.945193, 44.338988 ], [ -93.942383, 44.341181 ], [ -93.93649, 44.339174 ], [ -93.932806, 44.344007 ], [ -93.939377, 44.352664 ], [ -93.955701, 44.358465 ], [ -93.956769, 44.361492 ], [ -93.953143, 44.36403 ], [ -93.953032, 44.366165 ], [ -93.955252, 44.366086 ], [ -93.957459, 44.363191 ], [ -93.961661, 44.364084 ], [ -93.962411, 44.370389 ], [ -93.954999, 44.375005 ], [ -93.956739, 44.379043 ], [ -93.962376, 44.380884 ], [ -93.963256, 44.383222 ], [ -93.958559, 44.385345 ], [ -93.952896, 44.383686 ], [ -93.952272, 44.386184 ], [ -93.956724, 44.390689 ], [ -93.964842, 44.389195 ], [ -93.965782, 44.390642 ], [ -93.963641, 44.392686 ], [ -93.956519, 44.39169 ], [ -93.95039, 44.393118 ], [ -93.94894, 44.400371 ], [ -93.950696, 44.406775 ], [ -93.954062, 44.409642 ], [ -93.947378, 44.413104 ], [ -93.93968, 44.412798 ], [ -93.928995, 44.442871 ], [ -93.92964, 44.447862 ], [ -93.933541, 44.450771 ], [ -93.929433, 44.452749 ], [ -93.936517, 44.454647 ], [ -93.934806, 44.456694 ], [ -93.924256, 44.460912 ], [ -93.919053, 44.460157 ], [ -93.917187, 44.462484 ], [ -93.920715, 44.466139 ], [ -93.927809, 44.468024 ], [ -93.92697, 44.469636 ], [ -93.922265, 44.473454 ], [ -93.909977, 44.471475 ], [ -93.907304, 44.472445 ], [ -93.903855, 44.478518 ], [ -93.90308, 44.484867 ], [ -93.890933, 44.495928 ], [ -93.896483, 44.500868 ], [ -93.887107, 44.504805 ], [ -93.887877, 44.512506 ], [ -93.885373, 44.518209 ], [ -93.887862, 44.526168 ], [ -93.895203, 44.526407 ], [ -93.901043, 44.529463 ], [ -93.900513, 44.534983 ], [ -93.9028, 44.538171 ], [ -93.912222, 44.538055 ], [ -93.91046, 44.542302 ], [ -93.911307, 44.546514 ], [ -93.904677, 44.551973 ], [ -93.899642, 44.551446 ], [ -93.898605, 44.54383 ], [ -93.891249, 44.547044 ], [ -93.892409, 44.552949 ], [ -93.900298, 44.555413 ], [ -93.897872, 44.562051 ], [ -93.891066, 44.566591 ], [ -93.893981, 44.569261 ], [ -93.90042, 44.569421 ], [ -93.901366, 44.570886 ], [ -93.894156, 44.575094 ], [ -93.895644, 44.580079 ], [ -93.892714, 44.584985 ], [ -93.897017, 44.587289 ], [ -93.900909, 44.585499 ], [ -93.902828, 44.587065 ], [ -93.894593, 44.590899 ], [ -93.890106, 44.596792 ], [ -93.884657, 44.595063 ], [ -93.881146, 44.597962 ], [ -93.881494, 44.600844 ], [ -93.87475, 44.600281 ], [ -93.874207, 44.602391 ], [ -93.878127, 44.604356 ], [ -93.877898, 44.605722 ], [ -93.873381, 44.606805 ], [ -93.871611, 44.603021 ], [ -93.868921, 44.602443 ], [ -93.861318, 44.605418 ], [ -93.853888, 44.617904 ], [ -93.858449, 44.620754 ], [ -93.848508, 44.621793 ], [ -93.84258, 44.61747 ], [ -93.841337, 44.619333 ], [ -93.846083, 44.623323 ], [ -93.845061, 44.625558 ], [ -93.84091, 44.624452 ], [ -93.836536, 44.618479 ], [ -93.817996, 44.628901 ], [ -93.814666, 44.633316 ], [ -93.797642, 44.634662 ], [ -93.793545, 44.633021 ], [ -93.790874, 44.628589 ], [ -93.781429, 44.632135 ], [ -93.775187, 44.637681 ], [ -93.77238, 44.636422 ], [ -93.772975, 44.630342 ], [ -93.763662, 44.634146 ], [ -93.766793, 44.638274 ], [ -93.772554, 44.639077 ], [ -93.768039, 44.640384 ], [ -93.768176, 44.67352 ], [ -93.888831, 44.673409 ], [ -93.888636, 44.717044 ], [ -94.010494, 44.717464 ], [ -94.009669, 44.878046 ], [ -94.009864, 44.891898 ], [ -94.011805, 44.891931 ], [ -94.012269, 44.906068 ], [ -94.012236, 44.978712 ], [ -94.256074, 44.979465 ], [ -94.255946, 45.212558 ], [ -94.256751, 45.239272 ], [ -94.260289, 45.239272 ], [ -94.26152, 45.297688 ], [ -94.255092, 45.299892 ], [ -94.257116, 45.30604 ], [ -94.252612, 45.308305 ], [ -94.242668, 45.308223 ], [ -94.239737, 45.310179 ], [ -94.223347, 45.3114 ], [ -94.21759, 45.315832 ], [ -94.209545, 45.317326 ], [ -94.206639, 45.315457 ], [ -94.194832, 45.31893 ], [ -94.186576, 45.318153 ], [ -94.17989, 45.313151 ], [ -94.176225, 45.306675 ], [ -94.176585, 45.303284 ], [ -94.173419, 45.301422 ], [ -94.161892, 45.301233 ], [ -94.160763, 45.304134 ], [ -94.154946, 45.304947 ], [ -94.116579, 45.328149 ], [ -94.106489, 45.339937 ], [ -94.098915, 45.343374 ], [ -94.093347, 45.342246 ], [ -94.089911, 45.345468 ], [ -94.089509, 45.34662 ], [ -94.092946, 45.348227 ], [ -94.092916, 45.349967 ], [ -94.095969, 45.352352 ], [ -94.093469, 45.35327 ], [ -94.09254, 45.35632 ], [ -94.090732, 45.356342 ], [ -94.091242, 45.358113 ], [ -94.088794, 45.359516 ], [ -94.087522, 45.36414 ], [ -94.084162, 45.363774 ], [ -94.084894, 45.36501 ], [ -94.081374, 45.366844 ], [ -94.082229, 45.369087 ], [ -94.083687, 45.368909 ], [ -94.081748, 45.370782 ], [ -94.085953, 45.372756 ], [ -94.085965, 45.374387 ], [ -94.083261, 45.374965 ], [ -94.085683, 45.376722 ], [ -94.085941, 45.379911 ], [ -94.078262, 45.383358 ], [ -94.077749, 45.38672 ], [ -94.076125, 45.387226 ], [ -94.07742, 45.388241 ], [ -94.075888, 45.389927 ], [ -94.074348, 45.389437 ], [ -94.074191, 45.392187 ], [ -94.066645, 45.398803 ], [ -94.068914, 45.404059 ], [ -94.065558, 45.405465 ], [ -94.065804, 45.408889 ], [ -94.063516, 45.40922 ], [ -94.060145, 45.414151 ], [ -94.055992, 45.416089 ], [ -94.056897, 45.420798 ], [ -94.052958, 45.423665 ], [ -94.048021, 45.423274 ], [ -94.050238, 45.432746 ], [ -94.052192, 45.435261 ], [ -94.065392, 45.432533 ], [ -94.069376, 45.438488 ], [ -94.080461, 45.438234 ], [ -94.080969, 45.43976 ], [ -94.078687, 45.442685 ], [ -94.081778, 45.446916 ], [ -94.102302, 45.452542 ], [ -94.102958, 45.454862 ], [ -94.100352, 45.463157 ], [ -94.101012, 45.467954 ], [ -94.106574, 45.470797 ], [ -94.115138, 45.479075 ], [ -94.125332, 45.481852 ], [ -94.141989, 45.493243 ], [ -94.141952, 45.496963 ], [ -94.143994, 45.500708 ], [ -94.143147, 45.50871 ], [ -94.139165, 45.514469 ], [ -94.139461, 45.516366 ], [ -94.145351, 45.520749 ], [ -94.14553, 45.522927 ], [ -94.15426, 45.531999 ], [ -94.153687, 45.533705 ], [ -94.148464, 45.533718 ], [ -94.146859, 45.53669 ], [ -94.14709, 45.548935 ], [ -94.145567, 45.553466 ], [ -94.149467, 45.559066 ], [ -93.759435, 45.559646 ], [ -93.761862, 45.771855 ], [ -93.768603, 45.910411 ], [ -93.768891, 45.982525 ], [ -93.810321, 45.98308 ], [ -93.810912, 46.243128 ], [ -93.533936, 46.24715 ], [ -93.430648, 46.246412 ], [ -93.429604, 46.183201 ], [ -93.432114, 46.14677 ], [ -93.432491, 45.981464 ], [ -93.518083, 45.981721 ], [ -93.518031, 45.866842 ], [ -93.513683, 45.734318 ], [ -93.388888, 45.730714 ], [ -93.265894, 45.730883 ] ] ] ] } },
{ "type": "Feature", "properties": { "CSAFP": "400", "CBSAFP": "34980", "GEOID": "34980", "GEOIDFQ": "310M700US34980", "NAME": "Nashville-Davidson--Murfreesboro--Franklin, TN", "NAMELSAD": "Nashville-Davidson--Murfreesboro--Franklin, TN Metro Area", "LSAD": "M1", "MEMI": "1", "MTFCC": "G3110", "ALAND": 16322668332, "AWATER": 196666657, "INTPTLAT": "+36.0915767", "INTPTLON": "-086.7229798", "GEO_ID": "310M700US34980", "NAME_2": "Nashville-Davidson--Murfreesboro--Franklin, TN Metro Area", "DP05_0001E": "2079596", "DP05_0001M": "*****" }, "geometry": { "type": "MultiPolygon", "coordinates": [ [ [ [ -86.205388, 36.640184 ], [ -86.024819, 36.630293 ], [ -85.832432, 36.6221 ], [ -85.788547, 36.621688 ], [ -85.788089, 36.615097 ], [ -85.796462, 36.613541 ], [ -85.80217, 36.574802 ], [ -85.807102, 36.5528 ], [ -85.813814, 36.499939 ], [ -85.828026, 36.411836 ], [ -85.835768, 36.351848 ], [ -85.831245, 36.351187 ], [ -85.831605, 36.348607 ], [ -85.829218, 36.347902 ], [ -85.828584, 36.34228 ], [ -85.832585, 36.343515 ], [ -85.832889, 36.342054 ], [ -85.837353, 36.341731 ], [ -85.846483, 36.288167 ], [ -85.837098, 36.280805 ], [ -85.833408, 36.2637 ], [ -85.823903, 36.251278 ], [ -85.811626, 36.248879 ], [ -85.80752, 36.250067 ], [ -85.804269, 36.255822 ], [ -85.797172, 36.253939 ], [ -85.791603, 36.251326 ], [ -85.78961, 36.247629 ], [ -85.784225, 36.243638 ], [ -85.783721, 36.239806 ], [ -85.779891, 36.23768 ], [ -85.786487, 36.23011 ], [ -85.782457, 36.230361 ], [ -85.781145, 36.225558 ], [ -85.782102, 36.224727 ], [ -85.778634, 36.221152 ], [ -85.783127, 36.219808 ], [ -85.781477, 36.214312 ], [ -85.782939, 36.211426 ], [ -85.80393, 36.211197 ], [ -85.809349, 36.206211 ], [ -85.806661, 36.203944 ], [ -85.799454, 36.206309 ], [ -85.798803, 36.201351 ], [ -85.800623, 36.193928 ], [ -85.799329, 36.191412 ], [ -85.795517, 36.191738 ], [ -85.795463, 36.187698 ], [ -85.798484, 36.186245 ], [ -85.800487, 36.182812 ], [ -85.80479, 36.183044 ], [ -85.805241, 36.17993 ], [ -85.803603, 36.179808 ], [ -85.803052, 36.174731 ], [ -85.799806, 36.174404 ], [ -85.800399, 36.172019 ], [ -85.798782, 36.171695 ], [ -85.795786, 36.174192 ], [ -85.793009, 36.173504 ], [ -85.793617, 36.179059 ], [ -85.787806, 36.180319 ], [ -85.787172, 36.17641 ], [ -85.784165, 36.176012 ], [ -85.783956, 36.173086 ], [ -85.803631, 36.170344 ], [ -85.807249, 36.147807 ], [ -85.803975, 36.144904 ], [ -85.805121, 36.142397 ], [ -85.801617, 36.138689 ], [ -85.805893, 36.132652 ], [ -85.826564, 36.122441 ], [ -85.83805, 36.128976 ], [ -85.84242, 36.119548 ], [ -85.854403, 36.11959 ], [ -85.85513, 36.116749 ], [ -85.852348, 36.114971 ], [ -85.852784, 36.111235 ], [ -85.85658, 36.106459 ], [ -85.859939, 36.105057 ], [ -85.861611, 36.09997 ], [ -85.864034, 36.097658 ], [ -85.864024, 36.093809 ], [ -85.870226, 36.095442 ], [ -85.871303, 36.097522 ], [ -85.883749, 36.09803 ], [ -85.887055, 36.100923 ], [ -85.886287, 36.105416 ], [ -85.888746, 36.102119 ], [ -85.894357, 36.104963 ], [ -85.892081, 36.108365 ], [ -85.892767, 36.113578 ], [ -85.896706, 36.116308 ], [ -85.902646, 36.114694 ], [ -85.904169, 36.114968 ], [ -85.904014, 36.116422 ], [ -85.910118, 36.116925 ], [ -85.911501, 36.115685 ], [ -85.910875, 36.112061 ], [ -85.914381, 36.112249 ], [ -85.915858, 36.108645 ], [ -85.913296, 36.105368 ], [ -85.911267, 36.097528 ], [ -85.915005, 36.097158 ], [ -85.917289, 36.102506 ], [ -85.924889, 36.101928 ], [ -85.927063, 36.103146 ], [ -85.930511, 36.109452 ], [ -85.93789, 36.109093 ], [ -85.935551, 36.105018 ], [ -85.938434, 36.103713 ], [ -85.940037, 36.105849 ], [ -85.948414, 36.101991 ], [ -85.960157, 36.110955 ], [ -85.961589, 36.108629 ], [ -85.964666, 36.108831 ], [ -85.970035, 36.098536 ], [ -85.974068, 36.097226 ], [ -85.978511, 36.099095 ], [ -85.986083, 36.087095 ], [ -85.992138, 36.087542 ], [ -85.991725, 36.093896 ], [ -85.993394, 36.093924 ], [ -85.996538, 36.087048 ], [ -86.002209, 36.087555 ], [ -86.001645, 36.084304 ], [ -86.004918, 36.082019 ], [ -86.006425, 36.082705 ], [ -86.005798, 36.089154 ], [ -86.012283, 36.09004 ], [ -86.013396, 36.083446 ], [ -86.022512, 36.084698 ], [ -86.028149, 36.083433 ], [ -86.039322, 36.087802 ], [ -86.039555, 36.086035 ], [ -86.04292, 36.086379 ], [ -86.042684, 36.089279 ], [ -86.055905, 36.090462 ], [ -86.062351, 36.081995 ], [ -86.060993, 36.08211 ], [ -86.061393, 36.074027 ], [ -86.059457, 36.073609 ], [ -86.06028, 36.0715 ], [ -86.063413, 36.070052 ], [ -86.059275, 36.068821 ], [ -86.057384, 36.0724 ], [ -86.053018, 36.071403 ], [ -86.05674, 36.066061 ], [ -86.056452, 36.05929 ], [ -86.047374, 36.057493 ], [ -86.048215, 36.050003 ], [ -86.052665, 36.049225 ], [ -86.053437, 36.043793 ], [ -86.046033, 36.042013 ], [ -86.046527, 36.036501 ], [ -86.042691, 36.032565 ], [ -86.035778, 36.031399 ], [ -86.036559, 36.026366 ], [ -86.034475, 36.026217 ], [ -86.035148, 36.016322 ], [ -86.041072, 36.006416 ], [ -86.038586, 36.006086 ], [ -86.038803, 36.004384 ], [ -86.033771, 36.004633 ], [ -86.029065, 36.000546 ], [ -86.024882, 35.99981 ], [ -86.026513, 35.998561 ], [ -86.026539, 35.99258 ], [ -86.014849, 35.96106 ], [ -85.997022, 35.952866 ], [ -85.992132, 35.948946 ], [ -85.943961, 35.902511 ], [ -85.908042, 35.8725 ], [ -85.893909, 35.855596 ], [ -85.892437, 35.859093 ], [ -85.88921, 35.857543 ], [ -85.88923, 35.854176 ], [ -85.893524, 35.849938 ], [ -85.896166, 35.851135 ], [ -85.897178, 35.846822 ], [ -85.893442, 35.843722 ], [ -85.885768, 35.84283 ], [ -85.885281, 35.841211 ], [ -85.885595, 35.830539 ], [ -85.897859, 35.830222 ], [ -85.913867, 35.822506 ], [ -85.942133, 35.786779 ], [ -85.935715, 35.786087 ], [ -85.93475, 35.781507 ], [ -85.943119, 35.781092 ], [ -85.954798, 35.767081 ], [ -85.963571, 35.761329 ], [ -85.984891, 35.734553 ], [ -85.987838, 35.734879 ], [ -85.988314, 35.731541 ], [ -85.986393, 35.731016 ], [ -85.98963, 35.711356 ], [ -85.997426, 35.711955 ], [ -85.997732, 35.709926 ], [ -85.993376, 35.709136 ], [ -85.993655, 35.705821 ], [ -85.986835, 35.703961 ], [ -85.986974, 35.69706 ], [ -85.991257, 35.697406 ], [ -85.992775, 35.694103 ], [ -85.990539, 35.69104 ], [ -85.990548, 35.680777 ], [ -85.985023, 35.666592 ], [ -85.986525, 35.666695 ], [ -85.986916, 35.664645 ], [ -85.985238, 35.664427 ], [ -85.985062, 35.660108 ], [ -85.994211, 35.660453 ], [ -85.994585, 35.657468 ], [ -85.996122, 35.656749 ], [ -85.994462, 35.653725 ], [ -86.00157, 35.652628 ], [ -86.001752, 35.654062 ], [ -86.004405, 35.654514 ], [ -86.004146, 35.65695 ], [ -86.00817, 35.657203 ], [ -86.008779, 35.653435 ], [ -86.012871, 35.654124 ], [ -86.015261, 35.649433 ], [ -86.032238, 35.65114 ], [ -86.033038, 35.645887 ], [ -86.036952, 35.64623 ], [ -86.037601, 35.642954 ], [ -86.043157, 35.647264 ], [ -86.052669, 35.648047 ], [ -86.053246, 35.643989 ], [ -86.08889, 35.646823 ], [ -86.120263, 35.660929 ], [ -86.143652, 35.661747 ], [ -86.151067, 35.666971 ], [ -86.150696, 35.671003 ], [ -86.154322, 35.672021 ], [ -86.154196, 35.673872 ], [ -86.165858, 35.676856 ], [ -86.165826, 35.681545 ], [ -86.170729, 35.681722 ], [ -86.170192, 35.683791 ], [ -86.174789, 35.683751 ], [ -86.177063, 35.686985 ], [ -86.181667, 35.689036 ], [ -86.181425, 35.691087 ], [ -86.187119, 35.689871 ], [ -86.190408, 35.692458 ], [ -86.189701, 35.694671 ], [ -86.191147, 35.696414 ], [ -86.18924, 35.698668 ], [ -86.191427, 35.6994 ], [ -86.191852, 35.701868 ], [ -86.197883, 35.703247 ], [ -86.200663, 35.701756 ], [ -86.205044, 35.704203 ], [ -86.215482, 35.700935 ], [ -86.219584, 35.706178 ], [ -86.221631, 35.706429 ], [ -86.2272, 35.698463 ], [ -86.225522, 35.694775 ], [ -86.230521, 35.694263 ], [ -86.235896, 35.690422 ], [ -86.244561, 35.689469 ], [ -86.246705, 35.686195 ], [ -86.24381, 35.682248 ], [ -86.245554, 35.679727 ], [ -86.24238, 35.674151 ], [ -86.241672, 35.668464 ], [ -86.249052, 35.66504 ], [ -86.247944, 35.662406 ], [ -86.244654, 35.661795 ], [ -86.240731, 35.65741 ], [ -86.245748, 35.646507 ], [ -86.241389, 35.637062 ], [ -86.245165, 35.631913 ], [ -86.25766, 35.631921 ], [ -86.257478, 35.634286 ], [ -86.260577, 35.637897 ], [ -86.266556, 35.639769 ], [ -86.268898, 35.642631 ], [ -86.273309, 35.64259 ], [ -86.27981, 35.645892 ], [ -86.280924, 35.648615 ], [ -86.287584, 35.648252 ], [ -86.286923, 35.643409 ], [ -86.289831, 35.643869 ], [ -86.293525, 35.647273 ], [ -86.305235, 35.646375 ], [ -86.306181, 35.650585 ], [ -86.302783, 35.651394 ], [ -86.300321, 35.655736 ], [ -86.304128, 35.659553 ], [ -86.309328, 35.659517 ], [ -86.310374, 35.661587 ], [ -86.317209, 35.660816 ], [ -86.326323, 35.662639 ], [ -86.335679, 35.658193 ], [ -86.337005, 35.659178 ], [ -86.33603, 35.662149 ], [ -86.34194, 35.664259 ], [ -86.345069, 35.663744 ], [ -86.343776, 35.660917 ], [ -86.345509, 35.659482 ], [ -86.352734, 35.660482 ], [ -86.354825, 35.657939 ], [ -86.354374, 35.655561 ], [ -86.350702, 35.653245 ], [ -86.352169, 35.650237 ], [ -86.359493, 35.650433 ], [ -86.359716, 35.652161 ], [ -86.362826, 35.65228 ], [ -86.369035, 35.647274 ], [ -86.373396, 35.645812 ], [ -86.376796, 35.647157 ], [ -86.378642, 35.642823 ], [ -86.374617, 35.638624 ], [ -86.375825, 35.635363 ], [ -86.373221, 35.63032 ], [ -86.379655, 35.629868 ], [ -86.382648, 35.628568 ], [ -86.382831, 35.626777 ], [ -86.385969, 35.626125 ], [ -86.395498, 35.627778 ], [ -86.39456, 35.623805 ], [ -86.402726, 35.618571 ], [ -86.405978, 35.622631 ], [ -86.413678, 35.623177 ], [ -86.417286, 35.626218 ], [ -86.417575, 35.629697 ], [ -86.413429, 35.640023 ], [ -86.418902, 35.640617 ], [ -86.416625, 35.649636 ], [ -86.424931, 35.649772 ], [ -86.424145, 35.652976 ], [ -86.436629, 35.64552 ], [ -86.444741, 35.646177 ], [ -86.445134, 35.643532 ], [ -86.455038, 35.644548 ], [ -86.456052, 35.637154 ], [ -86.462181, 35.63785 ], [ -86.461353, 35.645176 ], [ -86.473206, 35.646321 ], [ -86.472088, 35.654732 ], [ -86.494006, 35.658048 ], [ -86.493652, 35.660847 ], [ -86.499797, 35.66149 ], [ -86.499448, 35.664556 ], [ -86.501899, 35.664993 ], [ -86.501608, 35.667149 ], [ -86.505373, 35.667624 ], [ -86.504837, 35.670804 ], [ -86.509482, 35.67136 ], [ -86.508794, 35.675598 ], [ -86.519442, 35.677751 ], [ -86.519084, 35.680867 ], [ -86.516676, 35.680586 ], [ -86.515516, 35.688396 ], [ -86.520208, 35.688519 ], [ -86.520432, 35.685892 ], [ -86.523293, 35.686053 ], [ -86.523378, 35.689855 ], [ -86.543685, 35.694278 ], [ -86.543116, 35.697617 ], [ -86.619446, 35.702676 ], [ -86.619515, 35.701079 ], [ -86.622204, 35.700984 ], [ -86.621912, 35.702808 ], [ -86.636362, 35.701982 ], [ -86.639436, 35.6859 ], [ -86.642389, 35.686235 ], [ -86.641978, 35.689037 ], [ -86.651389, 35.690092 ], [ -86.651194, 35.691586 ], [ -86.661619, 35.692664 ], [ -86.661346, 35.694844 ], [ -86.674255, 35.696962 ], [ -86.673683, 35.703306 ], [ -86.682628, 35.704097 ], [ -86.680652, 35.70957 ], [ -86.69554, 35.710864 ], [ -86.69692, 35.705431 ], [ -86.731098, 35.70676 ], [ -86.731191, 35.703905 ], [ -86.732926, 35.703839 ], [ -86.734354, 35.698849 ], [ -86.740705, 35.700557 ], [ -86.743376, 35.704335 ], [ -86.741643, 35.707591 ], [ -86.746606, 35.707889 ], [ -86.74676, 35.703164 ], [ -86.750077, 35.703514 ], [ -86.751651, 35.696447 ], [ -86.752794, 35.696539 ], [ -86.752207, 35.701743 ], [ -86.760726, 35.70181 ], [ -86.760105, 35.708206 ], [ -86.767908, 35.708678 ], [ -86.767367, 35.702359 ], [ -86.769278, 35.702465 ], [ -86.769524, 35.700289 ], [ -86.773169, 35.700446 ], [ -86.772643, 35.705802 ], [ -86.774347, 35.705909 ], [ -86.774677, 35.702832 ], [ -86.782284, 35.703376 ], [ -86.782016, 35.706595 ], [ -86.794002, 35.702575 ], [ -86.792579, 35.70153 ], [ -86.795439, 35.697972 ], [ -86.796935, 35.691479 ], [ -86.802792, 35.692042 ], [ -86.803233, 35.699415 ], [ -86.811864, 35.696412 ], [ -86.823045, 35.615011 ], [ -86.82238, 35.608564 ], [ -86.823765, 35.60869 ], [ -86.824795, 35.600934 ], [ -86.82843, 35.596246 ], [ -86.835988, 35.594544 ], [ -86.837104, 35.592339 ], [ -86.839846, 35.591527 ], [ -86.840755, 35.583247 ], [ -86.827394, 35.58211 ], [ -86.827501, 35.580812 ], [ -86.829905, 35.57411 ], [ -86.836381, 35.575465 ], [ -86.834354, 35.566837 ], [ -86.840489, 35.567286 ], [ -86.841704, 35.559657 ], [ -86.838216, 35.559388 ], [ -86.839048, 35.552055 ], [ -86.84213, 35.551036 ], [ -86.8381, 35.550776 ], [ -86.849573, 35.525515 ], [ -86.87128, 35.502486 ], [ -86.872777, 35.503451 ], [ -86.870568, 35.520796 ], [ -86.875589, 35.521251 ], [ -86.878554, 35.503871 ], [ -86.881089, 35.501123 ], [ -86.8806, 35.494003 ], [ -86.895502, 35.481073 ], [ -86.924503, 35.463674 ], [ -86.919003, 35.456274 ], [ -86.922103, 35.454774 ], [ -86.930205, 35.454565 ], [ -86.932635, 35.455434 ], [ -86.932203, 35.457574 ], [ -86.936403, 35.459074 ], [ -86.955004, 35.451474 ], [ -86.960565, 35.413064 ], [ -86.968204, 35.412075 ], [ -86.971404, 35.416075 ], [ -86.973704, 35.414575 ], [ -86.976004, 35.416275 ], [ -86.978504, 35.415675 ], [ -86.984405, 35.420075 ], [ -86.987205, 35.417475 ], [ -86.985805, 35.414375 ], [ -86.986705, 35.409375 ], [ -86.990905, 35.408175 ], [ -86.992005, 35.409975 ], [ -86.998205, 35.409372 ], [ -87.001413, 35.412482 ], [ -87.00923, 35.412974 ], [ -87.017499, 35.415816 ], [ -87.016207, 35.419164 ], [ -87.019024, 35.420062 ], [ -87.01949, 35.424005 ], [ -87.021499, 35.422724 ], [ -87.0243, 35.424985 ], [ -87.025608, 35.429451 ], [ -87.030114, 35.432201 ], [ -87.040292, 35.428248 ], [ -87.050483, 35.429368 ], [ -87.053823, 35.431863 ], [ -87.058964, 35.431265 ], [ -87.06184, 35.434501 ], [ -87.066826, 35.435463 ], [ -87.071771, 35.440383 ], [ -87.077369, 35.442191 ], [ -87.078411, 35.44066 ], [ -87.081405, 35.44282 ], [ -87.087327, 35.443524 ], [ -87.09434, 35.441764 ], [ -87.096897, 35.444513 ], [ -87.101619, 35.44548 ], [ -87.101334, 35.449695 ], [ -87.107098, 35.450512 ], [ -87.109204, 35.448996 ], [ -87.113641, 35.452356 ], [ -87.117253, 35.451723 ], [ -87.117809, 35.454554 ], [ -87.122529, 35.456061 ], [ -87.12714, 35.454944 ], [ -87.128871, 35.456201 ], [ -87.130036, 35.454025 ], [ -87.135141, 35.452502 ], [ -87.137888, 35.448358 ], [ -87.140858, 35.449231 ], [ -87.143202, 35.447433 ], [ -87.149904, 35.446918 ], [ -87.160192, 35.435377 ], [ -87.163684, 35.435055 ], [ -87.165744, 35.436923 ], [ -87.193227, 35.430902 ], [ -87.206673, 35.433224 ], [ -87.217328, 35.438403 ], [ -87.226311, 35.440509 ], [ -87.225723, 35.4337 ], [ -87.227932, 35.429332 ], [ -87.295242, 35.442128 ], [ -87.293682, 35.451586 ], [ -87.28981, 35.451251 ], [ -87.28896, 35.459404 ], [ -87.281483, 35.458658 ], [ -87.279299, 35.469982 ], [ -87.276791, 35.470104 ], [ -87.274764, 35.483405 ], [ -87.279743, 35.483902 ], [ -87.279344, 35.488717 ], [ -87.276586, 35.491914 ], [ -87.280105, 35.493514 ], [ -87.280509, 35.495917 ], [ -87.283626, 35.497916 ], [ -87.278985, 35.501526 ], [ -87.2705, 35.500733 ], [ -87.269432, 35.505851 ], [ -87.27776, 35.506812 ], [ -87.282393, 35.50486 ], [ -87.282332, 35.520852 ], [ -87.283677, 35.520917 ], [ -87.28364, 35.525983 ], [ -87.285602, 35.52584 ], [ -87.285953, 35.542156 ], [ -87.290586, 35.542456 ], [ -87.289872, 35.548025 ], [ -87.317721, 35.549104 ], [ -87.314884, 35.567597 ], [ -87.327554, 35.5686 ], [ -87.327399, 35.572476 ], [ -87.338357, 35.57275 ], [ -87.338524, 35.584396 ], [ -87.352305, 35.584621 ], [ -87.354349, 35.597134 ], [ -87.352894, 35.617898 ], [ -87.345346, 35.621899 ], [ -87.341745, 35.629217 ], [ -87.337106, 35.629946 ], [ -87.337413, 35.633523 ], [ -87.332768, 35.634672 ], [ -87.331829, 35.638266 ], [ -87.333366, 35.642019 ], [ -87.331606, 35.656301 ], [ -87.339654, 35.656792 ], [ -87.339232, 35.65911 ], [ -87.343654, 35.658418 ], [ -87.347379, 35.659742 ], [ -87.351285, 35.658225 ], [ -87.352393, 35.654832 ], [ -87.357709, 35.65688 ], [ -87.357379, 35.659514 ], [ -87.418709, 35.62487 ], [ -87.448633, 35.619461 ], [ -87.452067, 35.620039 ], [ -87.452344, 35.61604 ], [ -87.457912, 35.616531 ], [ -87.459587, 35.615124 ], [ -87.50779, 35.628383 ], [ -87.52999, 35.626203 ], [ -87.529671, 35.62773 ], [ -87.549422, 35.630217 ], [ -87.554797, 35.638078 ], [ -87.56277, 35.640983 ], [ -87.565463, 35.643845 ], [ -87.56552, 35.647761 ], [ -87.568831, 35.652296 ], [ -87.58213, 35.651286 ], [ -87.586867, 35.653304 ], [ -87.594852, 35.646463 ], [ -87.599214, 35.645941 ], [ -87.604305, 35.642601 ], [ -87.608552, 35.634995 ], [ -87.614217, 35.632932 ], [ -87.623391, 35.632744 ], [ -87.617889, 35.628168 ], [ -87.618123, 35.619428 ], [ -87.62425, 35.619682 ], [ -87.627139, 35.615779 ], [ -87.626062, 35.620853 ], [ -87.628959, 35.621156 ], [ -87.631989, 35.620196 ], [ -87.634993, 35.614541 ], [ -87.639957, 35.614817 ], [ -87.647065, 35.609698 ], [ -87.660235, 35.608937 ], [ -87.661749, 35.610677 ], [ -87.661496, 35.614365 ], [ -87.67231, 35.621064 ], [ -87.675758, 35.624192 ], [ -87.676592, 35.627376 ], [ -87.683879, 35.629951 ], [ -87.68743, 35.634093 ], [ -87.692921, 35.634509 ], [ -87.697091, 35.63855 ], [ -87.702668, 35.639389 ], [ -87.707489, 35.642425 ], [ -87.708264, 35.645546 ], [ -87.716515, 35.646755 ], [ -87.720834, 35.650018 ], [ -87.724533, 35.650435 ], [ -87.726231, 35.654577 ], [ -87.732977, 35.655915 ], [ -87.74375, 35.663952 ], [ -87.737811, 35.702342 ], [ -87.72596, 35.701485 ], [ -87.723959, 35.704263 ], [ -87.710669, 35.703616 ], [ -87.709976, 35.71012 ], [ -87.716851, 35.710096 ], [ -87.72428, 35.728996 ], [ -87.726823, 35.729308 ], [ -87.727364, 35.725628 ], [ -87.732935, 35.72626 ], [ -87.70696, 35.905884 ], [ -87.703079, 35.904401 ], [ -87.702441, 35.908149 ], [ -87.697254, 35.912024 ], [ -87.694067, 35.909963 ], [ -87.692907, 35.912375 ], [ -87.690792, 35.910499 ], [ -87.685954, 35.91133 ], [ -87.686407, 35.912681 ], [ -87.683411, 35.916191 ], [ -87.670132, 35.916398 ], [ -87.667619, 35.917653 ], [ -87.662893, 35.915442 ], [ -87.658423, 35.915511 ], [ -87.658261, 35.917779 ], [ -87.655779, 35.91921 ], [ -87.656699, 35.921549 ], [ -87.648134, 35.923009 ], [ -87.645142, 35.921878 ], [ -87.640978, 35.923645 ], [ -87.641105, 35.925281 ], [ -87.638756, 35.925662 ], [ -87.638107, 35.927631 ], [ -87.634467, 35.928302 ], [ -87.634568, 35.930228 ], [ -87.628991, 35.930757 ], [ -87.626612, 35.934292 ], [ -87.619906, 35.937657 ], [ -87.616201, 35.943657 ], [ -87.610871, 35.943588 ], [ -87.609189, 35.946391 ], [ -87.610901, 35.946821 ], [ -87.61186, 35.949981 ], [ -87.602425, 35.95003 ], [ -87.596709, 35.952528 ], [ -87.587584, 35.953378 ], [ -87.584879, 35.947814 ], [ -87.579811, 35.951937 ], [ -87.569304, 35.947747 ], [ -87.559292, 35.949336 ], [ -87.555442, 35.952224 ], [ -87.554089, 35.957443 ], [ -87.550114, 35.960792 ], [ -87.546356, 35.962017 ], [ -87.542458, 35.966171 ], [ -87.538299, 35.96598 ], [ -87.533934, 35.968023 ], [ -87.529791, 35.975647 ], [ -87.532091, 35.979043 ], [ -87.530626, 35.980052 ], [ -87.533149, 35.98733 ], [ -87.531563, 35.989093 ], [ -87.534777, 35.990721 ], [ -87.534802, 35.995245 ], [ -87.540012, 35.996471 ], [ -87.542637, 36.008089 ], [ -87.552982, 36.016397 ], [ -87.548839, 36.019433 ], [ -87.548682, 36.021938 ], [ -87.54601, 36.022781 ], [ -87.546854, 36.028926 ], [ -87.55082, 36.032982 ], [ -87.547983, 36.039554 ], [ -87.549134, 36.041056 ], [ -87.547522, 36.042823 ], [ -87.548303, 36.044466 ], [ -87.545298, 36.046641 ], [ -87.545398, 36.05558 ], [ -87.54857, 36.05631 ], [ -87.549473, 36.058872 ], [ -87.544503, 36.094277 ], [ -87.551806, 36.137514 ], [ -87.566798, 36.177857 ], [ -87.530415, 36.232375 ], [ -87.529213, 36.240527 ], [ -87.532068, 36.243028 ], [ -87.531479, 36.249701 ], [ -87.523627, 36.24889 ], [ -87.521223, 36.272685 ], [ -87.519468, 36.272683 ], [ -87.518795, 36.279227 ], [ -87.520416, 36.279236 ], [ -87.513533, 36.334713 ], [ -87.372524, 36.320589 ], [ -87.372244, 36.322092 ], [ -87.366088, 36.323488 ], [ -87.365436, 36.319807 ], [ -87.327204, 36.31593 ], [ -87.325958, 36.323582 ], [ -87.320939, 36.32318 ], [ -87.321861, 36.316389 ], [ -87.315548, 36.31524 ], [ -87.31501, 36.321654 ], [ -87.305167, 36.319252 ], [ -87.305745, 36.313436 ], [ -87.303129, 36.312442 ], [ -87.298425, 36.317313 ], [ -87.290409, 36.317489 ], [ -87.286302, 36.320143 ], [ -87.279837, 36.348574 ], [ -87.281481, 36.352438 ], [ -87.280534, 36.354484 ], [ -87.276928, 36.355798 ], [ -87.27551, 36.353275 ], [ -87.273323, 36.353186 ], [ -87.266791, 36.356348 ], [ -87.265002, 36.353755 ], [ -87.262661, 36.354879 ], [ -87.256565, 36.361073 ], [ -87.2542, 36.372901 ], [ -87.248891, 36.376427 ], [ -87.249988, 36.37792 ], [ -87.221847, 36.394285 ], [ -87.215057, 36.395949 ], [ -87.203975, 36.410285 ], [ -87.20517, 36.412422 ], [ -87.200578, 36.411804 ], [ -87.200807, 36.410594 ], [ -87.193001, 36.407688 ], [ -87.1794, 36.406611 ], [ -87.179434, 36.409727 ], [ -87.18238, 36.412601 ], [ -87.17851, 36.419821 ], [ -87.179549, 36.424001 ], [ -87.171307, 36.427616 ], [ -87.166711, 36.427264 ], [ -87.167354, 36.425132 ], [ -87.163242, 36.42136 ], [ -87.162729, 36.413298 ], [ -87.149407, 36.417537 ], [ -87.14843, 36.422402 ], [ -87.152247, 36.426771 ], [ -87.150276, 36.445037 ], [ -87.128026, 36.451227 ], [ -87.122691, 36.455711 ], [ -87.120443, 36.45546 ], [ -87.119598, 36.461107 ], [ -87.128677, 36.46195 ], [ -87.120657, 36.510943 ], [ -87.117643, 36.510501 ], [ -87.113244, 36.523046 ], [ -87.118626, 36.523667 ], [ -87.116147, 36.539212 ], [ -87.120063, 36.538814 ], [ -87.122036, 36.54159 ], [ -87.11782, 36.549904 ], [ -87.12108, 36.550321 ], [ -87.129672, 36.546523 ], [ -87.131792, 36.548797 ], [ -87.13158, 36.553727 ], [ -87.135968, 36.552005 ], [ -87.141268, 36.554908 ], [ -87.137368, 36.55855 ], [ -87.13796, 36.562058 ], [ -87.142576, 36.563706 ], [ -87.149161, 36.563438 ], [ -87.150371, 36.566824 ], [ -87.148638, 36.56873 ], [ -87.136828, 36.563124 ], [ -87.132592, 36.563402 ], [ -87.134179, 36.571551 ], [ -87.133103, 36.573269 ], [ -87.129755, 36.572283 ], [ -87.12099, 36.613544 ], [ -87.131292, 36.621995 ], [ -87.126771, 36.621443 ], [ -87.125932, 36.628989 ], [ -87.117437, 36.628118 ], [ -87.114983, 36.642371 ], [ -86.589906, 36.652443 ], [ -86.563909, 36.633562 ], [ -86.551222, 36.637998 ], [ -86.549943, 36.644759 ], [ -86.543352, 36.643855 ], [ -86.543822, 36.640427 ], [ -86.507781, 36.652379 ], [ -86.332126, 36.648701 ], [ -86.205388, 36.640184 ] ] ] ] } },
{ "type": "Feature", "properties": { "CSAFP": "294", "CBSAFP": "26900", "GEOID": "26900", "GEOIDFQ": "310M700US26900", "NAME": "Indianapolis-Carmel-Greenwood, IN", "NAMELSAD": "Indianapolis-Carmel-Greenwood, IN Metro Area", "LSAD": "M1", "MEMI": "1", "MTFCC": "G3110", "ALAND": 10582616074, "AWATER": 84453620, "INTPTLAT": "+39.7905331", "INTPTLON": "-086.1242596", "GEO_ID": "310M700US26900", "NAME_2": "Indianapolis-Carmel-Greenwood, IN Metro Area", "DP05_0001E": "2130055", "DP05_0001M": "*****" }, "geometry": { "type": "MultiPolygon", "coordinates": [ [ [ [ -85.633228, 39.698462 ], [ -85.62907, 39.439033 ], [ -85.63063, 39.350205 ], [ -85.827514, 39.349886 ], [ -86.085601, 39.344189 ], [ -86.079439, 39.11269 ], [ -86.07903, 39.079641 ], [ -86.08093, 39.079633 ], [ -86.080272, 39.05027 ], [ -86.172763, 39.048547 ], [ -86.370066, 39.048375 ], [ -86.369246, 39.111933 ], [ -86.372408, 39.250905 ], [ -86.379937, 39.25108 ], [ -86.381395, 39.339752 ], [ -86.464896, 39.338291 ], [ -86.630844, 39.340755 ], [ -86.632206, 39.470214 ], [ -86.686875, 39.470691 ], [ -86.687561, 39.521902 ], [ -86.684434, 39.521716 ], [ -86.682545, 39.523993 ], [ -86.682793, 39.526537 ], [ -86.678109, 39.527195 ], [ -86.677214, 39.529998 ], [ -86.672899, 39.529454 ], [ -86.673779, 39.530777 ], [ -86.670377, 39.533668 ], [ -86.672729, 39.535429 ], [ -86.666936, 39.53587 ], [ -86.663255, 39.53938 ], [ -86.662696, 39.543396 ], [ -86.659843, 39.545079 ], [ -86.66095, 39.546981 ], [ -86.65816, 39.547423 ], [ -86.653942, 39.551966 ], [ -86.651407, 39.549992 ], [ -86.653302, 39.559439 ], [ -86.650036, 39.561247 ], [ -86.651217, 39.563709 ], [ -86.648319, 39.565874 ], [ -86.654232, 39.564975 ], [ -86.655539, 39.568723 ], [ -86.65455, 39.570128 ], [ -86.658737, 39.573104 ], [ -86.65553, 39.574743 ], [ -86.658555, 39.576298 ], [ -86.659594, 39.579206 ], [ -86.656898, 39.58324 ], [ -86.658006, 39.585188 ], [ -86.654152, 39.587741 ], [ -86.651975, 39.594429 ], [ -86.651942, 39.595694 ], [ -86.655347, 39.596774 ], [ -86.657015, 39.600735 ], [ -86.65387, 39.607932 ], [ -86.650002, 39.611116 ], [ -86.647648, 39.610123 ], [ -86.647766, 39.614564 ], [ -86.64539, 39.614958 ], [ -86.64316, 39.617734 ], [ -86.644985, 39.627509 ], [ -86.64164, 39.630064 ], [ -86.687406, 39.630437 ], [ -86.686843, 39.864842 ], [ -86.695127, 39.864845 ], [ -86.695804, 40.178657 ], [ -86.431094, 40.176998 ], [ -86.242365, 40.180778 ], [ -86.242812, 40.402914 ], [ -85.862117, 40.406889 ], [ -85.862296, 40.378367 ], [ -85.578589, 40.379524 ], [ -85.575541, 40.211184 ], [ -85.576793, 39.872852 ], [ -85.596678, 39.872926 ], [ -85.596916, 39.786519 ], [ -85.633491, 39.786177 ], [ -85.633228, 39.698462 ] ] ] ] } },
{ "type": "Feature", "properties": { "CSAFP": "545", "CBSAFP": "47260", "GEOID": "47260", "GEOIDFQ": "310M700US47260", "NAME": "Virginia Beach-Chesapeake-Norfolk, VA-NC", "NAMELSAD": "Virginia Beach-Chesapeake-Norfolk, VA-NC Metro Area", "LSAD": "M1", "MEMI": "1", "MTFCC": "G3110", "ALAND": 8292852784, "AWATER": 3500557061, "INTPTLAT": "+36.8372891", "INTPTLON": "-076.3918494", "GEO_ID": "310M700US47260", "NAME_2": "Virginia Beach-Chesapeake-Norfolk, VA-NC Metro Area", "DP05_0001E": "1787235", "DP05_0001M": "*****" }, "geometry": { "type": "MultiPolygon", "coordinates": [ [ [ [ -76.134941, 37.117603 ], [ -76.133872, 37.040886 ], [ -75.999653, 37.013326 ], [ -75.909491, 36.990708 ], [ -75.928307, 36.938179 ], [ -75.874647, 36.744305 ], [ -75.862119, 36.714051 ], [ -75.843991, 36.679773 ], [ -75.829758, 36.644632 ], [ -75.819825, 36.625153 ], [ -75.800435, 36.56274 ], [ -75.797497, 36.550916 ], [ -75.790558, 36.500156 ], [ -75.749635, 36.353606 ], [ -75.709078, 36.244984 ], [ -75.813108, 36.22356 ], [ -75.79943, 36.202218 ], [ -75.798839, 36.199165 ], [ -75.801872, 36.188449 ], [ -75.798678, 36.182529 ], [ -75.789137, 36.172043 ], [ -75.7904, 36.159601 ], [ -75.789371, 36.154764 ], [ -75.780274, 36.144392 ], [ -75.777301, 36.138483 ], [ -75.773806, 36.11505 ], [ -75.774723, 36.105703 ], [ -75.764882, 36.081567 ], [ -75.763354, 36.065327 ], [ -75.767682, 36.05526 ], [ -75.777995, 36.048423 ], [ -75.840046, 36.028834 ], [ -75.864669, 36.036164 ], [ -75.874806, 36.041789 ], [ -75.889534, 36.055339 ], [ -75.90196, 36.074108 ], [ -75.906295, 36.085877 ], [ -75.950459, 36.087958 ], [ -76.022398, 36.086654 ], [ -76.02321, 36.125158 ], [ -76.02939, 36.158819 ], [ -76.034312, 36.167098 ], [ -76.04447, 36.178789 ], [ -76.067591, 36.2153 ], [ -76.071469, 36.218558 ], [ -76.086397, 36.222029 ], [ -76.09827, 36.227627 ], [ -76.101862, 36.231436 ], [ -76.105299, 36.240076 ], [ -76.120263, 36.259244 ], [ -76.137603, 36.273326 ], [ -76.147877, 36.276638 ], [ -76.163948, 36.277044 ], [ -76.172197, 36.282713 ], [ -76.175249, 36.289047 ], [ -76.179314, 36.292954 ], [ -76.197023, 36.291247 ], [ -76.2051, 36.29691 ], [ -76.217085, 36.298803 ], [ -76.216943, 36.301537 ], [ -76.213793, 36.304046 ], [ -76.200948, 36.305616 ], [ -76.201108, 36.314569 ], [ -76.199638, 36.31727 ], [ -76.19694, 36.317513 ], [ -76.19227, 36.314253 ], [ -76.187964, 36.314459 ], [ -76.182755, 36.317213 ], [ -76.181276, 36.321939 ], [ -76.192207, 36.32814 ], [ -76.215978, 36.327675 ], [ -76.218083, 36.333617 ], [ -76.214178, 36.341599 ], [ -76.218683, 36.34517 ], [ -76.225115, 36.34643 ], [ -76.227395, 36.34833 ], [ -76.225774, 36.354141 ], [ -76.231407, 36.362075 ], [ -76.231329, 36.37208 ], [ -76.237586, 36.371967 ], [ -76.243953, 36.365714 ], [ -76.254704, 36.362827 ], [ -76.257177, 36.363544 ], [ -76.260225, 36.367007 ], [ -76.257303, 36.369993 ], [ -76.256477, 36.373675 ], [ -76.259108, 36.376721 ], [ -76.257086, 36.38228 ], [ -76.258891, 36.384274 ], [ -76.273716, 36.388225 ], [ -76.279529, 36.38626 ], [ -76.285126, 36.388913 ], [ -76.287385, 36.384767 ], [ -76.291542, 36.386629 ], [ -76.300474, 36.395401 ], [ -76.301847, 36.400504 ], [ -76.310541, 36.401926 ], [ -76.310381, 36.406155 ], [ -76.314452, 36.408316 ], [ -76.314636, 36.410842 ], [ -76.323065, 36.417242 ], [ -76.323056, 36.420228 ], [ -76.32001, 36.423125 ], [ -76.322172, 36.427456 ], [ -76.329573, 36.42385 ], [ -76.332893, 36.425448 ], [ -76.338368, 36.424771 ], [ -76.341287, 36.42184 ], [ -76.344596, 36.421337 ], [ -76.348344, 36.423364 ], [ -76.34741, 36.428166 ], [ -76.356912, 36.426631 ], [ -76.364217, 36.429479 ], [ -76.367429, 36.431222 ], [ -76.367467, 36.433713 ], [ -76.369329, 36.435372 ], [ -76.367354, 36.439353 ], [ -76.372099, 36.439543 ], [ -76.371145, 36.441381 ], [ -76.376044, 36.442429 ], [ -76.376552, 36.445861 ], [ -76.382473, 36.447477 ], [ -76.386817, 36.446892 ], [ -76.394749, 36.454549 ], [ -76.398665, 36.455503 ], [ -76.40699, 36.454175 ], [ -76.414754, 36.460488 ], [ -76.421131, 36.461868 ], [ -76.42271, 36.464386 ], [ -76.437286, 36.467846 ], [ -76.491336, 36.510677 ], [ -76.491405, 36.468648 ], [ -76.453711, 36.378092 ], [ -76.539029, 36.357313 ], [ -76.556881, 36.355204 ], [ -76.570756, 36.334295 ], [ -76.575955, 36.335337 ], [ -76.586035, 36.333592 ], [ -76.592786, 36.330292 ], [ -76.594095, 36.324789 ], [ -76.596603, 36.323259 ], [ -76.613072, 36.323966 ], [ -76.622841, 36.328853 ], [ -76.63931, 36.329799 ], [ -76.642506, 36.322935 ], [ -76.642217, 36.319801 ], [ -76.646878, 36.320083 ], [ -76.649716, 36.317951 ], [ -76.651565, 36.310615 ], [ -76.654616, 36.310684 ], [ -76.654313, 36.314191 ], [ -76.657655, 36.314696 ], [ -76.659376, 36.313124 ], [ -76.662507, 36.31451 ], [ -76.664367, 36.313654 ], [ -76.665084, 36.315976 ], [ -76.667469, 36.313799 ], [ -76.669852, 36.315348 ], [ -76.672336, 36.312449 ], [ -76.672076, 36.31052 ], [ -76.673742, 36.311074 ], [ -76.674906, 36.308954 ], [ -76.672269, 36.306991 ], [ -76.675968, 36.30618 ], [ -76.67549, 36.304439 ], [ -76.672472, 36.303334 ], [ -76.67572, 36.303305 ], [ -76.675172, 36.301396 ], [ -76.680602, 36.30001 ], [ -76.683322, 36.301469 ], [ -76.696571, 36.296138 ], [ -76.69959, 36.299669 ], [ -76.71331, 36.305579 ], [ -76.725943, 36.31829 ], [ -76.736477, 36.324835 ], [ -76.7602, 36.351672 ], [ -76.768545, 36.353747 ], [ -76.77827, 36.361991 ], [ -76.784766, 36.362739 ], [ -76.789931, 36.360077 ], [ -76.795409, 36.359717 ], [ -76.822691, 36.364447 ], [ -76.831734, 36.371456 ], [ -76.83917, 36.374404 ], [ -76.852144, 36.375612 ], [ -76.874091, 36.38319 ], [ -76.88284, 36.383019 ], [ -76.893605, 36.390128 ], [ -76.907887, 36.390732 ], [ -76.930017, 36.399928 ], [ -76.940891, 36.407306 ], [ -76.947237, 36.416074 ], [ -76.945158, 36.441081 ], [ -76.949032, 36.457283 ], [ -76.946742, 36.465763 ], [ -76.950606, 36.47079 ], [ -76.94708, 36.47235 ], [ -76.934362, 36.471269 ], [ -76.933356, 36.473458 ], [ -76.936361, 36.480136 ], [ -76.935201, 36.484012 ], [ -76.925833, 36.487591 ], [ -76.920431, 36.504376 ], [ -76.918705, 36.50557 ], [ -76.913344, 36.504114 ], [ -76.909578, 36.505986 ], [ -76.906462, 36.510692 ], [ -76.906331, 36.516179 ], [ -76.90311, 36.519467 ], [ -76.907824, 36.524995 ], [ -76.914287, 36.528181 ], [ -76.916224, 36.530746 ], [ -76.922154, 36.528787 ], [ -76.924463, 36.529549 ], [ -76.924229, 36.532164 ], [ -76.919964, 36.53246 ], [ -76.921464, 36.538449 ], [ -76.916383, 36.538725 ], [ -76.914111, 36.542194 ], [ -76.917226, 36.546253 ], [ -76.91573, 36.553309 ], [ -76.930936, 36.559569 ], [ -76.927654, 36.562392 ], [ -76.927739, 36.568793 ], [ -76.926141, 36.571952 ], [ -76.917996, 36.572568 ], [ -76.917691, 36.574308 ], [ -76.920836, 36.576131 ], [ -76.920251, 36.577614 ], [ -76.912453, 36.577093 ], [ -76.909268, 36.579747 ], [ -76.909464, 36.591923 ], [ -76.912728, 36.602154 ], [ -76.90731, 36.612116 ], [ -76.912104, 36.618203 ], [ -76.901261, 36.622769 ], [ -76.901099, 36.620494 ], [ -76.899356, 36.620686 ], [ -76.898076, 36.623909 ], [ -76.89388, 36.625712 ], [ -76.891345, 36.630445 ], [ -76.895063, 36.635712 ], [ -76.897034, 36.643602 ], [ -76.907702, 36.64719 ], [ -76.912598, 36.650697 ], [ -76.912077, 36.655793 ], [ -76.917742, 36.662368 ], [ -76.912163, 36.669307 ], [ -76.912015, 36.672717 ], [ -76.914856, 36.674564 ], [ -76.918595, 36.674232 ], [ -76.916467, 36.679165 ], [ -76.925063, 36.682379 ], [ -76.924575, 36.683913 ], [ -76.92448, 36.682421 ], [ -76.923061, 36.683812 ], [ -76.921912, 36.682491 ], [ -76.920984, 36.686007 ], [ -76.917657, 36.687199 ], [ -76.919746, 36.689058 ], [ -76.917224, 36.690175 ], [ -76.917335, 36.693093 ], [ -76.915434, 36.693235 ], [ -76.9163, 36.695311 ], [ -76.913101, 36.696105 ], [ -76.912463, 36.698874 ], [ -76.915772, 36.700985 ], [ -76.925691, 36.698329 ], [ -76.930272, 36.704996 ], [ -76.925625, 36.705593 ], [ -76.926893, 36.706534 ], [ -76.922643, 36.709558 ], [ -76.924464, 36.710757 ], [ -76.922831, 36.715826 ], [ -76.918462, 36.716162 ], [ -76.920777, 36.718324 ], [ -76.918859, 36.719849 ], [ -76.916692, 36.718063 ], [ -76.917292, 36.719424 ], [ -76.914088, 36.7219 ], [ -76.916577, 36.724161 ], [ -76.91346, 36.72552 ], [ -76.915834, 36.728766 ], [ -76.91366, 36.729261 ], [ -76.916984, 36.733616 ], [ -76.915377, 36.736455 ], [ -76.910306, 36.738756 ], [ -76.909024, 36.741721 ], [ -76.904227, 36.738884 ], [ -76.901871, 36.742533 ], [ -76.894892, 36.746889 ], [ -76.899501, 36.753455 ], [ -76.900714, 36.752896 ], [ -76.899831, 36.754942 ], [ -76.901724, 36.755008 ], [ -76.90039, 36.756022 ], [ -76.901405, 36.757393 ], [ -76.897564, 36.759612 ], [ -76.898239, 36.76225 ], [ -76.894683, 36.763453 ], [ -76.894532, 36.762184 ], [ -76.892465, 36.762351 ], [ -76.893178, 36.760664 ], [ -76.890543, 36.76061 ], [ -76.887279, 36.763936 ], [ -76.88462, 36.764402 ], [ -76.887194, 36.770256 ], [ -76.889665, 36.772153 ], [ -76.885181, 36.775557 ], [ -76.887202, 36.776931 ], [ -76.88499, 36.780222 ], [ -76.874154, 36.783881 ], [ -76.871928, 36.788323 ], [ -76.867566, 36.78765 ], [ -76.86559, 36.789574 ], [ -76.866115, 36.794042 ], [ -76.861938, 36.797653 ], [ -76.861718, 36.80064 ], [ -76.862875, 36.804458 ], [ -76.866766, 36.804186 ], [ -76.868881, 36.808449 ], [ -76.866572, 36.81159 ], [ -76.865603, 36.810654 ], [ -76.865404, 36.813762 ], [ -76.864103, 36.813583 ], [ -76.865724, 36.816873 ], [ -76.862058, 36.823332 ], [ -76.862376, 36.826493 ], [ -76.859969, 36.82743 ], [ -76.858707, 36.824681 ], [ -76.855625, 36.827207 ], [ -76.855293, 36.828905 ], [ -76.85698, 36.828791 ], [ -76.856863, 36.831023 ], [ -76.858886, 36.831894 ], [ -76.859643, 36.835968 ], [ -76.856004, 36.83853 ], [ -76.853988, 36.843212 ], [ -76.852831, 36.842574 ], [ -76.849734, 36.845043 ], [ -76.84865, 36.849964 ], [ -76.852202, 36.851807 ], [ -76.850867, 36.852152 ], [ -76.851915, 36.853731 ], [ -76.849604, 36.853118 ], [ -76.843166, 36.856174 ], [ -76.840847, 36.855752 ], [ -76.839521, 36.859442 ], [ -76.836632, 36.859444 ], [ -76.833764, 36.863066 ], [ -76.838488, 36.865054 ], [ -76.838687, 36.866758 ], [ -76.830187, 36.870164 ], [ -76.831099, 36.872295 ], [ -76.82806, 36.87689 ], [ -76.82494, 36.875898 ], [ -76.824181, 36.878121 ], [ -76.822317, 36.878315 ], [ -76.821072, 36.877154 ], [ -76.818031, 36.880584 ], [ -76.817737, 36.882057 ], [ -76.819971, 36.883591 ], [ -76.823301, 36.882437 ], [ -76.82303, 36.883846 ], [ -76.826555, 36.885082 ], [ -76.827272, 36.887483 ], [ -76.82594, 36.887911 ], [ -76.825636, 36.89122 ], [ -76.819414, 36.892891 ], [ -76.819234, 36.896974 ], [ -76.815125, 36.899953 ], [ -76.815576, 36.905384 ], [ -76.819087, 36.906873 ], [ -76.816139, 36.909205 ], [ -76.815601, 36.914278 ], [ -76.822593, 36.916279 ], [ -76.827306, 36.920762 ], [ -76.829088, 36.920869 ], [ -76.830817, 36.917851 ], [ -76.834287, 36.917663 ], [ -76.836301, 36.923498 ], [ -76.833863, 36.924427 ], [ -76.831432, 36.929591 ], [ -76.837923, 36.928615 ], [ -76.843987, 36.931756 ], [ -76.845745, 36.934527 ], [ -76.844257, 36.938224 ], [ -76.845298, 36.940952 ], [ -76.852261, 36.946355 ], [ -76.851164, 36.949111 ], [ -76.852874, 36.95314 ], [ -76.859083, 36.956235 ], [ -76.859281, 36.957992 ], [ -76.85508, 36.963652 ], [ -76.856121, 36.967199 ], [ -76.853621, 36.969346 ], [ -76.853596, 36.972768 ], [ -76.85086, 36.974967 ], [ -76.854212, 36.978646 ], [ -76.850122, 36.986727 ], [ -76.851135, 36.990074 ], [ -76.849427, 36.996106 ], [ -76.953546, 36.94445 ], [ -76.966068, 37.000151 ], [ -76.968499, 37.034143 ], [ -76.967387, 37.036249 ], [ -76.969558, 37.040162 ], [ -76.963621, 37.043116 ], [ -76.965936, 37.049959 ], [ -76.965196, 37.054514 ], [ -76.97005, 37.054559 ], [ -76.977587, 37.050711 ], [ -76.979474, 37.053457 ], [ -76.983129, 37.053753 ], [ -76.984683, 37.049653 ], [ -77.003071, 37.051437 ], [ -77.006643, 37.054553 ], [ -77.00627, 37.058169 ], [ -77.014667, 37.057898 ], [ -77.016749, 37.061263 ], [ -77.031169, 37.066806 ], [ -77.033511, 37.066463 ], [ -77.035796, 37.070103 ], [ -77.038852, 37.068959 ], [ -77.044621, 37.070196 ], [ -77.045264, 37.065664 ], [ -77.049625, 37.062601 ], [ -77.055791, 37.064772 ], [ -77.059406, 37.064428 ], [ -77.063272, 37.066695 ], [ -77.066613, 37.065756 ], [ -77.068613, 37.06793 ], [ -77.07561, 37.066511 ], [ -77.078523, 37.068479 ], [ -77.075468, 37.072324 ], [ -77.077382, 37.074155 ], [ -77.076755, 37.076993 ], [ -77.079098, 37.077771 ], [ -77.077728, 37.081708 ], [ -77.080014, 37.084888 ], [ -77.08824, 37.082529 ], [ -77.090468, 37.082803 ], [ -77.093698, 37.086327 ], [ -77.099182, 37.083808 ], [ -77.102296, 37.084333 ], [ -77.103726, 37.086552 ], [ -77.103098, 37.088727 ], [ -77.108271, 37.091173 ], [ -77.108444, 37.093919 ], [ -77.106445, 37.09527 ], [ -77.10956, 37.096413 ], [ -77.10959, 37.098656 ], [ -77.111877, 37.100807 ], [ -77.119021, 37.100872 ], [ -77.121705, 37.098307 ], [ -77.125736, 37.098904 ], [ -77.128709, 37.097097 ], [ -77.131566, 37.097625 ], [ -77.132135, 37.101287 ], [ -77.13705, 37.10161 ], [ -77.13922, 37.104151 ], [ -77.143564, 37.101269 ], [ -77.148936, 37.101591 ], [ -77.153363, 37.104544 ], [ -77.15609, 37.113179 ], [ -77.123847, 37.137983 ], [ -77.087776, 37.169071 ], [ -77.077061, 37.174024 ], [ -77.074202, 37.177915 ], [ -77.072744, 37.184598 ], [ -77.058442, 37.190916 ], [ -77.046055, 37.191441 ], [ -77.043365, 37.192791 ], [ -77.043158, 37.195912 ], [ -77.046311, 37.198514 ], [ -77.043815, 37.202278 ], [ -77.03747, 37.201785 ], [ -77.035009, 37.203227 ], [ -77.031491, 37.198671 ], [ -77.029087, 37.201806 ], [ -77.027297, 37.200093 ], [ -77.024069, 37.201028 ], [ -77.023945, 37.20711 ], [ -77.017877, 37.206958 ], [ -77.01178, 37.21241 ], [ -77.018811, 37.219593 ], [ -77.016763, 37.223237 ], [ -77.013139, 37.225174 ], [ -77.014204, 37.228667 ], [ -77.01273, 37.232372 ], [ -77.003816, 37.232062 ], [ -77.000663, 37.23923 ], [ -76.996057, 37.236403 ], [ -76.993485, 37.23652 ], [ -76.972439, 37.248501 ], [ -76.965634, 37.244045 ], [ -76.929459, 37.227468 ], [ -76.910174, 37.223409 ], [ -76.883156, 37.223057 ], [ -76.886365, 37.246045 ], [ -76.884078, 37.250146 ], [ -76.87468, 37.255911 ], [ -76.873171, 37.25833 ], [ -76.88199, 37.271449 ], [ -76.883076, 37.275924 ], [ -76.880831, 37.287259 ], [ -76.872806, 37.293713 ], [ -76.8716, 37.296348 ], [ -76.878374, 37.304863 ], [ -76.880005, 37.309874 ], [ -76.874685, 37.320434 ], [ -76.876619, 37.333224 ], [ -76.873632, 37.342561 ], [ -76.874685, 37.346012 ], [ -76.880139, 37.348681 ], [ -76.880523, 37.351167 ], [ -76.873507, 37.363415 ], [ -76.877099, 37.369189 ], [ -76.88477, 37.368566 ], [ -76.891162, 37.362096 ], [ -76.899517, 37.359028 ], [ -76.907978, 37.349015 ], [ -76.913304, 37.349989 ], [ -76.915863, 37.352615 ], [ -76.909608, 37.365316 ], [ -76.901139, 37.36998 ], [ -76.897792, 37.373802 ], [ -76.89832, 37.375393 ], [ -76.904471, 37.377665 ], [ -76.900744, 37.385072 ], [ -76.898628, 37.385846 ], [ -76.898308, 37.382526 ], [ -76.892164, 37.383381 ], [ -76.892859, 37.38873 ], [ -76.896702, 37.392011 ], [ -76.900052, 37.391603 ], [ -76.900868, 37.395049 ], [ -76.897814, 37.396101 ], [ -76.897974, 37.39955 ], [ -76.894153, 37.400228 ], [ -76.895101, 37.406821 ], [ -76.892987, 37.413019 ], [ -76.894737, 37.414722 ], [ -76.892259, 37.416784 ], [ -76.892528, 37.41902 ], [ -76.890381, 37.420038 ], [ -76.895433, 37.428043 ], [ -76.891735, 37.432667 ], [ -76.886783, 37.433003 ], [ -76.877356, 37.440051 ], [ -76.866066, 37.44164 ], [ -76.856794, 37.448144 ], [ -76.826947, 37.448893 ], [ -76.82413, 37.450728 ], [ -76.808156, 37.44551 ], [ -76.79254, 37.435495 ], [ -76.787063, 37.438141 ], [ -76.777297, 37.43573 ], [ -76.776893, 37.433923 ], [ -76.770577, 37.438998 ], [ -76.771637, 37.435255 ], [ -76.770496, 37.434929 ], [ -76.767438, 37.437767 ], [ -76.76816, 37.439225 ], [ -76.764431, 37.436953 ], [ -76.763633, 37.438429 ], [ -76.765861, 37.440147 ], [ -76.764028, 37.442913 ], [ -76.760356, 37.442739 ], [ -76.759139, 37.444166 ], [ -76.762574, 37.444525 ], [ -76.761545, 37.446466 ], [ -76.759185, 37.444646 ], [ -76.757995, 37.4455 ], [ -76.762333, 37.450646 ], [ -76.7658, 37.451651 ], [ -76.763643, 37.454194 ], [ -76.76055, 37.452401 ], [ -76.760446, 37.458601 ], [ -76.756375, 37.456428 ], [ -76.757654, 37.45951 ], [ -76.756789, 37.461715 ], [ -76.741984, 37.467076 ], [ -76.732961, 37.450235 ], [ -76.712305, 37.431309 ], [ -76.704131, 37.440536 ], [ -76.703334, 37.444631 ], [ -76.704721, 37.448035 ], [ -76.702136, 37.450523 ], [ -76.699072, 37.450974 ], [ -76.691233, 37.447582 ], [ -76.687006, 37.447882 ], [ -76.685284, 37.453382 ], [ -76.673994, 37.461323 ], [ -76.671105, 37.460459 ], [ -76.668205, 37.455456 ], [ -76.662155, 37.457802 ], [ -76.662623, 37.461776 ], [ -76.653969, 37.470919 ], [ -76.655521, 37.473813 ], [ -76.65196, 37.472523 ], [ -76.651104, 37.474897 ], [ -76.652347, 37.476349 ], [ -76.649138, 37.476835 ], [ -76.651524, 37.480742 ], [ -76.649599, 37.481635 ], [ -76.649303, 37.479555 ], [ -76.647086, 37.480685 ], [ -76.645367, 37.485855 ], [ -76.648563, 37.486802 ], [ -76.646726, 37.488647 ], [ -76.648963, 37.494099 ], [ -76.647829, 37.495636 ], [ -76.651378, 37.497641 ], [ -76.657261, 37.508508 ], [ -76.66765, 37.520348 ], [ -76.669322, 37.528508 ], [ -76.666492, 37.533256 ], [ -76.667624, 37.535118 ], [ -76.661475, 37.557964 ], [ -76.663231, 37.56566 ], [ -76.661768, 37.566777 ], [ -76.654076, 37.603174 ], [ -76.642792, 37.597087 ], [ -76.636972, 37.590842 ], [ -76.630589, 37.590246 ], [ -76.628251, 37.591485 ], [ -76.625309, 37.590293 ], [ -76.623204, 37.586016 ], [ -76.617373, 37.590339 ], [ -76.612052, 37.590577 ], [ -76.612737, 37.587069 ], [ -76.615069, 37.585304 ], [ -76.612478, 37.581895 ], [ -76.606015, 37.583259 ], [ -76.601294, 37.588263 ], [ -76.595767, 37.588079 ], [ -76.595138, 37.586434 ], [ -76.591983, 37.585603 ], [ -76.590991, 37.582986 ], [ -76.58944, 37.583322 ], [ -76.58872, 37.579637 ], [ -76.586105, 37.57813 ], [ -76.582869, 37.578667 ], [ -76.580917, 37.575673 ], [ -76.575323, 37.574527 ], [ -76.576197, 37.571351 ], [ -76.574277, 37.570657 ], [ -76.576118, 37.56964 ], [ -76.573881, 37.563415 ], [ -76.57031, 37.561438 ], [ -76.559658, 37.56163 ], [ -76.556626, 37.55966 ], [ -76.557363, 37.555995 ], [ -76.553723, 37.555167 ], [ -76.553398, 37.559521 ], [ -76.550698, 37.561234 ], [ -76.552009, 37.566686 ], [ -76.547937, 37.567884 ], [ -76.54283, 37.564059 ], [ -76.542565, 37.559155 ], [ -76.530748, 37.55707 ], [ -76.523653, 37.548576 ], [ -76.507266, 37.547505 ], [ -76.499671, 37.537096 ], [ -76.480209, 37.535913 ], [ -76.471578, 37.53011 ], [ -76.463326, 37.528214 ], [ -76.456263, 37.520926 ], [ -76.439549, 37.514461 ], [ -76.430715, 37.514459 ], [ -76.424909, 37.510457 ], [ -76.417419, 37.510818 ], [ -76.411644, 37.515001 ], [ -76.408984, 37.527984 ], [ -76.403764, 37.535599 ], [ -76.390887, 37.530251 ], [ -76.379083, 37.531835 ], [ -76.354826, 37.527314 ], [ -76.34838, 37.525044 ], [ -76.336684, 37.514981 ], [ -76.327004, 37.512693 ], [ -76.318739, 37.515091 ], [ -76.309677, 37.526439 ], [ -76.296012, 37.535858 ], [ -76.140835, 37.54222 ], [ -76.13716, 37.375135 ], [ -76.134941, 37.117603 ] ] ] ] } },
{ "type": "Feature", "properties": { "CSAFP": "260", "CBSAFP": "23420", "GEOID": "23420", "GEOIDFQ": "310M700US23420", "NAME": "Fresno, CA", "NAMELSAD": "Fresno, CA Metro Area", "LSAD": "M1", "MEMI": "1", "MTFCC": "G3110", "ALAND": 20966706476, "AWATER": 178903286, "INTPTLAT": "+36.8794036", "INTPTLON": "-119.6684884", "GEO_ID": "310M700US23420", "NAME_2": "Fresno, CA Metro Area", "DP05_0001E": "1177665", "DP05_0001M": "*****" }, "geometry": { "type": "MultiPolygon", "coordinates": [ [ [ [ -119.022363, 37.585737 ], [ -119.020463, 37.583437 ], [ -119.015363, 37.582237 ], [ -119.008262, 37.577537 ], [ -119.002262, 37.571137 ], [ -118.990561, 37.567137 ], [ -118.984861, 37.567337 ], [ -118.979961, 37.563237 ], [ -118.97696, 37.556837 ], [ -118.972461, 37.559437 ], [ -118.964061, 37.558137 ], [ -118.959761, 37.563137 ], [ -118.956361, 37.562737 ], [ -118.952661, 37.565836 ], [ -118.946961, 37.565036 ], [ -118.946361, 37.563336 ], [ -118.942661, 37.562136 ], [ -118.93896, 37.554436 ], [ -118.93436, 37.553336 ], [ -118.92966, 37.548936 ], [ -118.91706, 37.550336 ], [ -118.909759, 37.539336 ], [ -118.901159, 37.531236 ], [ -118.902659, 37.528836 ], [ -118.901859, 37.526036 ], [ -118.891059, 37.525336 ], [ -118.887459, 37.521036 ], [ -118.883658, 37.520136 ], [ -118.882858, 37.515636 ], [ -118.881258, 37.514736 ], [ -118.881658, 37.510336 ], [ -118.875658, 37.507936 ], [ -118.867458, 37.507135 ], [ -118.860758, 37.501535 ], [ -118.858494, 37.494323 ], [ -118.859635, 37.490104 ], [ -118.855414, 37.481443 ], [ -118.857223, 37.479472 ], [ -118.856049, 37.478395 ], [ -118.84976, 37.47586 ], [ -118.841901, 37.480895 ], [ -118.836021, 37.482517 ], [ -118.832795, 37.480194 ], [ -118.815526, 37.487807 ], [ -118.810284, 37.486045 ], [ -118.804274, 37.488939 ], [ -118.797097, 37.488712 ], [ -118.786046, 37.478681 ], [ -118.785053, 37.473884 ], [ -118.777891, 37.469365 ], [ -118.777731, 37.466482 ], [ -118.773305, 37.459459 ], [ -118.767441, 37.456319 ], [ -118.763287, 37.456537 ], [ -118.761886, 37.448755 ], [ -118.758922, 37.44452 ], [ -118.760175, 37.433632 ], [ -118.765095, 37.42973 ], [ -118.769272, 37.422173 ], [ -118.774591, 37.424641 ], [ -118.779757, 37.421678 ], [ -118.783558, 37.413312 ], [ -118.782023, 37.407709 ], [ -118.790031, 37.394032 ], [ -118.782646, 37.382708 ], [ -118.779547, 37.38159 ], [ -118.7786, 37.375956 ], [ -118.773329, 37.374933 ], [ -118.767971, 37.368134 ], [ -118.770073, 37.366219 ], [ -118.768148, 37.361178 ], [ -118.770167, 37.358862 ], [ -118.778235, 37.35833 ], [ -118.781513, 37.356416 ], [ -118.784501, 37.35168 ], [ -118.786736, 37.34338 ], [ -118.781532, 37.338739 ], [ -118.780107, 37.334873 ], [ -118.774354, 37.334802 ], [ -118.757855, 37.32884 ], [ -118.750129, 37.322508 ], [ -118.743837, 37.319545 ], [ -118.741118, 37.315338 ], [ -118.732965, 37.317891 ], [ -118.728754, 37.323002 ], [ -118.716016, 37.328208 ], [ -118.709648, 37.321912 ], [ -118.708067, 37.316596 ], [ -118.698566, 37.305587 ], [ -118.694954, 37.30602 ], [ -118.694883, 37.301781 ], [ -118.689618, 37.293365 ], [ -118.68522, 37.290468 ], [ -118.6821, 37.280473 ], [ -118.676493, 37.275488 ], [ -118.675541, 37.271214 ], [ -118.671812, 37.269225 ], [ -118.671107, 37.266701 ], [ -118.665332, 37.261917 ], [ -118.674845, 37.248969 ], [ -118.677995, 37.248877 ], [ -118.683745, 37.244369 ], [ -118.684555, 37.237586 ], [ -118.682249, 37.233983 ], [ -118.686424, 37.227575 ], [ -118.679119, 37.219953 ], [ -118.679102, 37.214452 ], [ -118.675613, 37.214145 ], [ -118.681349, 37.204438 ], [ -118.669403, 37.190379 ], [ -118.666455, 37.189497 ], [ -118.667138, 37.182449 ], [ -118.66424, 37.178145 ], [ -118.66665, 37.175811 ], [ -118.666912, 37.17279 ], [ -118.672648, 37.167343 ], [ -118.666501, 37.161388 ], [ -118.667187, 37.15464 ], [ -118.661818, 37.150859 ], [ -118.66087, 37.148418 ], [ -118.656704, 37.14721 ], [ -118.654593, 37.141826 ], [ -118.651052, 37.140177 ], [ -118.646527, 37.140782 ], [ -118.64129, 37.137234 ], [ -118.634593, 37.138862 ], [ -118.6295, 37.137424 ], [ -118.626545, 37.139726 ], [ -118.613411, 37.14301 ], [ -118.612422, 37.141354 ], [ -118.599645, 37.136468 ], [ -118.592661, 37.138147 ], [ -118.589079, 37.135078 ], [ -118.589865, 37.133282 ], [ -118.586385, 37.128281 ], [ -118.586051, 37.124934 ], [ -118.583087, 37.122398 ], [ -118.576307, 37.123723 ], [ -118.569029, 37.1226 ], [ -118.56841, 37.115295 ], [ -118.564104, 37.113208 ], [ -118.545065, 37.115371 ], [ -118.544356, 37.113728 ], [ -118.537956, 37.113577 ], [ -118.534321, 37.11082 ], [ -118.530932, 37.11118 ], [ -118.532315, 37.109541 ], [ -118.52977, 37.105077 ], [ -118.526092, 37.103826 ], [ -118.522127, 37.098354 ], [ -118.518531, 37.097807 ], [ -118.51186, 37.092811 ], [ -118.503103, 37.095221 ], [ -118.501561, 37.092537 ], [ -118.498025, 37.091969 ], [ -118.495216, 37.088138 ], [ -118.492656, 37.087463 ], [ -118.48658, 37.077414 ], [ -118.471143, 37.072661 ], [ -118.467332, 37.066745 ], [ -118.453111, 37.067331 ], [ -118.448956, 37.069139 ], [ -118.437137, 37.059818 ], [ -118.43605, 37.057264 ], [ -118.438233, 37.05589 ], [ -118.43497, 37.049739 ], [ -118.441729, 37.045013 ], [ -118.439425, 37.042759 ], [ -118.439221, 37.038997 ], [ -118.432433, 37.034284 ], [ -118.429498, 37.033944 ], [ -118.42276, 37.025805 ], [ -118.42311, 37.016938 ], [ -118.427981, 37.011235 ], [ -118.424338, 37.007971 ], [ -118.421111, 37.007563 ], [ -118.416553, 37.001376 ], [ -118.412233, 36.998335 ], [ -118.418933, 36.994835 ], [ -118.419533, 36.987435 ], [ -118.411133, 36.982935 ], [ -118.409133, 36.980535 ], [ -118.409533, 36.975235 ], [ -118.404433, 36.972035 ], [ -118.403033, 36.962035 ], [ -118.404733, 36.957535 ], [ -118.396632, 36.957335 ], [ -118.388432, 36.945534 ], [ -118.383032, 36.934634 ], [ -118.381532, 36.925934 ], [ -118.371032, 36.908634 ], [ -118.367432, 36.907034 ], [ -118.369232, 36.898434 ], [ -118.365031, 36.890634 ], [ -118.360831, 36.887734 ], [ -118.362431, 36.883634 ], [ -118.367131, 36.881434 ], [ -118.370179, 36.871688 ], [ -118.369863, 36.870078 ], [ -118.36616, 36.8689 ], [ -118.365558, 36.862283 ], [ -118.362223, 36.861359 ], [ -118.362169, 36.844002 ], [ -118.371494, 36.836083 ], [ -118.375931, 36.834495 ], [ -118.389758, 36.834466 ], [ -118.393724, 36.829668 ], [ -118.390921, 36.825599 ], [ -118.392307, 36.823492 ], [ -118.391128, 36.820968 ], [ -118.384681, 36.815342 ], [ -118.383877, 36.810195 ], [ -118.379316, 36.808663 ], [ -118.378175, 36.804178 ], [ -118.374026, 36.800172 ], [ -118.372803, 36.79454 ], [ -118.375046, 36.793316 ], [ -118.37683, 36.785534 ], [ -118.38023, 36.782234 ], [ -118.37603, 36.778534 ], [ -118.37643, 36.772134 ], [ -118.37203, 36.767034 ], [ -118.37473, 36.764134 ], [ -118.37173, 36.761234 ], [ -118.36923, 36.750034 ], [ -118.36653, 36.747834 ], [ -118.36213, 36.747734 ], [ -118.360586, 36.744773 ], [ -118.555487, 36.744746 ], [ -118.555031, 36.739138 ], [ -118.982441, 36.741646 ], [ -118.984779, 36.657147 ], [ -119.106452, 36.657729 ], [ -119.25095, 36.661214 ], [ -119.304625, 36.660606 ], [ -119.305102, 36.573725 ], [ -119.466322, 36.575238 ], [ -119.537211, 36.518209 ], [ -119.546275, 36.510536 ], [ -119.546279, 36.509105 ], [ -119.549961, 36.50795 ], [ -119.553579, 36.503442 ], [ -119.556848, 36.503381 ], [ -119.563662, 36.49605 ], [ -119.666542, 36.418818 ], [ -119.668109, 36.423224 ], [ -119.672839, 36.426607 ], [ -119.670309, 36.429462 ], [ -119.671583, 36.431069 ], [ -119.681112, 36.429719 ], [ -119.685559, 36.426204 ], [ -119.693582, 36.424461 ], [ -119.705703, 36.426997 ], [ -119.709403, 36.424506 ], [ -119.711525, 36.419802 ], [ -119.714015, 36.418874 ], [ -119.721435, 36.417939 ], [ -119.730053, 36.420765 ], [ -119.734913, 36.415864 ], [ -119.738267, 36.41791 ], [ -119.746299, 36.416794 ], [ -119.752391, 36.40904 ], [ -119.751368, 36.404349 ], [ -119.753114, 36.401894 ], [ -119.959227, 36.400975 ], [ -119.958916, 36.181414 ], [ -120.315068, 35.907186 ], [ -120.322916, 35.907818 ], [ -120.32599, 35.913125 ], [ -120.329914, 35.91351 ], [ -120.332289, 35.915523 ], [ -120.332087, 35.918794 ], [ -120.336711, 35.923645 ], [ -120.335067, 35.928414 ], [ -120.337106, 35.931699 ], [ -120.335883, 35.93709 ], [ -120.340249, 35.938978 ], [ -120.345829, 35.944852 ], [ -120.349644, 35.944063 ], [ -120.356513, 35.948057 ], [ -120.35753, 35.955549 ], [ -120.359304, 35.95833 ], [ -120.362492, 35.959409 ], [ -120.360402, 35.964418 ], [ -120.388868, 35.969259 ], [ -120.394005, 35.967873 ], [ -120.408543, 35.975962 ], [ -120.422786, 35.973749 ], [ -120.431173, 35.969252 ], [ -120.434361, 35.969444 ], [ -120.436541, 35.971593 ], [ -120.438174, 35.977761 ], [ -120.449087, 35.985112 ], [ -120.4497, 35.988432 ], [ -120.45985, 35.993482 ], [ -120.463688, 35.992778 ], [ -120.468609, 35.994347 ], [ -120.470552, 35.997055 ], [ -120.473406, 35.99792 ], [ -120.473111, 35.999215 ], [ -120.477391, 36.000824 ], [ -120.48045, 36.005928 ], [ -120.478428, 36.008792 ], [ -120.479304, 36.010666 ], [ -120.483047, 36.012107 ], [ -120.486216, 36.011178 ], [ -120.488326, 36.014879 ], [ -120.493217, 36.016561 ], [ -120.500446, 36.02223 ], [ -120.504863, 36.020358 ], [ -120.508343, 36.021581 ], [ -120.507224, 36.02326 ], [ -120.508385, 36.024195 ], [ -120.510935, 36.022073 ], [ -120.513331, 36.023748 ], [ -120.513194, 36.025676 ], [ -120.517568, 36.027544 ], [ -120.519748, 36.026679 ], [ -120.520009, 36.020885 ], [ -120.522331, 36.02307 ], [ -120.529796, 36.024281 ], [ -120.529801, 36.028977 ], [ -120.526994, 36.035709 ], [ -120.529401, 36.034295 ], [ -120.540409, 36.036664 ], [ -120.545408, 36.046123 ], [ -120.550706, 36.047618 ], [ -120.551779, 36.049521 ], [ -120.558879, 36.0499 ], [ -120.566649, 36.052932 ], [ -120.584592, 36.066189 ], [ -120.587866, 36.066628 ], [ -120.596088, 36.078219 ], [ -120.5928, 36.08561 ], [ -120.593173, 36.08853 ], [ -120.589796, 36.089605 ], [ -120.599366, 36.100878 ], [ -120.608019, 36.102697 ], [ -120.608673, 36.099319 ], [ -120.612362, 36.099053 ], [ -120.61165, 36.095634 ], [ -120.614249, 36.09507 ], [ -120.623119, 36.097881 ], [ -120.626677, 36.097143 ], [ -120.633602, 36.103325 ], [ -120.635359, 36.101012 ], [ -120.641895, 36.101272 ], [ -120.646108, 36.104745 ], [ -120.648784, 36.10799 ], [ -120.646224, 36.110755 ], [ -120.645423, 36.116199 ], [ -120.649377, 36.117826 ], [ -120.6512, 36.117079 ], [ -120.653203, 36.118815 ], [ -120.654221, 36.122706 ], [ -120.652518, 36.125181 ], [ -120.656461, 36.132588 ], [ -120.667551, 36.138057 ], [ -120.664257, 36.141361 ], [ -120.664705, 36.147273 ], [ -120.66649, 36.149646 ], [ -120.665701, 36.151903 ], [ -120.667985, 36.160574 ], [ -120.671263, 36.161972 ], [ -120.672035, 36.164271 ], [ -120.664248, 36.165651 ], [ -120.663057, 36.171158 ], [ -120.654621, 36.167721 ], [ -120.649937, 36.168007 ], [ -120.649089, 36.169593 ], [ -120.651984, 36.174089 ], [ -120.648726, 36.177463 ], [ -120.648852, 36.179423 ], [ -120.644726, 36.179152 ], [ -120.644946, 36.183717 ], [ -120.642366, 36.185915 ], [ -120.639213, 36.196467 ], [ -120.632754, 36.198717 ], [ -120.62691, 36.203227 ], [ -120.629391, 36.207417 ], [ -120.638819, 36.214976 ], [ -120.640991, 36.219806 ], [ -120.649265, 36.223952 ], [ -120.651691, 36.230659 ], [ -120.656408, 36.233521 ], [ -120.666916, 36.235997 ], [ -120.670898, 36.241857 ], [ -120.679741, 36.246665 ], [ -120.681471, 36.251978 ], [ -120.672955, 36.257679 ], [ -120.680425, 36.267064 ], [ -120.675354, 36.270518 ], [ -120.674246, 36.272734 ], [ -120.67619, 36.27684 ], [ -120.672622, 36.280489 ], [ -120.682885, 36.286796 ], [ -120.68045, 36.290681 ], [ -120.682834, 36.294264 ], [ -120.67817, 36.298058 ], [ -120.675853, 36.302779 ], [ -120.668608, 36.307199 ], [ -120.664836, 36.31292 ], [ -120.658806, 36.316235 ], [ -120.646129, 36.317002 ], [ -120.644343, 36.319016 ], [ -120.630527, 36.316893 ], [ -120.619916, 36.319946 ], [ -120.617915, 36.318817 ], [ -120.612699, 36.32085 ], [ -120.61251, 36.324365 ], [ -120.604884, 36.324109 ], [ -120.600225, 36.328286 ], [ -120.596562, 36.328488 ], [ -120.597155, 36.488235 ], [ -120.603706, 36.488242 ], [ -120.918731, 36.740381 ], [ -120.65595, 36.952832 ], [ -120.590566, 36.952641 ], [ -120.590483, 36.981642 ], [ -120.588149, 36.981649 ], [ -120.588115, 36.985306 ], [ -120.585995, 36.985318 ], [ -120.585243, 36.990589 ], [ -120.5912, 36.992834 ], [ -120.593564, 36.997881 ], [ -120.598564, 36.99863 ], [ -120.476692, 37.09639 ], [ -120.469779, 37.094336 ], [ -120.465508, 37.097777 ], [ -120.456084, 37.100343 ], [ -120.452858, 37.098873 ], [ -120.444226, 37.103142 ], [ -120.427787, 37.106252 ], [ -120.421358, 37.109664 ], [ -120.416967, 37.108205 ], [ -120.414815, 37.110902 ], [ -120.406777, 37.110854 ], [ -120.402838, 37.116714 ], [ -120.395392, 37.119078 ], [ -120.393561, 37.121304 ], [ -120.388827, 37.120984 ], [ -120.384886, 37.124589 ], [ -120.37899, 37.124347 ], [ -120.372231, 37.121133 ], [ -120.363456, 37.119704 ], [ -120.358394, 37.120596 ], [ -120.357535, 37.122475 ], [ -120.354118, 37.123354 ], [ -120.349746, 37.122566 ], [ -120.341204, 37.124596 ], [ -120.328332, 37.131089 ], [ -120.328612, 37.133881 ], [ -120.324544, 37.136382 ], [ -120.315984, 37.137821 ], [ -120.310891, 37.141138 ], [ -120.303757, 37.141093 ], [ -120.296393, 37.149297 ], [ -120.289774, 37.152635 ], [ -120.276252, 37.151727 ], [ -120.249924, 37.157778 ], [ -120.243881, 37.157011 ], [ -120.222965, 37.163969 ], [ -120.219503, 37.162155 ], [ -120.213663, 37.164321 ], [ -120.194794, 37.163151 ], [ -120.187594, 37.160252 ], [ -120.185487, 37.161748 ], [ -120.176489, 37.162265 ], [ -120.174129, 37.165929 ], [ -120.170226, 37.165982 ], [ -120.164576, 37.162698 ], [ -120.152954, 37.166021 ], [ -120.142563, 37.164065 ], [ -120.132811, 37.167359 ], [ -120.115088, 37.165656 ], [ -120.103327, 37.16774 ], [ -120.094743, 37.172554 ], [ -120.085173, 37.173394 ], [ -120.058823, 37.180012 ], [ -120.051818, 37.183179 ], [ -119.761809, 37.417114 ], [ -119.651191, 37.417832 ], [ -119.651172, 37.461351 ], [ -119.615495, 37.461522 ], [ -119.615148, 37.494681 ], [ -119.58422, 37.494696 ], [ -119.583585, 37.560335 ], [ -119.308995, 37.777986 ], [ -119.308283, 37.775728 ], [ -119.293382, 37.767929 ], [ -119.294082, 37.759729 ], [ -119.289082, 37.755029 ], [ -119.290682, 37.749329 ], [ -119.288381, 37.74503 ], [ -119.27178, 37.73923 ], [ -119.26938, 37.73963 ], [ -119.264079, 37.732931 ], [ -119.261179, 37.732731 ], [ -119.260078, 37.726631 ], [ -119.257878, 37.724631 ], [ -119.255178, 37.725331 ], [ -119.253678, 37.728631 ], [ -119.250978, 37.73016 ], [ -119.243045, 37.728547 ], [ -119.239264, 37.727467 ], [ -119.236933, 37.724186 ], [ -119.23063, 37.720954 ], [ -119.229992, 37.717406 ], [ -119.22219, 37.715051 ], [ -119.216333, 37.714123 ], [ -119.210684, 37.722014 ], [ -119.206851, 37.724576 ], [ -119.19911, 37.73627 ], [ -119.192519, 37.737952 ], [ -119.185698, 37.736667 ], [ -119.183739, 37.739504 ], [ -119.182545, 37.737093 ], [ -119.177103, 37.734776 ], [ -119.169071, 37.738359 ], [ -119.164075, 37.736123 ], [ -119.157333, 37.736529 ], [ -119.149593, 37.732895 ], [ -119.144756, 37.734206 ], [ -119.140774, 37.733251 ], [ -119.138032, 37.736126 ], [ -119.132653, 37.733929 ], [ -119.127553, 37.734682 ], [ -119.114446, 37.728195 ], [ -119.109694, 37.724735 ], [ -119.106766, 37.719269 ], [ -119.101814, 37.716195 ], [ -119.101589, 37.713648 ], [ -119.093126, 37.703627 ], [ -119.088053, 37.702674 ], [ -119.082561, 37.696545 ], [ -119.073352, 37.692886 ], [ -119.072872, 37.690178 ], [ -119.065166, 37.684556 ], [ -119.062029, 37.67654 ], [ -119.062441, 37.671096 ], [ -119.059548, 37.665378 ], [ -119.0614, 37.657834 ], [ -119.054331, 37.651184 ], [ -119.054618, 37.645135 ], [ -119.045318, 37.637046 ], [ -119.032565, 37.630535 ], [ -119.030785, 37.622231 ], [ -119.034365, 37.603536 ], [ -119.026964, 37.595737 ], [ -119.022363, 37.585737 ] ] ] ] } },
{ "type": "Feature", "properties": { "CSAFP": "428", "CBSAFP": "37980", "GEOID": "37980", "GEOIDFQ": "310M700US37980", "NAME": "Philadelphia-Camden-Wilmington, PA-NJ-DE-MD", "NAMELSAD": "Philadelphia-Camden-Wilmington, PA-NJ-DE-MD Metro Area", "LSAD": "M1", "MEMI": "1", "MTFCC": "G3110", "ALAND": 11922292054, "AWATER": 691900554, "INTPTLAT": "+39.8949576", "INTPTLON": "-075.3119824", "GEO_ID": "310M700US37980", "NAME_2": "Philadelphia-Camden-Wilmington, PA-NJ-DE-MD Metro Area", "DP05_0001E": "6272014", "DP05_0001M": "*****" }, "geometry": { "type": "MultiPolygon", "coordinates": [ [ [ [ -75.48136, 39.387555 ], [ -75.515769, 39.364553 ], [ -75.516897, 39.360988 ], [ -75.521129, 39.35855 ], [ -75.523895, 39.359849 ], [ -75.527759, 39.358971 ], [ -75.52837, 39.353557 ], [ -75.532565, 39.354511 ], [ -75.535849, 39.350617 ], [ -75.540829, 39.354311 ], [ -75.545089, 39.350772 ], [ -75.547884, 39.351327 ], [ -75.54956, 39.353837 ], [ -75.553369, 39.35301 ], [ -75.554612, 39.350921 ], [ -75.551096, 39.349483 ], [ -75.551203, 39.34531 ], [ -75.55498, 39.345765 ], [ -75.557308, 39.34912 ], [ -75.560519, 39.345067 ], [ -75.557527, 39.342338 ], [ -75.558369, 39.339329 ], [ -75.55588, 39.335827 ], [ -75.569007, 39.328744 ], [ -75.568879, 39.322991 ], [ -75.575086, 39.313175 ], [ -75.584765, 39.308644 ], [ -75.590012, 39.311744 ], [ -75.592056, 39.311252 ], [ -75.593646, 39.308405 ], [ -75.595128, 39.309997 ], [ -75.598758, 39.309906 ], [ -75.600737, 39.307959 ], [ -75.60324, 39.30886 ], [ -75.603836, 39.311182 ], [ -75.606909, 39.308053 ], [ -75.619631, 39.310058 ], [ -75.622988, 39.308396 ], [ -75.625764, 39.304146 ], [ -75.632591, 39.301273 ], [ -75.641497, 39.301159 ], [ -75.651159, 39.291594 ], [ -75.666619, 39.290281 ], [ -75.669276, 39.291397 ], [ -75.6752, 39.290498 ], [ -75.681335, 39.29317 ], [ -75.685188, 39.297089 ], [ -75.714901, 39.299366 ], [ -75.760074, 39.296819 ], [ -75.766594, 39.377563 ], [ -75.772688, 39.379525 ], [ -75.776312, 39.378993 ], [ -75.776304, 39.380256 ], [ -75.781095, 39.382125 ], [ -75.784415, 39.382527 ], [ -75.784968, 39.380088 ], [ -75.789398, 39.381128 ], [ -75.7938, 39.37998 ], [ -75.795726, 39.37724 ], [ -75.80182, 39.377922 ], [ -75.806201, 39.375198 ], [ -75.809452, 39.379749 ], [ -75.818829, 39.382299 ], [ -75.823658, 39.381413 ], [ -75.831173, 39.374173 ], [ -75.842385, 39.370978 ], [ -75.845476, 39.367698 ], [ -75.848501, 39.368208 ], [ -75.85543, 39.364562 ], [ -75.861038, 39.36761 ], [ -75.863754, 39.366436 ], [ -75.868377, 39.367721 ], [ -75.880935, 39.364929 ], [ -75.885864, 39.360797 ], [ -75.894523, 39.365638 ], [ -75.908035, 39.364501 ], [ -75.922775, 39.367248 ], [ -75.92794, 39.371456 ], [ -75.932022, 39.371505 ], [ -75.942337, 39.367752 ], [ -75.950401, 39.373153 ], [ -75.95697, 39.374603 ], [ -75.968269, 39.373973 ], [ -75.976249, 39.367458 ], [ -75.981109, 39.366569 ], [ -75.987136, 39.372577 ], [ -75.995094, 39.376106 ], [ -76.026863, 39.375621 ], [ -76.0419, 39.378192 ], [ -76.050743, 39.381343 ], [ -76.068595, 39.393268 ], [ -76.079925, 39.405506 ], [ -76.062575, 39.415939 ], [ -76.05343, 39.423456 ], [ -76.045463, 39.433565 ], [ -76.040203, 39.444564 ], [ -76.036956, 39.455445 ], [ -76.035815, 39.467455 ], [ -76.038243, 39.48246 ], [ -76.04413, 39.499448 ], [ -76.085972, 39.559011 ], [ -76.135974, 39.614108 ], [ -76.147474, 39.619407 ], [ -76.161765, 39.649621 ], [ -76.186575, 39.669506 ], [ -76.212676, 39.686405 ], [ -76.229282, 39.709127 ], [ -76.233279, 39.721367 ], [ -76.135484, 39.721147 ], [ -76.136672, 39.725268 ], [ -76.134045, 39.727171 ], [ -76.12762, 39.727562 ], [ -76.124967, 39.726811 ], [ -76.122495, 39.723496 ], [ -76.119096, 39.723505 ], [ -76.118226, 39.725412 ], [ -76.120477, 39.730486 ], [ -76.120425, 39.735791 ], [ -76.113865, 39.737155 ], [ -76.108439, 39.734639 ], [ -76.11092, 39.727864 ], [ -76.106193, 39.724223 ], [ -76.102014, 39.724126 ], [ -76.092508, 39.7338 ], [ -76.096188, 39.737236 ], [ -76.101953, 39.739532 ], [ -76.100336, 39.745722 ], [ -76.094035, 39.742733 ], [ -76.088033, 39.744932 ], [ -76.084661, 39.747771 ], [ -76.082599, 39.75305 ], [ -76.085794, 39.75589 ], [ -76.082598, 39.760786 ], [ -76.076461, 39.761813 ], [ -76.067427, 39.75965 ], [ -76.062602, 39.764501 ], [ -76.064564, 39.771189 ], [ -76.060524, 39.775011 ], [ -76.058397, 39.779861 ], [ -76.050529, 39.782793 ], [ -76.048525, 39.78924 ], [ -76.043489, 39.791369 ], [ -76.045127, 39.793163 ], [ -76.041257, 39.796947 ], [ -76.049764, 39.802688 ], [ -76.046624, 39.803962 ], [ -76.039023, 39.801222 ], [ -76.035249, 39.807738 ], [ -76.035216, 39.811835 ], [ -76.02962, 39.81273 ], [ -76.031385, 39.818287 ], [ -76.037319, 39.824526 ], [ -76.037636, 39.826917 ], [ -76.027034, 39.824153 ], [ -76.023784, 39.827134 ], [ -76.022826, 39.8308 ], [ -76.01649, 39.831354 ], [ -76.017809, 39.838173 ], [ -76.019965, 39.840029 ], [ -76.018775, 39.840514 ], [ -76.020825, 39.849135 ], [ -76.022863, 39.848901 ], [ -76.022223, 39.850761 ], [ -76.018825, 39.85408 ], [ -76.007576, 39.852349 ], [ -76.005856, 39.866835 ], [ -76.004379, 39.872562 ], [ -76.002432, 39.874353 ], [ -75.997802, 39.873807 ], [ -75.998373, 39.872027 ], [ -75.991486, 39.868694 ], [ -75.986803, 39.873656 ], [ -75.988493, 39.878429 ], [ -75.992379, 39.882228 ], [ -75.990599, 39.884484 ], [ -75.991316, 39.887494 ], [ -75.986729, 39.892879 ], [ -75.993329, 39.898996 ], [ -75.995011, 39.898502 ], [ -75.994485, 39.902368 ], [ -75.997516, 39.909996 ], [ -75.995318, 39.911526 ], [ -75.996103, 39.914552 ], [ -75.994905, 39.916777 ], [ -75.9971, 39.921908 ], [ -75.995827, 39.924595 ], [ -75.997413, 39.928065 ], [ -75.991517, 39.926726 ], [ -75.991756, 39.928842 ], [ -75.986957, 39.929943 ], [ -75.984766, 39.932134 ], [ -75.981701, 39.929464 ], [ -75.980966, 39.933479 ], [ -75.98821, 39.939683 ], [ -75.989689, 39.94485 ], [ -75.9923, 39.945822 ], [ -75.991093, 39.947697 ], [ -75.994629, 39.952429 ], [ -75.986276, 39.963565 ], [ -75.986301, 39.967846 ], [ -75.93587, 40.037466 ], [ -75.934332, 40.047566 ], [ -75.936135, 40.078585 ], [ -75.942997, 40.109266 ], [ -75.873173, 40.137181 ], [ -75.743178, 40.216721 ], [ -75.695949, 40.242365 ], [ -75.529813, 40.447092 ], [ -75.483858, 40.418634 ], [ -75.409733, 40.487984 ], [ -75.338633, 40.534068 ], [ -75.266366, 40.57758 ], [ -75.196803, 40.60858 ], [ -75.192291, 40.602676 ], [ -75.189268, 40.589919 ], [ -75.195496, 40.578627 ], [ -75.184907, 40.568308 ], [ -75.172877, 40.564423 ], [ -75.162314, 40.564193 ], [ -75.140172, 40.57537 ], [ -75.116394, 40.573064 ], [ -75.099827, 40.567398 ], [ -75.078047, 40.547876 ], [ -75.068581, 40.542185 ], [ -75.065102, 40.526413 ], [ -75.062664, 40.480439 ], [ -75.067715, 40.473669 ], [ -75.067016, 40.465308 ], [ -75.070678, 40.456794 ], [ -75.065946, 40.445266 ], [ -75.061835, 40.424104 ], [ -75.058575, 40.418193 ], [ -75.045526, 40.413679 ], [ -75.034427, 40.406066 ], [ -75.028633, 40.403971 ], [ -75.023028, 40.403693 ], [ -74.99586, 40.410384 ], [ -74.988413, 40.408494 ], [ -74.983131, 40.404599 ], [ -74.966552, 40.398154 ], [ -74.948901, 40.365055 ], [ -74.944517, 40.345063 ], [ -74.939711, 40.338006 ], [ -74.90831, 40.316907 ], [ -74.891609, 40.313007 ], [ -74.868208, 40.295206 ], [ -74.860492, 40.284584 ], [ -74.842308, 40.250508 ], [ -74.836307, 40.246208 ], [ -74.819507, 40.238508 ], [ -74.795306, 40.229408 ], [ -74.771437, 40.215176 ], [ -74.767275, 40.207076 ], [ -74.760605, 40.198909 ], [ -74.754305, 40.185209 ], [ -74.737205, 40.177609 ], [ -74.722325, 40.160727 ], [ -74.722048, 40.150311 ], [ -74.717966, 40.150162 ], [ -74.713873, 40.152653 ], [ -74.713278, 40.155726 ], [ -74.706269, 40.161793 ], [ -74.704213, 40.168731 ], [ -74.708387, 40.166665 ], [ -74.71063, 40.167383 ], [ -74.708394, 40.17149 ], [ -74.712835, 40.174736 ], [ -74.709781, 40.178274 ], [ -74.711072, 40.180709 ], [ -74.700421, 40.183651 ], [ -74.69468, 40.182199 ], [ -74.696169, 40.178929 ], [ -74.692411, 40.179299 ], [ -74.690795, 40.176955 ], [ -74.686966, 40.177322 ], [ -74.685536, 40.175283 ], [ -74.684724, 40.178046 ], [ -74.682728, 40.175334 ], [ -74.680618, 40.176036 ], [ -74.679112, 40.173501 ], [ -74.674436, 40.173598 ], [ -74.675784, 40.17251 ], [ -74.674392, 40.169686 ], [ -74.67675, 40.16852 ], [ -74.677425, 40.166069 ], [ -74.671065, 40.167051 ], [ -74.6697, 40.16523 ], [ -74.668353, 40.166747 ], [ -74.665384, 40.166079 ], [ -74.665318, 40.164637 ], [ -74.66233, 40.165212 ], [ -74.661395, 40.162114 ], [ -74.659345, 40.162274 ], [ -74.654246, 40.158332 ], [ -74.651042, 40.158603 ], [ -74.648691, 40.155649 ], [ -74.638484, 40.15434 ], [ -74.638064, 40.151957 ], [ -74.634849, 40.151537 ], [ -74.633667, 40.148976 ], [ -74.631606, 40.150431 ], [ -74.630067, 40.148685 ], [ -74.623517, 40.149101 ], [ -74.621986, 40.144715 ], [ -74.623341, 40.142212 ], [ -74.621795, 40.141123 ], [ -74.615544, 40.141813 ], [ -74.615202, 40.140505 ], [ -74.610306, 40.139645 ], [ -74.606957, 40.140695 ], [ -74.607295, 40.138675 ], [ -74.603075, 40.138573 ], [ -74.602112, 40.13678 ], [ -74.587835, 40.138254 ], [ -74.52869, 40.037449 ], [ -74.506482, 39.99144 ], [ -74.471511, 39.924922 ], [ -74.389708, 39.773283 ], [ -74.390399, 39.596037 ], [ -74.395058, 39.588666 ], [ -74.397683, 39.577672 ], [ -74.400819, 39.572242 ], [ -74.405467, 39.569502 ], [ -74.410395, 39.571021 ], [ -74.41599, 39.57046 ], [ -74.419041, 39.568367 ], [ -74.417096, 39.564112 ], [ -74.414097, 39.562396 ], [ -74.417393, 39.557255 ], [ -74.420822, 39.557205 ], [ -74.426563, 39.553157 ], [ -74.433469, 39.555628 ], [ -74.438368, 39.553519 ], [ -74.43854, 39.551646 ], [ -74.43354, 39.544571 ], [ -74.435223, 39.541506 ], [ -74.440876, 39.542105 ], [ -74.445734, 39.546352 ], [ -74.446135, 39.549743 ], [ -74.443495, 39.555434 ], [ -74.446722, 39.559061 ], [ -74.452615, 39.556915 ], [ -74.453446, 39.548573 ], [ -74.45609, 39.547269 ], [ -74.459576, 39.548575 ], [ -74.460754, 39.554281 ], [ -74.462997, 39.556444 ], [ -74.467077, 39.556068 ], [ -74.474045, 39.55122 ], [ -74.476661, 39.552034 ], [ -74.482937, 39.558536 ], [ -74.493369, 39.555744 ], [ -74.495475, 39.562027 ], [ -74.504495, 39.5692 ], [ -74.511706, 39.569543 ], [ -74.514793, 39.574002 ], [ -74.517353, 39.57401 ], [ -74.521712, 39.570246 ], [ -74.525622, 39.569355 ], [ -74.529101, 39.570224 ], [ -74.533152, 39.573779 ], [ -74.539701, 39.574988 ], [ -74.542641, 39.57912 ], [ -74.541981, 39.585816 ], [ -74.548652, 39.58979 ], [ -74.553902, 39.598406 ], [ -74.563756, 39.596715 ], [ -74.571711, 39.598939 ], [ -74.576655, 39.598596 ], [ -74.580569, 39.603186 ], [ -74.585795, 39.605541 ], [ -74.588485, 39.611663 ], [ -74.595807, 39.613935 ], [ -74.610995, 39.622771 ], [ -74.616327, 39.623444 ], [ -74.621028, 39.626691 ], [ -74.624446, 39.626163 ], [ -74.626231, 39.621824 ], [ -74.628775, 39.620093 ], [ -74.631868, 39.621313 ], [ -74.63141, 39.62549 ], [ -74.634152, 39.628073 ], [ -74.639484, 39.622427 ], [ -74.641007, 39.623643 ], [ -74.640488, 39.625654 ], [ -74.647881, 39.625007 ], [ -74.647452, 39.627656 ], [ -74.648891, 39.628993 ], [ -74.654801, 39.626846 ], [ -74.654585, 39.63008 ], [ -74.659371, 39.631578 ], [ -74.658308, 39.635821 ], [ -74.659966, 39.63924 ], [ -74.657057, 39.644333 ], [ -74.659338, 39.646731 ], [ -74.65854, 39.651671 ], [ -74.660385, 39.652577 ], [ -74.658463, 39.653902 ], [ -74.65911, 39.660071 ], [ -74.657847, 39.661332 ], [ -74.659692, 39.662609 ], [ -74.659787, 39.667805 ], [ -74.662906, 39.671108 ], [ -74.662036, 39.6724 ], [ -74.664748, 39.674188 ], [ -74.664787, 39.678425 ], [ -74.667851, 39.683606 ], [ -74.67032, 39.685537 ], [ -74.671563, 39.684752 ], [ -74.676141, 39.691617 ], [ -74.736216, 39.729775 ], [ -74.985271, 39.514967 ], [ -75.061854, 39.568746 ], [ -75.066271, 39.561118 ], [ -75.066357, 39.556573 ], [ -75.074478, 39.544511 ], [ -75.071035, 39.540147 ], [ -75.071355, 39.536486 ], [ -75.072701, 39.535931 ], [ -75.071108, 39.531507 ], [ -75.073584, 39.527389 ], [ -75.072481, 39.522756 ], [ -75.075278, 39.519654 ], [ -75.075451, 39.515123 ], [ -75.078037, 39.512158 ], [ -75.076631, 39.507713 ], [ -75.07807, 39.505254 ], [ -75.076855, 39.504902 ], [ -75.079769, 39.501178 ], [ -75.078539, 39.497096 ], [ -75.073853, 39.492593 ], [ -75.07542, 39.489697 ], [ -75.073179, 39.485314 ], [ -75.077315, 39.478787 ], [ -75.076872, 39.47675 ], [ -75.078422, 39.476863 ], [ -75.078026, 39.473344 ], [ -75.080634, 39.471788 ], [ -75.079626, 39.468227 ], [ -75.081284, 39.467555 ], [ -75.081994, 39.464671 ], [ -75.08029, 39.460481 ], [ -75.083339, 39.45753 ], [ -75.177916, 39.521061 ], [ -75.238434, 39.559039 ], [ -75.31802, 39.49204 ], [ -75.326393, 39.488444 ], [ -75.330763, 39.489544 ], [ -75.335327, 39.488441 ], [ -75.338, 39.490528 ], [ -75.342376, 39.490622 ], [ -75.344212, 39.488663 ], [ -75.343942, 39.485726 ], [ -75.34998, 39.479764 ], [ -75.351223, 39.471817 ], [ -75.352986, 39.470311 ], [ -75.357094, 39.470255 ], [ -75.361796, 39.466073 ], [ -75.363174, 39.462187 ], [ -75.368213, 39.456479 ], [ -75.374362, 39.455134 ], [ -75.37952, 39.458546 ], [ -75.386563, 39.457837 ], [ -75.39983, 39.462271 ], [ -75.407786, 39.458718 ], [ -75.413859, 39.453663 ], [ -75.414379, 39.450949 ], [ -75.410273, 39.450015 ], [ -75.411569, 39.445438 ], [ -75.409212, 39.443057 ], [ -75.411968, 39.439843 ], [ -75.416105, 39.440141 ], [ -75.416598, 39.438474 ], [ -75.414162, 39.436968 ], [ -75.410493, 39.438603 ], [ -75.409389, 39.437544 ], [ -75.41198, 39.433408 ], [ -75.416159, 39.434358 ], [ -75.418821, 39.432301 ], [ -75.417678, 39.429693 ], [ -75.415031, 39.42872 ], [ -75.410851, 39.430968 ], [ -75.408174, 39.424279 ], [ -75.411984, 39.423501 ], [ -75.411204, 39.420387 ], [ -75.414755, 39.419502 ], [ -75.414776, 39.415501 ], [ -75.418797, 39.415119 ], [ -75.419407, 39.411212 ], [ -75.415618, 39.408717 ], [ -75.413691, 39.404529 ], [ -75.411675, 39.405453 ], [ -75.410847, 39.40868 ], [ -75.405041, 39.406467 ], [ -75.405917, 39.404165 ], [ -75.41124, 39.400755 ], [ -75.407372, 39.398032 ], [ -75.407456, 39.395951 ], [ -75.411584, 39.394636 ], [ -75.416865, 39.395862 ], [ -75.417999, 39.394316 ], [ -75.414915, 39.391207 ], [ -75.417288, 39.388671 ], [ -75.41482, 39.385264 ], [ -75.412441, 39.384404 ], [ -75.409718, 39.387687 ], [ -75.407958, 39.385795 ], [ -75.406685, 39.380295 ], [ -75.412884, 39.375113 ], [ -75.444751, 39.355089 ], [ -75.469436, 39.373147 ], [ -75.48136, 39.387555 ] ] ] ] } },
{ "type": "Feature", "properties": { "CSAFP": "332", "CBSAFP": "29820", "GEOID": "29820", "GEOIDFQ": "310M700US29820", "NAME": "Las Vegas-Henderson-North Las Vegas, NV", "NAMELSAD": "Las Vegas-Henderson-North Las Vegas, NV Metro Area", "LSAD": "M1", "MEMI": "1", "MTFCC": "G3110", "ALAND": 20439308551, "AWATER": 438384091, "INTPTLAT": "+36.2141295", "INTPTLON": "-115.0143977", "GEO_ID": "310M700US29820", "NAME_2": "Las Vegas-Henderson-North Las Vegas, NV Metro Area", "DP05_0001E": "2329548", "DP05_0001M": "*****" }, "geometry": { "type": "MultiPolygon", "coordinates": [ [ [ [ -115.896925, 36.842085 ], [ -115.740748, 36.8419 ], [ -115.740846, 36.853084 ], [ -115.314747, 36.853662 ], [ -114.762507, 36.853473 ], [ -114.762301, 36.843856 ], [ -114.050354, 36.843141 ], [ -114.049935, 36.709521 ], [ -114.042843, 36.448175 ], [ -114.044051, 36.317628 ], [ -114.045559, 36.288837 ], [ -114.043944, 36.19335 ], [ -114.058662, 36.187835 ], [ -114.066798, 36.179087 ], [ -114.078832, 36.157434 ], [ -114.081234, 36.150208 ], [ -114.091701, 36.137303 ], [ -114.096994, 36.120823 ], [ -114.108381, 36.119154 ], [ -114.118497, 36.1139 ], [ -114.120865, 36.11085 ], [ -114.121033, 36.103885 ], [ -114.115208, 36.099878 ], [ -114.111998, 36.09491 ], [ -114.119648, 36.085822 ], [ -114.124019, 36.075563 ], [ -114.133389, 36.061665 ], [ -114.136206, 36.053232 ], [ -114.134824, 36.045343 ], [ -114.135721, 36.041238 ], [ -114.13826, 36.03719 ], [ -114.145672, 36.03297 ], [ -114.146989, 36.026061 ], [ -114.1534, 36.02317 ], [ -114.164402, 36.026852 ], [ -114.174683, 36.02667 ], [ -114.191221, 36.020019 ], [ -114.213549, 36.014615 ], [ -114.224798, 36.013699 ], [ -114.228015, 36.014731 ], [ -114.233443, 36.012835 ], [ -114.243865, 36.015266 ], [ -114.26438, 36.027911 ], [ -114.268586, 36.035034 ], [ -114.270862, 36.045523 ], [ -114.279637, 36.046103 ], [ -114.287992, 36.04907 ], [ -114.298593, 36.057263 ], [ -114.308624, 36.056976 ], [ -114.313591, 36.059048 ], [ -114.314328, 36.062016 ], [ -114.31242, 36.066117 ], [ -114.304384, 36.074019 ], [ -114.306939, 36.082487 ], [ -114.320866, 36.096463 ], [ -114.325814, 36.103933 ], [ -114.334632, 36.106784 ], [ -114.3451, 36.118556 ], [ -114.358968, 36.127795 ], [ -114.370181, 36.142624 ], [ -114.375278, 36.143592 ], [ -114.381479, 36.141349 ], [ -114.405624, 36.146983 ], [ -114.415253, 36.145123 ], [ -114.423114, 36.13735 ], [ -114.445042, 36.125346 ], [ -114.451331, 36.129831 ], [ -114.456487, 36.138032 ], [ -114.4626, 36.139644 ], [ -114.468674, 36.138889 ], [ -114.483827, 36.12972 ], [ -114.498849, 36.126612 ], [ -114.504715, 36.127188 ], [ -114.508467, 36.129913 ], [ -114.50921, 36.133247 ], [ -114.50515, 36.138078 ], [ -114.500339, 36.1407 ], [ -114.500236, 36.143226 ], [ -114.508104, 36.149713 ], [ -114.511218, 36.150576 ], [ -114.531091, 36.147644 ], [ -114.539233, 36.151764 ], [ -114.548742, 36.150697 ], [ -114.556162, 36.15247 ], [ -114.561173, 36.150921 ], [ -114.57109, 36.151099 ], [ -114.580707, 36.145987 ], [ -114.596474, 36.141537 ], [ -114.609288, 36.132229 ], [ -114.615455, 36.129653 ], [ -114.620605, 36.131759 ], [ -114.627079, 36.140761 ], [ -114.630474, 36.142218 ], [ -114.635809, 36.13617 ], [ -114.640125, 36.135126 ], [ -114.655512, 36.126187 ], [ -114.664343, 36.1163 ], [ -114.671867, 36.115964 ], [ -114.681847, 36.109192 ], [ -114.693655, 36.112482 ], [ -114.703737, 36.108348 ], [ -114.734857, 36.104426 ], [ -114.748913, 36.095183 ], [ -114.754508, 36.086171 ], [ -114.748891, 36.074981 ], [ -114.743542, 36.071037 ], [ -114.74006, 36.062437 ], [ -114.735285, 36.056648 ], [ -114.735701, 36.053393 ], [ -114.742479, 36.045697 ], [ -114.741262, 36.038044 ], [ -114.733417, 36.037913 ], [ -114.722096, 36.028952 ], [ -114.728874, 36.021387 ], [ -114.738555, 36.015223 ], [ -114.743005, 36.00845 ], [ -114.739318, 35.991804 ], [ -114.743638, 35.985785 ], [ -114.740536, 35.975545 ], [ -114.728666, 35.961757 ], [ -114.729762, 35.959895 ], [ -114.713312, 35.933844 ], [ -114.713413, 35.9319 ], [ -114.707603, 35.92795 ], [ -114.707398, 35.918057 ], [ -114.709187, 35.916827 ], [ -114.708112, 35.909933 ], [ -114.705714, 35.909316 ], [ -114.700258, 35.901757 ], [ -114.694928, 35.897594 ], [ -114.696064, 35.896464 ], [ -114.678972, 35.88551 ], [ -114.672009, 35.878018 ], [ -114.663214, 35.873692 ], [ -114.661636, 35.871233 ], [ -114.66968, 35.865036 ], [ -114.687798, 35.860728 ], [ -114.691456, 35.858661 ], [ -114.69437, 35.854463 ], [ -114.701904, 35.853223 ], [ -114.705856, 35.850508 ], [ -114.706288, 35.846218 ], [ -114.695277, 35.831091 ], [ -114.703665, 35.814614 ], [ -114.709324, 35.81005 ], [ -114.712026, 35.805529 ], [ -114.699318, 35.79048 ], [ -114.701027, 35.76968 ], [ -114.694267, 35.756633 ], [ -114.697726, 35.750966 ], [ -114.6964, 35.742653 ], [ -114.697859, 35.731657 ], [ -114.705597, 35.708274 ], [ -114.701416, 35.701084 ], [ -114.682657, 35.688571 ], [ -114.680631, 35.684046 ], [ -114.682317, 35.677825 ], [ -114.690214, 35.665159 ], [ -114.689507, 35.651429 ], [ -114.677615, 35.641774 ], [ -114.666682, 35.623073 ], [ -114.659461, 35.619552 ], [ -114.653534, 35.609672 ], [ -114.6539, 35.598491 ], [ -114.659238, 35.587477 ], [ -114.675667, 35.580033 ], [ -114.668393, 35.574331 ], [ -114.664433, 35.568426 ], [ -114.662805, 35.564268 ], [ -114.661457, 35.544062 ], [ -114.65677, 35.534964 ], [ -114.657753, 35.530741 ], [ -114.664601, 35.521519 ], [ -114.66954, 35.52079 ], [ -114.675685, 35.51563 ], [ -114.67748, 35.510948 ], [ -114.678642, 35.497628 ], [ -114.676257, 35.493103 ], [ -114.676815, 35.489787 ], [ -114.671907, 35.482087 ], [ -114.673164, 35.474814 ], [ -114.665651, 35.466911 ], [ -114.667217, 35.46037 ], [ -114.664217, 35.455845 ], [ -114.662896, 35.446449 ], [ -114.654295, 35.436854 ], [ -114.65208, 35.430134 ], [ -114.626765, 35.409644 ], [ -114.620887, 35.396867 ], [ -114.617698, 35.380131 ], [ -114.611206, 35.370119 ], [ -114.604607, 35.355239 ], [ -114.595553, 35.326547 ], [ -114.596682, 35.294557 ], [ -114.586604, 35.262386 ], [ -114.586053, 35.248891 ], [ -114.582842, 35.238703 ], [ -114.583523, 35.230348 ], [ -114.580312, 35.220095 ], [ -114.579535, 35.208911 ], [ -114.574958, 35.206714 ], [ -114.572084, 35.200794 ], [ -114.569258, 35.183424 ], [ -114.569529, 35.162317 ], [ -114.573879, 35.145351 ], [ -114.572597, 35.139557 ], [ -114.578263, 35.12881 ], [ -114.584877, 35.125194 ], [ -114.597794, 35.121735 ], [ -114.618586, 35.121557 ], [ -114.628427, 35.118943 ], [ -114.637432, 35.112489 ], [ -114.646764, 35.101868 ], [ -114.642831, 35.096503 ], [ -114.622517, 35.088703 ], [ -114.613132, 35.083097 ], [ -114.604736, 35.07483 ], [ -114.602908, 35.068588 ], [ -114.606694, 35.058941 ], [ -114.627124, 35.044721 ], [ -114.634732, 35.033734 ], [ -114.63819, 35.022069 ], [ -114.637071, 35.010371 ], [ -114.633487, 35.001857 ], [ -114.797341, 35.134927 ], [ -115.100957, 35.375681 ], [ -115.25972, 35.503541 ], [ -115.845994, 35.963707 ], [ -115.845762, 36.170764 ], [ -115.895753, 36.172227 ], [ -115.895346, 36.627844 ], [ -115.896925, 36.842085 ] ] ] ] } },
{ "type": "Feature", "properties": { "CSAFP": null, "CBSAFP": "45300", "GEOID": "45300", "GEOIDFQ": "310M700US45300", "NAME": "Tampa-St. Petersburg-Clearwater, FL", "NAMELSAD": "Tampa-St. Petersburg-Clearwater, FL Metro Area", "LSAD": "M1", "MEMI": "1", "MTFCC": "G3110", "ALAND": 6516208426, "AWATER": 3648580009, "INTPTLAT": "+28.1205405", "INTPTLON": "-082.5251880", "GEO_ID": "310M700US45300", "NAME_2": "Tampa-St. Petersburg-Clearwater, FL Metro Area", "DP05_0001E": "3304691", "DP05_0001M": "*****" }, "geometry": { "type": "MultiPolygon", "coordinates": [ [ [ [ -82.054694, 28.478397 ], [ -82.055531, 28.258928 ], [ -82.106206, 28.25924 ], [ -82.106236, 28.250237 ], [ -82.105853, 28.17165 ], [ -82.056261, 28.171592 ], [ -82.055281, 27.86816 ], [ -82.054036, 27.854647 ], [ -82.054349, 27.646382 ], [ -82.553666, 27.645465 ], [ -82.648816, 27.601969 ], [ -82.764941, 27.557299 ], [ -82.92417, 27.53075 ], [ -82.92878, 27.54335 ], [ -82.93292, 27.56203 ], [ -82.93491, 27.599453 ], [ -82.93096, 27.62501 ], [ -82.92409, 27.64749 ], [ -82.91739, 27.66282 ], [ -82.91522, 27.68413 ], [ -82.92424, 27.6954 ], [ -82.94821, 27.7154 ], [ -82.95847, 27.72594 ], [ -82.97758, 27.7509 ], [ -82.99389, 27.77767 ], [ -83.00695, 27.80544 ], [ -83.01795, 27.84836 ], [ -83.02054, 27.87831 ], [ -83.01935, 27.90039 ], [ -83.01017, 27.95206 ], [ -82.99845, 27.99026 ], [ -82.99746, 28.01275 ], [ -82.99929, 28.0162 ], [ -82.99924, 28.02687 ], [ -83.00819, 28.06194 ], [ -83.00961, 28.08878 ], [ -83.01293, 28.11146 ], [ -83.01251, 28.13374 ], [ -83.0202, 28.18233 ], [ -83.02236, 28.21138 ], [ -83.01942, 28.23637 ], [ -83.0124, 28.26041 ], [ -83.00282, 28.28029 ], [ -82.98821, 28.30107 ], [ -82.96895, 28.32034 ], [ -82.94676, 28.33612 ], [ -82.91279, 28.3525 ], [ -82.89736, 28.35701 ], [ -82.87761, 28.41268 ], [ -82.87494, 28.430786 ], [ -82.87094, 28.44526 ], [ -82.85543, 28.47721 ], [ -82.85818, 28.49903 ], [ -82.85645, 28.52774 ], [ -82.84955, 28.55294 ], [ -82.83914, 28.57458 ], [ -82.85763, 28.59708 ], [ -82.87086, 28.6216 ], [ -82.87756, 28.64182 ], [ -82.88117, 28.66299 ], [ -82.889544, 28.693213 ], [ -82.418353, 28.694859 ], [ -82.418, 28.66592 ], [ -82.263052, 28.667634 ], [ -82.267771, 28.662809 ], [ -82.26728, 28.660224 ], [ -82.274006, 28.660683 ], [ -82.274096, 28.654602 ], [ -82.267301, 28.648218 ], [ -82.260858, 28.64698 ], [ -82.256811, 28.64883 ], [ -82.256884, 28.645225 ], [ -82.259886, 28.641787 ], [ -82.260155, 28.635044 ], [ -82.255451, 28.632695 ], [ -82.25324, 28.62962 ], [ -82.248409, 28.629869 ], [ -82.245948, 28.62677 ], [ -82.247356, 28.622528 ], [ -82.246125, 28.619855 ], [ -82.242685, 28.618964 ], [ -82.242237, 28.613318 ], [ -82.238815, 28.612903 ], [ -82.234203, 28.608662 ], [ -82.233009, 28.600506 ], [ -82.228258, 28.600524 ], [ -82.221774, 28.593633 ], [ -82.219284, 28.582654 ], [ -82.213724, 28.575363 ], [ -82.20698, 28.571906 ], [ -82.198893, 28.573022 ], [ -82.196612, 28.575684 ], [ -82.192872, 28.573803 ], [ -82.19167, 28.574932 ], [ -82.190342, 28.572885 ], [ -82.187027, 28.572697 ], [ -82.188048, 28.569463 ], [ -82.186603, 28.568582 ], [ -82.184845, 28.570267 ], [ -82.183169, 28.568197 ], [ -82.178956, 28.568814 ], [ -82.17212, 28.565787 ], [ -82.168287, 28.56703 ], [ -82.166268, 28.563663 ], [ -82.162379, 28.568696 ], [ -82.157736, 28.56967 ], [ -82.158134, 28.571804 ], [ -82.156289, 28.573339 ], [ -82.15174, 28.570554 ], [ -82.149521, 28.570983 ], [ -82.143914, 28.565991 ], [ -82.137633, 28.565252 ], [ -82.138163, 28.563535 ], [ -82.135634, 28.560751 ], [ -82.135331, 28.556311 ], [ -82.130769, 28.546417 ], [ -82.118661, 28.540611 ], [ -82.11219, 28.544063 ], [ -82.109423, 28.543838 ], [ -82.104665, 28.53469 ], [ -82.09498, 28.523618 ], [ -82.0871, 28.524511 ], [ -82.085244, 28.527642 ], [ -82.071234, 28.531825 ], [ -82.065901, 28.530477 ], [ -82.054469, 28.521367 ], [ -82.054694, 28.478397 ] ] ] ] } },
{ "type": "Feature", "properties": { "CSAFP": "484", "CBSAFP": "41700", "GEOID": "41700", "GEOIDFQ": "310M700US41700", "NAME": "San Antonio-New Braunfels, TX", "NAMELSAD": "San Antonio-New Braunfels, TX Metro Area", "LSAD": "M1", "MEMI": "1", "MTFCC": "G3110", "ALAND": 18941354416, "AWATER": 149084554, "INTPTLAT": "+29.4330599", "INTPTLON": "-098.6069734", "GEO_ID": "310M700US41700", "NAME_2": "San Antonio-New Braunfels, TX Metro Area", "DP05_0001E": "2662733", "DP05_0001M": "*****" }, "geometry": { "type": "MultiPolygon", "coordinates": [ [ [ [ -98.920799, 30.031341 ], [ -98.920147, 30.13829 ], [ -98.587897, 30.138954 ], [ -98.414018, 29.937557 ], [ -98.2976, 30.037994 ], [ -98.030523, 29.848539 ], [ -97.999271, 29.752444 ], [ -97.943564, 29.806914 ], [ -97.875259, 29.858208 ], [ -97.872196, 29.852519 ], [ -97.868885, 29.851357 ], [ -97.867331, 29.851927 ], [ -97.867007, 29.854698 ], [ -97.86336, 29.856194 ], [ -97.856203, 29.848884 ], [ -97.855533, 29.843913 ], [ -97.847336, 29.842449 ], [ -97.84484, 29.839111 ], [ -97.843898, 29.832841 ], [ -97.83671, 29.827158 ], [ -97.836934, 29.825048 ], [ -97.842704, 29.824015 ], [ -97.842121, 29.821494 ], [ -97.839747, 29.820402 ], [ -97.840604, 29.816201 ], [ -97.846362, 29.808648 ], [ -97.845682, 29.80737 ], [ -97.844842, 29.808455 ], [ -97.841913, 29.80746 ], [ -97.842351, 29.799224 ], [ -97.83686, 29.795179 ], [ -97.830265, 29.795533 ], [ -97.830043, 29.789983 ], [ -97.832374, 29.784496 ], [ -97.829599, 29.779956 ], [ -97.827837, 29.779114 ], [ -97.828535, 29.781426 ], [ -97.82417, 29.781429 ], [ -97.826482, 29.784046 ], [ -97.823742, 29.785459 ], [ -97.822654, 29.784629 ], [ -97.823997, 29.783537 ], [ -97.821837, 29.782721 ], [ -97.819566, 29.78943 ], [ -97.817138, 29.790383 ], [ -97.814326, 29.784723 ], [ -97.811883, 29.783906 ], [ -97.814805, 29.78019 ], [ -97.812489, 29.778132 ], [ -97.811371, 29.780295 ], [ -97.808453, 29.779775 ], [ -97.80565, 29.777058 ], [ -97.805542, 29.773158 ], [ -97.811171, 29.774501 ], [ -97.810447, 29.7729 ], [ -97.805417, 29.767448 ], [ -97.800279, 29.766207 ], [ -97.800245, 29.760871 ], [ -97.80382, 29.757432 ], [ -97.803597, 29.753731 ], [ -97.801361, 29.754194 ], [ -97.799396, 29.75226 ], [ -97.794218, 29.752773 ], [ -97.792814, 29.759257 ], [ -97.787041, 29.760947 ], [ -97.780767, 29.759116 ], [ -97.781237, 29.752709 ], [ -97.779464, 29.748209 ], [ -97.78219, 29.747865 ], [ -97.777112, 29.746687 ], [ -97.774002, 29.743938 ], [ -97.774062, 29.741585 ], [ -97.768564, 29.74163 ], [ -97.770699, 29.737819 ], [ -97.770499, 29.73347 ], [ -97.772287, 29.733797 ], [ -97.765275, 29.728482 ], [ -97.76128, 29.728299 ], [ -97.760979, 29.725493 ], [ -97.758696, 29.725519 ], [ -97.759219, 29.723838 ], [ -97.768475, 29.720052 ], [ -97.763364, 29.713042 ], [ -97.759042, 29.714592 ], [ -97.756548, 29.717825 ], [ -97.747094, 29.714017 ], [ -97.74665, 29.712556 ], [ -97.749745, 29.711938 ], [ -97.748988, 29.711103 ], [ -97.738426, 29.712956 ], [ -97.736583, 29.710729 ], [ -97.736797, 29.702219 ], [ -97.743347, 29.698841 ], [ -97.743286, 29.696967 ], [ -97.738505, 29.696549 ], [ -97.735409, 29.693618 ], [ -97.736005, 29.691336 ], [ -97.727576, 29.687892 ], [ -97.725625, 29.685672 ], [ -97.722104, 29.68552 ], [ -97.722739, 29.682151 ], [ -97.717205, 29.684149 ], [ -97.717215, 29.681797 ], [ -97.711705, 29.6815 ], [ -97.708693, 29.683732 ], [ -97.704262, 29.682422 ], [ -97.705332, 29.67749 ], [ -97.706558, 29.677348 ], [ -97.705181, 29.675581 ], [ -97.706075, 29.67455 ], [ -97.703849, 29.674249 ], [ -97.702229, 29.668592 ], [ -97.698305, 29.666708 ], [ -97.697153, 29.666974 ], [ -97.698284, 29.669249 ], [ -97.692674, 29.673365 ], [ -97.69072, 29.673144 ], [ -97.690914, 29.671716 ], [ -97.688301, 29.672589 ], [ -97.685066, 29.666846 ], [ -97.687236, 29.666365 ], [ -97.683864, 29.666057 ], [ -97.683339, 29.667282 ], [ -97.682004, 29.666054 ], [ -97.683823, 29.664269 ], [ -97.680498, 29.663623 ], [ -97.678586, 29.664314 ], [ -97.678368, 29.666761 ], [ -97.676553, 29.666961 ], [ -97.677788, 29.668785 ], [ -97.674061, 29.668575 ], [ -97.67516, 29.665665 ], [ -97.673183, 29.663159 ], [ -97.67117, 29.664116 ], [ -97.670864, 29.667063 ], [ -97.66591, 29.666905 ], [ -97.665002, 29.668801 ], [ -97.663366, 29.666983 ], [ -97.661045, 29.668513 ], [ -97.658802, 29.663365 ], [ -97.656656, 29.662613 ], [ -97.656849, 29.664672 ], [ -97.652873, 29.667936 ], [ -97.647628, 29.661066 ], [ -97.648533, 29.656961 ], [ -97.650239, 29.661391 ], [ -97.652123, 29.661877 ], [ -97.653443, 29.660364 ], [ -97.654344, 29.658035 ], [ -97.651755, 29.654025 ], [ -97.649992, 29.655338 ], [ -97.642885, 29.654609 ], [ -97.640492, 29.651883 ], [ -97.636313, 29.655372 ], [ -97.635269, 29.653717 ], [ -97.63102, 29.653472 ], [ -97.631254, 29.650753 ], [ -97.633202, 29.651023 ], [ -97.746585, 29.500335 ], [ -97.753859, 29.488582 ], [ -97.858782, 29.35289 ], [ -97.728443, 29.221748 ], [ -98.073314, 28.968783 ], [ -98.125284, 28.928957 ], [ -98.190991, 28.882333 ], [ -98.168427, 28.861505 ], [ -98.098315, 28.786949 ], [ -98.335031, 28.612658 ], [ -98.335047, 28.648275 ], [ -98.800848, 28.647306 ], [ -98.8049, 29.090434 ], [ -99.41388, 29.091335 ], [ -99.411817, 29.627514 ], [ -99.60313, 29.627181 ], [ -99.602776, 29.907679 ], [ -99.278898, 29.904199 ], [ -99.176988, 29.895063 ], [ -99.106747, 29.865658 ], [ -98.917725, 29.781398 ], [ -98.920024, 29.886716 ], [ -98.920799, 30.031341 ] ] ] ] } },
{ "type": "Feature", "properties": { "CSAFP": "488", "CBSAFP": "41940", "GEOID": "41940", "GEOIDFQ": "310M700US41940", "NAME": "San Jose-Sunnyvale-Santa Clara, CA", "NAMELSAD": "San Jose-Sunnyvale-Santa Clara, CA Metro Area", "LSAD": "M1", "MEMI": "1", "MTFCC": "G3110", "ALAND": 6940482577, "AWATER": 38316367, "INTPTLAT": "+36.9084718", "INTPTLON": "-121.3713721", "GEO_ID": "310M700US41940", "NAME_2": "San Jose-Sunnyvale-Santa Clara, CA Metro Area", "DP05_0001E": "1969337", "DP05_0001M": "*****" }, "geometry": { "type": "MultiPolygon", "coordinates": [ [ [ [ -122.202598, 37.363217 ], [ -122.200706, 37.371964 ], [ -122.190505, 37.385253 ], [ -122.190016, 37.394857 ], [ -122.194539, 37.407943 ], [ -122.192338, 37.413912 ], [ -122.187647, 37.414747 ], [ -122.187159, 37.416335 ], [ -122.190267, 37.418477 ], [ -122.187915, 37.420187 ], [ -122.191305, 37.425187 ], [ -122.189445, 37.427461 ], [ -122.190526, 37.431286 ], [ -122.184422, 37.434225 ], [ -122.182299, 37.439362 ], [ -122.175704, 37.441884 ], [ -122.171816, 37.446702 ], [ -122.168747, 37.447435 ], [ -122.165164, 37.452981 ], [ -122.160436, 37.454677 ], [ -122.155791, 37.454127 ], [ -122.155914, 37.455533 ], [ -122.152543, 37.457681 ], [ -122.147477, 37.456498 ], [ -122.142793, 37.458094 ], [ -122.138774, 37.454802 ], [ -122.132103, 37.45398 ], [ -122.128397, 37.451852 ], [ -122.126906, 37.453617 ], [ -122.122103, 37.45359 ], [ -122.123919, 37.461145 ], [ -122.113282, 37.467529 ], [ -122.111548, 37.466292 ], [ -122.096426, 37.466102 ], [ -122.096762, 37.461905 ], [ -122.081473, 37.477838 ], [ -122.051244, 37.459007 ], [ -122.047825, 37.459007 ], [ -122.036182, 37.464966 ], [ -121.996671, 37.467239 ], [ -121.992669, 37.464639 ], [ -121.980014, 37.460892 ], [ -121.959313, 37.463515 ], [ -121.949602, 37.461408 ], [ -121.946409, 37.463362 ], [ -121.947087, 37.467424 ], [ -121.944914, 37.469163 ], [ -121.944226, 37.465822 ], [ -121.941085, 37.464948 ], [ -121.939241, 37.462487 ], [ -121.936025, 37.462929 ], [ -121.934732, 37.460524 ], [ -121.931199, 37.460644 ], [ -121.932626, 37.455147 ], [ -121.928444, 37.457394 ], [ -121.92785, 37.455262 ], [ -121.925041, 37.454186 ], [ -121.911332, 37.462236 ], [ -121.890856, 37.467982 ], [ -121.887738, 37.470936 ], [ -121.881155, 37.471076 ], [ -121.865267, 37.484637 ], [ -121.472648, 37.48217 ], [ -121.474527, 37.479344 ], [ -121.4777, 37.480279 ], [ -121.48341, 37.475423 ], [ -121.486775, 37.475652 ], [ -121.484252, 37.466032 ], [ -121.475033, 37.462054 ], [ -121.472676, 37.456381 ], [ -121.467179, 37.453341 ], [ -121.464687, 37.454483 ], [ -121.462917, 37.451489 ], [ -121.463476, 37.445692 ], [ -121.46186, 37.438799 ], [ -121.470328, 37.43012 ], [ -121.468858, 37.424994 ], [ -121.472606, 37.423345 ], [ -121.466251, 37.415034 ], [ -121.463551, 37.415934 ], [ -121.456351, 37.406735 ], [ -121.455651, 37.401035 ], [ -121.458251, 37.398135 ], [ -121.456651, 37.395535 ], [ -121.45155, 37.394635 ], [ -121.448163, 37.391677 ], [ -121.436085, 37.39613 ], [ -121.42405, 37.393635 ], [ -121.41945, 37.390735 ], [ -121.412549, 37.389435 ], [ -121.409075, 37.380672 ], [ -121.415849, 37.375916 ], [ -121.41929, 37.364445 ], [ -121.4225, 37.363091 ], [ -121.42365, 37.358837 ], [ -121.419409, 37.351989 ], [ -121.42075, 37.344737 ], [ -121.40915, 37.330637 ], [ -121.41115, 37.327537 ], [ -121.410218, 37.325061 ], [ -121.411939, 37.324445 ], [ -121.409398, 37.321464 ], [ -121.405753, 37.31099 ], [ -121.418366, 37.303275 ], [ -121.42275, 37.299138 ], [ -121.423452, 37.295287 ], [ -121.425767, 37.296336 ], [ -121.431391, 37.294994 ], [ -121.436816, 37.291971 ], [ -121.443551, 37.296638 ], [ -121.44965, 37.293939 ], [ -121.448658, 37.2903 ], [ -121.454009, 37.28405 ], [ -121.458051, 37.284139 ], [ -121.459068, 37.282319 ], [ -121.453966, 37.277184 ], [ -121.454849, 37.263141 ], [ -121.457255, 37.260943 ], [ -121.45502, 37.25555 ], [ -121.45575, 37.24944 ], [ -121.448145, 37.239494 ], [ -121.448744, 37.237277 ], [ -121.441746, 37.231127 ], [ -121.436104, 37.229365 ], [ -121.43388, 37.226329 ], [ -121.431559, 37.227816 ], [ -121.422711, 37.22236 ], [ -121.421075, 37.214826 ], [ -121.416869, 37.211262 ], [ -121.415657, 37.199649 ], [ -121.410463, 37.192008 ], [ -121.411525, 37.185407 ], [ -121.408794, 37.182505 ], [ -121.41114, 37.177852 ], [ -121.410431, 37.174467 ], [ -121.413401, 37.172328 ], [ -121.407727, 37.169006 ], [ -121.406012, 37.157887 ], [ -121.401141, 37.15492 ], [ -121.399451, 37.150386 ], [ -121.393424, 37.148131 ], [ -121.391131, 37.150747 ], [ -121.383551, 37.151487 ], [ -121.38163, 37.157138 ], [ -121.383957, 37.160161 ], [ -121.384266, 37.166201 ], [ -121.382914, 37.167881 ], [ -121.379654, 37.168006 ], [ -121.376313, 37.172478 ], [ -121.373429, 37.173705 ], [ -121.372209, 37.176962 ], [ -121.364535, 37.180318 ], [ -121.36317, 37.183509 ], [ -121.360942, 37.184321 ], [ -121.354561, 37.183893 ], [ -121.348703, 37.181121 ], [ -121.342382, 37.174192 ], [ -121.332107, 37.170986 ], [ -121.328409, 37.16595 ], [ -121.314034, 37.16791 ], [ -121.312882, 37.170147 ], [ -121.306044, 37.166641 ], [ -121.302619, 37.16816 ], [ -121.298552, 37.165963 ], [ -121.29152, 37.170337 ], [ -121.290959, 37.175427 ], [ -121.287728, 37.177367 ], [ -121.286063, 37.181139 ], [ -121.284297, 37.180895 ], [ -121.283404, 37.183169 ], [ -121.281107, 37.183603 ], [ -121.275378, 37.178739 ], [ -121.273101, 37.173325 ], [ -121.269507, 37.171171 ], [ -121.262093, 37.159323 ], [ -121.23711, 37.157204 ], [ -121.235495, 37.152898 ], [ -121.235985, 37.149087 ], [ -121.232297, 37.139893 ], [ -121.222863, 37.131337 ], [ -121.223141, 37.128568 ], [ -121.220707, 37.124689 ], [ -121.217339, 37.123042 ], [ -121.221339, 37.116442 ], [ -121.223788, 37.115081 ], [ -121.226304, 37.109708 ], [ -121.225538, 37.106842 ], [ -121.230526, 37.10477 ], [ -121.230439, 37.096942 ], [ -121.242618, 37.093063 ], [ -121.245484, 37.089148 ], [ -121.241977, 37.085128 ], [ -121.235493, 37.086234 ], [ -121.224638, 37.078943 ], [ -121.222404, 37.073432 ], [ -121.215799, 37.069223 ], [ -121.209637, 37.068243 ], [ -121.210337, 37.066044 ], [ -121.208178, 37.061665 ], [ -121.208959, 37.058683 ], [ -121.212591, 37.055068 ], [ -121.218735, 37.057139 ], [ -121.223387, 37.057507 ], [ -121.224518, 37.056237 ], [ -121.223156, 37.05523 ], [ -121.225808, 37.052071 ], [ -121.224507, 37.039743 ], [ -121.236138, 37.036945 ], [ -121.240634, 37.031777 ], [ -121.248647, 37.03368 ], [ -121.245989, 37.025575 ], [ -121.233337, 37.011746 ], [ -121.238186, 37.009254 ], [ -121.236337, 37.008346 ], [ -121.236976, 37.006584 ], [ -121.233137, 36.999346 ], [ -121.241237, 36.99754 ], [ -121.244727, 36.993478 ], [ -121.246638, 36.987048 ], [ -121.245887, 36.983036 ], [ -121.232128, 36.968892 ], [ -121.224833, 36.967433 ], [ -121.219713, 36.962971 ], [ -121.214536, 36.961248 ], [ -121.211733, 36.95738 ], [ -121.218508, 36.947889 ], [ -121.225497, 36.94483 ], [ -121.229205, 36.941031 ], [ -121.230502, 36.935881 ], [ -121.233447, 36.931952 ], [ -121.234332, 36.926147 ], [ -121.230151, 36.921241 ], [ -121.224185, 36.919921 ], [ -121.223438, 36.912948 ], [ -121.221713, 36.910362 ], [ -121.217058, 36.913505 ], [ -121.207181, 36.911521 ], [ -121.198274, 36.914338 ], [ -121.192659, 36.912567 ], [ -121.188796, 36.913238 ], [ -121.184297, 36.908973 ], [ -121.182939, 36.902389 ], [ -121.184297, 36.896385 ], [ -121.174088, 36.885711 ], [ -121.169098, 36.884994 ], [ -121.166077, 36.879844 ], [ -121.16655, 36.875542 ], [ -121.163588, 36.869245 ], [ -121.152626, 36.865351 ], [ -121.151873, 36.858865 ], [ -121.149998, 36.857642 ], [ -121.145493, 36.847261 ], [ -121.143029, 36.846302 ], [ -121.141523, 36.836656 ], [ -120.933682, 36.751895 ], [ -120.603706, 36.488242 ], [ -120.597155, 36.488235 ], [ -120.596562, 36.328488 ], [ -120.600225, 36.328286 ], [ -120.604884, 36.324109 ], [ -120.61251, 36.324365 ], [ -120.612699, 36.32085 ], [ -120.617915, 36.318817 ], [ -120.619916, 36.319946 ], [ -120.630527, 36.316893 ], [ -120.644343, 36.319016 ], [ -120.646129, 36.317002 ], [ -120.65764, 36.316491 ], [ -120.663131, 36.314385 ], [ -120.668608, 36.307199 ], [ -120.675853, 36.302779 ], [ -120.67817, 36.298058 ], [ -120.682834, 36.294264 ], [ -120.68045, 36.290681 ], [ -120.682885, 36.286796 ], [ -120.672622, 36.280489 ], [ -120.67619, 36.27684 ], [ -120.674246, 36.272734 ], [ -120.678582, 36.267319 ], [ -120.682406, 36.271959 ], [ -120.684012, 36.270894 ], [ -120.688498, 36.272183 ], [ -120.701955, 36.286157 ], [ -120.70537, 36.287233 ], [ -120.707679, 36.285758 ], [ -120.716055, 36.290176 ], [ -120.716881, 36.292447 ], [ -120.722584, 36.292656 ], [ -120.725569, 36.297295 ], [ -120.746654, 36.310234 ], [ -120.750357, 36.310158 ], [ -120.752936, 36.307796 ], [ -120.75834, 36.308604 ], [ -120.755726, 36.305275 ], [ -120.751019, 36.304198 ], [ -120.743114, 36.298059 ], [ -120.738289, 36.288251 ], [ -120.733847, 36.284196 ], [ -120.732108, 36.275465 ], [ -120.724813, 36.27032 ], [ -120.724303, 36.266904 ], [ -120.717696, 36.260012 ], [ -120.717494, 36.254661 ], [ -120.712836, 36.246168 ], [ -120.710959, 36.240097 ], [ -120.711858, 36.239101 ], [ -120.707429, 36.231785 ], [ -120.705982, 36.212559 ], [ -120.704856, 36.211671 ], [ -120.706121, 36.20373 ], [ -120.711148, 36.20081 ], [ -120.711674, 36.198451 ], [ -120.718169, 36.196848 ], [ -120.724507, 36.201297 ], [ -120.728548, 36.202718 ], [ -120.730743, 36.201613 ], [ -120.731795, 36.203959 ], [ -120.744389, 36.198777 ], [ -120.752756, 36.199538 ], [ -120.755857, 36.203341 ], [ -120.758318, 36.201974 ], [ -120.761293, 36.203388 ], [ -120.76379, 36.209085 ], [ -120.766969, 36.210054 ], [ -120.765312, 36.213481 ], [ -120.768478, 36.213916 ], [ -120.772331, 36.220175 ], [ -120.77602, 36.220127 ], [ -120.778662, 36.223198 ], [ -120.781273, 36.222441 ], [ -120.780655, 36.22482 ], [ -120.783249, 36.229182 ], [ -120.788998, 36.230535 ], [ -120.789282, 36.235001 ], [ -120.79371, 36.234305 ], [ -120.795269, 36.236557 ], [ -120.7991, 36.23552 ], [ -120.802117, 36.237751 ], [ -120.800747, 36.240283 ], [ -120.805473, 36.240168 ], [ -120.807338, 36.243788 ], [ -120.812166, 36.245195 ], [ -120.810774, 36.251702 ], [ -120.813568, 36.250197 ], [ -120.814348, 36.25318 ], [ -120.820303, 36.253789 ], [ -120.823505, 36.25725 ], [ -120.825987, 36.254455 ], [ -120.825642, 36.257788 ], [ -120.829311, 36.257161 ], [ -120.828165, 36.25859 ], [ -120.832852, 36.25921 ], [ -120.833504, 36.262418 ], [ -120.83678, 36.262357 ], [ -120.836212, 36.26556 ], [ -120.839375, 36.270844 ], [ -120.837163, 36.270679 ], [ -120.836865, 36.272053 ], [ -120.839579, 36.272882 ], [ -120.839932, 36.276178 ], [ -120.845022, 36.28089 ], [ -120.850906, 36.282558 ], [ -120.851416, 36.28587 ], [ -120.85645, 36.284732 ], [ -120.859818, 36.28812 ], [ -120.85988, 36.290455 ], [ -120.862472, 36.289833 ], [ -120.86508, 36.292578 ], [ -120.871798, 36.293394 ], [ -120.874134, 36.295228 ], [ -120.879057, 36.295385 ], [ -120.881701, 36.293359 ], [ -120.884115, 36.29414 ], [ -120.889533, 36.290336 ], [ -120.899019, 36.300755 ], [ -120.904516, 36.30218 ], [ -120.904882, 36.304031 ], [ -120.908872, 36.304301 ], [ -120.911715, 36.308263 ], [ -120.919058, 36.310863 ], [ -120.923525, 36.310117 ], [ -120.925554, 36.308075 ], [ -120.926039, 36.30146 ], [ -120.933104, 36.299768 ], [ -120.936511, 36.294 ], [ -120.934574, 36.289332 ], [ -120.941213, 36.2866 ], [ -120.939237, 36.285228 ], [ -120.940114, 36.282299 ], [ -120.953432, 36.274706 ], [ -120.956655, 36.275974 ], [ -120.95931, 36.280841 ], [ -120.964364, 36.280505 ], [ -120.964501, 36.282653 ], [ -120.972496, 36.287942 ], [ -120.973787, 36.29032 ], [ -120.978964, 36.290033 ], [ -120.9858, 36.292937 ], [ -120.98506, 36.290209 ], [ -120.988067, 36.285226 ], [ -120.987086, 36.275741 ], [ -120.992415, 36.269921 ], [ -121.00017, 36.270807 ], [ -121.004688, 36.267041 ], [ -121.010458, 36.268847 ], [ -121.011757, 36.26453 ], [ -121.014411, 36.268664 ], [ -121.018836, 36.259657 ], [ -121.022342, 36.261474 ], [ -121.027322, 36.259943 ], [ -121.02618, 36.263151 ], [ -121.027883, 36.264421 ], [ -121.02862, 36.269797 ], [ -121.025532, 36.271347 ], [ -121.027443, 36.275287 ], [ -121.036284, 36.275455 ], [ -121.036129, 36.272905 ], [ -121.040302, 36.271058 ], [ -121.040797, 36.323969 ], [ -121.193465, 36.445751 ], [ -121.197919, 36.451716 ], [ -121.19767, 36.455065 ], [ -121.209823, 36.464804 ], [ -121.215085, 36.473203 ], [ -121.216825, 36.474035 ], [ -121.218886, 36.47244 ], [ -121.222356, 36.473841 ], [ -121.225465, 36.471992 ], [ -121.229511, 36.475277 ], [ -121.230472, 36.478557 ], [ -121.228003, 36.480454 ], [ -121.228108, 36.484599 ], [ -121.232578, 36.489046 ], [ -121.230821, 36.491721 ], [ -121.236865, 36.497623 ], [ -121.239295, 36.504782 ], [ -121.247218, 36.506871 ], [ -121.254882, 36.503511 ], [ -121.259599, 36.504464 ], [ -121.268959, 36.501969 ], [ -121.273493, 36.503328 ], [ -121.281993, 36.502706 ], [ -121.284963, 36.505697 ], [ -121.287221, 36.504763 ], [ -121.294056, 36.506235 ], [ -121.297146, 36.503936 ], [ -121.301476, 36.505538 ], [ -121.308235, 36.499392 ], [ -121.311241, 36.501913 ], [ -121.311838, 36.505098 ], [ -121.309783, 36.506214 ], [ -121.310647, 36.509274 ], [ -121.306762, 36.512174 ], [ -121.307189, 36.516812 ], [ -121.30323, 36.51814 ], [ -121.303246, 36.520129 ], [ -121.295362, 36.527129 ], [ -121.296772, 36.532312 ], [ -121.298506, 36.533056 ], [ -121.30156, 36.539243 ], [ -121.307867, 36.543327 ], [ -121.307945, 36.545567 ], [ -121.310042, 36.545901 ], [ -121.313476, 36.549917 ], [ -121.316495, 36.549514 ], [ -121.329142, 36.555443 ], [ -121.328683, 36.561125 ], [ -121.332016, 36.56216 ], [ -121.330649, 36.563733 ], [ -121.331126, 36.570002 ], [ -121.333478, 36.571679 ], [ -121.33392, 36.574404 ], [ -121.331394, 36.57623 ], [ -121.323523, 36.577554 ], [ -121.326228, 36.580596 ], [ -121.324938, 36.582453 ], [ -121.32735, 36.585886 ], [ -121.324225, 36.588436 ], [ -121.325312, 36.592526 ], [ -121.323781, 36.602367 ], [ -121.318711, 36.604854 ], [ -121.319669, 36.606528 ], [ -121.318373, 36.610026 ], [ -121.332574, 36.620603 ], [ -121.342089, 36.631354 ], [ -121.34161, 36.633307 ], [ -121.34348, 36.635415 ], [ -121.341624, 36.638338 ], [ -121.34659, 36.643152 ], [ -121.34947, 36.643301 ], [ -121.350092, 36.648357 ], [ -121.352969, 36.647873 ], [ -121.353172, 36.649457 ], [ -121.366248, 36.65661 ], [ -121.373423, 36.655466 ], [ -121.378334, 36.652861 ], [ -121.390029, 36.655614 ], [ -121.393862, 36.654865 ], [ -121.396627, 36.65689 ], [ -121.401946, 36.655424 ], [ -121.406993, 36.656035 ], [ -121.4093, 36.658329 ], [ -121.409234, 36.661162 ], [ -121.415535, 36.673058 ], [ -121.423859, 36.674335 ], [ -121.431571, 36.678728 ], [ -121.444333, 36.673148 ], [ -121.44953, 36.678761 ], [ -121.457102, 36.682128 ], [ -121.458962, 36.68572 ], [ -121.460956, 36.686687 ], [ -121.465429, 36.684727 ], [ -121.469023, 36.685434 ], [ -121.46869, 36.689485 ], [ -121.471557, 36.692345 ], [ -121.472825, 36.696889 ], [ -121.475675, 36.698182 ], [ -121.474907, 36.699052 ], [ -121.47748, 36.703018 ], [ -121.481708, 36.704594 ], [ -121.480486, 36.70654 ], [ -121.482332, 36.709634 ], [ -121.483639, 36.709235 ], [ -121.484129, 36.714313 ], [ -121.483368, 36.715499 ], [ -121.476806, 36.715259 ], [ -121.466021, 36.718111 ], [ -121.461285, 36.717668 ], [ -121.455871, 36.721378 ], [ -121.453072, 36.721198 ], [ -121.45134, 36.724793 ], [ -121.452646, 36.729209 ], [ -121.459219, 36.734273 ], [ -121.459661, 36.735522 ], [ -121.457389, 36.736758 ], [ -121.460168, 36.737261 ], [ -121.46003, 36.740942 ], [ -121.462368, 36.743851 ], [ -121.471715, 36.745539 ], [ -121.474202, 36.749274 ], [ -121.475651, 36.74921 ], [ -121.476663, 36.753415 ], [ -121.474368, 36.756672 ], [ -121.477221, 36.760655 ], [ -121.479276, 36.761078 ], [ -121.481523, 36.765447 ], [ -121.492593, 36.763311 ], [ -121.497417, 36.760397 ], [ -121.502427, 36.7602 ], [ -121.504011, 36.757205 ], [ -121.597698, 36.83735 ], [ -121.622089, 36.846203 ], [ -121.642565, 36.8737 ], [ -121.641284, 36.879826 ], [ -121.643997, 36.894014 ], [ -121.638103, 36.898327 ], [ -121.628419, 36.91182 ], [ -121.619761, 36.908911 ], [ -121.607354, 36.899452 ], [ -121.588854, 36.901252 ], [ -121.581354, 36.899152 ], [ -121.581154, 36.919252 ], [ -121.590154, 36.919252 ], [ -121.590354, 36.926151 ], [ -121.607155, 36.926051 ], [ -121.624755, 36.940451 ], [ -121.624048, 36.938494 ], [ -121.63046, 36.940544 ], [ -121.637055, 36.939053 ], [ -121.642256, 36.936351 ], [ -121.641025, 36.932224 ], [ -121.645791, 36.93233 ], [ -121.653056, 36.941751 ], [ -121.654056, 36.944751 ], [ -121.652271, 36.947628 ], [ -121.653675, 36.947717 ], [ -121.654038, 36.950584 ], [ -121.663257, 36.951851 ], [ -121.66433, 36.95514 ], [ -121.662857, 36.959151 ], [ -121.664787, 36.963714 ], [ -121.677235, 36.965547 ], [ -121.678258, 36.96785 ], [ -121.690158, 36.967351 ], [ -121.697829, 36.972098 ], [ -121.698428, 36.974984 ], [ -121.695358, 36.98515 ], [ -121.705244, 36.986245 ], [ -121.705509, 36.98936 ], [ -121.7107, 36.98972 ], [ -121.710918, 36.993066 ], [ -121.71466, 36.99313 ], [ -121.717878, 36.995561 ], [ -121.732312, 36.989664 ], [ -121.738697, 36.989991 ], [ -121.729807, 36.993555 ], [ -121.728346, 36.99682 ], [ -121.729624, 36.997872 ], [ -121.718762, 37.007557 ], [ -121.726566, 37.012054 ], [ -121.727815, 37.009862 ], [ -121.736186, 37.015342 ], [ -121.731313, 37.022417 ], [ -121.730814, 37.020324 ], [ -121.72869, 37.019926 ], [ -121.725771, 37.02065 ], [ -121.72658, 37.02189 ], [ -121.739765, 37.027684 ], [ -121.746361, 37.034749 ], [ -121.75548, 37.04903 ], [ -121.76199, 37.04782 ], [ -121.76488, 37.04947 ], [ -121.76339, 37.05196 ], [ -121.76723, 37.05332 ], [ -121.77526, 37.05298 ], [ -121.78604, 37.06199 ], [ -121.79355, 37.06431 ], [ -121.79676, 37.0638 ], [ -121.80213, 37.06793 ], [ -121.809122, 37.069319 ], [ -121.812651, 37.075382 ], [ -121.81719, 37.07788 ], [ -121.81649, 37.08037 ], [ -121.81824, 37.08374 ], [ -121.82359, 37.08597 ], [ -121.82418, 37.08776 ], [ -121.83154, 37.0886 ], [ -121.83417, 37.09122 ], [ -121.84414, 37.09473 ], [ -121.8446, 37.09665 ], [ -121.849086, 37.098997 ], [ -121.861884, 37.099346 ], [ -121.860009, 37.104171 ], [ -121.870066, 37.102247 ], [ -121.884808, 37.107825 ], [ -121.8873, 37.10491 ], [ -121.890867, 37.105256 ], [ -121.89012, 37.10663 ], [ -121.89483, 37.10858 ], [ -121.89485, 37.10981 ], [ -121.910685, 37.113295 ], [ -121.92903, 37.12342 ], [ -121.932026, 37.122001 ], [ -121.94196, 37.12639 ], [ -121.95416, 37.12915 ], [ -121.96324, 37.13321 ], [ -121.97274, 37.14173 ], [ -121.980836, 37.142282 ], [ -121.987152, 37.144819 ], [ -121.99109, 37.14427 ], [ -121.99416, 37.14985 ], [ -122.002472, 37.158291 ], [ -122.009041, 37.159792 ], [ -122.015946, 37.165658 ], [ -122.026174, 37.166854 ], [ -122.025585, 37.169071 ], [ -122.027675, 37.170846 ], [ -122.025607, 37.173797 ], [ -122.027637, 37.174083 ], [ -122.02653, 37.17611 ], [ -122.028933, 37.176936 ], [ -122.031935, 37.182297 ], [ -122.03263, 37.18614 ], [ -122.03075, 37.18999 ], [ -122.040782, 37.195171 ], [ -122.04397, 37.20105 ], [ -122.054608, 37.210009 ], [ -122.055087, 37.212497 ], [ -122.05939, 37.212985 ], [ -122.062775, 37.210365 ], [ -122.065933, 37.210413 ], [ -122.07001, 37.216672 ], [ -122.078774, 37.222974 ], [ -122.08981, 37.22327 ], [ -122.092667, 37.22544 ], [ -122.093369, 37.22924 ], [ -122.09951, 37.2332 ], [ -122.10423, 37.23427 ], [ -122.10557, 37.24074 ], [ -122.121638, 37.25856 ], [ -122.13166, 37.26093 ], [ -122.13585, 37.26574 ], [ -122.14415, 37.27021 ], [ -122.148362, 37.275451 ], [ -122.150539, 37.275883 ], [ -122.14869, 37.281 ], [ -122.15339, 37.28971 ], [ -122.166838, 37.295237 ], [ -122.162727, 37.300731 ], [ -122.163627, 37.301479 ], [ -122.16207, 37.304233 ], [ -122.166584, 37.305617 ], [ -122.171178, 37.312118 ], [ -122.175817, 37.312749 ], [ -122.181755, 37.309566 ], [ -122.183846, 37.310039 ], [ -122.186597, 37.315548 ], [ -122.193062, 37.318277 ], [ -122.186516, 37.322031 ], [ -122.183038, 37.327314 ], [ -122.178546, 37.325158 ], [ -122.175075, 37.325741 ], [ -122.182844, 37.33297 ], [ -122.185954, 37.338701 ], [ -122.19521, 37.347025 ], [ -122.196064, 37.35131 ], [ -122.202377, 37.359969 ], [ -122.202598, 37.363217 ] ] ] ] } },
{ "type": "Feature", "properties": { "CSAFP": "408", "CBSAFP": "35620", "GEOID": "35620", "GEOIDFQ": "310M700US35620", "NAME": "New York-Newark-Jersey City, NY-NJ", "NAMELSAD": "New York-Newark-Jersey City, NY-NJ Metro Area", "LSAD": "M1", "MEMI": "1", "MTFCC": "G3110", "ALAND": 15901818642, "AWATER": 6489596039, "INTPTLAT": "+40.7354255", "INTPTLON": "-073.8077300", "GEO_ID": "310M700US35620", "NAME_2": "New York-Newark-Jersey City, NY-NJ Metro Area", "DP05_0001E": "19798537", "DP05_0001M": "*****" }, "geometry": { "type": "MultiPolygon", "coordinates": [ [ [ [ -73.889645, 40.486511 ], [ -73.886747, 40.475892 ], [ -73.88506, 40.452776 ], [ -73.886746, 40.424227 ], [ -73.887082, 40.345009 ], [ -73.890791, 40.31069 ], [ -73.898208, 40.274353 ], [ -73.906863, 40.250111 ], [ -73.965275, 40.11295 ], [ -73.966145, 40.090577 ], [ -73.973291, 40.075142 ], [ -73.986029, 40.021126 ], [ -73.999577, 39.976798 ], [ -74.019899, 39.875119 ], [ -74.030482, 39.786682 ], [ -74.038158, 39.75012 ], [ -74.049489, 39.723785 ], [ -74.062195, 39.707035 ], [ -74.083316, 39.669562 ], [ -74.096531, 39.649949 ], [ -74.12458, 39.615139 ], [ -74.183189, 39.532994 ], [ -74.21118, 39.500117 ], [ -74.212742, 39.500117 ], [ -74.232062, 39.475198 ], [ -74.296461, 39.475292 ], [ -74.312612, 39.500117 ], [ -74.324772, 39.505968 ], [ -74.336891, 39.506897 ], [ -74.354214, 39.505572 ], [ -74.360968, 39.502027 ], [ -74.380796, 39.498537 ], [ -74.402431, 39.539111 ], [ -74.409811, 39.547424 ], [ -74.416661, 39.550536 ], [ -74.41589, 39.555164 ], [ -74.417393, 39.557255 ], [ -74.414097, 39.562396 ], [ -74.417096, 39.564112 ], [ -74.419041, 39.568367 ], [ -74.41599, 39.57046 ], [ -74.410395, 39.571021 ], [ -74.405467, 39.569502 ], [ -74.400819, 39.572242 ], [ -74.397683, 39.577672 ], [ -74.395058, 39.588666 ], [ -74.390399, 39.596037 ], [ -74.389708, 39.773283 ], [ -74.471511, 39.924922 ], [ -74.506482, 39.99144 ], [ -74.52869, 40.037449 ], [ -74.614576, 40.182383 ], [ -74.599635, 40.186791 ], [ -74.597092, 40.186142 ], [ -74.595473, 40.179825 ], [ -74.593675, 40.179421 ], [ -74.586806, 40.18376 ], [ -74.576252, 40.186754 ], [ -74.571241, 40.185293 ], [ -74.562245, 40.190293 ], [ -74.557166, 40.199765 ], [ -74.548776, 40.20739 ], [ -74.546065, 40.214028 ], [ -74.543268, 40.216692 ], [ -74.481476, 40.24289 ], [ -74.481804, 40.245944 ], [ -74.48624, 40.249537 ], [ -74.487407, 40.253129 ], [ -74.484962, 40.253325 ], [ -74.481975, 40.2739 ], [ -74.495921, 40.278767 ], [ -74.497825, 40.280677 ], [ -74.501626, 40.279508 ], [ -74.506721, 40.28036 ], [ -74.514904, 40.287157 ], [ -74.522873, 40.285608 ], [ -74.521575, 40.290034 ], [ -74.528142, 40.2943 ], [ -74.533955, 40.292962 ], [ -74.536601, 40.289471 ], [ -74.539918, 40.28833 ], [ -74.54219, 40.291743 ], [ -74.544592, 40.292414 ], [ -74.551217, 40.290468 ], [ -74.556698, 40.291656 ], [ -74.558968, 40.295866 ], [ -74.564818, 40.296966 ], [ -74.567553, 40.29992 ], [ -74.573553, 40.300934 ], [ -74.575739, 40.304068 ], [ -74.580284, 40.304137 ], [ -74.583601, 40.306902 ], [ -74.584068, 40.311868 ], [ -74.585587, 40.313242 ], [ -74.594151, 40.315971 ], [ -74.596859, 40.314564 ], [ -74.600222, 40.315444 ], [ -74.603286, 40.318653 ], [ -74.603417, 40.321438 ], [ -74.606537, 40.321115 ], [ -74.61585, 40.324937 ], [ -74.622179, 40.324502 ], [ -74.62236, 40.328244 ], [ -74.624473, 40.328838 ], [ -74.623179, 40.334302 ], [ -74.631036, 40.340277 ], [ -74.630465, 40.344067 ], [ -74.628282, 40.345995 ], [ -74.625, 40.363756 ], [ -74.617505, 40.377462 ], [ -74.622519, 40.384296 ], [ -74.653928, 40.391048 ], [ -74.674243, 40.384341 ], [ -74.707782, 40.379382 ], [ -74.722061, 40.375205 ], [ -74.748147, 40.424156 ], [ -74.80847, 40.416664 ], [ -74.802016, 40.384972 ], [ -74.869678, 40.377774 ], [ -74.856262, 40.346696 ], [ -74.932277, 40.339427 ], [ -74.942909, 40.341683 ], [ -74.948901, 40.365055 ], [ -74.963777, 40.394842 ], [ -74.966969, 40.398475 ], [ -74.983131, 40.404599 ], [ -74.988413, 40.408494 ], [ -74.99586, 40.410384 ], [ -75.023028, 40.403693 ], [ -75.028633, 40.403971 ], [ -75.034427, 40.406066 ], [ -75.045526, 40.413679 ], [ -75.057024, 40.417012 ], [ -75.060065, 40.420319 ], [ -75.066342, 40.446667 ], [ -75.070678, 40.456794 ], [ -75.067016, 40.465308 ], [ -75.067715, 40.473669 ], [ -75.062664, 40.480439 ], [ -75.065102, 40.526413 ], [ -75.068581, 40.542185 ], [ -75.078047, 40.547876 ], [ -75.099827, 40.567398 ], [ -75.115536, 40.57286 ], [ -75.140172, 40.57537 ], [ -75.14842, 40.572021 ], [ -75.159041, 40.564846 ], [ -75.171623, 40.564222 ], [ -75.185794, 40.568841 ], [ -75.195485, 40.578964 ], [ -75.19415, 40.582843 ], [ -75.189692, 40.587671 ], [ -75.1896, 40.591776 ], [ -75.181032, 40.594183 ], [ -75.180152, 40.597813 ], [ -75.17497, 40.598799 ], [ -75.172537, 40.604894 ], [ -75.162883, 40.611133 ], [ -75.162084, 40.617555 ], [ -75.154419, 40.621692 ], [ -75.149667, 40.620501 ], [ -75.147775, 40.622621 ], [ -75.147996, 40.626301 ], [ -75.145669, 40.628802 ], [ -75.136115, 40.630209 ], [ -75.127485, 40.634442 ], [ -75.111341, 40.638209 ], [ -75.10841, 40.639611 ], [ -75.109389, 40.641778 ], [ -75.105522, 40.644915 ], [ -75.096258, 40.647969 ], [ -75.08942, 40.655167 ], [ -75.080742, 40.658421 ], [ -75.075156, 40.66505 ], [ -75.067908, 40.668792 ], [ -75.062383, 40.669517 ], [ -75.059724, 40.673437 ], [ -75.048836, 40.67964 ], [ -75.043222, 40.67894 ], [ -75.038728, 40.683176 ], [ -75.03304, 40.683949 ], [ -75.022457, 40.692233 ], [ -75.019205, 40.692055 ], [ -75.017296, 40.694573 ], [ -75.013406, 40.692776 ], [ -75.009756, 40.695194 ], [ -75.006929, 40.692932 ], [ -75.003839, 40.69304 ], [ -74.991463, 40.702896 ], [ -74.981412, 40.7059 ], [ -74.97957, 40.710798 ], [ -74.96845, 40.710753 ], [ -74.963509, 40.720468 ], [ -74.958323, 40.725427 ], [ -74.951727, 40.72774 ], [ -74.934085, 40.747957 ], [ -74.930802, 40.749041 ], [ -74.931059, 40.750979 ], [ -74.928126, 40.752265 ], [ -74.926939, 40.754941 ], [ -74.915506, 40.761959 ], [ -74.913153, 40.766732 ], [ -74.902718, 40.771836 ], [ -74.902435, 40.777275 ], [ -74.904156, 40.781032 ], [ -74.895531, 40.783992 ], [ -74.885377, 40.790978 ], [ -74.879431, 40.790949 ], [ -74.873574, 40.794687 ], [ -74.869271, 40.795103 ], [ -74.866958, 40.796817 ], [ -74.864387, 40.803163 ], [ -74.86159, 40.803283 ], [ -74.85999, 40.80102 ], [ -74.854865, 40.804196 ], [ -74.851431, 40.803488 ], [ -74.846467, 40.808244 ], [ -74.846796, 40.81087 ], [ -74.842469, 40.811641 ], [ -74.840105, 40.81579 ], [ -74.83506, 40.819142 ], [ -74.834767, 40.822024 ], [ -74.830187, 40.824757 ], [ -74.832025, 40.826891 ], [ -74.831378, 40.828812 ], [ -74.818527, 40.836619 ], [ -74.81965, 40.840887 ], [ -74.823825, 40.843791 ], [ -74.821382, 40.849454 ], [ -74.814115, 40.851223 ], [ -74.81, 40.854365 ], [ -74.809302, 40.860177 ], [ -74.80299, 40.861741 ], [ -74.802068, 40.864424 ], [ -74.808309, 40.869546 ], [ -74.805738, 40.874196 ], [ -74.807421, 40.881374 ], [ -74.806127, 40.883723 ], [ -74.799445, 40.887936 ], [ -74.792633, 40.889584 ], [ -74.79051, 40.89621 ], [ -74.786981, 40.899714 ], [ -74.77988, 40.90328 ], [ -74.779094, 40.906348 ], [ -74.776193, 40.905266 ], [ -74.769425, 40.910934 ], [ -74.967464, 41.095327 ], [ -74.972036, 41.095562 ], [ -74.984782, 41.088545 ], [ -74.991013, 41.088578 ], [ -74.99169, 41.092457 ], [ -74.979543, 41.110824 ], [ -74.963233, 41.114676 ], [ -74.947411, 41.123733 ], [ -74.947569, 41.126705 ], [ -74.944498, 41.129974 ], [ -74.93196, 41.133408 ], [ -74.923779, 41.138011 ], [ -74.905256, 41.155668 ], [ -74.899943, 41.16631 ], [ -74.882638, 41.18038 ], [ -74.874793, 41.197239 ], [ -74.859473, 41.218773 ], [ -74.860136, 41.221641 ], [ -74.866333, 41.225821 ], [ -74.867634, 41.22862 ], [ -74.86214, 41.237789 ], [ -74.861117, 41.243645 ], [ -74.856358, 41.249749 ], [ -74.847093, 41.252841 ], [ -74.84491, 41.257594 ], [ -74.846084, 41.263419 ], [ -74.838361, 41.277294 ], [ -74.830027, 41.287441 ], [ -74.822477, 41.293595 ], [ -74.815606, 41.296073 ], [ -74.807428, 41.302812 ], [ -74.792171, 41.310841 ], [ -74.791999, 41.313442 ], [ -74.796107, 41.318368 ], [ -74.795572, 41.320342 ], [ -74.791584, 41.323019 ], [ -74.773471, 41.32452 ], [ -74.767282, 41.327744 ], [ -74.763008, 41.331957 ], [ -74.760327, 41.340328 ], [ -74.754282, 41.3462 ], [ -74.725951, 41.346192 ], [ -74.700097, 41.354655 ], [ -74.69558, 41.357607 ], [ -74.457862, 41.248427 ], [ -74.346416, 41.192734 ], [ -74.234417, 41.143063 ], [ -73.980754, 41.32542 ], [ -73.961257, 41.348539 ], [ -73.956801, 41.372205 ], [ -73.947294, 41.394765 ], [ -73.949338, 41.39816 ], [ -73.959136, 41.400442 ], [ -73.961775, 41.402822 ], [ -73.963057, 41.410344 ], [ -73.966643, 41.417425 ], [ -73.981551, 41.439008 ], [ -73.933775, 41.488279 ], [ -73.692664, 41.512246 ], [ -73.579783, 41.526461 ], [ -73.530067, 41.527194 ], [ -73.550962, 41.295421 ], [ -73.482695, 41.212772 ], [ -73.727775, 41.100696 ], [ -73.655255, 41.012246 ], [ -73.660268, 41.000484 ], [ -73.659585, 40.99414 ], [ -73.657228, 40.990914 ], [ -73.659671, 40.987909 ], [ -73.612885, 40.950943 ], [ -73.249557, 41.025866 ], [ -72.999547, 41.087108 ], [ -72.081847, 41.262224 ], [ -72.019214, 41.290594 ], [ -71.929451, 41.310387 ], [ -71.907258, 41.304483 ], [ -71.790972, 41.184101 ], [ -71.790635, 41.101837 ], [ -71.781872, 41.096197 ], [ -71.777491, 41.077162 ], [ -71.777491, 41.067292 ], [ -71.782748, 41.055307 ], [ -71.794139, 41.036977 ], [ -71.808163, 41.027812 ], [ -71.837088, 41.010892 ], [ -71.870139, 40.996971 ], [ -71.884775, 40.992269 ], [ -71.899907, 40.990496 ], [ -71.931698, 40.982497 ], [ -71.999516, 40.956019 ], [ -72.249525, 40.866765 ], [ -72.374529, 40.818595 ], [ -72.624539, 40.745567 ], [ -72.749544, 40.713405 ], [ -72.828607, 40.686901 ], [ -72.874542, 40.675019 ], [ -73.014004, 40.625099 ], [ -73.064093, 40.611667 ], [ -73.124558, 40.598366 ], [ -73.249642, 40.562565 ], [ -73.274025, 40.551314 ], [ -73.291441, 40.551314 ], [ -73.326272, 40.556916 ], [ -73.378519, 40.545713 ], [ -73.406384, 40.53731 ], [ -73.441215, 40.531709 ], [ -73.486496, 40.520505 ], [ -73.517844, 40.523306 ], [ -73.552674, 40.528909 ], [ -73.624574, 40.534511 ], [ -73.768781, 40.533747 ], [ -73.783969, 40.532387 ], [ -73.826158, 40.522874 ], [ -73.854843, 40.512 ], [ -73.870029, 40.502486 ], [ -73.876778, 40.501127 ], [ -73.889645, 40.486511 ] ] ] ] } },
{ "type": "Feature", "properties": { "CSAFP": "440", "CBSAFP": "38900", "GEOID": "38900", "GEOIDFQ": "310M700US38900", "NAME": "Portland-Vancouver-Hillsboro, OR-WA", "NAMELSAD": "Portland-Vancouver-Hillsboro, OR-WA Metro Area", "LSAD": "M1", "MEMI": "1", "MTFCC": "G3110", "ALAND": 17320278360, "AWATER": 354376394, "INTPTLAT": "+45.6006221", "INTPTLON": "-122.4843780", "GEO_ID": "310M700US38900", "NAME_2": "Portland-Vancouver-Hillsboro, OR-WA Metro Area", "DP05_0001E": "2520987", "DP05_0001M": "*****" }, "geometry": { "type": "MultiPolygon", "coordinates": [ [ [ [ -122.811218, 45.913861 ], [ -122.798091, 45.884333 ], [ -122.784964, 45.86817 ], [ -122.785515, 45.850536 ], [ -122.778533, 45.852131 ], [ -122.773254, 45.857434 ], [ -122.749653, 45.864544 ], [ -122.743205, 45.870121 ], [ -122.735857, 45.870594 ], [ -122.722964, 45.866661 ], [ -122.719752, 45.867613 ], [ -122.71992, 45.871121 ], [ -122.728679, 45.877391 ], [ -122.734197, 45.885759 ], [ -122.733144, 45.895249 ], [ -122.744522, 45.892636 ], [ -122.749446, 45.896269 ], [ -122.747161, 45.899723 ], [ -122.737372, 45.902218 ], [ -122.737383, 45.90705 ], [ -122.740128, 45.914754 ], [ -122.731623, 45.914048 ], [ -122.723821, 45.917653 ], [ -122.718759, 45.92477 ], [ -122.72091, 45.931892 ], [ -122.719712, 45.933256 ], [ -122.706438, 45.93048 ], [ -122.699108, 45.930982 ], [ -122.693233, 45.92803 ], [ -122.68926, 45.929111 ], [ -122.688618, 45.934384 ], [ -122.694882, 45.937705 ], [ -122.693482, 45.94142 ], [ -122.669259, 45.936991 ], [ -122.662201, 45.93341 ], [ -122.656382, 45.927958 ], [ -122.652331, 45.933184 ], [ -122.645112, 45.937636 ], [ -122.614884, 45.935775 ], [ -122.606023, 45.939989 ], [ -122.600035, 45.945335 ], [ -122.590277, 45.948373 ], [ -122.585448, 45.952795 ], [ -122.580265, 45.954672 ], [ -122.56458, 45.951671 ], [ -122.55842, 45.953019 ], [ -122.554575, 45.959819 ], [ -122.549802, 45.962647 ], [ -122.54687, 45.966961 ], [ -122.531953, 45.973569 ], [ -122.534836, 45.976995 ], [ -122.534496, 45.979217 ], [ -122.523005, 45.984088 ], [ -122.51791, 45.982829 ], [ -122.510669, 45.984935 ], [ -122.506397, 45.980326 ], [ -122.497479, 45.980474 ], [ -122.496562, 45.98246 ], [ -122.498396, 45.98635 ], [ -122.495995, 45.987273 ], [ -122.488961, 45.983294 ], [ -122.484659, 45.983625 ], [ -122.483302, 45.986352 ], [ -122.477934, 45.988114 ], [ -122.452436, 45.984955 ], [ -122.445584, 45.982456 ], [ -122.444737, 45.97777 ], [ -122.442208, 45.975849 ], [ -122.433529, 45.975035 ], [ -122.422405, 45.977387 ], [ -122.418487, 45.976718 ], [ -122.41836, 45.974013 ], [ -122.398515, 45.972496 ], [ -122.390274, 45.966907 ], [ -122.382929, 45.964844 ], [ -122.378844, 45.96114 ], [ -122.374137, 45.960195 ], [ -122.363176, 45.962712 ], [ -122.361986, 45.958536 ], [ -122.357765, 45.956915 ], [ -122.343478, 45.959548 ], [ -122.332663, 45.965064 ], [ -122.324381, 45.976145 ], [ -122.325834, 45.979726 ], [ -122.325009, 45.983216 ], [ -122.31836, 45.985355 ], [ -122.3148, 45.990829 ], [ -122.315588, 45.993179 ], [ -122.322495, 45.996422 ], [ -122.325003, 45.999832 ], [ -122.324005, 46.006344 ], [ -122.328768, 46.010811 ], [ -122.325431, 46.01256 ], [ -122.317469, 46.012659 ], [ -122.313715, 46.016995 ], [ -122.315188, 46.021577 ], [ -122.311711, 46.028794 ], [ -122.305347, 46.029802 ], [ -122.302362, 46.033239 ], [ -122.295962, 46.036074 ], [ -122.294708, 46.037973 ], [ -122.294443, 46.049191 ], [ -122.284146, 46.050902 ], [ -122.27653, 46.058243 ], [ -122.271548, 46.059572 ], [ -122.252018, 46.056008 ], [ -122.25147, 46.054018 ], [ -122.245856, 46.053853 ], [ -122.246677, 46.200575 ], [ -122.24542, 46.211715 ], [ -122.242008, 46.21162 ], [ -122.239481, 46.385419 ], [ -122.24099, 46.385864 ], [ -122.114291, 46.38648 ], [ -122.114468, 46.388315 ], [ -121.522324, 46.388627 ], [ -121.522321, 46.044006 ], [ -121.612232, 46.044093 ], [ -121.61268, 45.985008 ], [ -121.612502, 45.870415 ], [ -121.608618, 45.870357 ], [ -121.609246, 45.782519 ], [ -121.51438, 45.782114 ], [ -121.518012, 45.778339 ], [ -121.52876, 45.777221 ], [ -121.531282, 45.77357 ], [ -121.536774, 45.772171 ], [ -121.53835, 45.770126 ], [ -121.53678, 45.760635 ], [ -121.532847, 45.759102 ], [ -121.526056, 45.750363 ], [ -121.52118, 45.748009 ], [ -121.525011, 45.744034 ], [ -121.52151, 45.731944 ], [ -121.523681, 45.72493 ], [ -121.532934, 45.726504 ], [ -121.631323, 45.704697 ], [ -121.668406, 45.705114 ], [ -121.707295, 45.694836 ], [ -121.735073, 45.694002 ], [ -121.811184, 45.706715 ], [ -121.867021, 45.693391 ], [ -121.901745, 45.670669 ], [ -121.900767, 45.662016 ], [ -121.908134, 45.654558 ], [ -121.922028, 45.649205 ], [ -121.922051, 45.610761 ], [ -121.916389, 45.607543 ], [ -121.913064, 45.601445 ], [ -121.915485, 45.59791 ], [ -121.91447, 45.593893 ], [ -121.918386, 45.585484 ], [ -121.915227, 45.582275 ], [ -121.910473, 45.581198 ], [ -121.913911, 45.571163 ], [ -121.912201, 45.567711 ], [ -121.907326, 45.566723 ], [ -121.908385, 45.565322 ], [ -121.907176, 45.56255 ], [ -121.902915, 45.561121 ], [ -121.901879, 45.55619 ], [ -121.909401, 45.549633 ], [ -121.922285, 45.54638 ], [ -121.916032, 45.542707 ], [ -121.911443, 45.529082 ], [ -121.907003, 45.525027 ], [ -121.906567, 45.520638 ], [ -121.891597, 45.512604 ], [ -121.883949, 45.512657 ], [ -121.874455, 45.515799 ], [ -121.869431, 45.514206 ], [ -121.866919, 45.506786 ], [ -121.86048, 45.50114 ], [ -121.860137, 45.496923 ], [ -121.863491, 45.492538 ], [ -121.860323, 45.489377 ], [ -121.855065, 45.486749 ], [ -121.850403, 45.486502 ], [ -121.844767, 45.476416 ], [ -121.836276, 45.474332 ], [ -121.828898, 45.467466 ], [ -121.811706, 45.455932 ], [ -121.806845, 45.454649 ], [ -121.805977, 45.451832 ], [ -121.807583, 45.448983 ], [ -121.805585, 45.443731 ], [ -121.807908, 45.442561 ], [ -121.806898, 45.435286 ], [ -121.799679, 45.427854 ], [ -121.795892, 45.426716 ], [ -121.79302, 45.415452 ], [ -121.785633, 45.412164 ], [ -121.776304, 45.402784 ], [ -121.762244, 45.40288 ], [ -121.744622, 45.397261 ], [ -121.739512, 45.397413 ], [ -121.72419, 45.393648 ], [ -121.717948, 45.387646 ], [ -121.705532, 45.383545 ], [ -121.696928, 45.373614 ], [ -121.700113, 45.370357 ], [ -121.699153, 45.368505 ], [ -121.702141, 45.363389 ], [ -121.70123, 45.356172 ], [ -121.70479, 45.340455 ], [ -121.702185, 45.333834 ], [ -121.70326, 45.331267 ], [ -121.69847, 45.323583 ], [ -121.690882, 45.318175 ], [ -121.687945, 45.30503 ], [ -121.679081, 45.297177 ], [ -121.680867, 45.294608 ], [ -121.68, 45.290025 ], [ -121.684562, 45.286259 ], [ -121.685033, 45.281798 ], [ -121.690488, 45.275848 ], [ -121.69109, 45.270468 ], [ -121.695032, 45.263859 ], [ -121.696731, 45.255812 ], [ -121.691878, 45.254141 ], [ -121.688878, 45.251123 ], [ -121.680898, 45.250581 ], [ -121.682463, 45.247204 ], [ -121.681537, 45.243495 ], [ -121.684793, 45.240067 ], [ -121.686389, 45.234292 ], [ -121.68256, 45.228928 ], [ -121.691112, 45.229558 ], [ -121.697685, 45.227391 ], [ -121.69945, 45.224054 ], [ -121.709251, 45.21998 ], [ -121.714637, 45.211232 ], [ -121.729456, 45.211766 ], [ -121.737077, 45.206355 ], [ -121.747823, 45.205573 ], [ -121.748649, 45.1918 ], [ -121.746454, 45.18635 ], [ -121.733403, 45.174913 ], [ -121.725283, 45.159339 ], [ -121.711596, 45.152824 ], [ -121.710291, 45.14039 ], [ -121.70805, 45.134055 ], [ -121.700208, 45.127066 ], [ -121.69865, 45.123789 ], [ -121.699675, 45.12179 ], [ -121.693387, 45.116934 ], [ -121.685005, 45.12369 ], [ -121.666378, 45.120301 ], [ -121.664694, 45.115172 ], [ -121.662382, 45.11335 ], [ -121.661656, 45.105425 ], [ -121.652638, 45.101992 ], [ -121.651636, 45.087546 ], [ -121.659841, 45.079192 ], [ -121.660523, 45.070063 ], [ -121.65871, 45.066355 ], [ -121.680346, 45.068111 ], [ -121.689296, 45.066747 ], [ -121.69716, 45.06215 ], [ -121.698313, 45.059305 ], [ -121.710813, 45.055912 ], [ -121.72235, 45.046023 ], [ -121.722407, 45.044095 ], [ -121.718977, 45.042325 ], [ -121.718798, 45.039487 ], [ -121.716992, 45.038209 ], [ -121.71938, 45.037071 ], [ -121.730625, 45.036182 ], [ -121.738388, 45.033482 ], [ -121.749443, 45.034098 ], [ -121.752848, 45.036529 ], [ -121.768822, 45.039886 ], [ -121.778357, 45.037601 ], [ -121.781845, 45.034026 ], [ -121.779672, 45.031646 ], [ -121.778803, 45.026237 ], [ -121.781399, 45.020818 ], [ -121.781177, 45.01572 ], [ -121.784556, 45.015132 ], [ -121.792538, 45.017456 ], [ -121.798154, 45.01615 ], [ -121.804921, 45.012382 ], [ -121.80572, 45.006734 ], [ -121.802547, 44.995386 ], [ -121.803471, 44.992173 ], [ -121.801623, 44.982743 ], [ -121.803345, 44.977103 ], [ -121.798684, 44.974963 ], [ -121.791931, 44.957342 ], [ -121.787787, 44.95477 ], [ -121.785593, 44.950377 ], [ -121.786735, 44.945223 ], [ -121.796127, 44.937426 ], [ -121.795585, 44.936032 ], [ -121.790538, 44.934706 ], [ -121.77977, 44.935153 ], [ -121.772236, 44.93984 ], [ -121.763319, 44.94171 ], [ -121.745436, 44.923042 ], [ -121.744384, 44.920347 ], [ -121.747605, 44.916679 ], [ -121.747297, 44.914636 ], [ -121.728994, 44.904814 ], [ -121.71456, 44.90613 ], [ -121.71671, 44.898433 ], [ -121.724519, 44.895375 ], [ -121.728208, 44.891348 ], [ -121.734396, 44.88931 ], [ -121.734223, 44.88572 ], [ -122.401021, 44.88572 ], [ -122.393195, 44.891802 ], [ -122.394349, 44.899106 ], [ -122.399554, 44.904077 ], [ -122.407737, 44.905012 ], [ -122.410255, 44.903186 ], [ -122.422528, 44.904222 ], [ -122.429684, 44.902029 ], [ -122.437372, 44.902885 ], [ -122.445521, 44.906108 ], [ -122.458417, 44.915182 ], [ -122.466492, 44.915471 ], [ -122.48619, 44.922659 ], [ -122.499167, 44.917781 ], [ -122.505151, 44.91827 ], [ -122.512314, 44.923546 ], [ -122.517542, 44.932797 ], [ -122.524278, 44.935772 ], [ -122.529734, 44.935038 ], [ -122.532858, 44.937446 ], [ -122.535847, 44.936982 ], [ -122.543205, 44.948872 ], [ -122.548708, 44.950498 ], [ -122.551839, 44.958056 ], [ -122.559696, 44.965001 ], [ -122.558937, 44.967159 ], [ -122.56115, 44.971395 ], [ -122.56507, 44.973904 ], [ -122.567212, 44.978628 ], [ -122.566787, 44.981627 ], [ -122.568801, 44.983735 ], [ -122.579862, 44.985983 ], [ -122.581752, 44.988433 ], [ -122.592472, 44.988875 ], [ -122.594954, 44.99089 ], [ -122.595491, 44.992781 ], [ -122.593004, 44.99519 ], [ -122.59468, 45.000924 ], [ -122.593137, 45.003898 ], [ -122.595731, 45.019921 ], [ -122.602478, 45.021851 ], [ -122.608665, 45.021651 ], [ -122.619529, 45.02745 ], [ -122.627677, 45.028629 ], [ -122.633939, 45.033795 ], [ -122.639742, 45.03145 ], [ -122.645201, 45.033946 ], [ -122.649161, 45.032405 ], [ -122.650455, 45.036016 ], [ -122.658803, 45.036011 ], [ -122.669744, 45.046592 ], [ -122.678729, 45.046367 ], [ -122.681712, 45.047962 ], [ -122.68129, 45.050399 ], [ -122.69544, 45.054305 ], [ -122.705032, 45.058965 ], [ -122.70467, 45.061309 ], [ -122.707273, 45.062217 ], [ -122.707423, 45.064924 ], [ -122.717154, 45.069936 ], [ -122.718747, 45.07236 ], [ -122.717781, 45.074027 ], [ -122.720828, 45.076059 ], [ -122.719707, 45.079699 ], [ -122.723547, 45.083095 ], [ -122.725342, 45.082917 ], [ -122.725607, 45.085653 ], [ -122.729684, 45.087169 ], [ -122.732936, 45.092173 ], [ -122.743433, 45.096385 ], [ -122.746425, 45.102857 ], [ -122.749216, 45.102244 ], [ -122.749909, 45.107793 ], [ -122.75251, 45.107023 ], [ -122.753445, 45.110135 ], [ -122.760471, 45.111619 ], [ -122.763165, 45.113854 ], [ -122.764666, 45.112455 ], [ -122.765209, 45.115746 ], [ -122.76736, 45.114524 ], [ -122.767077, 45.115913 ], [ -122.770495, 45.118207 ], [ -122.775772, 45.118683 ], [ -122.774308, 45.120079 ], [ -122.776935, 45.121966 ], [ -122.775879, 45.123382 ], [ -122.777663, 45.122446 ], [ -122.7785, 45.124003 ], [ -122.783032, 45.124589 ], [ -122.782977, 45.12695 ], [ -122.788537, 45.130152 ], [ -122.785393, 45.132066 ], [ -122.786312, 45.135917 ], [ -122.78329, 45.136365 ], [ -122.783987, 45.137119 ], [ -122.783373, 45.137897 ], [ -122.782097, 45.136895 ], [ -122.779811, 45.139505 ], [ -122.782884, 45.143852 ], [ -122.779589, 45.146525 ], [ -122.780389, 45.147789 ], [ -122.778353, 45.149256 ], [ -122.778687, 45.151047 ], [ -122.77022, 45.158804 ], [ -122.774828, 45.162436 ], [ -122.772915, 45.163408 ], [ -122.769426, 45.161634 ], [ -122.766098, 45.16363 ], [ -122.762921, 45.168397 ], [ -122.759762, 45.170146 ], [ -122.761949, 45.171949 ], [ -122.756234, 45.173371 ], [ -122.75929, 45.175345 ], [ -122.756998, 45.177888 ], [ -122.754111, 45.177365 ], [ -122.757698, 45.178809 ], [ -122.751959, 45.181805 ], [ -122.760504, 45.182983 ], [ -122.754939, 45.184627 ], [ -122.755827, 45.186158 ], [ -122.758034, 45.185976 ], [ -122.757859, 45.187205 ], [ -122.754142, 45.186099 ], [ -122.753124, 45.18719 ], [ -122.756717, 45.189037 ], [ -122.753348, 45.189424 ], [ -122.755171, 45.191615 ], [ -122.75977, 45.190022 ], [ -122.759987, 45.194606 ], [ -122.755941, 45.195708 ], [ -122.756692, 45.193235 ], [ -122.752763, 45.191738 ], [ -122.751471, 45.193304 ], [ -122.754834, 45.196584 ], [ -122.75145, 45.195943 ], [ -122.751372, 45.19441 ], [ -122.749787, 45.195108 ], [ -122.75038, 45.199122 ], [ -122.754526, 45.200041 ], [ -122.753221, 45.201661 ], [ -122.758957, 45.200836 ], [ -122.759069, 45.204561 ], [ -122.755668, 45.207358 ], [ -122.759071, 45.208351 ], [ -122.752527, 45.209726 ], [ -122.753387, 45.212319 ], [ -122.747797, 45.211209 ], [ -122.748714, 45.213962 ], [ -122.74532, 45.216072 ], [ -122.748091, 45.22069 ], [ -122.746575, 45.221769 ], [ -122.746904, 45.225874 ], [ -122.74989, 45.229083 ], [ -122.752597, 45.229089 ], [ -122.748109, 45.231213 ], [ -122.746146, 45.22921 ], [ -122.745259, 45.232631 ], [ -122.747366, 45.233539 ], [ -122.750174, 45.232221 ], [ -122.750607, 45.235783 ], [ -122.747518, 45.235704 ], [ -122.748673, 45.238017 ], [ -122.751199, 45.238306 ], [ -122.750262, 45.240799 ], [ -122.751978, 45.242658 ], [ -122.749707, 45.243606 ], [ -122.750906, 45.246564 ], [ -122.747227, 45.249045 ], [ -122.747831, 45.251976 ], [ -122.743598, 45.250982 ], [ -122.744454, 45.253444 ], [ -122.743241, 45.256298 ], [ -122.74112, 45.257031 ], [ -122.74144, 45.259049 ], [ -122.738988, 45.259532 ], [ -122.784848, 45.259575 ], [ -122.7849, 45.274069 ], [ -122.834576, 45.274058 ], [ -122.84674, 45.261388 ], [ -122.859866, 45.254227 ], [ -122.867179, 45.252972 ], [ -122.879998, 45.254598 ], [ -122.89162, 45.258186 ], [ -122.899528, 45.256719 ], [ -122.912621, 45.266203 ], [ -122.919112, 45.268065 ], [ -122.94868, 45.267844 ], [ -122.962978, 45.284395 ], [ -122.967228, 45.285149 ], [ -122.971659, 45.283041 ], [ -122.974572, 45.280223 ], [ -122.975065, 45.276008 ], [ -122.977346, 45.273068 ], [ -122.994587, 45.265818 ], [ -123.000788, 45.259347 ], [ -123.001527, 45.254877 ], [ -122.999097, 45.243126 ], [ -122.995372, 45.236617 ], [ -122.996221, 45.230698 ], [ -122.999551, 45.22379 ], [ -123.003867, 45.22217 ], [ -123.03763, 45.222542 ], [ -123.047713, 45.215942 ], [ -123.051106, 45.211305 ], [ -123.045776, 45.20087 ], [ -123.043591, 45.199359 ], [ -123.037007, 45.199362 ], [ -123.02645, 45.202203 ], [ -123.022504, 45.201273 ], [ -123.01971, 45.198661 ], [ -123.019007, 45.189767 ], [ -123.015207, 45.176693 ], [ -123.001589, 45.167141 ], [ -123.000726, 45.16452 ], [ -123.007346, 45.159498 ], [ -123.019193, 45.162986 ], [ -123.027677, 45.161618 ], [ -123.03285, 45.154982 ], [ -123.032638, 45.14692 ], [ -123.028136, 45.141313 ], [ -123.014465, 45.13635 ], [ -123.009613, 45.128862 ], [ -122.998526, 45.12109 ], [ -122.996568, 45.117286 ], [ -123.005564, 45.111091 ], [ -123.014574, 45.101967 ], [ -123.028728, 45.100383 ], [ -123.03584, 45.097873 ], [ -123.046115, 45.089197 ], [ -123.065561, 45.080574 ], [ -123.068392, 45.077929 ], [ -123.068271, 45.074864 ], [ -123.784218, 45.076655 ], [ -123.784157, 45.144694 ], [ -123.785567, 45.159712 ], [ -123.784207, 45.173379 ], [ -123.78454, 45.216294 ], [ -123.463518, 45.216312 ], [ -123.462316, 45.338491 ], [ -123.465734, 45.417388 ], [ -123.46488, 45.433332 ], [ -123.48608, 45.433199 ], [ -123.485441, 45.447136 ], [ -123.463883, 45.44726 ], [ -123.461962, 45.462109 ], [ -123.461181, 45.49156 ], [ -123.441119, 45.491273 ], [ -123.440737, 45.50533 ], [ -123.442721, 45.521115 ], [ -123.421968, 45.521408 ], [ -123.421935, 45.535376 ], [ -123.402146, 45.535646 ], [ -123.40205, 45.550068 ], [ -123.361147, 45.549902 ], [ -123.361131, 45.578779 ], [ -123.319997, 45.578684 ], [ -123.320211, 45.592984 ], [ -123.299258, 45.593017 ], [ -123.299438, 45.607247 ], [ -123.340332, 45.607455 ], [ -123.340499, 45.622201 ], [ -123.380663, 45.621985 ], [ -123.380216, 45.635752 ], [ -123.423273, 45.636176 ], [ -123.423002, 45.65062 ], [ -123.443849, 45.650678 ], [ -123.443752, 45.665126 ], [ -123.464087, 45.66514 ], [ -123.464357, 45.679274 ], [ -123.485124, 45.67925 ], [ -123.484726, 45.708764 ], [ -123.361028, 45.708696 ], [ -123.361622, 45.779579 ], [ -123.358826, 45.836657 ], [ -123.360627, 45.866592 ], [ -123.359614, 46.039372 ], [ -123.367438, 46.039528 ], [ -123.363743, 46.146333 ], [ -123.280166, 46.144843 ], [ -123.213054, 46.172541 ], [ -123.166416, 46.188979 ], [ -123.115904, 46.185268 ], [ -123.106594, 46.178309 ], [ -123.051064, 46.153599 ], [ -123.041297, 46.146351 ], [ -123.004233, 46.133823 ], [ -122.962681, 46.104817 ], [ -122.904119, 46.083734 ], [ -122.884478, 46.06028 ], [ -122.878091, 46.03128 ], [ -122.856158, 46.014469 ], [ -122.837638, 45.980821 ], [ -122.813999, 45.960983 ], [ -122.806187, 45.932416 ], [ -122.811218, 45.913861 ] ] ] ] } },
{ "type": "Feature", "properties": { "CSAFP": "430", "CBSAFP": "38300", "GEOID": "38300", "GEOIDFQ": "310M700US38300", "NAME": "Pittsburgh, PA", "NAMELSAD": "Pittsburgh, PA Metro Area", "LSAD": "M1", "MEMI": "1", "MTFCC": "G3110", "ALAND": 14608371719, "AWATER": 168045111, "INTPTLAT": "+40.4713315", "INTPTLON": "-079.8639858", "GEO_ID": "310M700US38300", "NAME_2": "Pittsburgh, PA Metro Area", "DP05_0001E": "2439940", "DP05_0001M": "*****" }, "geometry": { "type": "MultiPolygon", "coordinates": [ [ [ [ -80.327801, 41.127185 ], [ -80.257933, 41.128165 ], [ -80.257945, 41.11723 ], [ -80.147303, 41.113917 ], [ -80.096861, 41.069804 ], [ -80.047064, 41.12064 ], [ -79.999779, 41.171861 ], [ -79.694984, 41.172865 ], [ -79.683627, 41.16485 ], [ -79.679604, 41.159646 ], [ -79.680244, 41.155741 ], [ -79.686151, 41.14881 ], [ -79.686719, 41.145077 ], [ -79.679633, 41.137118 ], [ -79.678773, 41.133351 ], [ -79.679375, 41.114783 ], [ -79.68134, 41.106589 ], [ -79.679302, 41.091153 ], [ -79.675289, 41.08366 ], [ -79.663962, 41.077426 ], [ -79.655527, 41.068429 ], [ -79.657223, 41.064002 ], [ -79.666579, 41.057149 ], [ -79.666233, 41.049803 ], [ -79.662629, 41.047382 ], [ -79.649789, 41.044473 ], [ -79.636814, 41.037934 ], [ -79.619365, 41.033348 ], [ -79.611025, 41.033923 ], [ -79.60398, 41.037229 ], [ -79.600056, 41.036101 ], [ -79.598891, 41.032741 ], [ -79.600772, 41.025252 ], [ -79.609012, 41.012642 ], [ -79.609458, 41.007218 ], [ -79.607262, 41.005273 ], [ -79.595393, 41.005092 ], [ -79.587951, 41.003243 ], [ -79.581934, 40.998245 ], [ -79.581578, 40.99404 ], [ -79.58649, 40.991272 ], [ -79.598455, 40.994574 ], [ -79.609389, 40.993622 ], [ -79.619617, 40.988543 ], [ -79.623491, 40.98456 ], [ -79.624494, 40.979992 ], [ -79.623136, 40.976703 ], [ -79.618352, 40.974142 ], [ -79.596378, 40.96861 ], [ -79.590091, 40.969945 ], [ -79.581096, 40.980418 ], [ -79.570353, 40.98564 ], [ -79.560108, 40.984849 ], [ -79.552624, 40.97978 ], [ -79.540035, 40.984514 ], [ -79.535822, 40.980063 ], [ -79.528614, 40.978413 ], [ -79.522428, 40.974958 ], [ -79.515232, 40.977839 ], [ -79.514764, 40.980251 ], [ -79.517836, 40.983965 ], [ -79.51676, 40.986274 ], [ -79.514012, 40.986809 ], [ -79.507405, 40.984045 ], [ -79.505148, 40.976848 ], [ -79.493658, 40.977901 ], [ -79.492778, 40.980888 ], [ -79.494785, 40.986181 ], [ -79.487894, 40.995583 ], [ -79.470987, 40.993964 ], [ -79.463203, 40.989958 ], [ -79.456335, 40.990953 ], [ -79.455892, 40.988175 ], [ -79.462151, 40.984967 ], [ -79.460803, 40.982283 ], [ -79.451022, 40.98173 ], [ -79.441879, 40.987363 ], [ -79.428635, 40.985474 ], [ -79.424845, 40.988658 ], [ -79.422851, 40.992825 ], [ -79.421238, 41.002676 ], [ -79.412319, 41.008471 ], [ -79.409644, 41.006064 ], [ -79.414309, 41.001956 ], [ -79.414691, 40.999439 ], [ -79.412474, 40.997914 ], [ -79.404653, 40.997789 ], [ -79.406091, 40.99061 ], [ -79.40395, 40.98825 ], [ -79.398174, 40.989269 ], [ -79.394714, 40.99475 ], [ -79.390367, 40.993403 ], [ -79.383786, 40.995206 ], [ -79.378091, 40.994347 ], [ -79.377711, 40.990926 ], [ -79.38487, 40.99009 ], [ -79.386684, 40.987488 ], [ -79.384048, 40.98511 ], [ -79.377455, 40.985644 ], [ -79.374611, 40.984382 ], [ -79.380974, 40.979881 ], [ -79.382217, 40.975336 ], [ -79.381512, 40.969521 ], [ -79.376059, 40.968377 ], [ -79.372172, 40.970197 ], [ -79.369387, 40.975293 ], [ -79.371566, 40.982561 ], [ -79.371477, 40.988496 ], [ -79.363827, 41.00285 ], [ -79.360808, 41.003708 ], [ -79.356341, 40.999796 ], [ -79.346325, 40.997685 ], [ -79.339357, 41.002394 ], [ -79.337069, 41.002371 ], [ -79.333869, 40.999033 ], [ -79.317023, 41.002525 ], [ -79.302571, 41.013531 ], [ -79.298988, 41.011601 ], [ -79.283006, 41.009645 ], [ -79.273985, 41.017615 ], [ -79.26757, 41.020225 ], [ -79.260656, 41.029345 ], [ -79.242046, 41.035343 ], [ -79.236479, 41.042031 ], [ -79.230423, 41.045851 ], [ -79.215214, 41.050515 ], [ -79.215201, 41.048933 ], [ -79.210197, 41.049091 ], [ -79.212545, 40.960527 ], [ -79.215706, 40.94005 ], [ -79.215215, 40.775942 ], [ -79.37783, 40.603959 ], [ -79.450176, 40.530149 ], [ -79.44964, 40.526792 ], [ -79.459045, 40.520457 ], [ -79.459738, 40.516737 ], [ -79.453935, 40.505529 ], [ -79.455394, 40.500474 ], [ -79.452462, 40.48943 ], [ -79.453765, 40.48425 ], [ -79.446694, 40.480869 ], [ -79.43846, 40.486737 ], [ -79.429526, 40.48859 ], [ -79.42848, 40.483398 ], [ -79.421315, 40.470598 ], [ -79.41569, 40.470572 ], [ -79.406631, 40.474301 ], [ -79.394504, 40.45598 ], [ -79.381753, 40.452697 ], [ -79.374191, 40.453693 ], [ -79.369591, 40.456604 ], [ -79.366334, 40.465966 ], [ -79.366698, 40.476274 ], [ -79.362056, 40.478678 ], [ -79.358595, 40.477916 ], [ -79.357319, 40.475206 ], [ -79.362457, 40.462503 ], [ -79.360526, 40.454095 ], [ -79.357901, 40.452343 ], [ -79.351493, 40.451794 ], [ -79.346362, 40.45348 ], [ -79.345408, 40.467212 ], [ -79.34028, 40.470573 ], [ -79.332434, 40.462994 ], [ -79.330267, 40.453851 ], [ -79.32863, 40.452551 ], [ -79.325409, 40.452699 ], [ -79.322078, 40.456732 ], [ -79.317744, 40.458804 ], [ -79.300961, 40.461236 ], [ -79.297631, 40.455796 ], [ -79.301677, 40.451356 ], [ -79.299897, 40.444912 ], [ -79.301751, 40.439291 ], [ -79.301284, 40.435212 ], [ -79.297278, 40.434656 ], [ -79.289409, 40.436673 ], [ -79.283785, 40.442683 ], [ -79.273203, 40.439535 ], [ -79.269351, 40.428517 ], [ -79.273974, 40.420339 ], [ -79.272856, 40.418411 ], [ -79.268413, 40.416838 ], [ -79.263281, 40.416763 ], [ -79.256638, 40.420198 ], [ -79.246872, 40.432197 ], [ -79.240175, 40.429991 ], [ -79.230695, 40.430186 ], [ -79.214783, 40.424458 ], [ -79.206513, 40.415032 ], [ -79.20073, 40.4109 ], [ -79.191197, 40.415221 ], [ -79.173713, 40.410622 ], [ -79.154501, 40.411338 ], [ -79.152051, 40.408766 ], [ -79.154002, 40.401701 ], [ -79.152698, 40.399234 ], [ -79.148324, 40.397576 ], [ -79.135005, 40.398304 ], [ -79.115994, 40.393516 ], [ -79.115339, 40.389367 ], [ -79.120828, 40.389928 ], [ -79.128677, 40.385056 ], [ -79.127116, 40.375068 ], [ -79.121634, 40.370576 ], [ -79.109309, 40.373318 ], [ -79.10418, 40.369436 ], [ -79.099589, 40.368937 ], [ -79.096769, 40.370725 ], [ -79.09501, 40.375909 ], [ -79.090527, 40.380243 ], [ -79.087816, 40.387441 ], [ -79.082965, 40.389582 ], [ -79.076018, 40.386911 ], [ -79.069885, 40.380414 ], [ -79.064553, 40.379002 ], [ -79.058882, 40.38032 ], [ -79.057531, 40.383753 ], [ -79.051885, 40.389286 ], [ -79.041963, 40.391608 ], [ -79.040521, 40.39563 ], [ -79.035601, 40.39635 ], [ -79.031898, 40.402408 ], [ -79.028422, 40.40467 ], [ -79.028154, 40.407056 ], [ -79.033527, 40.40885 ], [ -79.034195, 40.412109 ], [ -79.032607, 40.417499 ], [ -79.027837, 40.419574 ], [ -79.012357, 40.419581 ], [ -78.996637, 40.413256 ], [ -78.98887, 40.411974 ], [ -78.973814, 40.395421 ], [ -78.998171, 40.356169 ], [ -79.006078, 40.351203 ], [ -79.009933, 40.340477 ], [ -79.015368, 40.339187 ], [ -79.020019, 40.335605 ], [ -79.024657, 40.326911 ], [ -79.03039, 40.322101 ], [ -79.031204, 40.3181 ], [ -79.036942, 40.314062 ], [ -79.037295, 40.307259 ], [ -79.045047, 40.299647 ], [ -79.051635, 40.290092 ], [ -79.055121, 40.289178 ], [ -79.056646, 40.278604 ], [ -79.059378, 40.275767 ], [ -79.067963, 40.272471 ], [ -79.073659, 40.266579 ], [ -79.075796, 40.261328 ], [ -79.07957, 40.257928 ], [ -79.078166, 40.25236 ], [ -79.086734, 40.245342 ], [ -79.086343, 40.242391 ], [ -79.091609, 40.240412 ], [ -79.094243, 40.237467 ], [ -79.095397, 40.232966 ], [ -79.102446, 40.232165 ], [ -79.100153, 40.231149 ], [ -79.098342, 40.227345 ], [ -79.099344, 40.225268 ], [ -79.104638, 40.224481 ], [ -79.100286, 40.222344 ], [ -79.103534, 40.220142 ], [ -79.103182, 40.217909 ], [ -79.105547, 40.217011 ], [ -79.109072, 40.218324 ], [ -79.106981, 40.214306 ], [ -79.114076, 40.210628 ], [ -79.1146, 40.205039 ], [ -79.126157, 40.200391 ], [ -79.123739, 40.193018 ], [ -79.127711, 40.18735 ], [ -79.125963, 40.184999 ], [ -79.126744, 40.183281 ], [ -79.134393, 40.178722 ], [ -79.143306, 40.179889 ], [ -79.140025, 40.163899 ], [ -79.149768, 40.160373 ], [ -79.161263, 40.160869 ], [ -79.160494, 40.156884 ], [ -79.162754, 40.154062 ], [ -79.163231, 40.14587 ], [ -79.162202, 40.14277 ], [ -79.165825, 40.138691 ], [ -79.167626, 40.128783 ], [ -79.172304, 40.126111 ], [ -79.174249, 40.120604 ], [ -79.180358, 40.116399 ], [ -79.183619, 40.110686 ], [ -79.187025, 40.10955 ], [ -79.191181, 40.109789 ], [ -79.193974, 40.111895 ], [ -79.19713, 40.118704 ], [ -79.202191, 40.11764 ], [ -79.20295, 40.114926 ], [ -79.210155, 40.11887 ], [ -79.213791, 40.117991 ], [ -79.220864, 40.112737 ], [ -79.22262, 40.104171 ], [ -79.226672, 40.09825 ], [ -79.23746, 40.096231 ], [ -79.240087, 40.094708 ], [ -79.240593, 40.092335 ], [ -79.246786, 40.09371 ], [ -79.256005, 40.088463 ], [ -79.258921, 40.079794 ], [ -79.264387, 40.078668 ], [ -79.267739, 40.074268 ], [ -79.267245, 40.065868 ], [ -79.271351, 40.064238 ], [ -79.278766, 40.055537 ], [ -79.278214, 40.050336 ], [ -79.28431, 40.048246 ], [ -79.288578, 40.041775 ], [ -79.293884, 40.040446 ], [ -79.338466, 39.982014 ], [ -79.342585, 39.982056 ], [ -79.342538, 39.976303 ], [ -79.35416, 39.960673 ], [ -79.35412, 39.958064 ], [ -79.356005, 39.958164 ], [ -79.372884, 39.936522 ], [ -79.378303, 39.936651 ], [ -79.378258, 39.933135 ], [ -79.383282, 39.92756 ], [ -79.382249, 39.926846 ], [ -79.383957, 39.924494 ], [ -79.391562, 39.919504 ], [ -79.387624, 39.915696 ], [ -79.398718, 39.900628 ], [ -79.417558, 39.853776 ], [ -79.381956, 39.836861 ], [ -79.381159, 39.834782 ], [ -79.383196, 39.828826 ], [ -79.382068, 39.827082 ], [ -79.373333, 39.827767 ], [ -79.369107, 39.824671 ], [ -79.365695, 39.820546 ], [ -79.363957, 39.806777 ], [ -79.368849, 39.801458 ], [ -79.367057, 39.793277 ], [ -79.362557, 39.788477 ], [ -79.352857, 39.788377 ], [ -79.351257, 39.786577 ], [ -79.354457, 39.782477 ], [ -79.358557, 39.781377 ], [ -79.380058, 39.790077 ], [ -79.383058, 39.782477 ], [ -79.391458, 39.784377 ], [ -79.394958, 39.783377 ], [ -79.391658, 39.777977 ], [ -79.380258, 39.773177 ], [ -79.378658, 39.768877 ], [ -79.386258, 39.761877 ], [ -79.398558, 39.758277 ], [ -79.399658, 39.754377 ], [ -79.394158, 39.747277 ], [ -79.394058, 39.743277 ], [ -79.407959, 39.741977 ], [ -79.409959, 39.734978 ], [ -79.392659, 39.732678 ], [ -79.389459, 39.727078 ], [ -79.392459, 39.721578 ], [ -79.91628, 39.720777 ], [ -79.906174, 39.733394 ], [ -79.903379, 39.742978 ], [ -79.913079, 39.751677 ], [ -79.92248, 39.753477 ], [ -79.93078, 39.757877 ], [ -79.93468, 39.764677 ], [ -79.932978, 39.771203 ], [ -79.934411, 39.781277 ], [ -79.930584, 39.785875 ], [ -79.913978, 39.787977 ], [ -79.909478, 39.791077 ], [ -79.908577, 39.793477 ], [ -79.910177, 39.799577 ], [ -79.920643, 39.813415 ], [ -79.921716, 39.831324 ], [ -79.924376, 39.838176 ], [ -79.935877, 39.841376 ], [ -79.938577, 39.844876 ], [ -79.936108, 39.848136 ], [ -79.92465, 39.855056 ], [ -79.924777, 39.858783 ], [ -79.930276, 39.866176 ], [ -79.930276, 39.869276 ], [ -79.927675, 39.871976 ], [ -79.917311, 39.876236 ], [ -79.915358, 39.879612 ], [ -79.91627, 39.883468 ], [ -79.923358, 39.893275 ], [ -79.929406, 39.905675 ], [ -79.928046, 39.911387 ], [ -79.923325, 39.917739 ], [ -79.923325, 39.921547 ], [ -79.943757, 39.944011 ], [ -79.957246, 39.953274 ], [ -79.972654, 39.955306 ], [ -79.993711, 39.949386 ], [ -79.998816, 39.95089 ], [ -80.007584, 39.956666 ], [ -80.010368, 39.962282 ], [ -80.009983, 39.975578 ], [ -80.005855, 39.980202 ], [ -79.998014, 39.983322 ], [ -79.998766, 39.98425 ], [ -80.007429, 39.984576 ], [ -80.018017, 39.977489 ], [ -80.03239, 39.984141 ], [ -80.03381, 39.982601 ], [ -80.031937, 39.977691 ], [ -80.039778, 39.9741 ], [ -80.048292, 39.978527 ], [ -80.048696, 39.980478 ], [ -80.044686, 39.984824 ], [ -80.048497, 39.985136 ], [ -80.050666, 39.989645 ], [ -80.038962, 39.996628 ], [ -80.044352, 39.998563 ], [ -80.044464, 40.001171 ], [ -80.04912, 40.00669 ], [ -80.057041, 40.003538 ], [ -80.059185, 40.00413 ], [ -80.057639, 40.007422 ], [ -80.058814, 40.009339 ], [ -80.066267, 40.005755 ], [ -80.067992, 40.002914 ], [ -80.086114, 39.990313 ], [ -80.097826, 39.99197 ], [ -80.105732, 39.990956 ], [ -80.111043, 39.98815 ], [ -80.118308, 39.991289 ], [ -80.12951, 39.988406 ], [ -80.136409, 39.992587 ], [ -80.150983, 39.994413 ], [ -80.152091, 39.996203 ], [ -80.155271, 39.996542 ], [ -80.15512, 39.998968 ], [ -80.157521, 39.999627 ], [ -80.160456, 40.003339 ], [ -80.169479, 40.006263 ], [ -80.171787, 40.00545 ], [ -80.175921, 40.008138 ], [ -80.181172, 40.006694 ], [ -80.182587, 40.003091 ], [ -80.187751, 40.003302 ], [ -80.19047, 40.001764 ], [ -80.19389, 40.004913 ], [ -80.200601, 40.00307 ], [ -80.208453, 40.005096 ], [ -80.214792, 40.002804 ], [ -80.22281, 40.004662 ], [ -80.226427, 40.007756 ], [ -80.241505, 40.009499 ], [ -80.2443, 40.007045 ], [ -80.251755, 40.007783 ], [ -80.252936, 40.005184 ], [ -80.256647, 40.003086 ], [ -80.258805, 40.004125 ], [ -80.265877, 40.001618 ], [ -80.273355, 40.002376 ], [ -80.276075, 40.005519 ], [ -80.271966, 40.007729 ], [ -80.273318, 40.013328 ], [ -80.284842, 40.012137 ], [ -80.287421, 40.019206 ], [ -80.292077, 40.02059 ], [ -80.294589, 40.018539 ], [ -80.301396, 40.020559 ], [ -80.310213, 40.017654 ], [ -80.31082, 40.013676 ], [ -80.309, 40.012183 ], [ -80.308854, 40.006463 ], [ -80.312568, 40.003293 ], [ -80.317484, 40.003304 ], [ -80.321914, 40.005922 ], [ -80.329808, 40.005457 ], [ -80.344067, 40.000428 ], [ -80.350566, 40.000562 ], [ -80.356317, 39.996836 ], [ -80.372275, 39.996572 ], [ -80.391202, 39.987955 ], [ -80.395778, 39.983517 ], [ -80.396475, 39.97789 ], [ -80.401687, 39.978675 ], [ -80.406713, 39.976756 ], [ -80.412921, 39.976955 ], [ -80.419952, 39.975416 ], [ -80.422367, 39.972446 ], [ -80.425379, 39.97188 ], [ -80.433595, 39.977404 ], [ -80.438907, 39.977055 ], [ -80.440202, 39.975459 ], [ -80.444187, 39.976036 ], [ -80.445412, 39.975528 ], [ -80.443677, 39.973139 ], [ -80.446975, 39.971152 ], [ -80.448711, 39.966504 ], [ -80.450911, 39.96781 ], [ -80.450996, 39.970853 ], [ -80.453551, 39.973352 ], [ -80.456381, 39.969397 ], [ -80.461532, 39.967151 ], [ -80.459145, 39.963072 ], [ -80.4636, 39.960905 ], [ -80.470289, 39.961373 ], [ -80.466115, 39.956803 ], [ -80.466605, 39.954736 ], [ -80.471533, 39.954671 ], [ -80.475277, 39.952065 ], [ -80.490082, 39.954499 ], [ -80.490567, 39.956922 ], [ -80.486691, 39.959884 ], [ -80.487995, 39.961443 ], [ -80.493003, 39.958755 ], [ -80.499767, 39.957598 ], [ -80.501331, 39.956462 ], [ -80.500943, 39.953784 ], [ -80.509882, 39.959299 ], [ -80.514683, 39.960242 ], [ -80.518002, 39.963515 ], [ -80.519091, 39.9622 ], [ -80.519039, 40.342109 ], [ -80.517689, 40.462217 ], [ -80.51899, 40.473667 ], [ -80.519228, 40.53346 ], [ -80.519037, 41.125093 ], [ -80.327801, 41.127185 ] ] ] ] } },
{ "type": "Feature", "properties": { "CSAFP": null, "CBSAFP": "40060", "GEOID": "40060", "GEOIDFQ": "310M700US40060", "NAME": "Richmond, VA", "NAMELSAD": "Richmond, VA Metro Area", "LSAD": "M1", "MEMI": "1", "MTFCC": "G3110", "ALAND": 11303507131, "AWATER": 330861677, "INTPTLAT": "+37.4122374", "INTPTLON": "-077.4437202", "GEO_ID": "310M700US40060", "NAME_2": "Richmond, VA Metro Area", "DP05_0001E": "1341248", "DP05_0001M": "*****" }, "geometry": { "type": "MultiPolygon", "coordinates": [ [ [ [ -77.139392, 37.126449 ], [ -77.155967, 37.113947 ], [ -77.15573, 37.109327 ], [ -77.153078, 37.104247 ], [ -77.148393, 37.101407 ], [ -77.143564, 37.101269 ], [ -77.13922, 37.104151 ], [ -77.13705, 37.10161 ], [ -77.132135, 37.101287 ], [ -77.130652, 37.097213 ], [ -77.127281, 37.097097 ], [ -77.125736, 37.098904 ], [ -77.121705, 37.098307 ], [ -77.119021, 37.100872 ], [ -77.111391, 37.100624 ], [ -77.10956, 37.096413 ], [ -77.106445, 37.09527 ], [ -77.108444, 37.093919 ], [ -77.108271, 37.091173 ], [ -77.103098, 37.088727 ], [ -77.103726, 37.086552 ], [ -77.102296, 37.084333 ], [ -77.099182, 37.083808 ], [ -77.093698, 37.086327 ], [ -77.089697, 37.082552 ], [ -77.079557, 37.084477 ], [ -77.07767, 37.080952 ], [ -77.079098, 37.077771 ], [ -77.076755, 37.076993 ], [ -77.077382, 37.074155 ], [ -77.075468, 37.072324 ], [ -77.078523, 37.068479 ], [ -77.07561, 37.066511 ], [ -77.068613, 37.06793 ], [ -77.066613, 37.065756 ], [ -77.063272, 37.066695 ], [ -77.059406, 37.064428 ], [ -77.055791, 37.064772 ], [ -77.049625, 37.062601 ], [ -77.045264, 37.065664 ], [ -77.044621, 37.070196 ], [ -77.038852, 37.068959 ], [ -77.035796, 37.070103 ], [ -77.033511, 37.066463 ], [ -77.031169, 37.066806 ], [ -77.016749, 37.061263 ], [ -77.014667, 37.057898 ], [ -77.00627, 37.058169 ], [ -77.006643, 37.054553 ], [ -77.003071, 37.051437 ], [ -76.984683, 37.049653 ], [ -76.983129, 37.053753 ], [ -76.979474, 37.053457 ], [ -76.977587, 37.050711 ], [ -76.97005, 37.054559 ], [ -76.965196, 37.054514 ], [ -76.965936, 37.049959 ], [ -76.963621, 37.043116 ], [ -76.969558, 37.040162 ], [ -76.967387, 37.036249 ], [ -76.968499, 37.034143 ], [ -76.966068, 37.000151 ], [ -76.953546, 36.94445 ], [ -77.002146, 36.920726 ], [ -77.124689, 36.856285 ], [ -77.249703, 36.795549 ], [ -77.344798, 36.752586 ], [ -77.430951, 36.707218 ], [ -77.432643, 36.710308 ], [ -77.438432, 36.709804 ], [ -77.437176, 36.711518 ], [ -77.44182, 36.709742 ], [ -77.45269, 36.713929 ], [ -77.467757, 36.715393 ], [ -77.471311, 36.718989 ], [ -77.478703, 36.719627 ], [ -77.4824, 36.721868 ], [ -77.489855, 36.720943 ], [ -77.458678, 36.862963 ], [ -77.475194, 36.861127 ], [ -77.491243, 36.848474 ], [ -77.50122, 36.845077 ], [ -77.51036, 36.845082 ], [ -77.514487, 36.847944 ], [ -77.531598, 36.853254 ], [ -77.545721, 36.852619 ], [ -77.553723, 36.846235 ], [ -77.557538, 36.845572 ], [ -77.564147, 36.848892 ], [ -77.567276, 36.8531 ], [ -77.577037, 36.852534 ], [ -77.580148, 36.856301 ], [ -77.586613, 36.859183 ], [ -77.589093, 36.865041 ], [ -77.594735, 36.87108 ], [ -77.604596, 36.87155 ], [ -77.604187, 36.87551 ], [ -77.606154, 36.877269 ], [ -77.613737, 36.875837 ], [ -77.625291, 36.880518 ], [ -77.63195, 36.888115 ], [ -77.637627, 36.886651 ], [ -77.638878, 36.884837 ], [ -77.638485, 36.88221 ], [ -77.632244, 36.878875 ], [ -77.633369, 36.875406 ], [ -77.640841, 36.87447 ], [ -77.647838, 36.881175 ], [ -77.645452, 36.889421 ], [ -77.648932, 36.897937 ], [ -77.652178, 36.898069 ], [ -77.654579, 36.894683 ], [ -77.663907, 36.894668 ], [ -77.67607, 36.904235 ], [ -77.686811, 36.90666 ], [ -77.691284, 36.905104 ], [ -77.694619, 36.906591 ], [ -77.700889, 36.91643 ], [ -77.715194, 36.914802 ], [ -77.716733, 36.917227 ], [ -77.714684, 36.92217 ], [ -77.715084, 36.92622 ], [ -77.723096, 36.932578 ], [ -77.727805, 36.943377 ], [ -77.737984, 36.946164 ], [ -77.741069, 36.95337 ], [ -77.743861, 36.951538 ], [ -77.746371, 36.953092 ], [ -77.744321, 36.956548 ], [ -77.745606, 36.95895 ], [ -77.750099, 36.956618 ], [ -77.75557, 36.956209 ], [ -77.761755, 36.961611 ], [ -77.762035, 36.96978 ], [ -77.76554, 36.974655 ], [ -77.771784, 36.976281 ], [ -77.777972, 36.974956 ], [ -77.780881, 36.976375 ], [ -77.781907, 36.979441 ], [ -77.790433, 36.981067 ], [ -77.794311, 36.984362 ], [ -77.810111, 36.983378 ], [ -77.819438, 36.98967 ], [ -77.832644, 36.991315 ], [ -77.834641, 36.992756 ], [ -77.834043, 36.994038 ], [ -77.839834, 36.995912 ], [ -77.842829, 36.995728 ], [ -77.850182, 36.991264 ], [ -77.850695, 36.988107 ], [ -77.852111, 36.99125 ], [ -77.855105, 36.991433 ], [ -77.855268, 36.989996 ], [ -77.862288, 36.992182 ], [ -77.865031, 36.988473 ], [ -77.872082, 36.991785 ], [ -77.87551, 36.990113 ], [ -77.882581, 36.991672 ], [ -77.886576, 36.988242 ], [ -77.889813, 36.988818 ], [ -77.900338, 37.143882 ], [ -77.893236, 37.1462 ], [ -77.887585, 37.144671 ], [ -77.875889, 37.147933 ], [ -77.86652, 37.152879 ], [ -77.864238, 37.156263 ], [ -77.857508, 37.160428 ], [ -77.85562, 37.164058 ], [ -77.84572, 37.165148 ], [ -77.841687, 37.16985 ], [ -77.837653, 37.168813 ], [ -77.831966, 37.170308 ], [ -77.824493, 37.167163 ], [ -77.815972, 37.168525 ], [ -77.806064, 37.175828 ], [ -77.804191, 37.182077 ], [ -77.805069, 37.183109 ], [ -77.799448, 37.185305 ], [ -77.799084, 37.189764 ], [ -77.795926, 37.192592 ], [ -77.856209, 37.209958 ], [ -78.231234, 37.29622 ], [ -78.235039, 37.368102 ], [ -78.233536, 37.369986 ], [ -78.239681, 37.374129 ], [ -78.240597, 37.376974 ], [ -78.237097, 37.377437 ], [ -78.231258, 37.383547 ], [ -78.220344, 37.388179 ], [ -78.217001, 37.397964 ], [ -78.205141, 37.409176 ], [ -78.204895, 37.415751 ], [ -78.201371, 37.41937 ], [ -78.20173, 37.426326 ], [ -78.194715, 37.427865 ], [ -78.18813, 37.425907 ], [ -78.184953, 37.433646 ], [ -78.186054, 37.439259 ], [ -78.184771, 37.444736 ], [ -78.170638, 37.442675 ], [ -78.1604, 37.449438 ], [ -78.158445, 37.453471 ], [ -78.149704, 37.452536 ], [ -78.139835, 37.459679 ], [ -78.132048, 37.454686 ], [ -78.088679, 37.623916 ], [ -78.089703, 37.62496 ], [ -78.087543, 37.627582 ], [ -78.087948, 37.630965 ], [ -78.091102, 37.630994 ], [ -78.087138, 37.634127 ], [ -78.088498, 37.636304 ], [ -78.086473, 37.638442 ], [ -78.089577, 37.639636 ], [ -78.083584, 37.640861 ], [ -78.081783, 37.643841 ], [ -78.084089, 37.647316 ], [ -78.080278, 37.648477 ], [ -78.079413, 37.650473 ], [ -78.080663, 37.652565 ], [ -78.075329, 37.657254 ], [ -78.072174, 37.657385 ], [ -78.085497, 37.669 ], [ -78.091854, 37.670944 ], [ -78.10489, 37.670622 ], [ -78.109929, 37.674543 ], [ -78.108916, 37.681716 ], [ -78.10094, 37.686918 ], [ -78.090515, 37.697219 ], [ -78.090223, 37.70318 ], [ -78.093798, 37.70945 ], [ -78.104196, 37.718706 ], [ -78.116976, 37.722566 ], [ -78.125879, 37.731935 ], [ -78.134689, 37.738013 ], [ -78.159326, 37.748528 ], [ -78.154463, 37.76337 ], [ -78.083302, 37.871168 ], [ -78.06331, 37.905108 ], [ -78.055572, 37.904378 ], [ -78.043526, 37.894469 ], [ -78.042088, 37.895419 ], [ -78.039109, 37.893861 ], [ -78.037243, 37.890959 ], [ -78.034967, 37.891519 ], [ -77.998471, 37.873057 ], [ -77.992213, 37.866498 ], [ -77.987636, 37.864579 ], [ -77.988695, 37.859717 ], [ -77.993003, 37.859291 ], [ -77.990904, 37.857456 ], [ -77.972183, 37.8522 ], [ -77.94987, 37.851445 ], [ -77.946863, 37.852647 ], [ -77.946234, 37.843244 ], [ -77.940284, 37.838045 ], [ -77.934371, 37.837933 ], [ -77.935129, 37.83652 ], [ -77.931288, 37.835886 ], [ -77.931526, 37.834349 ], [ -77.918909, 37.825323 ], [ -77.907073, 37.821921 ], [ -77.906972, 37.817577 ], [ -77.904273, 37.815238 ], [ -77.904581, 37.812806 ], [ -77.906651, 37.812221 ], [ -77.905668, 37.808697 ], [ -77.89986, 37.808483 ], [ -77.900625, 37.806834 ], [ -77.897181, 37.802928 ], [ -77.898842, 37.799571 ], [ -77.905929, 37.795394 ], [ -77.907721, 37.791982 ], [ -77.90744, 37.785059 ], [ -77.909158, 37.78454 ], [ -77.909645, 37.782198 ], [ -77.9091, 37.776283 ], [ -77.903833, 37.777009 ], [ -77.903722, 37.772948 ], [ -77.901558, 37.772961 ], [ -77.899138, 37.769433 ], [ -77.897556, 37.770846 ], [ -77.893938, 37.767666 ], [ -77.892475, 37.769551 ], [ -77.889849, 37.765329 ], [ -77.890806, 37.762296 ], [ -77.888799, 37.764959 ], [ -77.879399, 37.759705 ], [ -77.881807, 37.757211 ], [ -77.864383, 37.75438 ], [ -77.86389, 37.756723 ], [ -77.857974, 37.759524 ], [ -77.8592, 37.754052 ], [ -77.846818, 37.751971 ], [ -77.844436, 37.749039 ], [ -77.837675, 37.749342 ], [ -77.836882, 37.751728 ], [ -77.82327, 37.747801 ], [ -77.816307, 37.745287 ], [ -77.817949, 37.743712 ], [ -77.814181, 37.741548 ], [ -77.813269, 37.742521 ], [ -77.8091, 37.736197 ], [ -77.800228, 37.732631 ], [ -77.797148, 37.730676 ], [ -77.797322, 37.729318 ], [ -77.768204, 37.802962 ], [ -77.763755, 37.802883 ], [ -77.763797, 37.806951 ], [ -77.759713, 37.81148 ], [ -77.75923, 37.82386 ], [ -77.756543, 37.828308 ], [ -77.754986, 37.841199 ], [ -77.752165, 37.845644 ], [ -77.748739, 37.847419 ], [ -77.75073, 37.84978 ], [ -77.746228, 37.854782 ], [ -77.747432, 37.855957 ], [ -77.739286, 37.87435 ], [ -77.738375, 37.881517 ], [ -77.735854, 37.885327 ], [ -77.733108, 37.885191 ], [ -77.73404, 37.889929 ], [ -77.687469, 38.007806 ], [ -77.680754, 38.007537 ], [ -77.671334, 38.00389 ], [ -77.668217, 38.000639 ], [ -77.667211, 37.997003 ], [ -77.660738, 37.997432 ], [ -77.659447, 37.991913 ], [ -77.649046, 37.994105 ], [ -77.642563, 37.992408 ], [ -77.643299, 37.979245 ], [ -77.636368, 37.977707 ], [ -77.63088, 37.971741 ], [ -77.633389, 37.968355 ], [ -77.632452, 37.9651 ], [ -77.627951, 37.964394 ], [ -77.622395, 37.966907 ], [ -77.619291, 37.965234 ], [ -77.618331, 37.961236 ], [ -77.613874, 37.958973 ], [ -77.618573, 37.951275 ], [ -77.616181, 37.949018 ], [ -77.611345, 37.94984 ], [ -77.608824, 37.954185 ], [ -77.60444, 37.955405 ], [ -77.589106, 37.949199 ], [ -77.580936, 37.950801 ], [ -77.579211, 37.953299 ], [ -77.579639, 37.95567 ], [ -77.576728, 37.958072 ], [ -77.570473, 37.954924 ], [ -77.564173, 37.946515 ], [ -77.566478, 37.942969 ], [ -77.563121, 37.940546 ], [ -77.562618, 37.936732 ], [ -77.556404, 37.935915 ], [ -77.551153, 37.930298 ], [ -77.546174, 37.928217 ], [ -77.547938, 37.926203 ], [ -77.555192, 37.925928 ], [ -77.557331, 37.92354 ], [ -77.556717, 37.9221 ], [ -77.545337, 37.915756 ], [ -77.541738, 37.919308 ], [ -77.537064, 37.921075 ], [ -77.528882, 37.9208 ], [ -77.52692, 37.915665 ], [ -77.521894, 37.911912 ], [ -77.518555, 37.906565 ], [ -77.493526, 37.897469 ], [ -77.492405, 37.889141 ], [ -77.487525, 37.887766 ], [ -77.48417, 37.883369 ], [ -77.478046, 37.883496 ], [ -77.469269, 37.889524 ], [ -77.462173, 37.888165 ], [ -77.455427, 37.890181 ], [ -77.451427, 37.893452 ], [ -77.444816, 37.894493 ], [ -77.442537, 37.888843 ], [ -77.436289, 37.885215 ], [ -77.433223, 37.875206 ], [ -77.42942, 37.873222 ], [ -77.428334, 37.868926 ], [ -77.421989, 37.864929 ], [ -77.421704, 37.862717 ], [ -77.418706, 37.860553 ], [ -77.419133, 37.859002 ], [ -77.420922, 37.858939 ], [ -77.424581, 37.861721 ], [ -77.428128, 37.856598 ], [ -77.426935, 37.854233 ], [ -77.428255, 37.851212 ], [ -77.426652, 37.847849 ], [ -77.429228, 37.842018 ], [ -77.426516, 37.840246 ], [ -77.42875, 37.836185 ], [ -77.426675, 37.832972 ], [ -77.428267, 37.829567 ], [ -77.425735, 37.825282 ], [ -77.41197, 37.823434 ], [ -77.40947, 37.820239 ], [ -77.413731, 37.818596 ], [ -77.412134, 37.816554 ], [ -77.413043, 37.815697 ], [ -77.420618, 37.815645 ], [ -77.422845, 37.8095 ], [ -77.418359, 37.809301 ], [ -77.413016, 37.80524 ], [ -77.40645, 37.802837 ], [ -77.402044, 37.805734 ], [ -77.395928, 37.803832 ], [ -77.398307, 37.790592 ], [ -77.390854, 37.786716 ], [ -77.394045, 37.784353 ], [ -77.403182, 37.78622 ], [ -77.405883, 37.78206 ], [ -77.404501, 37.77977 ], [ -77.399509, 37.779669 ], [ -77.396333, 37.777209 ], [ -77.388348, 37.778854 ], [ -77.37418, 37.77662 ], [ -77.371322, 37.780614 ], [ -77.37069, 37.788242 ], [ -77.362754, 37.788827 ], [ -77.366618, 37.792576 ], [ -77.362504, 37.795232 ], [ -77.36233, 37.797661 ], [ -77.353066, 37.795052 ], [ -77.349339, 37.788893 ], [ -77.345223, 37.789285 ], [ -77.345575, 37.792204 ], [ -77.333055, 37.801484 ], [ -77.330124, 37.805738 ], [ -77.306366, 37.822398 ], [ -77.290735, 37.836262 ], [ -77.288335, 37.843393 ], [ -77.279312, 37.844365 ], [ -77.262184, 37.86395 ], [ -77.25314, 37.869731 ], [ -77.247654, 37.876212 ], [ -77.248486, 37.886157 ], [ -77.242974, 37.899736 ], [ -77.245565, 37.904351 ], [ -77.241422, 37.909712 ], [ -77.235802, 37.910036 ], [ -77.230793, 37.907332 ], [ -77.228254, 37.903734 ], [ -77.2283, 37.89992 ], [ -77.226517, 37.89866 ], [ -77.22321, 37.902677 ], [ -77.221202, 37.9022 ], [ -77.219688, 37.903894 ], [ -77.211493, 37.901163 ], [ -77.210918, 37.896669 ], [ -77.21627, 37.890987 ], [ -77.208825, 37.885715 ], [ -77.204386, 37.887102 ], [ -77.205132, 37.888674 ], [ -77.208913, 37.888597 ], [ -77.20658, 37.891153 ], [ -77.205094, 37.890375 ], [ -77.205193, 37.891992 ], [ -77.200834, 37.891095 ], [ -77.198107, 37.888231 ], [ -77.19209, 37.891771 ], [ -77.187965, 37.891783 ], [ -77.1864, 37.889501 ], [ -77.180364, 37.892199 ], [ -77.179711, 37.897448 ], [ -77.181825, 37.899079 ], [ -77.186746, 37.898316 ], [ -77.18694, 37.901183 ], [ -77.181776, 37.904554 ], [ -77.178311, 37.900847 ], [ -77.17463, 37.904186 ], [ -77.186441, 37.911342 ], [ -77.184812, 37.914132 ], [ -77.182968, 37.914237 ], [ -77.178787, 37.928872 ], [ -77.183966, 37.941515 ], [ -77.178793, 37.94654 ], [ -77.181941, 37.949417 ], [ -77.181019, 37.951032 ], [ -77.167076, 37.96409 ], [ -77.156774, 37.966153 ], [ -77.148571, 37.972017 ], [ -77.143098, 37.971998 ], [ -77.140822, 37.970444 ], [ -77.138107, 37.971877 ], [ -77.122095, 37.970435 ], [ -77.1065, 37.971645 ], [ -77.102676, 37.969466 ], [ -77.099697, 37.964448 ], [ -77.095337, 37.963695 ], [ -77.08547, 37.964996 ], [ -77.080365, 37.968737 ], [ -77.071893, 37.968053 ], [ -77.068623, 37.961639 ], [ -77.064283, 37.958407 ], [ -77.068042, 37.951339 ], [ -77.072136, 37.94935 ], [ -77.073036, 37.94616 ], [ -77.059372, 37.94305 ], [ -77.05569, 37.937839 ], [ -77.055231, 37.930883 ], [ -77.050099, 37.931113 ], [ -77.048411, 37.928485 ], [ -77.043984, 37.92675 ], [ -77.04018, 37.928076 ], [ -77.033619, 37.925278 ], [ -77.031617, 37.921515 ], [ -77.032652, 37.917099 ], [ -77.028459, 37.915321 ], [ -77.02921, 37.9116 ], [ -77.024053, 37.904937 ], [ -77.02553, 37.902757 ], [ -77.027598, 37.902761 ], [ -77.02727, 37.899193 ], [ -77.030803, 37.898432 ], [ -77.028841, 37.893892 ], [ -77.031741, 37.891232 ], [ -77.025344, 37.890251 ], [ -77.02493, 37.887397 ], [ -77.020245, 37.885276 ], [ -77.023658, 37.883663 ], [ -77.024914, 37.881584 ], [ -77.022917, 37.879594 ], [ -77.025143, 37.878212 ], [ -77.039962, 37.876677 ], [ -77.042643, 37.872664 ], [ -77.039249, 37.871269 ], [ -77.038602, 37.868817 ], [ -77.035697, 37.867836 ], [ -77.035512, 37.865818 ], [ -77.032963, 37.864234 ], [ -77.020204, 37.86105 ], [ -77.018194, 37.848729 ], [ -77.018996, 37.844883 ], [ -77.003466, 37.836068 ], [ -76.992618, 37.834594 ], [ -76.991045, 37.837263 ], [ -76.982773, 37.839447 ], [ -76.969882, 37.828592 ], [ -76.954047, 37.82957 ], [ -76.945212, 37.828174 ], [ -76.945452, 37.811106 ], [ -76.941966, 37.806492 ], [ -76.941278, 37.802765 ], [ -76.943197, 37.793712 ], [ -76.943221, 37.782955 ], [ -76.939922, 37.78374 ], [ -76.934414, 37.789873 ], [ -76.926419, 37.791248 ], [ -76.922383, 37.7945 ], [ -76.906446, 37.796236 ], [ -76.888553, 37.790642 ], [ -76.883418, 37.783524 ], [ -76.877666, 37.782098 ], [ -76.871208, 37.783104 ], [ -76.857078, 37.789193 ], [ -76.842628, 37.79804 ], [ -76.819662, 37.792306 ], [ -76.80197, 37.794727 ], [ -76.792006, 37.787655 ], [ -76.790737, 37.786171 ], [ -76.792397, 37.783902 ], [ -76.791967, 37.778803 ], [ -76.789501, 37.771199 ], [ -76.779777, 37.765083 ], [ -76.77208, 37.762322 ], [ -76.768886, 37.755979 ], [ -76.760859, 37.751037 ], [ -76.759475, 37.746712 ], [ -76.755499, 37.743914 ], [ -76.749385, 37.720301 ], [ -76.749457, 37.71439 ], [ -76.751067, 37.711665 ], [ -76.747248, 37.705773 ], [ -76.742961, 37.702968 ], [ -76.742247, 37.698899 ], [ -76.738851, 37.696686 ], [ -76.73876, 37.694261 ], [ -76.732683, 37.688258 ], [ -76.728824, 37.688917 ], [ -76.725317, 37.692013 ], [ -76.728413, 37.675714 ], [ -76.722564, 37.673716 ], [ -76.723373, 37.669593 ], [ -76.721326, 37.664306 ], [ -76.716838, 37.660646 ], [ -76.718415, 37.658077 ], [ -76.710139, 37.655573 ], [ -76.706765, 37.65283 ], [ -76.705859, 37.644122 ], [ -76.695646, 37.638644 ], [ -76.695824, 37.630488 ], [ -76.692995, 37.627407 ], [ -76.691141, 37.627382 ], [ -76.691136, 37.625972 ], [ -76.688041, 37.625532 ], [ -76.68307, 37.617853 ], [ -76.672867, 37.61507 ], [ -76.67036, 37.611758 ], [ -76.667716, 37.611915 ], [ -76.666007, 37.609166 ], [ -76.662524, 37.608696 ], [ -76.661256, 37.60523 ], [ -76.654076, 37.603174 ], [ -76.661768, 37.566777 ], [ -76.663231, 37.56566 ], [ -76.661475, 37.557964 ], [ -76.667624, 37.535118 ], [ -76.666492, 37.533256 ], [ -76.669322, 37.528508 ], [ -76.66765, 37.520348 ], [ -76.657261, 37.508508 ], [ -76.651378, 37.497641 ], [ -76.647829, 37.495636 ], [ -76.648963, 37.494099 ], [ -76.646726, 37.488647 ], [ -76.648563, 37.486802 ], [ -76.645367, 37.485855 ], [ -76.646794, 37.481154 ], [ -76.649244, 37.479559 ], [ -76.649599, 37.481635 ], [ -76.651524, 37.480742 ], [ -76.649138, 37.476835 ], [ -76.652347, 37.476349 ], [ -76.651104, 37.474897 ], [ -76.65196, 37.472523 ], [ -76.655521, 37.473813 ], [ -76.653969, 37.470919 ], [ -76.662623, 37.461776 ], [ -76.662155, 37.457802 ], [ -76.668205, 37.455456 ], [ -76.671105, 37.460459 ], [ -76.673994, 37.461323 ], [ -76.685284, 37.453382 ], [ -76.687006, 37.447882 ], [ -76.691233, 37.447582 ], [ -76.699072, 37.450974 ], [ -76.70353, 37.449747 ], [ -76.704721, 37.448035 ], [ -76.703334, 37.444631 ], [ -76.704131, 37.440536 ], [ -76.712305, 37.431309 ], [ -76.732961, 37.450235 ], [ -76.741984, 37.467076 ], [ -76.756789, 37.461715 ], [ -76.757654, 37.45951 ], [ -76.756375, 37.456428 ], [ -76.760446, 37.458601 ], [ -76.76055, 37.452401 ], [ -76.763643, 37.454194 ], [ -76.7658, 37.451651 ], [ -76.762333, 37.450646 ], [ -76.757995, 37.4455 ], [ -76.759185, 37.444646 ], [ -76.761545, 37.446466 ], [ -76.762574, 37.444525 ], [ -76.759139, 37.444166 ], [ -76.760356, 37.442739 ], [ -76.764028, 37.442913 ], [ -76.765861, 37.440147 ], [ -76.763633, 37.438429 ], [ -76.764431, 37.436953 ], [ -76.76816, 37.439225 ], [ -76.767438, 37.437767 ], [ -76.770496, 37.434929 ], [ -76.771637, 37.435255 ], [ -76.770577, 37.438998 ], [ -76.776893, 37.433923 ], [ -76.777297, 37.43573 ], [ -76.787063, 37.438141 ], [ -76.79254, 37.435495 ], [ -76.808156, 37.44551 ], [ -76.82413, 37.450728 ], [ -76.826947, 37.448893 ], [ -76.856794, 37.448144 ], [ -76.866066, 37.44164 ], [ -76.877356, 37.440051 ], [ -76.886783, 37.433003 ], [ -76.891798, 37.432632 ], [ -76.895433, 37.428043 ], [ -76.890381, 37.420038 ], [ -76.892528, 37.41902 ], [ -76.892259, 37.416784 ], [ -76.894737, 37.414722 ], [ -76.892987, 37.413019 ], [ -76.895101, 37.406821 ], [ -76.894153, 37.400228 ], [ -76.897974, 37.39955 ], [ -76.897814, 37.396101 ], [ -76.900868, 37.395049 ], [ -76.900052, 37.391603 ], [ -76.896702, 37.392011 ], [ -76.892859, 37.38873 ], [ -76.892164, 37.383381 ], [ -76.898308, 37.382526 ], [ -76.898628, 37.385846 ], [ -76.900744, 37.385072 ], [ -76.904471, 37.377665 ], [ -76.89832, 37.375393 ], [ -76.897792, 37.373802 ], [ -76.901139, 37.36998 ], [ -76.909608, 37.365316 ], [ -76.915863, 37.352615 ], [ -76.913304, 37.349989 ], [ -76.907978, 37.349015 ], [ -76.899517, 37.359028 ], [ -76.891162, 37.362096 ], [ -76.88477, 37.368566 ], [ -76.877099, 37.369189 ], [ -76.873507, 37.363415 ], [ -76.880523, 37.351167 ], [ -76.880139, 37.348681 ], [ -76.874685, 37.346012 ], [ -76.873632, 37.342561 ], [ -76.876619, 37.333224 ], [ -76.874685, 37.320434 ], [ -76.880005, 37.309874 ], [ -76.878374, 37.304863 ], [ -76.8716, 37.296348 ], [ -76.872806, 37.293713 ], [ -76.880831, 37.287259 ], [ -76.883076, 37.275924 ], [ -76.88199, 37.271449 ], [ -76.873171, 37.25833 ], [ -76.87468, 37.255911 ], [ -76.884078, 37.250146 ], [ -76.886365, 37.246045 ], [ -76.883156, 37.223057 ], [ -76.910174, 37.223409 ], [ -76.929459, 37.227468 ], [ -76.965634, 37.244045 ], [ -76.972439, 37.248501 ], [ -76.993485, 37.23652 ], [ -76.996057, 37.236403 ], [ -77.000663, 37.23923 ], [ -77.003816, 37.232062 ], [ -77.01273, 37.232372 ], [ -77.014204, 37.228667 ], [ -77.013139, 37.225174 ], [ -77.016763, 37.223237 ], [ -77.018811, 37.219593 ], [ -77.01178, 37.21241 ], [ -77.017877, 37.206958 ], [ -77.023945, 37.20711 ], [ -77.024069, 37.201028 ], [ -77.027297, 37.200093 ], [ -77.029087, 37.201806 ], [ -77.031491, 37.198671 ], [ -77.035009, 37.203227 ], [ -77.03747, 37.201785 ], [ -77.043815, 37.202278 ], [ -77.046311, 37.198514 ], [ -77.043158, 37.195912 ], [ -77.043365, 37.192791 ], [ -77.046055, 37.191441 ], [ -77.058442, 37.190916 ], [ -77.072744, 37.184598 ], [ -77.074202, 37.177915 ], [ -77.077061, 37.174024 ], [ -77.087776, 37.169071 ], [ -77.123847, 37.137983 ], [ -77.139392, 37.126449 ] ] ] ] } },
{ "type": "Feature", "properties": { "CSAFP": "266", "CBSAFP": "24340", "GEOID": "24340", "GEOIDFQ": "310M700US24340", "NAME": "Grand Rapids-Wyoming-Kentwood, MI", "NAMELSAD": "Grand Rapids-Wyoming-Kentwood, MI Metro Area", "LSAD": "M1", "MEMI": "1", "MTFCC": "G3110", "ALAND": 8398859590, "AWATER": 2948365796, "INTPTLAT": "+42.9798406", "INTPTLON": "-085.7156140", "GEO_ID": "310M700US24340", "NAME_2": "Grand Rapids-Wyoming-Kentwood, MI Metro Area", "DP05_0001E": "1162152", "DP05_0001M": "*****" }, "geometry": { "type": "MultiPolygon", "coordinates": [ [ [ [ -84.836583, 43.180524 ], [ -84.837085, 42.770479 ], [ -85.074245, 42.770784 ], [ -85.075219, 42.61386 ], [ -85.071609, 42.421428 ], [ -85.351578, 42.419722 ], [ -85.543191, 42.421433 ], [ -85.543239, 42.590905 ], [ -85.545564, 42.768139 ], [ -85.881053, 42.767498 ], [ -86.037315, 42.768937 ], [ -86.250043, 42.767269 ], [ -87.000057, 42.766534 ], [ -87.058716, 42.765202 ], [ -87.107669, 43.118243 ], [ -87.000068, 43.117297 ], [ -86.375058, 43.119056 ], [ -86.146166, 43.117395 ], [ -85.907435, 43.118911 ], [ -85.908388, 43.20592 ], [ -85.790662, 43.205167 ], [ -85.790448, 43.293003 ], [ -85.562538, 43.294271 ], [ -85.562348, 43.46813 ], [ -84.845962, 43.466158 ], [ -84.845573, 43.292231 ], [ -84.835305, 43.2922 ], [ -84.836583, 43.180524 ] ] ] ] } },
{ "type": "Feature", "properties": { "CSAFP": "548", "CBSAFP": "12580", "GEOID": "12580", "GEOIDFQ": "310M700US12580", "NAME": "Baltimore-Columbia-Towson, MD", "NAMELSAD": "Baltimore-Columbia-Towson, MD Metro Area", "LSAD": "M1", "MEMI": "1", "MTFCC": "G3110", "ALAND": 6737781049, "AWATER": 1304177828, "INTPTLAT": "+39.3043610", "INTPTLON": "-076.5495009", "GEO_ID": "310M700US12580", "NAME_2": "Baltimore-Columbia-Towson, MD Metro Area", "DP05_0001E": "2849436", "DP05_0001M": "*****" }, "geometry": { "type": "MultiPolygon", "coordinates": [ [ [ [ -76.038629, 39.483857 ], [ -76.035815, 39.467455 ], [ -76.036956, 39.455445 ], [ -76.042902, 39.438215 ], [ -76.05343, 39.423456 ], [ -76.062575, 39.415939 ], [ -76.079925, 39.405506 ], [ -76.124694, 39.389968 ], [ -76.141212, 39.380413 ], [ -76.287689, 39.254104 ], [ -76.321113, 39.219837 ], [ -76.332359, 39.204357 ], [ -76.339851, 39.188098 ], [ -76.34658, 39.167915 ], [ -76.35302, 39.140465 ], [ -76.354843, 39.125111 ], [ -76.35173, 39.056232 ], [ -76.294716, 39.06852 ], [ -76.28344, 39.075851 ], [ -76.277649, 39.077374 ], [ -76.27446, 39.076588 ], [ -76.271286, 39.074562 ], [ -76.266228, 39.063629 ], [ -76.267143, 39.055412 ], [ -76.26976, 39.052303 ], [ -76.271172, 39.04694 ], [ -76.270401, 39.041297 ], [ -76.257995, 39.011818 ], [ -76.260162, 39.011714 ], [ -76.232696, 38.997856 ], [ -76.220627, 38.994019 ], [ -76.205276, 38.992599 ], [ -76.191986, 38.997062 ], [ -76.18193, 39.004096 ], [ -76.182144, 39.008365 ], [ -76.186584, 39.018203 ], [ -76.20082, 39.040561 ], [ -76.199539, 39.047576 ], [ -76.195266, 39.056507 ], [ -76.187255, 39.066558 ], [ -76.178955, 39.075801 ], [ -76.156944, 39.094982 ], [ -76.134094, 39.104492 ], [ -76.119904, 39.105736 ], [ -76.092773, 39.127747 ], [ -76.075012, 39.133942 ], [ -76.072755, 39.139325 ], [ -76.08049, 39.145526 ], [ -76.080993, 39.149158 ], [ -76.075416, 39.152561 ], [ -76.063858, 39.155136 ], [ -76.04763, 39.162666 ], [ -76.041358, 39.16727 ], [ -76.039505, 39.171493 ], [ -76.040245, 39.175189 ], [ -76.046661, 39.180751 ], [ -76.064438, 39.184643 ], [ -76.067528, 39.188232 ], [ -76.068398, 39.193863 ], [ -76.05941, 39.207508 ], [ -76.053146, 39.212581 ], [ -76.027191, 39.226722 ], [ -76.020454, 39.227401 ], [ -76.009841, 39.239902 ], [ -76.000831, 39.238105 ], [ -75.987808, 39.239295 ], [ -75.985855, 39.241359 ], [ -75.985298, 39.246021 ], [ -75.978965, 39.244731 ], [ -75.97039, 39.246356 ], [ -75.960762, 39.24142 ], [ -75.956069, 39.240558 ], [ -75.949478, 39.242733 ], [ -75.944641, 39.239101 ], [ -75.940711, 39.238494 ], [ -75.925461, 39.244061 ], [ -75.918686, 39.243168 ], [ -75.895035, 39.247105 ], [ -75.893906, 39.247906 ], [ -75.894249, 39.25248 ], [ -75.89183, 39.254063 ], [ -75.888535, 39.252911 ], [ -75.886276, 39.249168 ], [ -75.880051, 39.251526 ], [ -75.874283, 39.249729 ], [ -75.874161, 39.254234 ], [ -75.866315, 39.260859 ], [ -75.860894, 39.260225 ], [ -75.855706, 39.26182 ], [ -75.845663, 39.257725 ], [ -75.839736, 39.2577 ], [ -75.839068, 39.253793 ], [ -75.834534, 39.253699 ], [ -75.821234, 39.246433 ], [ -75.810195, 39.245155 ], [ -75.806343, 39.241989 ], [ -75.803601, 39.244137 ], [ -75.80211, 39.242307 ], [ -75.79682, 39.241346 ], [ -75.794382, 39.24379 ], [ -75.787735, 39.243245 ], [ -75.780444, 39.246259 ], [ -75.757422, 39.247283 ], [ -75.756004, 39.246066 ], [ -75.747761, 39.143338 ], [ -75.758737, 39.138192 ], [ -75.791079, 39.132828 ], [ -75.793968, 39.129779 ], [ -75.79939, 39.128328 ], [ -75.802593, 39.124409 ], [ -75.823157, 39.1151 ], [ -75.832217, 39.108619 ], [ -75.834948, 39.108437 ], [ -75.843304, 39.090507 ], [ -75.847645, 39.088012 ], [ -75.846898, 39.075434 ], [ -75.848595, 39.071846 ], [ -75.862066, 39.059976 ], [ -75.86968, 39.057347 ], [ -75.876281, 39.047508 ], [ -75.878448, 39.047225 ], [ -75.876005, 39.043349 ], [ -75.883359, 39.0325 ], [ -75.882817, 39.02791 ], [ -75.887197, 39.026605 ], [ -75.890826, 39.022506 ], [ -75.890553, 39.01854 ], [ -75.897386, 39.014285 ], [ -75.899935, 39.014462 ], [ -75.901679, 39.017098 ], [ -75.90487, 39.016276 ], [ -75.9041, 39.010426 ], [ -75.908681, 39.010734 ], [ -75.910619, 39.004456 ], [ -75.919641, 39.000112 ], [ -75.921993, 38.994422 ], [ -75.929377, 38.991006 ], [ -75.928737, 38.988353 ], [ -75.933213, 38.986216 ], [ -75.934529, 38.980311 ], [ -75.940933, 38.976581 ], [ -75.937241, 38.974322 ], [ -75.936778, 38.971836 ], [ -75.943141, 38.9661 ], [ -75.93811, 38.959124 ], [ -75.94193, 38.956614 ], [ -75.942331, 38.949781 ], [ -75.944834, 38.947484 ], [ -75.951291, 38.94596 ], [ -75.950352, 38.941091 ], [ -75.947352, 38.941647 ], [ -75.947077, 38.939983 ], [ -75.953374, 38.938246 ], [ -75.948024, 38.936185 ], [ -75.947974, 38.931895 ], [ -75.952784, 38.929575 ], [ -75.949472, 38.923842 ], [ -75.949335, 38.918333 ], [ -76.065394, 38.939831 ], [ -76.07833, 38.940189 ], [ -76.081137, 38.94264 ], [ -76.084342, 38.941182 ], [ -76.088597, 38.94246 ], [ -76.0903, 38.945073 ], [ -76.096956, 38.944259 ], [ -76.103674, 38.939002 ], [ -76.110972, 38.926651 ], [ -76.110741, 38.920598 ], [ -76.115502, 38.913716 ], [ -76.111463, 38.911006 ], [ -76.113357, 38.904517 ], [ -76.110234, 38.90259 ], [ -76.102675, 38.890167 ], [ -76.103512, 38.882308 ], [ -76.114319, 38.880838 ], [ -76.1214, 38.88242 ], [ -76.125164, 38.877149 ], [ -76.128003, 38.875992 ], [ -76.133968, 38.880137 ], [ -76.14765, 38.88272 ], [ -76.155583, 38.880237 ], [ -76.162458, 38.880986 ], [ -76.169918, 38.865649 ], [ -76.177869, 38.865158 ], [ -76.18224, 38.858611 ], [ -76.191058, 38.864285 ], [ -76.192384, 38.863814 ], [ -76.203278, 38.846261 ], [ -76.202892, 38.838885 ], [ -76.204863, 38.833988 ], [ -76.211453, 38.82651 ], [ -76.224347, 38.829519 ], [ -76.23243, 38.828944 ], [ -76.238446, 38.831256 ], [ -76.238337, 38.839229 ], [ -76.235914, 38.843456 ], [ -76.228345, 38.849652 ], [ -76.231511, 38.852444 ], [ -76.228059, 38.857505 ], [ -76.249673, 38.879371 ], [ -76.261548, 38.880914 ], [ -76.275482, 38.876869 ], [ -76.315684, 38.852758 ], [ -76.32479, 38.843009 ], [ -76.332953, 38.829874 ], [ -76.338454, 38.824209 ], [ -76.357845, 38.811871 ], [ -76.371219, 38.807785 ], [ -76.393599, 38.8094 ], [ -76.436492, 38.807397 ], [ -76.455013, 38.750116 ], [ -76.463636, 38.711099 ], [ -76.528466, 38.712743 ], [ -76.535584, 38.72148 ], [ -76.61538, 38.72063 ], [ -76.622937, 38.726591 ], [ -76.623072, 38.743932 ], [ -76.620977, 38.746294 ], [ -76.623041, 38.749088 ], [ -76.623079, 38.767278 ], [ -76.634838, 38.76668 ], [ -76.641437, 38.769187 ], [ -76.646727, 38.768947 ], [ -76.654341, 38.764523 ], [ -76.65888, 38.764765 ], [ -76.663483, 38.761828 ], [ -76.66664, 38.762051 ], [ -76.6677, 38.761102 ], [ -76.666698, 38.759914 ], [ -76.672063, 38.755717 ], [ -76.678976, 38.755514 ], [ -76.680944, 38.757634 ], [ -76.682941, 38.755723 ], [ -76.685215, 38.756087 ], [ -76.684231, 38.751302 ], [ -76.686358, 38.748475 ], [ -76.694377, 38.748883 ], [ -76.697273, 38.750115 ], [ -76.699271, 38.75341 ], [ -76.700947, 38.768747 ], [ -76.714017, 38.776896 ], [ -76.71439, 38.780761 ], [ -76.712251, 38.784356 ], [ -76.706145, 38.785665 ], [ -76.702025, 38.788747 ], [ -76.710116, 38.796003 ], [ -76.710676, 38.79843 ], [ -76.708065, 38.804867 ], [ -76.711975, 38.810153 ], [ -76.712067, 38.814002 ], [ -76.70886, 38.81639 ], [ -76.701775, 38.815538 ], [ -76.696965, 38.818784 ], [ -76.696371, 38.822724 ], [ -76.699717, 38.836778 ], [ -76.698273, 38.84303 ], [ -76.691169, 38.854401 ], [ -76.691527, 38.8598 ], [ -76.688409, 38.864346 ], [ -76.682523, 38.86734 ], [ -76.680656, 38.872279 ], [ -76.676779, 38.875487 ], [ -76.675504, 38.885429 ], [ -76.671786, 38.887568 ], [ -76.676301, 38.89191 ], [ -76.676259, 38.895949 ], [ -76.671505, 38.899419 ], [ -76.669515, 38.904426 ], [ -76.670333, 38.907271 ], [ -76.678518, 38.910539 ], [ -76.677941, 38.913707 ], [ -76.679371, 38.916513 ], [ -76.683197, 38.919085 ], [ -76.686204, 38.917958 ], [ -76.690592, 38.923456 ], [ -76.690327, 38.924876 ], [ -76.682832, 38.926516 ], [ -76.681425, 38.931265 ], [ -76.689941, 38.933949 ], [ -76.692162, 38.936276 ], [ -76.691174, 38.941575 ], [ -76.695433, 38.948217 ], [ -76.693327, 38.951928 ], [ -76.69398, 38.956368 ], [ -76.698979, 38.962676 ], [ -76.699259, 38.96891 ], [ -76.703745, 38.971525 ], [ -76.70103, 38.975724 ], [ -76.702459, 38.979474 ], [ -76.698636, 38.981441 ], [ -76.698268, 38.983647 ], [ -76.711602, 38.99543 ], [ -76.713134, 38.994836 ], [ -76.72103, 38.999658 ], [ -76.725615, 38.998949 ], [ -76.723996, 39.004173 ], [ -76.725463, 39.005925 ], [ -76.728305, 39.007365 ], [ -76.733279, 39.006824 ], [ -76.737528, 39.012292 ], [ -76.740379, 39.012868 ], [ -76.744631, 39.017385 ], [ -76.742784, 39.02047 ], [ -76.743746, 39.025136 ], [ -76.750255, 39.030797 ], [ -76.747732, 39.033647 ], [ -76.755829, 39.037719 ], [ -76.762215, 39.035165 ], [ -76.765391, 39.040435 ], [ -76.769002, 39.038949 ], [ -76.77029, 39.040869 ], [ -76.774053, 39.041 ], [ -76.774875, 39.04487 ], [ -76.783933, 39.046251 ], [ -76.787593, 39.044631 ], [ -76.792355, 39.045995 ], [ -76.794506, 39.053248 ], [ -76.801393, 39.055885 ], [ -76.804229, 39.062632 ], [ -76.810053, 39.060933 ], [ -76.815991, 39.062642 ], [ -76.817874, 39.061758 ], [ -76.826659, 39.065795 ], [ -76.829177, 39.06453 ], [ -76.831554, 39.069175 ], [ -76.836458, 39.068437 ], [ -76.838083, 39.073586 ], [ -76.83234, 39.076301 ], [ -76.834908, 39.082871 ], [ -76.827249, 39.089628 ], [ -76.827392, 39.093269 ], [ -76.829327, 39.095642 ], [ -76.837686, 39.096933 ], [ -76.837649, 39.100725 ], [ -76.84159, 39.105861 ], [ -76.849084, 39.109097 ], [ -76.862877, 39.110327 ], [ -76.870109, 39.112712 ], [ -76.884315, 39.126885 ], [ -76.885656, 39.131292 ], [ -76.889137, 39.131148 ], [ -76.898723, 39.126505 ], [ -76.906731, 39.125403 ], [ -76.915447, 39.126798 ], [ -76.918472, 39.131716 ], [ -76.926438, 39.135306 ], [ -76.928212, 39.138253 ], [ -76.933415, 39.136604 ], [ -76.938278, 39.132779 ], [ -76.943692, 39.132105 ], [ -76.946749, 39.129407 ], [ -76.958517, 39.134023 ], [ -76.953067, 39.13897 ], [ -76.952881, 39.142763 ], [ -76.949944, 39.143963 ], [ -76.950748, 39.145322 ], [ -76.962218, 39.14566 ], [ -76.965048, 39.148596 ], [ -76.975425, 39.149581 ], [ -76.976738, 39.154019 ], [ -76.973342, 39.162075 ], [ -76.987541, 39.166385 ], [ -76.997166, 39.166397 ], [ -77.000975, 39.169537 ], [ -77.001399, 39.170879 ], [ -76.997526, 39.17447 ], [ -77.004341, 39.174276 ], [ -77.005526, 39.176141 ], [ -76.998876, 39.1778 ], [ -77.008463, 39.181743 ], [ -77.004329, 39.189257 ], [ -77.004168, 39.192335 ], [ -77.012165, 39.195181 ], [ -77.00942, 39.206732 ], [ -77.01757, 39.209751 ], [ -77.019293, 39.21292 ], [ -77.032325, 39.220317 ], [ -77.032074, 39.224405 ], [ -77.044812, 39.237666 ], [ -77.055795, 39.238305 ], [ -77.060037, 39.240193 ], [ -77.061728, 39.241543 ], [ -77.060697, 39.242965 ], [ -77.062137, 39.247228 ], [ -77.065572, 39.250956 ], [ -77.071456, 39.255008 ], [ -77.077413, 39.256274 ], [ -77.081656, 39.259866 ], [ -77.103621, 39.265999 ], [ -77.105751, 39.264309 ], [ -77.113791, 39.264538 ], [ -77.116701, 39.267464 ], [ -77.130265, 39.268276 ], [ -77.134207, 39.271046 ], [ -77.134059, 39.276569 ], [ -77.140025, 39.283294 ], [ -77.137874, 39.287898 ], [ -77.140195, 39.289284 ], [ -77.140059, 39.292095 ], [ -77.143594, 39.293032 ], [ -77.149125, 39.299288 ], [ -77.159774, 39.304896 ], [ -77.162333, 39.307922 ], [ -77.16459, 39.307444 ], [ -77.166361, 39.311765 ], [ -77.170347, 39.313109 ], [ -77.173276, 39.320481 ], [ -77.181489, 39.329294 ], [ -77.187113, 39.340595 ], [ -77.18381, 39.345459 ], [ -77.16808, 39.353957 ], [ -77.169734, 39.355102 ], [ -77.167096, 39.3586 ], [ -77.164723, 39.367674 ], [ -77.158185, 39.373451 ], [ -77.159191, 39.374094 ], [ -77.156404, 39.377973 ], [ -77.154384, 39.391298 ], [ -77.147401, 39.409136 ], [ -77.148037, 39.417755 ], [ -77.133448, 39.432401 ], [ -77.123958, 39.451305 ], [ -77.116022, 39.459845 ], [ -77.119972, 39.465256 ], [ -77.118911, 39.473037 ], [ -77.117073, 39.475472 ], [ -77.117686, 39.478619 ], [ -77.1102, 39.486004 ], [ -77.106747, 39.491859 ], [ -77.107394, 39.494195 ], [ -77.109998, 39.49748 ], [ -77.113268, 39.497763 ], [ -77.127729, 39.508549 ], [ -77.129755, 39.50956 ], [ -77.133541, 39.508541 ], [ -77.137824, 39.515159 ], [ -77.136951, 39.517403 ], [ -77.138402, 39.52049 ], [ -77.150027, 39.521988 ], [ -77.15234, 39.532498 ], [ -77.155963, 39.53369 ], [ -77.163211, 39.532538 ], [ -77.165457, 39.534166 ], [ -77.170583, 39.534396 ], [ -77.171462, 39.539233 ], [ -77.169, 39.542291 ], [ -77.171603, 39.543823 ], [ -77.171751, 39.546645 ], [ -77.169616, 39.549851 ], [ -77.169445, 39.554118 ], [ -77.171494, 39.554639 ], [ -77.175238, 39.559982 ], [ -77.17801, 39.560895 ], [ -77.182727, 39.559342 ], [ -77.187005, 39.562482 ], [ -77.18697, 39.566675 ], [ -77.199365, 39.576403 ], [ -77.199933, 39.578473 ], [ -77.210044, 39.579097 ], [ -77.215866, 39.574434 ], [ -77.220713, 39.575624 ], [ -77.22292, 39.577457 ], [ -77.219175, 39.579693 ], [ -77.220262, 39.582108 ], [ -77.23252, 39.584632 ], [ -77.232118, 39.586149 ], [ -77.227437, 39.588074 ], [ -77.233312, 39.588453 ], [ -77.238708, 39.584412 ], [ -77.238778, 39.588975 ], [ -77.247163, 39.593714 ], [ -77.250847, 39.601589 ], [ -77.254679, 39.603277 ], [ -77.258461, 39.603635 ], [ -77.261659, 39.60048 ], [ -77.25955, 39.59481 ], [ -77.260594, 39.59396 ], [ -77.26315, 39.594243 ], [ -77.265977, 39.598396 ], [ -77.27036, 39.600317 ], [ -77.26979, 39.603873 ], [ -77.271305, 39.606163 ], [ -77.285681, 39.60776 ], [ -77.287747, 39.604516 ], [ -77.290422, 39.604437 ], [ -77.290304, 39.60664 ], [ -77.294006, 39.610328 ], [ -77.300262, 39.612555 ], [ -77.307377, 39.618965 ], [ -77.301676, 39.621261 ], [ -77.299519, 39.62386 ], [ -77.307912, 39.628326 ], [ -77.311536, 39.638997 ], [ -77.30708, 39.641118 ], [ -77.300062, 39.639326 ], [ -77.294655, 39.631883 ], [ -77.291504, 39.630582 ], [ -77.275973, 39.631928 ], [ -77.279173, 39.636419 ], [ -77.27673, 39.639286 ], [ -77.271375, 39.641655 ], [ -77.275607, 39.647196 ], [ -77.272414, 39.651601 ], [ -77.265471, 39.655924 ], [ -77.266243, 39.662269 ], [ -77.262011, 39.66519 ], [ -77.255839, 39.663211 ], [ -77.254606, 39.667602 ], [ -77.249283, 39.667477 ], [ -77.243062, 39.669978 ], [ -77.234538, 39.677434 ], [ -77.236349, 39.680896 ], [ -77.236151, 39.685648 ], [ -77.244338, 39.691368 ], [ -77.243268, 39.694731 ], [ -77.240031, 39.695703 ], [ -77.225968, 39.693839 ], [ -77.216261, 39.697413 ], [ -77.215169, 39.699357 ], [ -77.216159, 39.701354 ], [ -77.224319, 39.704526 ], [ -77.226766, 39.707306 ], [ -77.224971, 39.710365 ], [ -77.215596, 39.71271 ], [ -77.21461, 39.717218 ], [ -77.217024, 39.719861 ], [ -76.233279, 39.721367 ], [ -76.229282, 39.709127 ], [ -76.212676, 39.686405 ], [ -76.186575, 39.669506 ], [ -76.161765, 39.649621 ], [ -76.147474, 39.619407 ], [ -76.135974, 39.614108 ], [ -76.085972, 39.559011 ], [ -76.069871, 39.534512 ], [ -76.050472, 39.509814 ], [ -76.04413, 39.499448 ], [ -76.038629, 39.483857 ] ] ] ] } }
]
}
