{"type":"FeatureCollection","name":"states_2025_5mScale","crs":{"type":"name","properties":{"name":"urn:ogc:def:crs:EPSG::4269"}},"features":[{"type":"Feature","properties":{"STATEFP":"21","GEOID":"21"},"geometry":{"type":"MultiPolygon","coordinates":[[[[-89.40565,36.52817],[-89.37637,36.61387],[-89.36555,36.62506],[-89.32673,36.63219],[-89.27171,36.57139],[-89.23654,36.56682],[-89.21356,36.58012],[-89.19765,36.62894],[-89.15908,36.66635],[-89.17188,36.67253],[-89.16952,36.68888],[-89.19948,36.71605],[-89.1998,36.73422],[-89.18452,36.75364],[-89.16911,36.75947],[-89.1304,36.7517],[-89.1192,36.7598],[-89.11607,36.77242],[-89.12353,36.78531],[-89.17107,36.79812],[-89.17889,36.83137],[-89.1704,36.84152],[-89.13797,36.84735],[-89.11757,36.88736],[-89.09901,36.96139],[-89.11503,36.98033],[-89.13291,36.98206],[-89.17112,37.00807],[-89.18137,37.0463],[-89.1545,37.08891],[-89.11119,37.11905],[-89.08653,37.1656],[-89.02998,37.21114],[-89.00097,37.2244],[-88.93175,37.22759],[-88.80572,37.18859],[-88.73211,37.14396],[-88.69398,37.14115],[-88.62589,37.11946],[-88.5454,37.07],[-88.50444,37.06526],[-88.45895,37.0738],[-88.4244,37.15243],[-88.44776,37.20353],[-88.50803,37.26026],[-88.51594,37.28404],[-88.48446,37.34561],[-88.47659,37.38688],[-88.456,37.40848],[-88.41311,37.42447],[-88.36547,37.40166],[-88.31258,37.44059],[-88.28167,37.4526],[-88.13514,37.47163],[-88.08766,37.47106],[-88.06423,37.48455],[-88.06129,37.50523],[-88.06902,37.5253],[-88.13997,37.58645],[-88.15937,37.66185],[-88.12241,37.70969],[-88.05959,37.74261],[-88.02803,37.79922],[-87.9971,37.79767],[-87.95259,37.77174],[-87.93255,37.79767],[-87.90681,37.80762],[-87.91028,37.84342],[-87.94102,37.87917],[-87.93837,37.8908],[-87.90479,37.92489],[-87.87254,37.921],[-87.83058,37.87652],[-87.7909,37.87571],[-87.76226,37.89091],[-87.67573,37.90193],[-87.66282,37.88145],[-87.68163,37.85592],[-87.67919,37.83632],[-87.66652,37.82746],[-87.63581,37.82702],[-87.61243,37.83384],[-87.58873,37.86098],[-87.59158,37.88719],[-87.62027,37.90692],[-87.62896,37.92671],[-87.60622,37.94964],[-87.60142,37.97254],[-87.58592,37.97544],[-87.57471,37.96774],[-87.57203,37.94747],[-87.55934,37.93115],[-87.5115,37.90643],[-87.44779,37.94243],[-87.41858,37.94476],[-87.38025,37.9356],[-87.22094,37.84913],[-87.16232,37.84016],[-87.12963,37.78661],[-87.11113,37.78251],[-87.09064,37.78781],[-87.06784,37.80606],[-87.04385,37.8708],[-87.0451,37.89377],[-87.03344,37.90659],[-86.96904,37.93286],[-86.91933,37.93666],[-86.85595,37.98729],[-86.82007,37.99939],[-86.79498,37.98898],[-86.76505,37.93251],[-86.73146,37.89434],[-86.71614,37.89407],[-86.68093,37.91501],[-86.64708,37.90862],[-86.64475,37.89481],[-86.66164,37.84971],[-86.65252,37.84164],[-86.63827,37.84272],[-86.59811,37.86738],[-86.59985,37.90675],[-86.58858,37.92116],[-86.53416,37.91701],[-86.50662,37.93072],[-86.52517,37.96823],[-86.52183,38.03833],[-86.45219,38.05049],[-86.43009,38.07864],[-86.46386,38.10118],[-86.46325,38.11928],[-86.43175,38.12612],[-86.40165,38.1054],[-86.37977,38.12927],[-86.33514,38.12924],[-86.32345,38.13903],[-86.32594,38.15432],[-86.37174,38.16418],[-86.37743,38.17138],[-86.3738,38.19335],[-86.36038,38.1988],[-86.28777,38.15805],[-86.2718,38.13787],[-86.27872,38.0893],[-86.26127,38.05272],[-86.17898,38.01131],[-86.12757,38.01601],[-86.09577,38.00893],[-86.07398,37.99545],[-86.05391,37.96357],[-86.03819,37.95935],[-86.02951,37.99264],[-85.95147,38.00561],[-85.92542,38.02346],[-85.90616,38.08617],[-85.90876,38.16117],[-85.89476,38.18847],[-85.84546,38.23027],[-85.82936,38.27677],[-85.78096,38.28847],[-85.74486,38.26717],[-85.68356,38.29547],[-85.65364,38.32711],[-85.63294,38.39567],[-85.60763,38.4393],[-85.58776,38.45049],[-85.49887,38.46824],[-85.47222,38.50628],[-85.42308,38.53158],[-85.41582,38.56356],[-85.43745,38.60172],[-85.43874,38.65932],[-85.45698,38.68914],[-85.45211,38.70935],[-85.43407,38.72946],[-85.41093,38.73708],[-85.36383,38.73048],[-85.27545,38.74117],[-85.2465,38.73182],[-85.21326,38.69545],[-85.17253,38.68808],[-85.13868,38.69917],[-85.10096,38.7268],[-84.99001,38.77838],[-84.94107,38.77563],[-84.88792,38.79465],[-84.81288,38.78609],[-84.82996,38.83063],[-84.791,38.86057],[-84.78523,38.88044],[-84.81275,38.89513],[-84.86778,38.89913],[-84.87703,38.90902],[-84.87776,38.92036],[-84.82986,38.96939],[-84.83712,38.98806],[-84.89736,39.05738],[-84.8312,39.10192],[-84.78768,39.1153],[-84.75075,39.14736],[-84.71855,39.13706],[-84.68485,39.10046],[-84.65725,39.09546],[-84.62011,39.07346],[-84.57214,39.08206],[-84.55084,39.09936],[-84.50974,39.09366],[-84.47054,39.12146],[-84.44979,39.11775],[-84.43554,39.10226],[-84.42573,39.05306],[-84.34604,39.03696],[-84.3047,39.00646],[-84.28816,38.95579],[-84.23445,38.89323],[-84.23131,38.83055],[-84.2129,38.80571],[-84.07149,38.77047],[-83.96212,38.78738],[-83.92699,38.77156],[-83.87317,38.76242],[-83.85209,38.75143],[-83.8367,38.71786],[-83.78711,38.69949],[-83.76935,38.65522],[-83.67948,38.63004],[-83.64974,38.63275],[-83.62692,38.67939],[-83.52095,38.70305],[-83.46806,38.67547],[-83.35644,38.65401],[-83.32764,38.63749],[-83.31754,38.60924],[-83.29419,38.59659],[-83.24557,38.62794],[-83.20245,38.61696],[-83.14284,38.62508],[-83.11237,38.67168],[-83.0531,38.69583],[-83.02792,38.72714],[-82.97939,38.72598],[-82.92369,38.75008],[-82.89419,38.75658],[-82.87949,38.75148],[-82.86989,38.72818],[-82.87759,38.69018],[-82.85939,38.66038],[-82.84431,38.59086],[-82.80011,38.56318],[-82.73096,38.55926],[-82.70005,38.54434],[-82.65705,38.49682],[-82.6138,38.47453],[-82.60409,38.45984],[-82.59367,38.42181],[-82.59798,38.34491],[-82.57269,38.3188],[-82.58306,38.29683],[-82.57466,38.26387],[-82.584,38.24637],[-82.60533,38.2473],[-82.61226,38.23609],[-82.59844,38.21739],[-82.61134,38.17155],[-82.64474,38.16549],[-82.63731,38.13905],[-82.62212,38.13341],[-82.62035,38.12148],[-82.58778,38.10888],[-82.58404,38.09066],[-82.55126,38.0708],[-82.51735,38.0012],[-82.48773,37.99833],[-82.46426,37.98341],[-82.4718,37.95912],[-82.48512,37.94604],[-82.49668,37.9464],[-82.50186,37.9332],[-82.47457,37.90029],[-82.4476,37.90435],[-82.42148,37.88565],[-82.42048,37.84681],[-82.37739,37.80301],[-82.3397,37.78551],[-82.33382,37.76539],[-82.32101,37.75543],[-82.33335,37.7412],[-82.31888,37.73376],[-82.30724,37.70767],[-82.29663,37.7024],[-82.30289,37.69368],[-82.29439,37.67045],[-82.27788,37.67],[-82.25711,37.65675],[-82.23939,37.66146],[-82.21669,37.64133],[-82.21565,37.62624],[-82.1814,37.6268],[-82.15672,37.59279],[-82.13198,37.59354],[-82.11658,37.55959],[-82.07503,37.55582],[-82.06333,37.53621],[-82.04282,37.54836],[-82.01397,37.53356],[-81.96497,37.54303],[-82.32462,37.28318],[-82.34185,37.28089],[-82.35095,37.26708],[-82.49886,37.22704],[-82.59245,37.18285],[-82.63349,37.15426],[-82.7221,37.12017],[-82.72495,37.0919],[-82.71674,37.07722],[-82.72702,37.07302],[-82.72247,37.0451],[-82.74245,37.04298],[-82.74798,37.02521],[-82.75917,37.02733],[-82.78214,37.00824],[-82.82859,37.00571],[-82.83601,36.98884],[-82.86754,36.97752],[-82.87023,36.9655],[-82.85571,36.95381],[-82.85796,36.92953],[-82.87747,36.90796],[-82.87007,36.90174],[-82.87857,36.88958],[-82.90777,36.87471],[-82.99838,36.85663],[-83.00922,36.8473],[-83.02689,36.85549],[-83.07259,36.85459],[-83.07519,36.84089],[-83.10179,36.82909],[-83.10309,36.80669],[-83.13169,36.78149],[-83.13248,36.7644],[-83.12565,36.76141],[-83.13639,36.74309],[-83.1946,36.73949],[-83.3114,36.71029],[-83.42371,36.66739],[-83.52961,36.66618],[-83.57731,36.64178],[-83.64831,36.62268],[-83.69071,36.58258],[-84.54314,36.59628],[-85.19537,36.6255],[-85.48835,36.61499],[-85.67779,36.61816],[-86.50777,36.65245],[-86.54378,36.64054],[-86.55005,36.64482],[-86.56414,36.63347],[-86.58991,36.65249],[-87.8532,36.63325],[-87.84957,36.6637],[-88.07053,36.67812],[-88.03249,36.54066],[-88.03782,36.51385],[-88.05321,36.49713],[-89.30028,36.50715],[-89.41729,36.49903],[-89.40565,36.52817]]],[[[-89.57151,36.55257],[-89.54611,36.57999],[-89.50008,36.5763],[-89.47909,36.56821],[-89.46589,36.52995],[-89.48543,36.49749],[-89.53923,36.49793],[-89.57151,36.55257]]]]}},{"type":"Feature","properties":{"STATEFP":"28","GEOID":"28"},"geometry":{"type":"MultiPolygon","coordinates":[[[[-88.51067,30.21702],[-88.49238,30.21922],[-88.45324,30.20648],[-88.40852,30.21878],[-88.40458,30.20616],[-88.45375,30.18935],[-88.49441,30.19682],[-88.50864,30.2056],[-88.51067,30.21702]]],[[[-88.77199,30.24552],[-88.71499,30.25698],[-88.60876,30.23195],[-88.58742,30.21915],[-88.67179,30.22317],[-88.71499,30.23766],[-88.75717,30.23327],[-88.77199,30.24552]]],[[[-88.98863,30.21629],[-88.93634,30.22143],[-88.88167,30.24915],[-88.87217,30.24504],[-88.89356,30.22451],[-88.94703,30.20602],[-88.9708,30.20089],[-88.99338,30.20808],[-88.98863,30.21629]]],[[[-89.15976,30.23888],[-89.08489,30.23786],[-89.07063,30.25839],[-89.05637,30.24915],[-89.07419,30.21219],[-89.10866,30.20602],[-89.12767,30.21937],[-89.17045,30.22862],[-89.15976,30.23888]]],[[[-91.65501,31.25182],[-91.64125,31.26692],[-91.56419,31.26163],[-91.51858,31.27528],[-91.51208,31.28418],[-91.50866,31.31513],[-91.54897,31.34726],[-91.54621,31.38248],[-91.55568,31.38641],[-91.56895,31.37763],[-91.57833,31.39907],[-91.56518,31.42345],[-91.54065,31.43076],[-91.53234,31.39027],[-91.51598,31.37029],[-91.47887,31.36495],[-91.47246,31.37133],[-91.47207,31.39592],[-91.50005,31.42052],[-91.51513,31.44921],[-91.51492,31.51011],[-91.52254,31.52208],[-91.51396,31.53208],[-91.47972,31.53037],[-91.44392,31.54247],[-91.40792,31.56937],[-91.40391,31.58977],[-91.42272,31.59707],[-91.48862,31.58747],[-91.51657,31.61182],[-91.51234,31.63472],[-91.49448,31.64501],[-91.47432,31.62536],[-91.42962,31.61136],[-91.40102,31.62036],[-91.40001,31.69786],[-91.38092,31.73246],[-91.35514,31.74158],[-91.27554,31.74552],[-91.26341,31.75447],[-91.26304,31.767],[-91.27387,31.77118],[-91.36468,31.77034],[-91.34571,31.84286],[-91.33381,31.85326],[-91.29341,31.86016],[-91.28221,31.81476],[-91.25561,31.81266],[-91.24505,31.83145],[-91.26811,31.85306],[-91.26771,31.86266],[-91.2349,31.87686],[-91.20281,31.90796],[-91.18061,31.91796],[-91.18471,31.93506],[-91.19321,31.93566],[-91.18481,31.96556],[-91.16441,31.98256],[-91.10411,31.99036],[-91.07591,32.01683],[-91.08811,32.03446],[-91.15141,32.04926],[-91.16131,32.05976],[-91.16031,32.07035],[-91.13931,32.08175],[-91.10371,32.05025],[-91.08021,32.04836],[-91.08151,32.07775],[-91.03471,32.10105],[-91.03091,32.12055],[-91.01761,32.12515],[-91.00501,32.14285],[-91.00619,32.15696],[-91.05021,32.17845],[-91.05891,32.17125],[-91.04851,32.15015],[-91.05317,32.12424],[-91.08163,32.13399],[-91.11129,32.12504],[-91.16282,32.13269],[-91.17455,32.15498],[-91.16417,32.19689],[-91.13359,32.21343],[-91.10851,32.20815],[-91.08371,32.22645],[-91.06141,32.21865],[-91.05031,32.23795],[-91.03901,32.24235],[-91.00291,32.22305],[-91.00354,32.20077],[-90.99139,32.19944],[-90.98029,32.2436],[-90.9694,32.25252],[-90.98298,32.27029],[-90.97947,32.2937],[-90.96415,32.29687],[-90.95135,32.2832],[-90.93399,32.29034],[-90.89365,32.32809],[-90.8761,32.35775],[-90.87563,32.37243],[-90.88895,32.37325],[-90.91236,32.33945],[-90.99362,32.35405],[-91.00451,32.36814],[-90.99408,32.40386],[-90.96626,32.42103],[-90.96959,32.43949],[-90.99386,32.45085],[-91.02961,32.43354],[-91.05291,32.43844],[-91.09531,32.45874],[-91.11601,32.48314],[-91.11671,32.50014],[-91.09788,32.54475],[-91.03811,32.49044],[-91.00421,32.48214],[-90.9907,32.48775],[-90.99487,32.50861],[-91.057,32.53829],[-91.07651,32.55883],[-91.01023,32.60193],[-91.00296,32.62255],[-91.01429,32.64048],[-91.02577,32.64657],[-91.03842,32.63644],[-91.0498,32.60719],[-91.11985,32.58479],[-91.14115,32.59721],[-91.15132,32.61592],[-91.14975,32.64404],[-91.11826,32.67408],[-91.06395,32.70293],[-91.05475,32.71923],[-91.09057,32.7361],[-91.15861,32.74345],[-91.16581,32.75784],[-91.15692,32.78034],[-91.1644,32.78582],[-91.15834,32.8223],[-91.14356,32.84474],[-91.10563,32.8584],[-91.0706,32.88866],[-91.06387,32.92269],[-91.08191,32.94477],[-91.0868,32.97627],[-91.10658,32.98894],[-91.13552,32.97966],[-91.1313,32.92692],[-91.14508,32.90549],[-91.1754,32.9],[-91.2116,32.91962],[-91.20184,32.96121],[-91.16897,32.99213],[-91.16321,33.01791],[-91.12672,33.03625],[-91.12043,33.05463],[-91.14906,33.08131],[-91.1996,33.1065],[-91.20211,33.12231],[-91.18403,33.14168],[-91.16098,33.14143],[-91.14678,33.13005],[-91.08989,33.13441],[-91.0813,33.18428],[-91.09911,33.21961],[-91.08123,33.22246],[-91.05303,33.24751],[-91.0437,33.27178],[-91.04829,33.28284],[-91.07644,33.28441],[-91.09639,33.24296],[-91.10688,33.24244],[-91.14158,33.29975],[-91.1416,33.35019],[-91.07405,33.40785],[-91.05839,33.4282],[-91.059,33.44915],[-91.07298,33.45582],[-91.08807,33.45038],[-91.09743,33.43401],[-91.09521,33.41823],[-91.13046,33.38463],[-91.14811,33.37879],[-91.18301,33.38564],[-91.20928,33.40669],[-91.20229,33.41685],[-91.13807,33.42723],[-91.11877,33.44649],[-91.12328,33.47126],[-91.1344,33.48316],[-91.15837,33.49607],[-91.17052,33.49174],[-91.17185,33.45032],[-91.18261,33.44042],[-91.20647,33.43392],[-91.23383,33.44299],[-91.23058,33.45772],[-91.21033,33.46753],[-91.18668,33.49967],[-91.18946,33.50952],[-91.22147,33.53308],[-91.23198,33.56454],[-91.16611,33.56971],[-91.13235,33.59553],[-91.12873,33.6092],[-91.13685,33.62623],[-91.17092,33.64916],[-91.22203,33.66271],[-91.22923,33.6863],[-91.2101,33.7005],[-91.16037,33.7066],[-91.12468,33.67155],[-91.08755,33.65739],[-91.03468,33.67288],[-91.0303,33.68334],[-91.05917,33.71452],[-91.11694,33.70527],[-91.14872,33.73213],[-91.14363,33.77017],[-91.12944,33.78373],[-91.10898,33.77198],[-91.05272,33.77793],[-91.02276,33.76431],[-90.99517,33.77254],[-90.98872,33.78349],[-91.00853,33.80282],[-91.04908,33.81603],[-91.06644,33.838],[-91.07298,33.86618],[-91.01045,33.92869],[-91.01913,33.94208],[-91.08601,33.95742],[-91.08541,34.0075],[-91.06876,34.00639],[-91.05093,33.99343],[-91.01691,34.00008],[-91.00057,33.96696],[-90.96763,33.96361],[-90.96188,33.98035],[-90.98806,34.019],[-90.95911,34.02681],[-90.92621,34.02161],[-90.8926,34.02699],[-90.8881,34.05452],[-90.87108,34.08118],[-90.8828,34.09659],[-90.92129,34.09351],[-90.94769,34.10957],[-90.9586,34.12244],[-90.95706,34.13668],[-90.90996,34.16551],[-90.85347,34.13751],[-90.82259,34.14405],[-90.80756,34.16182],[-90.81749,34.1832],[-90.88788,34.18198],[-90.9118,34.1939],[-90.93522,34.21905],[-90.9364,34.2367],[-90.92315,34.24653],[-90.9101,34.24556],[-90.87912,34.21545],[-90.84586,34.20757],[-90.83813,34.22],[-90.83363,34.27407],[-90.81222,34.27951],[-90.76562,34.26951],[-90.73802,34.28928],[-90.73587,34.31069],[-90.768,34.34617],[-90.76977,34.35691],[-90.75969,34.3665],[-90.71193,34.36074],[-90.68272,34.36676],[-90.69313,34.32257],[-90.67808,34.31309],[-90.66139,34.3154],[-90.65819,34.37614],[-90.64518,34.38683],[-90.6096,34.39159],[-90.58431,34.41219],[-90.57769,34.43245],[-90.59329,34.48793],[-90.58124,34.51567],[-90.54253,34.54015],[-90.53962,34.55392],[-90.59159,34.62101],[-90.56757,34.68146],[-90.56996,34.69239],[-90.54075,34.68103],[-90.55492,34.64672],[-90.55164,34.63633],[-90.53211,34.62733],[-90.51323,34.63345],[-90.47254,34.66596],[-90.46283,34.68643],[-90.47417,34.70528],[-90.51667,34.69555],[-90.57199,34.7144],[-90.56361,34.73778],[-90.54556,34.73889],[-90.53944,34.75528],[-90.54778,34.78333],[-90.54083,34.79583],[-90.52111,34.80194],[-90.49278,34.7725],[-90.49495,34.75712],[-90.52417,34.73139],[-90.51667,34.72722],[-90.48333,34.72222],[-90.44799,34.74199],[-90.47664,34.79713],[-90.45712,34.82005],[-90.48477,34.86571],[-90.47832,34.88417],[-90.46123,34.89173],[-90.43745,34.88371],[-90.42932,34.86685],[-90.44802,34.8416],[-90.4369,34.82554],[-90.38939,34.83067],[-90.33752,34.85765],[-90.31543,34.84434],[-90.3069,34.8467],[-90.30406,34.86007],[-90.31774,34.87106],[-90.25611,34.89455],[-90.24183,34.91566],[-90.2447,34.94703],[-90.29606,34.97647],[-90.3093,34.99569],[-88.20006,34.99563],[-88.15462,34.92239],[-88.09789,34.8922],[-88.24303,33.79568],[-88.47323,31.89386],[-88.39398,30.34931],[-88.40993,30.34211],[-88.41881,30.35391],[-88.43389,30.35465],[-88.44649,30.34775],[-88.45381,30.32963],[-88.48012,30.31835],[-88.5048,30.32147],[-88.52249,30.34009],[-88.53621,30.3433],[-88.56777,30.32956],[-88.58193,30.33106],[-88.60001,30.35657],[-88.66382,30.3621],[-88.70059,30.34369],[-88.72889,30.34267],[-88.81162,30.38491],[-88.81876,30.36059],[-88.88483,30.392],[-88.92203,30.3938],[-89.01633,30.3839],[-89.08324,30.3681],[-89.28574,30.3031],[-89.29444,30.3076],[-89.29184,30.3281],[-89.28156,30.33198],[-89.27982,30.34979],[-89.2925,30.36564],[-89.31507,30.37541],[-89.33594,30.37402],[-89.35325,30.36879],[-89.36612,30.35217],[-89.33255,30.33789],[-89.32255,30.3149],[-89.37955,30.2704],[-89.41935,30.25432],[-89.43043,30.22322],[-89.44746,30.2051],[-89.44791,30.18535],[-89.46359,30.17394],[-89.48021,30.19375],[-89.5245,30.18075],[-89.53865,30.1958],[-89.57015,30.1803],[-89.61586,30.2232],[-89.61416,30.2446],[-89.63179,30.25692],[-89.63141,30.27966],[-89.64344,30.28768],[-89.6404,30.30675],[-89.62622,30.31425],[-89.62973,30.33929],[-89.65719,30.35652],[-89.68369,30.40587],[-89.67851,30.41401],[-89.68341,30.45179],[-89.72461,30.4919],[-89.76813,30.51502],[-89.77957,30.54434],[-89.79533,30.54656],[-89.79453,30.55655],[-89.80389,30.56058],[-89.78969,30.56658],[-89.80803,30.568],[-89.80712,30.58734],[-89.81984,30.59534],[-89.81392,30.60772],[-89.82328,30.60823],[-89.82187,30.64402],[-89.83326,30.65752],[-89.85226,30.66293],[-89.83548,30.69117],[-89.83807,30.70404],[-89.84658,30.70621],[-89.82806,30.72502],[-89.83687,30.73466],[-89.81607,30.73937],[-89.82605,30.74232],[-89.83154,30.76761],[-89.81916,30.79523],[-89.80511,30.7906],[-89.81148,30.798],[-89.79865,30.82086],[-89.78117,30.82012],[-89.79012,30.83798],[-89.78023,30.84624],[-89.78407,30.85527],[-89.77259,30.85366],[-89.76796,30.86386],[-89.77919,30.87518],[-89.77003,30.88225],[-89.7731,30.89834],[-89.75872,30.89732],[-89.7642,30.91191],[-89.74479,30.91893],[-89.75633,30.9435],[-89.72707,30.96739],[-89.73715,30.97608],[-89.7305,30.97971],[-89.7277,30.99333],[-89.73554,30.99971],[-89.72962,31.00393],[-91.63694,30.99942],[-91.57841,31.02403],[-91.55991,31.05412],[-91.56415,31.06683],[-91.62648,31.11913],[-91.62422,31.13373],[-91.5915,31.17312],[-91.59005,31.19369],[-91.64436,31.23441],[-91.65501,31.25182]]]]}},{"type":"Feature","properties":{"STATEFP":"31","GEOID":"31"},"geometry":{"type":"Polygon","coordinates":[[[-104.05321,41.19995],[-104.05313,43.00059],[-98.49855,42.99856],[-98.46736,42.94756],[-98.44415,42.92924],[-98.42074,42.93192],[-98.34623,42.90275],[-98.32586,42.8865],[-98.25181,42.87282],[-98.18976,42.84163],[-98.14693,42.83982],[-98.05662,42.77078],[-98.01305,42.7623],[-97.93672,42.77575],[-97.88856,42.81725],[-97.87534,42.85872],[-97.84527,42.86773],[-97.8285,42.8688],[-97.77446,42.84977],[-97.68651,42.84244],[-97.61181,42.85837],[-97.56193,42.84755],[-97.50485,42.85848],[-97.44228,42.84622],[-97.40832,42.86833],[-97.37669,42.86519],[-97.35957,42.85482],[-97.30668,42.8676],[-97.28986,42.8555],[-97.24856,42.85539],[-97.21882,42.84585],[-97.21013,42.8093],[-97.15076,42.79557],[-97.13133,42.77193],[-97.06559,42.77219],[-96.97912,42.76009],[-96.96123,42.74062],[-96.96158,42.71984],[-96.9068,42.7338],[-96.80622,42.70415],[-96.80218,42.67224],[-96.79324,42.66602],[-96.72802,42.66688],[-96.69127,42.6562],[-96.68779,42.64599],[-96.70949,42.62193],[-96.7093,42.60375],[-96.68137,42.57449],[-96.64359,42.5576],[-96.62818,42.51696],[-96.61149,42.50609],[-96.59112,42.50541],[-96.54879,42.52055],[-96.52875,42.51327],[-96.50132,42.48275],[-96.47557,42.48004],[-96.44551,42.49063],[-96.39611,42.4841],[-96.38601,42.47449],[-96.38071,42.44639],[-96.41361,42.40789],[-96.40844,42.37609],[-96.41779,42.35145],[-96.408,42.33741],[-96.37531,42.31834],[-96.36579,42.28587],[-96.32891,42.25473],[-96.32372,42.22989],[-96.35987,42.21055],[-96.34807,42.19475],[-96.34775,42.16681],[-96.31009,42.13252],[-96.2689,42.11359],[-96.26764,42.09618],[-96.27908,42.07403],[-96.27555,42.05198],[-96.26389,42.03986],[-96.23839,42.04109],[-96.2219,42.02956],[-96.23886,42.01232],[-96.24071,41.99935],[-96.22546,41.99473],[-96.21523,42.0067],[-96.19456,42.00866],[-96.18357,41.99999],[-96.19214,41.98446],[-96.18627,41.97742],[-96.15654,41.98014],[-96.1295,41.97167],[-96.14458,41.94154],[-96.13674,41.92083],[-96.16176,41.90182],[-96.14204,41.86886],[-96.11025,41.84885],[-96.10759,41.82068],[-96.06488,41.79623],[-96.07754,41.77782],[-96.07991,41.75789],[-96.10643,41.73789],[-96.07306,41.705],[-96.08243,41.69816],[-96.11197,41.69777],[-96.1214,41.68852],[-96.12098,41.67786],[-96.09984,41.66103],[-96.09505,41.64737],[-96.11756,41.61],[-96.08115,41.57729],[-96.09361,41.55827],[-96.09409,41.53927],[-96.05369,41.50886],[-96.0407,41.50708],[-96.02729,41.54108],[-96.00116,41.54115],[-95.99283,41.512],[-96.01922,41.4893],[-96.01176,41.47621],[-95.96233,41.46281],[-95.9368,41.46519],[-95.92028,41.45157],[-95.93317,41.42943],[-95.92972,41.41133],[-95.93749,41.3931],[-95.92879,41.3701],[-95.95669,41.3455],[-95.92569,41.3222],[-95.88869,41.3191],[-95.87469,41.3071],[-95.87289,41.2895],[-95.89015,41.27831],[-95.90589,41.3009],[-95.92749,41.2984],[-95.92869,41.2814],[-95.91089,41.234],[-95.92749,41.2022],[-95.91459,41.1851],[-95.86479,41.1883],[-95.84129,41.175],[-95.84619,41.1667],[-95.87191,41.16812],[-95.88349,41.1549],[-95.86589,41.1179],[-95.86259,41.0884],[-95.88241,41.06041],[-95.85965,41.03569],[-95.86729,41.0016],[-95.82907,40.97569],[-95.83974,40.93278],[-95.80947,40.89123],[-95.81593,40.87985],[-95.84779,40.86433],[-95.83719,40.83535],[-95.84534,40.81132],[-95.83416,40.78302],[-95.88364,40.74783],[-95.88535,40.72109],[-95.85262,40.70226],[-95.8428,40.6775],[-95.78657,40.65725],[-95.77283,40.6425],[-95.76893,40.62126],[-95.74968,40.60684],[-95.75315,40.59284],[-95.7747,40.57357],[-95.76383,40.55387],[-95.76928,40.53666],[-95.76286,40.52837],[-95.70859,40.52155],[-95.69505,40.53312],[-95.69415,40.55694],[-95.67872,40.56256],[-95.65585,40.54661],[-95.65226,40.53811],[-95.66169,40.51731],[-95.69997,40.50527],[-95.69465,40.47145],[-95.65819,40.44188],[-95.65913,40.40869],[-95.64393,40.38685],[-95.64103,40.3664],[-95.62373,40.34657],[-95.6252,40.33429],[-95.65373,40.32258],[-95.65733,40.31086],[-95.64533,40.30569],[-95.61044,40.31397],[-95.56216,40.29736],[-95.55162,40.28867],[-95.55247,40.2619],[-95.4775,40.24272],[-95.46972,40.22791],[-95.48232,40.20067],[-95.47919,40.18565],[-95.43635,40.15872],[-95.42875,40.13558],[-95.39335,40.11921],[-95.42164,40.05895],[-95.41359,40.03842],[-95.39153,40.02706],[-95.34878,40.0293],[-95.31527,40.01207],[-95.30829,40.0],[-102.05174,40.00308],[-102.05161,41.00238],[-104.05325,41.00141],[-104.05321,41.19995]]]}},{"type":"Feature","properties":{"STATEFP":"08","GEOID":"08"},"geometry":{"type":"Polygon","coordinates":[[[-109.06025,38.59933],[-109.05151,39.12609],[-109.05008,41.00066],[-102.05161,41.00238],[-102.04224,36.99308],[-103.0022,37.0001],[-105.02923,36.99273],[-109.04522,36.99908],[-109.04176,38.16469],[-109.06006,38.27549],[-109.06025,38.59933]]]}},{"type":"Feature","properties":{"STATEFP":"54","GEOID":"54"},"geometry":{"type":"Polygon","coordinates":[[[-82.643,38.16956],[-82.61134,38.17155],[-82.59844,38.21739],[-82.61226,38.23609],[-82.60533,38.2473],[-82.584,38.24637],[-82.57466,38.26387],[-82.58306,38.29683],[-82.57269,38.3188],[-82.59798,38.34491],[-82.59367,38.42181],[-82.57718,38.40877],[-82.5402,38.40367],[-82.40488,38.43935],[-82.38177,38.43478],[-82.33034,38.4445],[-82.30422,38.49631],[-82.29127,38.57898],[-82.26207,38.59818],[-82.20517,38.59172],[-82.17727,38.60378],[-82.17267,38.62968],[-82.19087,38.68038],[-82.18247,38.70878],[-82.18827,38.73408],[-82.19888,38.75773],[-82.22045,38.77374],[-82.22157,38.78719],[-82.20929,38.80267],[-82.16157,38.82463],[-82.14487,38.84048],[-82.14317,38.89808],[-82.11167,38.93258],[-82.09157,38.97378],[-82.05156,38.99438],[-82.03596,39.02548],[-82.00226,39.02788],[-81.97937,38.99319],[-81.95145,38.99603],[-81.93319,38.98766],[-81.89847,38.9296],[-81.928,38.89349],[-81.89854,38.87458],[-81.85597,38.89273],[-81.84449,38.92875],[-81.82735,38.9459],[-81.81423,38.94617],[-81.78565,38.92619],[-81.76266,38.92412],[-81.75697,38.93715],[-81.78182,38.96493],[-81.76425,39.01528],[-81.80335,39.04768],[-81.81386,39.07928],[-81.77555,39.07838],[-81.74725,39.09538],[-81.74357,39.14193],[-81.75575,39.18098],[-81.73708,39.19384],[-81.72697,39.21507],[-81.6924,39.22644],[-81.69638,39.25704],[-81.68363,39.27094],[-81.64318,39.27719],[-81.57025,39.26767],[-81.55755,39.33877],[-81.45614,39.40927],[-81.43564,39.40847],[-81.41271,39.39462],[-81.39379,39.35171],[-81.37596,39.3417],[-81.34757,39.34577],[-81.27072,39.38591],[-81.21731,39.38759],[-81.18595,39.43073],[-81.13253,39.44627],[-81.07059,39.51599],[-80.97044,39.59013],[-80.92584,39.6174],[-80.88036,39.62071],[-80.86665,39.65262],[-80.8637,39.69172],[-80.83388,39.7035],[-80.82976,39.71184],[-80.86909,39.76636],[-80.82608,39.79858],[-80.82612,39.84424],[-80.79076,39.86728],[-80.80901,39.90323],[-80.80602,39.91713],[-80.76259,39.90891],[-80.75643,39.91393],[-80.76448,39.95025],[-80.74013,39.97079],[-80.7419,40.00793],[-80.7309,40.04667],[-80.7386,40.07567],[-80.7091,40.10147],[-80.7046,40.15482],[-80.6681,40.19967],[-80.6521,40.24497],[-80.6193,40.26517],[-80.6149,40.29197],[-80.5999,40.31767],[-80.6128,40.34767],[-80.6097,40.37497],[-80.6336,40.39047],[-80.61219,40.40267],[-80.6123,40.43487],[-80.59549,40.47527],[-80.618,40.50205],[-80.62751,40.53579],[-80.66778,40.5781],[-80.66256,40.5916],[-80.62717,40.61994],[-80.59876,40.62526],[-80.57674,40.61422],[-80.51899,40.6388],[-80.51934,39.7214],[-79.47666,39.72108],[-79.48687,39.20596],[-79.43983,39.21707],[-79.38702,39.26554],[-79.35375,39.27804],[-79.33238,39.29992],[-79.29024,39.29932],[-79.28204,39.32305],[-79.25389,39.33722],[-79.25227,39.35666],[-79.21396,39.36532],[-79.19554,39.38779],[-79.16722,39.39326],[-79.15921,39.41302],[-79.14383,39.40852],[-79.10422,39.44836],[-79.09652,39.4728],[-79.05658,39.47101],[-79.04628,39.4838],[-79.03034,39.4654],[-79.01715,39.46698],[-78.96548,39.43845],[-78.95675,39.44026],[-78.95333,39.46364],[-78.93887,39.4741],[-78.94229,39.48099],[-78.91649,39.48654],[-78.8912,39.5189],[-78.87474,39.52261],[-78.8512,39.55992],[-78.83855,39.5673],[-78.81676,39.56169],[-78.81351,39.56772],[-78.82636,39.57733],[-78.82601,39.58883],[-78.80935,39.60806],[-78.79586,39.60693],[-78.80174,39.62749],[-78.79594,39.63729],[-78.76584,39.64849],[-78.77848,39.62265],[-78.76317,39.6189],[-78.7485,39.62626],[-78.73376,39.61393],[-78.77814,39.60136],[-78.75675,39.58069],[-78.73398,39.58662],[-78.72501,39.56397],[-78.68945,39.54577],[-78.65598,39.53469],[-78.59387,39.53516],[-78.56593,39.51944],[-78.52139,39.52479],[-78.47117,39.5161],[-78.4495,39.54228],[-78.43836,39.53875],[-78.43383,39.54895],[-78.41878,39.54895],[-78.45438,39.57432],[-78.45719,39.58738],[-78.44317,39.59116],[-78.40803,39.57859],[-78.39532,39.58422],[-78.42558,39.6076],[-78.43025,39.62329],[-78.37473,39.60863],[-78.38249,39.62822],[-78.35577,39.62626],[-78.35951,39.63808],[-78.35191,39.64049],[-78.26683,39.61882],[-78.25408,39.64009],[-78.2236,39.6611],[-78.23156,39.67438],[-78.20294,39.67665],[-78.18276,39.69511],[-78.10783,39.68214],[-78.0746,39.66669],[-78.00673,39.60134],[-77.97636,39.59986],[-77.95504,39.60808],[-77.94618,39.58481],[-77.93637,39.59451],[-77.93551,39.60848],[-77.94465,39.61525],[-77.93749,39.61915],[-77.92283,39.60489],[-77.89033,39.59755],[-77.88155,39.60009],[-77.88512,39.61577],[-77.83357,39.60294],[-77.83633,39.56637],[-77.87845,39.56349],[-77.88895,39.55595],[-77.86535,39.53838],[-77.86368,39.51503],[-77.84112,39.51955],[-77.83693,39.53217],[-77.82536,39.52918],[-77.82514,39.51788],[-77.84667,39.49957],[-77.80782,39.49024],[-77.78161,39.49907],[-77.76599,39.49572],[-77.7982,39.47572],[-77.78245,39.46336],[-77.79895,39.45797],[-77.78928,39.44525],[-77.79981,39.43694],[-77.75468,39.42466],[-77.73641,39.39268],[-77.75339,39.38209],[-77.74387,39.35995],[-77.76023,39.33862],[-77.71995,39.31969],[-77.7349,39.31241],[-77.77028,39.25598],[-77.77142,39.23678],[-77.79363,39.21012],[-77.82816,39.13233],[-78.34709,39.46601],[-78.34655,39.44262],[-78.35323,39.43679],[-78.34672,39.42762],[-78.35992,39.40903],[-78.34321,39.38881],[-78.36687,39.35929],[-78.33928,39.3486],[-78.41942,39.25748],[-78.39967,39.24387],[-78.43865,39.19805],[-78.4249,39.1933],[-78.42632,39.18276],[-78.4037,39.16745],[-78.42729,39.15273],[-78.45987,39.11335],[-78.49516,39.10099],[-78.5719,39.032],[-78.55047,39.01806],[-78.60165,38.9646],[-78.62567,38.98257],[-78.63842,38.96682],[-78.64659,38.96814],[-78.68046,38.92531],[-78.71865,38.90456],[-78.71708,38.93603],[-78.73892,38.92728],[-78.75908,38.90053],[-78.78602,38.88719],[-78.86928,38.76299],[-78.99817,38.84735],[-79.00655,38.82371],[-79.01955,38.81791],[-79.02725,38.79211],[-79.05495,38.78571],[-79.05155,38.77261],[-79.07255,38.74751],[-79.09275,38.70231],[-79.08436,38.68652],[-79.09296,38.65952],[-79.12976,38.65502],[-79.17096,38.56812],[-79.20586,38.52452],[-79.21059,38.49291],[-79.24006,38.46984],[-79.24264,38.45417],[-79.25444,38.45595],[-79.28276,38.43165],[-79.28297,38.4181],[-79.31228,38.41188],[-79.47664,38.45723],[-79.53687,38.55092],[-79.64907,38.59152],[-79.67297,38.52872],[-79.66207,38.51552],[-79.67047,38.50772],[-79.68037,38.51062],[-79.69757,38.48722],[-79.68967,38.43144],[-79.72635,38.38707],[-79.7317,38.37338],[-79.7256,38.36383],[-79.74062,38.3541],[-79.76443,38.35651],[-79.77309,38.33553],[-79.81015,38.30671],[-79.78979,38.28117],[-79.78894,38.2687],[-79.84521,38.24108],[-79.89843,38.19304],[-79.91634,38.18628],[-79.91866,38.15479],[-79.94484,38.13159],[-79.93895,38.11162],[-79.92633,38.10715],[-79.95437,38.0804],[-79.9737,38.03256],[-79.99938,37.99584],[-80.10293,37.91891],[-80.11775,37.89772],[-80.1622,37.87512],[-80.18306,37.85065],[-80.17939,37.83975],[-80.22709,37.79889],[-80.22949,37.79233],[-80.21566,37.77748],[-80.23046,37.77831],[-80.25741,37.75608],[-80.26277,37.73834],[-80.25308,37.7259],[-80.29614,37.69178],[-80.26745,37.64611],[-80.22098,37.62777],[-80.25892,37.5955],[-80.3285,37.56432],[-80.31239,37.54624],[-80.33031,37.53624],[-80.30935,37.52738],[-80.28239,37.53352],[-80.29979,37.50827],[-80.36684,37.48488],[-80.36317,37.48],[-80.37195,37.47407],[-80.4756,37.42295],[-80.49487,37.43507],[-80.49298,37.45775],[-80.51139,37.48167],[-80.55204,37.47356],[-80.7052,37.39462],[-80.77008,37.37236],[-80.78419,37.39459],[-80.80613,37.39807],[-80.83768,37.42566],[-80.85956,37.42957],[-80.86276,37.41183],[-80.88325,37.38393],[-80.84945,37.34691],[-80.9479,37.29587],[-80.97389,37.29144],[-80.98132,37.29346],[-80.97959,37.30228],[-81.09482,37.28264],[-81.16703,37.26288],[-81.2251,37.23487],[-81.3201,37.29932],[-81.36216,37.33769],[-81.37445,37.31861],[-81.39429,37.31641],[-81.41666,37.27321],[-81.44828,37.27058],[-81.48014,37.25112],[-81.49887,37.25803],[-81.50732,37.2338],[-81.54444,37.22076],[-81.5536,37.20844],[-81.67821,37.20148],[-81.72306,37.24049],[-81.744,37.24253],[-81.74097,37.25405],[-81.75763,37.274],[-81.78929,37.28442],[-81.81963,37.27941],[-81.84995,37.28523],[-81.85446,37.30657],[-81.86568,37.30948],[-81.86027,37.31571],[-81.87871,37.33175],[-81.89377,37.33011],[-81.9285,37.36064],[-81.93674,37.38073],[-81.92348,37.41138],[-81.93695,37.41992],[-81.93562,37.4384],[-81.97618,37.45719],[-81.98701,37.45488],[-81.99565,37.46983],[-81.99292,37.48297],[-81.95326,37.49176],[-81.95315,37.50131],[-81.92639,37.51421],[-81.94709,37.52391],[-81.94401,37.53096],[-81.96758,37.53281],[-81.97015,37.5465],[-82.00919,37.53324],[-82.04282,37.54836],[-82.06333,37.53621],[-82.07503,37.55582],[-82.11658,37.55959],[-82.13198,37.59354],[-82.15672,37.59279],[-82.1814,37.6268],[-82.21565,37.62624],[-82.21669,37.64133],[-82.23939,37.66146],[-82.25711,37.65675],[-82.27788,37.67],[-82.29439,37.67045],[-82.30289,37.69368],[-82.29663,37.7024],[-82.30724,37.70767],[-82.31888,37.73376],[-82.33335,37.7412],[-82.32101,37.75543],[-82.33382,37.76539],[-82.3397,37.78551],[-82.37739,37.80301],[-82.42048,37.84681],[-82.42148,37.88565],[-82.4476,37.90435],[-82.47457,37.90029],[-82.50186,37.9332],[-82.49668,37.9464],[-82.48512,37.94604],[-82.4718,37.95912],[-82.46426,37.98341],[-82.48773,37.99833],[-82.51735,38.0012],[-82.54958,38.06858],[-82.58404,38.09066],[-82.58778,38.10888],[-82.61945,38.12074],[-82.62212,38.13341],[-82.63647,38.13786],[-82.643,38.16956]]]}},{"type":"Feature","properties":{"STATEFP":"56","GEOID":"56"},"geometry":{"type":"Polygon","coordinates":[[[-111.05689,44.86666],[-111.0552,45.00132],[-110.78501,45.00295],[-110.70527,44.99232],[-110.55243,44.99224],[-110.40293,44.99381],[-110.3627,45.00059],[-110.1995,44.99619],[-110.1101,45.00391],[-109.10344,45.0059],[-109.08301,44.99961],[-107.35144,45.00141],[-106.26359,44.99379],[-105.92818,44.99365],[-105.91338,45.00094],[-104.0577,44.99743],[-104.05325,41.00141],[-111.04672,40.99796],[-111.04417,43.18924],[-111.05689,44.86666]]]}},{"type":"Feature","properties":{"STATEFP":"37","GEOID":"37"},"geometry":{"type":"MultiPolygon","coordinates":[[[[-75.72681,35.93584],[-75.69115,35.93693],[-75.65954,35.91956],[-75.66202,35.90652],[-75.65348,35.90469],[-75.61683,35.85633],[-75.61436,35.81566],[-75.62045,35.80925],[-75.67505,35.8302],[-75.66009,35.83861],[-75.66336,35.86984],[-75.72681,35.93584]]],[[[-76.01356,35.06883],[-75.99188,35.0924],[-75.98395,35.12004],[-75.9547,35.1196],[-75.78573,35.19424],[-75.71801,35.20938],[-75.68401,35.23291],[-75.66451,35.22751],[-75.64093,35.23386],[-75.59901,35.25625],[-75.59691,35.26949],[-75.58194,35.26392],[-75.53574,35.27286],[-75.50672,35.38712],[-75.47861,35.55307],[-75.47861,35.59932],[-75.50738,35.68056],[-75.52891,35.77145],[-75.52345,35.77357],[-75.49609,35.72852],[-75.45866,35.5966],[-75.48677,35.39165],[-75.52592,35.23384],[-75.53363,35.22583],[-75.56023,35.23205],[-75.6101,35.22751],[-75.76971,35.18036],[-75.94473,35.10509],[-76.01314,35.06186],[-76.01356,35.06883]]],[[[-84.31748,35.02196],[-84.29024,35.22557],[-84.22372,35.26908],[-84.21182,35.26608],[-84.20012,35.24468],[-84.18842,35.23998],[-84.13057,35.24336],[-84.12115,35.25064],[-84.09751,35.24738],[-84.05261,35.26998],[-84.02141,35.30138],[-84.03571,35.31288],[-84.02938,35.3332],[-84.03808,35.34836],[-84.00759,35.37166],[-84.00821,35.39038],[-84.02063,35.40984],[-83.96105,35.46414],[-83.94939,35.46116],[-83.93702,35.47151],[-83.91177,35.47603],[-83.88007,35.51875],[-83.82559,35.52383],[-83.77174,35.56212],[-83.67627,35.57029],[-83.6405,35.56607],[-83.60889,35.57945],[-83.58559,35.56294],[-83.49833,35.56298],[-83.4458,35.6118],[-83.42158,35.61119],[-83.39663,35.62272],[-83.38872,35.63358],[-83.36694,35.63873],[-83.35156,35.65986],[-83.33496,35.66547],[-83.31276,35.65481],[-83.29715,35.65775],[-83.28916,35.67451],[-83.25812,35.69192],[-83.25125,35.71992],[-83.24067,35.72676],[-83.18569,35.72989],[-83.15921,35.76489],[-83.12018,35.76623],[-83.07403,35.79002],[-82.99205,35.77395],[-82.96409,35.78998],[-82.94552,35.82466],[-82.92017,35.84166],[-82.91831,35.86398],[-82.89972,35.8746],[-82.91194,35.92162],[-82.89851,35.9451],[-82.87416,35.9527],[-82.85255,35.94909],[-82.82186,35.92184],[-82.805,35.92717],[-82.80585,35.93794],[-82.77491,35.97198],[-82.78556,35.9778],[-82.776,36.0001],[-82.75007,36.006],[-82.63716,36.0658],[-82.59487,36.0296],[-82.61436,36.00351],[-82.60424,35.98732],[-82.61089,35.96741],[-82.581,35.96556],[-82.55787,35.9539],[-82.54968,35.96428],[-82.50538,35.97768],[-82.46066,36.00781],[-82.40946,36.08341],[-82.35516,36.11561],[-82.32145,36.11955],[-82.28946,36.13571],[-82.26875,36.12704],[-82.26035,36.13371],[-82.24752,36.13087],[-82.21385,36.15911],[-82.18255,36.14371],[-82.14795,36.14952],[-82.12715,36.10442],[-82.08014,36.10572],[-82.06134,36.11312],[-82.05414,36.12682],[-82.03314,36.12042],[-81.90814,36.30201],[-81.87938,36.31377],[-81.84127,36.34332],[-81.80081,36.35807],[-81.7661,36.33852],[-81.70744,36.33517],[-81.70779,36.34601],[-81.72133,36.3531],[-81.73287,36.3765],[-81.72981,36.38803],[-81.73965,36.40669],[-81.72073,36.42254],[-81.71489,36.45722],[-81.69531,36.46791],[-81.70796,36.53621],[-81.69003,36.55215],[-81.69024,36.56872],[-81.67704,36.57072],[-81.67754,36.58812],[-80.12218,36.54265],[-75.8683,36.55039],[-75.81874,36.35758],[-75.77251,36.22944],[-75.71831,36.11367],[-75.65854,36.02043],[-75.53301,35.78738],[-75.54326,35.77969],[-75.56306,35.79926],[-75.62291,35.89232],[-75.62332,35.90909],[-75.6472,35.95432],[-75.67891,35.99392],[-75.72366,36.00314],[-75.72261,36.03736],[-75.74051,36.04684],[-75.73972,36.07527],[-75.75893,36.15221],[-75.79329,36.22643],[-75.81159,36.24401],[-75.81448,36.28534],[-75.83791,36.29456],[-75.84528,36.30561],[-75.83159,36.34642],[-75.85147,36.37946],[-75.85147,36.41578],[-75.88832,36.44158],[-75.89991,36.48212],[-75.92413,36.48212],[-75.96007,36.49502],[-75.97254,36.49467],[-75.97529,36.48553],[-75.98979,36.49394],[-75.98054,36.51278],[-75.98623,36.52566],[-76.02248,36.52709],[-76.02639,36.51649],[-76.04256,36.51056],[-76.03195,36.4825],[-76.01234,36.44746],[-75.98005,36.43546],[-75.96228,36.41724],[-75.9236,36.42579],[-75.91641,36.38901],[-75.92333,36.36186],[-75.88215,36.28467],[-75.86052,36.28061],[-75.86415,36.23552],[-75.83837,36.20013],[-75.83992,36.17711],[-75.80038,36.11273],[-75.79397,36.07171],[-75.83608,36.09262],[-75.86779,36.12726],[-75.86391,36.15923],[-75.91066,36.21216],[-75.92234,36.24412],[-75.94984,36.25787],[-75.96462,36.25443],[-75.94537,36.22247],[-75.95603,36.19806],[-75.905,36.16419],[-75.93905,36.16552],[-76.01698,36.18637],[-76.05431,36.22916],[-76.08148,36.23794],[-76.13201,36.28777],[-76.1847,36.29817],[-76.18872,36.28124],[-76.17138,36.26581],[-76.14949,36.2639],[-76.11585,36.21422],[-76.08011,36.19944],[-76.05992,36.15514],[-76.06422,36.14377],[-76.17895,36.12342],[-76.20687,36.13752],[-76.25406,36.18419],[-76.27405,36.18895],[-76.22853,36.13065],[-76.19172,36.1072],[-76.2166,36.09541],[-76.26504,36.10489],[-76.32992,36.1334],[-76.37357,36.13821],[-76.3935,36.16325],[-76.44781,36.19251],[-76.45606,36.18358],[-76.37589,36.12042],[-76.34642,36.12102],[-76.29873,36.1012],[-76.304,36.09278],[-76.32348,36.08488],[-76.41088,36.07803],[-76.45932,36.02433],[-76.51434,36.00564],[-76.58067,36.00722],[-76.61542,36.03776],[-76.65333,36.03512],[-76.67648,36.04361],[-76.72145,36.14784],[-76.7194,36.19944],[-76.67546,36.26688],[-76.69325,36.27836],[-76.74444,36.21272],[-76.7521,36.14733],[-76.723,36.06659],[-76.67966,35.99195],[-76.70019,35.96457],[-76.69177,35.94457],[-76.66755,35.93351],[-76.52855,35.94404],[-76.46063,35.97037],[-76.39824,35.98432],[-76.36297,35.9422],[-76.34033,35.94325],[-76.31769,35.94694],[-76.27241,35.97273],[-76.21397,35.988],[-76.06207,35.993],[-76.01416,35.9572],[-76.01995,35.93404],[-76.01435,35.92075],[-76.0632,35.85343],[-76.05048,35.80669],[-76.04681,35.71793],[-76.03639,35.69034],[-76.04636,35.65907],[-76.02986,35.64944],[-76.01302,35.67007],[-75.9869,35.76819],[-75.98715,35.83697],[-75.97783,35.89718],[-75.96256,35.90139],[-75.92729,35.93193],[-75.92676,35.94035],[-75.94729,35.95983],[-75.89938,35.97721],[-75.84989,35.97616],[-75.8077,35.95728],[-75.7825,35.92824],[-75.73362,35.8261],[-75.73894,35.75105],[-75.71914,35.69426],[-75.73097,35.68226],[-75.76311,35.68253],[-75.76815,35.66176],[-75.74122,35.64723],[-75.73738,35.62474],[-75.78108,35.59774],[-75.78007,35.58327],[-75.78813,35.57643],[-75.83715,35.5709],[-75.87134,35.58508],[-75.89504,35.57315],[-75.91902,35.54129],[-75.958,35.52751],[-75.96305,35.4939],[-75.99565,35.47536],[-75.9979,35.45343],[-76.0097,35.44219],[-76.02094,35.41072],[-76.05017,35.41578],[-76.05973,35.41016],[-76.05973,35.38374],[-76.06928,35.37081],[-76.13279,35.34945],[-76.14965,35.32641],[-76.20586,35.33653],[-76.23509,35.35002],[-76.26544,35.34327],[-76.32726,35.35676],[-76.34974,35.34552],[-76.38234,35.35676],[-76.4082,35.35002],[-76.4318,35.36238],[-76.4363,35.37812],[-76.44867,35.38374],[-76.48576,35.37138],[-76.54029,35.41066],[-76.58635,35.50896],[-76.47671,35.51171],[-76.45643,35.55055],[-76.47121,35.55742],[-76.48358,35.53817],[-76.55679,35.52889],[-76.60044,35.53852],[-76.63447,35.51033],[-76.60147,35.46084],[-76.58019,35.38711],[-76.60604,35.38711],[-76.71008,35.42715],[-76.75923,35.41891],[-76.8309,35.44795],[-76.90995,35.4634],[-76.97672,35.488],[-77.01168,35.51571],[-77.02794,35.51268],[-77.02896,35.48892],[-76.99153,35.46706],[-76.96666,35.43781],[-76.89194,35.43365],[-76.66403,35.3457],[-76.48406,35.3131],[-76.46816,35.26349],[-76.49755,35.24289],[-76.49619,35.22155],[-76.51683,35.2112],[-76.53972,35.16679],[-76.53635,35.14206],[-76.54646,35.12295],[-76.60042,35.06787],[-76.80143,34.96437],[-76.9829,35.06061],[-76.98978,35.04548],[-76.9774,35.00493],[-76.89354,34.9575],[-76.76293,34.92037],[-76.63507,34.98912],[-76.50262,35.00717],[-76.49138,35.01728],[-76.47452,35.07012],[-76.46347,35.07641],[-76.43576,35.05794],[-76.42546,35.00146],[-76.39562,34.97518],[-76.33204,34.97092],[-76.32636,34.97624],[-76.36437,35.03485],[-76.28835,35.00573],[-76.29652,34.97624],[-76.27557,34.96097],[-76.2777,34.94001],[-76.34767,34.87217],[-76.36827,34.87288],[-76.38648,34.85541],[-76.39857,34.86653],[-76.41001,34.86146],[-76.41215,34.8322],[-76.42938,34.83023],[-76.44946,34.81483],[-76.47253,34.77069],[-76.50192,34.74269],[-76.49843,34.73205],[-76.51269,34.72033],[-76.52471,34.68196],[-76.58624,34.69881],[-76.58242,34.76776],[-76.6048,34.78748],[-76.62061,34.78439],[-76.61657,34.71406],[-76.67362,34.71491],[-76.67354,34.70757],[-76.5233,34.65227],[-76.43973,34.75848],[-76.32281,34.86116],[-76.23367,34.92593],[-76.06991,35.0757],[-76.04362,35.07002],[-76.0377,35.05635],[-76.13908,34.98847],[-76.3868,34.78458],[-76.49407,34.66197],[-76.53595,34.58858],[-76.5552,34.61599],[-76.54934,34.64558],[-76.67631,34.69315],[-76.81745,34.69372],[-76.99026,34.66962],[-77.17585,34.62235],[-77.55731,34.41765],[-77.70752,34.30556],[-77.77456,34.23578],[-77.83004,34.16351],[-77.87449,34.07893],[-77.94657,33.91226],[-77.96017,33.85332],[-77.97061,33.84452],[-78.00677,33.8587],[-78.01869,33.88829],[-78.13695,33.91218],[-78.24094,33.91617],[-78.37976,33.90385],[-78.54242,33.85228],[-79.35832,34.54536],[-79.6753,34.80474],[-80.79754,34.81979],[-80.78204,34.93578],[-80.93495,35.10741],[-81.04149,35.0447],[-81.05765,35.06243],[-81.05803,35.07319],[-81.05208,35.09628],[-81.03281,35.10805],[-81.03897,35.1263],[-81.05104,35.13165],[-81.04363,35.14988],[-82.27492,35.20007],[-82.32335,35.18479],[-82.36147,35.19083],[-82.3713,35.18145],[-82.39293,35.2154],[-82.41974,35.19861],[-82.43959,35.16586],[-82.4512,35.16526],[-82.46009,35.17814],[-82.52997,35.15562],[-82.55051,35.1595],[-82.57832,35.1421],[-82.60971,35.13904],[-82.66238,35.11812],[-82.68363,35.12583],[-82.6949,35.09846],[-82.72701,35.09414],[-82.7577,35.06802],[-82.77738,35.06414],[-82.77636,35.08135],[-82.78787,35.08502],[-83.10861,35.00066],[-83.62019,34.99209],[-83.61998,34.98659],[-84.32187,34.98841],[-84.31748,35.02196]]]]}},{"type":"Feature","properties":{"STATEFP":"05","GEOID":"05"},"geometry":{"type":"Polygon","coordinates":[[[-94.61792,36.49941],[-90.15248,36.49795],[-90.16017,36.48134],[-90.14227,36.47214],[-90.13414,36.4366],[-90.14374,36.42443],[-90.10949,36.40407],[-90.08043,36.40076],[-90.06614,36.38627],[-90.06353,36.35691],[-90.0774,36.341],[-90.07998,36.31862],[-90.06398,36.30304],[-90.08373,36.27233],[-90.11492,36.26559],[-90.12637,36.22937],[-90.18285,36.20511],[-90.20978,36.182],[-90.22043,36.18476],[-90.23537,36.15915],[-90.23559,36.13947],[-90.29449,36.11295],[-90.29991,36.09824],[-90.31917,36.08998],[-90.31849,36.07551],[-90.33326,36.0675],[-90.35131,36.02688],[-90.37789,35.99568],[-89.7331,36.00061],[-89.71653,35.96153],[-89.65216,35.92911],[-89.64157,35.90026],[-89.64562,35.88583],[-89.66594,35.87445],[-89.71942,35.90831],[-89.74455,35.9107],[-89.7683,35.88936],[-89.7729,35.86563],[-89.69553,35.83567],[-89.69599,35.8213],[-89.72971,35.80212],[-89.7628,35.81097],[-89.77791,35.80628],[-89.79957,35.78833],[-89.79895,35.75936],[-89.81686,35.74869],[-89.84289,35.74272],[-89.85275,35.75545],[-89.89025,35.75079],[-89.90911,35.75896],[-89.95862,35.72602],[-89.95595,35.69076],[-89.93021,35.66135],[-89.89687,35.65122],[-89.86514,35.67044],[-89.85215,35.66027],[-89.85513,35.63622],[-89.89367,35.61534],[-89.91128,35.61759],[-89.9325,35.60786],[-89.95716,35.58942],[-89.93989,35.55567],[-89.91005,35.54538],[-89.90464,35.51935],[-89.92654,35.51161],[-89.95519,35.52249],[-89.95827,35.54141],[-89.99427,35.56097],[-90.03293,35.55346],[-90.04952,35.51036],[-90.04414,35.49462],[-90.0068,35.45325],[-90.00267,35.43053],[-90.05056,35.40964],[-90.04658,35.399],[-90.05949,35.39381],[-90.0741,35.43414],[-90.06904,35.46777],[-90.09014,35.4785],[-90.10875,35.47601],[-90.12944,35.44212],[-90.169,35.42185],[-90.17934,35.38531],[-90.16528,35.37398],[-90.13776,35.37939],[-90.14545,35.40252],[-90.12988,35.41382],[-90.11269,35.4103],[-90.07828,35.37873],[-90.10997,35.30499],[-90.15832,35.30101],[-90.16887,35.28152],[-90.14632,35.25356],[-90.11646,35.25587],[-90.0926,35.24677],[-90.07497,35.21872],[-90.07716,35.21103],[-90.0878,35.21218],[-90.09806,35.19514],[-90.11445,35.19892],[-90.11733,35.18926],[-90.10009,35.17021],[-90.0679,35.15528],[-90.06616,35.13747],[-90.08742,35.11889],[-90.14715,35.13305],[-90.16923,35.12188],[-90.18078,35.09648],[-90.17504,35.0749],[-90.18116,35.05394],[-90.207,35.02585],[-90.25234,35.03175],[-90.26554,35.04058],[-90.29661,35.03867],[-90.3093,34.99569],[-90.29606,34.97647],[-90.2447,34.94703],[-90.24183,34.91566],[-90.25611,34.89455],[-90.31774,34.87106],[-90.30406,34.86007],[-90.3069,34.8467],[-90.31543,34.84434],[-90.33752,34.85765],[-90.38939,34.83067],[-90.4369,34.82554],[-90.44802,34.8416],[-90.42932,34.86685],[-90.43745,34.88371],[-90.46123,34.89173],[-90.47832,34.88417],[-90.48477,34.86571],[-90.45712,34.82005],[-90.47664,34.79713],[-90.44799,34.74199],[-90.48333,34.72222],[-90.51667,34.72722],[-90.52417,34.73139],[-90.49495,34.75712],[-90.49278,34.7725],[-90.52111,34.80194],[-90.54083,34.79583],[-90.54778,34.78333],[-90.53944,34.75528],[-90.54556,34.73889],[-90.56361,34.73778],[-90.57199,34.7144],[-90.51667,34.69555],[-90.47417,34.70528],[-90.46283,34.68643],[-90.47254,34.66596],[-90.51323,34.63345],[-90.53211,34.62733],[-90.55164,34.63633],[-90.55492,34.64672],[-90.54075,34.68103],[-90.56996,34.69239],[-90.56757,34.68146],[-90.59159,34.62101],[-90.53962,34.55392],[-90.54253,34.54015],[-90.58124,34.51567],[-90.59329,34.48793],[-90.57769,34.43245],[-90.58431,34.41219],[-90.6096,34.39159],[-90.64518,34.38683],[-90.65819,34.37614],[-90.66139,34.3154],[-90.67808,34.31309],[-90.69313,34.32257],[-90.68272,34.36676],[-90.71193,34.36074],[-90.75969,34.3665],[-90.76977,34.35691],[-90.768,34.34617],[-90.73587,34.31069],[-90.73802,34.28928],[-90.76562,34.26951],[-90.81222,34.27951],[-90.83363,34.27407],[-90.83813,34.22],[-90.84586,34.20757],[-90.87912,34.21545],[-90.9101,34.24556],[-90.92315,34.24653],[-90.9364,34.2367],[-90.93522,34.21905],[-90.9118,34.1939],[-90.88788,34.18198],[-90.81749,34.1832],[-90.80756,34.16182],[-90.82259,34.14405],[-90.85347,34.13751],[-90.90996,34.16551],[-90.95706,34.13668],[-90.9586,34.12244],[-90.94769,34.10957],[-90.92129,34.09351],[-90.8828,34.09659],[-90.87108,34.08118],[-90.8881,34.05452],[-90.8926,34.02699],[-90.92621,34.02161],[-90.95911,34.02681],[-90.98806,34.019],[-90.96188,33.98035],[-90.96763,33.96361],[-91.00057,33.96696],[-91.01691,34.00008],[-91.05093,33.99343],[-91.06876,34.00639],[-91.08541,34.0075],[-91.08601,33.95742],[-91.01913,33.94208],[-91.01045,33.92869],[-91.07298,33.86618],[-91.06644,33.838],[-91.04908,33.81603],[-91.00853,33.80282],[-90.98872,33.78349],[-90.99517,33.77254],[-91.02276,33.76431],[-91.05272,33.77793],[-91.10898,33.77198],[-91.12944,33.78373],[-91.14363,33.77017],[-91.14872,33.73213],[-91.11694,33.70527],[-91.05917,33.71452],[-91.0303,33.68334],[-91.03468,33.67288],[-91.08755,33.65739],[-91.12468,33.67155],[-91.16037,33.7066],[-91.2204,33.69654],[-91.2304,33.67557],[-91.20881,33.6561],[-91.17092,33.64916],[-91.13685,33.62623],[-91.12873,33.6092],[-91.13235,33.59553],[-91.16611,33.56971],[-91.23198,33.56454],[-91.22147,33.53308],[-91.18946,33.50952],[-91.18668,33.49967],[-91.21033,33.46753],[-91.23058,33.45772],[-91.22982,33.43729],[-91.18261,33.44042],[-91.17185,33.45032],[-91.17052,33.49174],[-91.15837,33.49607],[-91.1344,33.48316],[-91.117,33.45459],[-91.13807,33.42723],[-91.20229,33.41685],[-91.20607,33.39984],[-91.16696,33.3799],[-91.13046,33.38463],[-91.09521,33.41823],[-91.09743,33.43401],[-91.08807,33.45038],[-91.07298,33.45582],[-91.059,33.44915],[-91.05839,33.4282],[-91.07405,33.40785],[-91.1416,33.35019],[-91.14158,33.29975],[-91.10688,33.24244],[-91.09639,33.24296],[-91.07644,33.28441],[-91.04829,33.28284],[-91.0437,33.27178],[-91.05303,33.24751],[-91.08123,33.22246],[-91.09911,33.21961],[-91.0813,33.18428],[-91.08451,33.14108],[-91.10973,33.12945],[-91.14678,33.13005],[-91.16098,33.14143],[-91.18403,33.14168],[-91.20211,33.12231],[-91.1996,33.1065],[-91.14906,33.08131],[-91.12043,33.05463],[-91.12672,33.03625],[-91.16321,33.01791],[-91.16609,33.00429],[-94.04296,33.01922],[-94.04345,33.55225],[-94.05021,33.55108],[-94.0561,33.56725],[-94.07267,33.57223],[-94.10318,33.57035],[-94.1239,33.5521],[-94.14302,33.57773],[-94.1834,33.59221],[-94.21133,33.57377],[-94.22639,33.55291],[-94.2502,33.55676],[-94.23887,33.57672],[-94.25266,33.58614],[-94.27085,33.56478],[-94.2806,33.57491],[-94.29839,33.57622],[-94.30958,33.55167],[-94.33059,33.55269],[-94.33842,33.56708],[-94.35265,33.56061],[-94.35897,33.54323],[-94.39257,33.55114],[-94.37776,33.57461],[-94.38593,33.58189],[-94.41906,33.57722],[-94.43622,33.5942],[-94.45823,33.59827],[-94.45233,33.61882],[-94.4592,33.64515],[-94.48587,33.63787],[-94.43121,35.39429],[-94.61792,36.49941]]]}},{"type":"Feature","properties":{"STATEFP":"49","GEOID":"49"},"geometry":{"type":"Polygon","coordinates":[[[-114.05296,37.59278],[-114.04172,41.99372],[-113.89326,41.98806],[-112.70937,42.00031],[-111.04669,42.00157],[-111.04672,40.99796],[-109.05008,41.00066],[-109.05151,39.12609],[-109.06006,38.27549],[-109.04176,38.16469],[-109.04522,36.99908],[-114.0506,37.0004],[-114.05296,37.59278]]]}},{"type":"Feature","properties":{"STATEFP":"48","GEOID":"48"},"geometry":{"type":"Polygon","coordinates":[[[-106.64548,31.89867],[-106.61206,31.91866],[-106.62397,31.931],[-106.61437,31.95275],[-106.61937,31.96478],[-106.63953,31.98035],[-106.61849,32.0005],[-103.06442,32.00052],[-103.06463,32.9999],[-103.04353,34.01801],[-103.04192,36.50044],[-100.00041,36.4997],[-100.00038,34.56051],[-99.97155,34.56218],[-99.95457,34.5782],[-99.92321,34.57455],[-99.88715,34.54905],[-99.85307,34.51159],[-99.82533,34.4976],[-99.79368,34.45389],[-99.7656,34.43749],[-99.76723,34.4305],[-99.72026,34.4063],[-99.71268,34.39093],[-99.69646,34.38104],[-99.66271,34.37368],[-99.64966,34.37989],[-99.60003,34.37469],[-99.58544,34.38891],[-99.58006,34.41665],[-99.5697,34.41842],[-99.51428,34.41403],[-99.45265,34.38825],[-99.44076,34.37412],[-99.42043,34.38046],[-99.40296,34.37348],[-99.39149,34.40563],[-99.39496,34.4421],[-99.38101,34.45694],[-99.3588,34.45586],[-99.35671,34.44214],[-99.31961,34.40887],[-99.29465,34.41537],[-99.26132,34.4035],[-99.25898,34.39124],[-99.27493,34.3849],[-99.2587,34.37263],[-99.24295,34.37267],[-99.23261,34.34238],[-99.21313,34.34037],[-99.21165,34.29223],[-99.19561,34.28084],[-99.18951,34.21431],[-99.15902,34.20888],[-99.13061,34.21941],[-99.12657,34.203],[-99.07954,34.21152],[-99.04347,34.19821],[-99.03627,34.20691],[-99.01308,34.20322],[-98.98729,34.22122],[-98.97413,34.20357],[-98.9663,34.20132],[-98.96079,34.21303],[-98.95251,34.21265],[-98.91833,34.18183],[-98.87292,34.16658],[-98.86812,34.14964],[-98.86012,34.14991],[-98.85559,34.16162],[-98.81295,34.15844],[-98.76557,34.13638],[-98.75704,34.12463],[-98.74197,34.12553],[-98.73429,34.13576],[-98.69007,34.13316],[-98.64807,34.16444],[-98.61673,34.15642],[-98.59979,34.16057],[-98.57245,34.14509],[-98.5282,34.09496],[-98.48633,34.0626],[-98.44903,34.07346],[-98.44009,34.08431],[-98.41443,34.08507],[-98.39978,34.09997],[-98.39844,34.12846],[-98.38124,34.14945],[-98.36402,34.15711],[-98.32545,34.15102],[-98.2939,34.13302],[-98.24101,34.1331],[-98.20371,34.11768],[-98.16912,34.11417],[-98.13082,34.15053],[-98.10946,34.15411],[-98.08975,34.12821],[-98.09933,34.1043],[-98.11942,34.08447],[-98.12021,34.07213],[-98.09618,34.04463],[-98.10548,34.03131],[-98.0882,34.00548],[-98.02767,33.99336],[-97.97417,34.00672],[-97.95833,33.99085],[-97.94573,33.98984],[-97.96035,33.95193],[-97.97417,33.94283],[-97.9534,33.93644],[-97.95716,33.91445],[-97.96987,33.906],[-97.9788,33.91255],[-97.98454,33.9007],[-97.96778,33.88243],[-97.93674,33.8792],[-97.87145,33.849],[-97.83433,33.85767],[-97.78466,33.89063],[-97.78372,33.91056],[-97.7594,33.91882],[-97.76277,33.9344],[-97.72529,33.94105],[-97.69311,33.9837],[-97.67177,33.99137],[-97.63378,33.98126],[-97.5896,33.95355],[-97.59712,33.91787],[-97.58744,33.90248],[-97.55154,33.89795],[-97.50096,33.91964],[-97.46038,33.90395],[-97.45095,33.8914],[-97.45147,33.87093],[-97.46286,33.84177],[-97.45306,33.82854],[-97.42649,33.8194],[-97.36874,33.82147],[-97.33294,33.87444],[-97.31824,33.86512],[-97.29924,33.88018],[-97.27911,33.86456],[-97.25564,33.8637],[-97.24495,33.90309],[-97.21092,33.91606],[-97.18085,33.8952],[-97.16663,33.84731],[-97.17163,33.83534],[-97.1997,33.82732],[-97.20543,33.80149],[-97.17219,33.73754],[-97.1261,33.71694],[-97.10452,33.72261],[-97.0862,33.74393],[-97.09211,33.8041],[-97.04815,33.81746],[-97.05782,33.83452],[-97.09048,33.84484],[-97.08725,33.85345],[-97.06807,33.86046],[-97.04125,33.83776],[-97.0239,33.84421],[-96.98557,33.88652],[-96.99618,33.94173],[-96.98134,33.95638],[-96.97381,33.9357],[-96.9163,33.9578],[-96.90243,33.94202],[-96.89573,33.89641],[-96.87528,33.86051],[-96.85059,33.84721],[-96.83216,33.87483],[-96.79428,33.86889],[-96.78057,33.8601],[-96.77068,33.82962],[-96.76159,33.82441],[-96.69957,33.83905],[-96.66719,33.91694],[-96.62829,33.89448],[-96.58793,33.89478],[-96.59011,33.88067],[-96.61197,33.86902],[-96.62929,33.84549],[-96.57294,33.8191],[-96.52666,33.82089],[-96.51591,33.7878],[-96.50027,33.77258],[-96.44804,33.78103],[-96.42264,33.77604],[-96.40847,33.75119],[-96.36959,33.71681],[-96.3622,33.69182],[-96.34831,33.68638],[-96.31692,33.699],[-96.29248,33.76642],[-96.2699,33.76841],[-96.22052,33.74739],[-96.17806,33.76052],[-96.16212,33.79614],[-96.17896,33.81055],[-96.15077,33.81699],[-96.14807,33.8378],[-96.12295,33.83996],[-96.09936,33.83047],[-96.10009,33.84797],[-96.04883,33.83647],[-96.02946,33.8524],[-96.0196,33.84057],[-95.99835,33.85105],[-95.99149,33.86687],[-95.97216,33.85637],[-95.94428,33.85981],[-95.9352,33.8871],[-95.83752,33.83564],[-95.82078,33.84056],[-95.8206,33.85847],[-95.80515,33.8613],[-95.77207,33.84382],[-95.75351,33.85646],[-95.76256,33.87437],[-95.75637,33.89263],[-95.73751,33.89597],[-95.69696,33.88522],[-95.66534,33.90813],[-95.63698,33.90661],[-95.59968,33.93425],[-95.55941,33.93018],[-95.5452,33.88029],[-95.5153,33.89114],[-95.5023,33.87474],[-95.46492,33.88671],[-95.46335,33.87231],[-95.44737,33.86885],[-95.33912,33.86887],[-95.33345,33.88629],[-95.28786,33.87495],[-95.27785,33.90088],[-95.2531,33.90544],[-95.25291,33.93365],[-95.22639,33.96195],[-95.16111,33.9376],[-95.1247,33.93467],[-95.12237,33.91863],[-95.10077,33.91219],[-95.09044,33.89328],[-95.06549,33.89959],[-95.04657,33.86256],[-95.00838,33.86609],[-94.98849,33.851],[-94.9689,33.86092],[-94.9644,33.83702],[-94.9443,33.81214],[-94.91945,33.81018],[-94.91961,33.7863],[-94.87922,33.76491],[-94.8693,33.74587],[-94.8308,33.74007],[-94.81743,33.75217],[-94.79863,33.74453],[-94.76806,33.75345],[-94.76774,33.73752],[-94.74258,33.72701],[-94.73238,33.70025],[-94.71104,33.70567],[-94.70786,33.68688],[-94.65226,33.69098],[-94.64289,33.66842],[-94.62121,33.68102],[-94.60305,33.67135],[-94.57962,33.67762],[-94.57082,33.65494],[-94.55207,33.65348],[-94.55266,33.63825],[-94.53332,33.63766],[-94.52072,33.61657],[-94.4592,33.64515],[-94.45233,33.61882],[-94.45823,33.59827],[-94.43622,33.5942],[-94.41906,33.57722],[-94.38593,33.58189],[-94.37776,33.57461],[-94.39257,33.55114],[-94.35897,33.54323],[-94.35265,33.56061],[-94.33842,33.56708],[-94.33059,33.55269],[-94.30958,33.55167],[-94.29839,33.57622],[-94.2806,33.57491],[-94.27085,33.56478],[-94.25266,33.58614],[-94.23887,33.57672],[-94.2502,33.55676],[-94.22639,33.55291],[-94.21133,33.57377],[-94.1834,33.59221],[-94.14302,33.57773],[-94.1239,33.5521],[-94.10318,33.57035],[-94.0561,33.56725],[-94.05021,33.55108],[-94.04343,33.55143],[-94.04183,31.9924],[-94.01866,31.99084],[-93.97171,31.92038],[-93.938,31.90692],[-93.92767,31.8915],[-93.90477,31.8906],[-93.87482,31.84061],[-93.87476,31.82166],[-93.83995,31.7986],[-93.8226,31.77356],[-93.83065,31.74581],[-93.80245,31.69319],[-93.82646,31.66692],[-93.81684,31.62251],[-93.81872,31.61456],[-93.82785,31.61655],[-93.83806,31.6068],[-93.83492,31.58621],[-93.79809,31.53404],[-93.78083,31.52538],[-93.74338,31.5252],[-93.73932,31.51505],[-93.72674,31.5116],[-93.731,31.49212],[-93.74987,31.47893],[-93.74948,31.46869],[-93.70093,31.43778],[-93.70488,31.41088],[-93.67164,31.39335],[-93.6637,31.36002],[-93.68688,31.30517],[-93.66893,31.29798],[-93.64252,31.26951],[-93.62034,31.27103],[-93.61394,31.25937],[-93.61601,31.23396],[-93.60432,31.22079],[-93.60031,31.17616],[-93.5885,31.16558],[-93.55265,31.18558],[-93.53331,31.18446],[-93.54489,31.14884],[-93.53962,31.12184],[-93.55103,31.09111],[-93.52604,31.07077],[-93.53207,31.05526],[-93.51641,31.02955],[-93.53953,31.0085],[-93.56602,31.00457],[-93.57191,30.98761],[-93.52625,30.93941],[-93.53094,30.92453],[-93.55194,30.91865],[-93.56779,30.8883],[-93.55363,30.83514],[-93.56167,30.80774],[-93.58427,30.79666],[-93.59283,30.76399],[-93.61913,30.742],[-93.60954,30.72314],[-93.6299,30.67994],[-93.65497,30.67018],[-93.6831,30.64076],[-93.68124,30.5961],[-93.71245,30.58848],[-93.72784,30.57407],[-93.7292,30.54484],[-93.74025,30.53957],[-93.71432,30.51856],[-93.71012,30.5064],[-93.71668,30.49401],[-93.6978,30.44058],[-93.70266,30.42995],[-93.75765,30.39042],[-93.75635,30.35617],[-93.76582,30.33332],[-93.70661,30.28119],[-93.70508,30.24275],[-93.72095,30.20985],[-93.68821,30.14138],[-93.70125,30.13738],[-93.70244,30.11272],[-93.73408,30.08613],[-93.6994,30.05925],[-93.7208,30.05304],[-93.73745,30.03728],[-93.74108,30.02157],[-93.78693,29.99058],[-93.83837,29.88285],[-93.92799,29.80964],[-93.9265,29.78956],[-93.89386,29.76729],[-93.89164,29.74462],[-93.87002,29.73548],[-93.83797,29.69062],[-93.83773,29.67902],[-94.00141,29.68149],[-94.09576,29.66052],[-94.59485,29.4679],[-94.69416,29.41563],[-94.73105,29.36914],[-94.77869,29.36148],[-94.78313,29.37564],[-94.70637,29.4368],[-94.68154,29.47139],[-94.60856,29.48334],[-94.59421,29.49213],[-94.59444,29.50577],[-94.57927,29.5234],[-94.56567,29.53009],[-94.52715,29.51314],[-94.48797,29.52904],[-94.46626,29.55228],[-94.47351,29.56033],[-94.49948,29.54519],[-94.521,29.54459],[-94.54441,29.57245],[-94.55723,29.57552],[-94.75769,29.52462],[-94.78094,29.53109],[-94.7906,29.5484],[-94.77105,29.54844],[-94.75524,29.56278],[-94.70697,29.62523],[-94.69086,29.69012],[-94.68963,29.75334],[-94.7218,29.77187],[-94.72092,29.78272],[-94.73884,29.79206],[-94.81609,29.75671],[-94.85111,29.72137],[-94.87255,29.67125],[-94.89311,29.66134],[-94.92132,29.65818],[-94.93609,29.6927],[-94.96193,29.69665],[-94.95714,29.66341],[-94.97135,29.66144],[-94.98599,29.67958],[-95.01564,29.63946],[-95.00871,29.6233],[-94.98412,29.60185],[-95.01825,29.55488],[-94.99958,29.52109],[-94.98192,29.51114],[-94.90946,29.49684],[-94.92341,29.47689],[-94.93519,29.48118],[-94.94949,29.47557],[-94.95161,29.46645],[-94.8921,29.43341],[-94.88654,29.36639],[-94.89399,29.30817],[-94.92159,29.28156],[-94.95253,29.29012],[-95.0991,29.17353],[-95.11276,29.19567],[-95.15851,29.18913],[-95.15518,29.15147],[-95.16525,29.11357],[-95.14485,29.09084],[-95.0986,29.1288],[-95.00392,29.18447],[-94.99155,29.20113],[-94.87924,29.28584],[-94.82495,29.306],[-94.82231,29.34425],[-94.8107,29.35344],[-94.7849,29.33554],[-94.73907,29.33499],[-94.73478,29.32596],[-95.08177,29.11122],[-95.12513,29.06732],[-95.23892,28.98864],[-95.29715,28.93407],[-95.35345,28.89814],[-95.38239,28.86635],[-95.43959,28.85902],[-95.65951,28.75108],[-95.8125,28.66494],[-96.22038,28.49197],[-96.30321,28.44187],[-96.39038,28.38181],[-96.40048,28.35714],[-96.44285,28.31767],[-96.63201,28.22282],[-96.79216,28.1105],[-96.88646,28.03073],[-97.00333,27.90831],[-97.04485,27.83447],[-97.14085,27.71669],[-97.25732,27.51064],[-97.33612,27.31782],[-97.37174,27.15301],[-97.3787,27.06004],[-97.36687,26.88558],[-97.32275,26.70175],[-97.2538,26.50316],[-97.19693,26.30587],[-97.1588,26.08266],[-97.16932,26.07771],[-97.18305,26.12327],[-97.20135,26.24969],[-97.25245,26.43819],[-97.28607,26.53722],[-97.31031,26.56326],[-97.30593,26.57963],[-97.38912,26.80048],[-97.401,26.89167],[-97.39981,27.11508],[-97.36146,27.35199],[-97.30425,27.50732],[-97.23521,27.63447],[-97.18696,27.69425],[-97.15119,27.76862],[-97.12089,27.79869],[-97.13134,27.82266],[-97.1299,27.83949],[-97.08248,27.91323],[-97.0172,27.94573],[-96.93366,28.05601],[-96.92831,28.08233],[-96.91987,28.09355],[-96.88826,28.10393],[-96.87994,28.12877],[-96.85427,28.12007],[-96.81933,28.14333],[-96.82127,28.16836],[-96.79057,28.18891],[-96.73475,28.19077],[-96.599,28.29329],[-96.55384,28.3027],[-96.5252,28.323],[-96.44059,28.34298],[-96.4337,28.36369],[-96.45283,28.38021],[-96.45022,28.38847],[-96.42063,28.40436],[-96.42003,28.4169],[-96.45295,28.41868],[-96.58142,28.35334],[-96.62063,28.31913],[-96.6652,28.30961],[-96.68435,28.31446],[-96.70525,28.34881],[-96.70016,28.36968],[-96.71034,28.40683],[-96.76835,28.41039],[-96.79023,28.38393],[-96.79176,28.31217],[-96.80957,28.29029],[-96.78718,28.25568],[-96.80041,28.22413],[-96.93476,28.12387],[-96.96276,28.12336],[-97.00754,28.13609],[-97.02701,28.14841],[-97.0213,28.1841],[-97.03701,28.18553],[-97.14701,28.14172],[-97.21769,28.08621],[-97.21717,28.0735],[-97.17975,28.05885],[-97.18002,28.0496],[-97.13724,28.02807],[-97.12851,28.03839],[-97.13198,28.04956],[-97.11235,28.05946],[-97.09975,28.07813],[-97.0535,28.09239],[-97.04699,28.11595],[-97.0249,28.10732],[-97.03671,28.07345],[-97.02586,28.04194],[-97.12917,27.9198],[-97.18718,27.82413],[-97.22518,27.82572],[-97.22031,27.8378],[-97.24439,27.86911],[-97.2737,27.88163],[-97.3251,27.86789],[-97.341,27.88334],[-97.37795,27.8749],[-97.45429,27.87382],[-97.49324,27.88408],[-97.51474,27.87007],[-97.5151,27.85117],[-97.47207,27.82415],[-97.41919,27.823],[-97.37904,27.83787],[-97.39176,27.81395],[-97.39329,27.7829],[-97.36835,27.74168],[-97.31645,27.71268],[-97.25396,27.6967],[-97.2966,27.61395],[-97.29405,27.5941],[-97.32153,27.5712],[-97.36581,27.45059],[-97.37293,27.40122],[-97.405,27.32998],[-97.42026,27.31725],[-97.4508,27.31369],[-97.48286,27.29791],[-97.5083,27.27501],[-97.53222,27.27858],[-97.54698,27.29079],[-97.52662,27.29181],[-97.51747,27.30504],[-97.49813,27.3086],[-97.50271,27.32234],[-97.48388,27.33863],[-97.48693,27.35898],[-97.50169,27.36662],[-97.60907,27.28519],[-97.63655,27.28214],[-97.63909,27.25313],[-97.62892,27.24295],[-97.54291,27.22921],[-97.52001,27.23125],[-97.45029,27.26255],[-97.42408,27.26407],[-97.44156,27.16383],[-97.43099,27.16086],[-97.46028,26.84729],[-97.46647,26.8097],[-97.47861,26.80667],[-97.44571,26.60936],[-97.41696,26.55364],[-97.41917,26.52725],[-97.40681,26.49949],[-97.41125,26.47447],[-97.36972,26.45785],[-97.28772,26.27581],[-97.31102,26.23592],[-97.31133,26.21318],[-97.29882,26.20121],[-97.29609,26.18239],[-97.30746,26.15734],[-97.29105,26.13331],[-97.30462,26.12073],[-97.2709,26.08646],[-97.19965,26.07704],[-97.19646,26.05338],[-97.15201,26.06211],[-97.14557,25.97113],[-97.14629,25.95561],[-97.15661,25.94902],[-97.17836,25.96211],[-97.22923,25.95875],[-97.24803,25.9481],[-97.27671,25.95215],[-97.27716,25.93544],[-97.3504,25.92524],[-97.37443,25.90744],[-97.36598,25.90245],[-97.36008,25.86887],[-97.36542,25.84983],[-97.37286,25.84012],[-97.39451,25.83738],[-97.44511,25.85003],[-97.45473,25.87934],[-97.52176,25.88646],[-97.53032,25.9168],[-97.54296,25.92003],[-97.54642,25.93408],[-97.58257,25.93786],[-97.58304,25.95544],[-97.59804,25.95756],[-97.60828,25.97659],[-97.64401,26.00661],[-97.64918,26.0215],[-97.69707,26.02345],[-97.71115,26.03304],[-97.75884,26.03213],[-97.77008,26.04155],[-97.78982,26.04246],[-97.80134,26.06002],[-97.8605,26.05292],[-97.88653,26.06634],[-97.93542,26.05269],[-97.9501,26.06183],[-97.96736,26.05172],[-97.98134,26.06718],[-98.02876,26.06647],[-98.03924,26.04127],[-98.07002,26.04799],[-98.08049,26.07093],[-98.09104,26.05917],[-98.1055,26.06754],[-98.14662,26.04941],[-98.1779,26.07467],[-98.19705,26.05615],[-98.22067,26.07647],[-98.24881,26.0731],[-98.26451,26.08551],[-98.27722,26.0988],[-98.2657,26.12037],[-98.29619,26.12032],[-98.30298,26.11005],[-98.32383,26.12125],[-98.3352,26.13762],[-98.33684,26.16643],[-98.34578,26.16602],[-98.35465,26.15304],[-98.38669,26.15787],[-98.40443,26.18256],[-98.44254,26.19915],[-98.45098,26.2199],[-98.50057,26.21383],[-98.54385,26.23449],[-98.57619,26.23522],[-98.58518,26.25443],[-98.59915,26.25761],[-98.6694,26.23632],[-98.67904,26.24555],[-98.68117,26.26271],[-98.70745,26.27215],[-98.71123,26.28969],[-98.74527,26.3031],[-98.74905,26.32166],[-98.78982,26.33158],[-98.80735,26.36942],[-98.82457,26.37072],[-98.84406,26.35864],[-98.86135,26.36599],[-98.89096,26.35757],[-98.92128,26.38143],[-98.94205,26.37553],[-98.96759,26.39827],[-99.008,26.39546],[-99.03232,26.41208],[-99.06209,26.39737],[-99.08513,26.39878],[-99.11381,26.434],[-99.10308,26.44151],[-99.09163,26.47698],[-99.10503,26.50033],[-99.12778,26.5252],[-99.1707,26.54032],[-99.16741,26.56],[-99.17806,26.62055],[-99.20052,26.65644],[-99.20891,26.72476],[-99.24002,26.74585],[-99.24244,26.78826],[-99.26221,26.81567],[-99.26861,26.84321],[-99.29515,26.86544],[-99.31675,26.86583],[-99.3289,26.87976],[-99.32468,26.91597],[-99.37915,26.93449],[-99.39375,26.96073],[-99.37659,26.97772],[-99.40369,26.99736],[-99.41548,27.01724],[-99.43215,27.0107],[-99.44652,27.02301],[-99.45232,27.06267],[-99.42921,27.09098],[-99.44212,27.10684],[-99.43058,27.12661],[-99.43997,27.15107],[-99.42635,27.17626],[-99.43279,27.20969],[-99.44524,27.22334],[-99.44155,27.24992],[-99.46331,27.26844],[-99.48791,27.26072],[-99.49662,27.27171],[-99.48751,27.29024],[-99.4946,27.30354],[-99.52366,27.30414],[-99.53777,27.31607],[-99.50484,27.33829],[-99.50778,27.35425],[-99.49214,27.38052],[-99.48752,27.4124],[-99.4951,27.45152],[-99.48042,27.4816],[-99.49752,27.5005],[-99.52832,27.4989],[-99.51222,27.56809],[-99.55495,27.61445],[-99.58484,27.6039],[-99.5781,27.6192],[-99.59623,27.63986],[-99.63893,27.62676],[-99.66595,27.63597],[-99.65829,27.65016],[-99.66894,27.65997],[-99.71151,27.65836],[-99.77074,27.73213],[-99.79634,27.73559],[-99.81309,27.77395],[-99.81909,27.77602],[-99.82579,27.76437],[-99.84171,27.76646],[-99.85088,27.79397],[-99.87768,27.79943],[-99.8772,27.84218],[-99.90439,27.87528],[-99.89409,27.89295],[-99.90008,27.91214],[-99.91746,27.91797],[-99.93714,27.94054],[-99.93181,27.98097],[-99.99145,27.99456],[-100.00863,28.02396],[-100.01791,28.06479],[-100.05312,28.08473],[-100.05649,28.10419],[-100.08339,28.14403],[-100.20806,28.19038],[-100.22028,28.23221],[-100.25163,28.23618],[-100.29347,28.27848],[-100.28647,28.3123],[-100.3444,28.38966],[-100.34959,28.4026],[-100.33706,28.42715],[-100.3378,28.44296],[-100.36829,28.4772],[-100.34418,28.48625],[-100.33381,28.49925],[-100.38886,28.51575],[-100.41141,28.5519],[-100.39839,28.58488],[-100.44732,28.60932],[-100.44709,28.6422],[-100.46287,28.64136],[-100.50035,28.66196],[-100.512,28.70535],[-100.50761,28.7406],[-100.53302,28.76328],[-100.53583,28.80589],[-100.54732,28.82582],[-100.5747,28.82879],[-100.57299,28.84846],[-100.59888,28.87559],[-100.60205,28.90194],[-100.63161,28.90284],[-100.64057,28.91421],[-100.63886,28.92762],[-100.65151,28.94343],[-100.64589,28.98642],[-100.67466,29.09978],[-100.72746,29.12912],[-100.73968,29.15049],[-100.77265,29.16849],[-100.76706,29.19529],[-100.78552,29.22814],[-100.79568,29.22773],[-100.79767,29.24694],[-100.87605,29.27959],[-100.88684,29.30785],[-100.94061,29.33311],[-100.94897,29.34725],[-101.01061,29.36867],[-101.0366,29.40611],[-101.04336,29.42988],[-101.05696,29.44077],[-101.06015,29.45866],[-101.08715,29.46941],[-101.11525,29.46846],[-101.13004,29.47842],[-101.14434,29.47325],[-101.17382,29.51457],[-101.23528,29.52485],[-101.2549,29.52034],[-101.26117,29.53678],[-101.24435,29.56919],[-101.25227,29.62563],[-101.26922,29.63003],[-101.28049,29.61483],[-101.27761,29.59323],[-101.29322,29.57183],[-101.30553,29.57793],[-101.31433,29.59562],[-101.31122,29.64849],[-101.32521,29.65782],[-101.36176,29.65782],[-101.37886,29.69825],[-101.39836,29.717],[-101.39701,29.73396],[-101.41558,29.74653],[-101.4154,29.75656],[-101.4465,29.75501],[-101.45522,29.77187],[-101.47527,29.78066],[-101.52269,29.75967],[-101.5328,29.76434],[-101.5468,29.79699],[-101.56157,29.79466],[-101.58256,29.77133],[-101.62596,29.77106],[-101.64642,29.7543],[-101.66245,29.77128],[-101.68999,29.77121],[-101.70664,29.76274],[-101.77716,29.78933],[-101.79687,29.78262],[-101.8526,29.80189],[-101.8754,29.79402],[-101.91241,29.79785],[-101.92971,29.78932],[-101.97455,29.81028],[-101.98754,29.80106],[-102.03901,29.80266],[-102.03923,29.79098],[-102.05004,29.78507],[-102.08444,29.79496],[-102.11568,29.79239],[-102.1596,29.81436],[-102.18615,29.84846],[-102.20538,29.84244],[-102.23179,29.84825],[-102.26124,29.85757],[-102.26495,29.86781],[-102.28125,29.86312],[-102.31539,29.87992],[-102.34103,29.86931],[-102.36454,29.84539],[-102.36251,29.83316],[-102.38668,29.76688],[-102.50831,29.78322],[-102.51338,29.76576],[-102.53942,29.75163],[-102.56941,29.76812],[-102.57601,29.75469],[-102.61288,29.74818],[-102.63015,29.73431],[-102.67097,29.74195],[-102.69835,29.69559],[-102.69347,29.67651],[-102.74203,29.63214],[-102.73999,29.59904],[-102.7462,29.59287],[-102.76834,29.59473],[-102.76224,29.57945],[-102.77396,29.57308],[-102.77753,29.5565],[-102.77143,29.54855],[-102.80869,29.52232],[-102.80733,29.49401],[-102.83254,29.43311],[-102.82456,29.39956],[-102.84078,29.37696],[-102.84302,29.35799],[-102.88372,29.34806],[-102.88833,29.29195],[-102.9026,29.27944],[-102.9063,29.26001],[-102.87135,29.24162],[-102.86685,29.22501],[-102.89006,29.20881],[-102.91213,29.2189],[-102.91781,29.1907],[-102.93261,29.19411],[-102.95089,29.17684],[-102.97727,29.18623],[-102.99465,29.17962],[-102.99569,29.16122],[-103.01503,29.12577],[-103.04044,29.09935],[-103.07441,29.08853],[-103.07685,29.07606],[-103.10027,29.0577],[-103.10161,29.01812],[-103.11724,29.00021],[-103.11533,28.98527],[-103.16387,28.9721],[-103.16624,28.97884],[-103.2278,28.99153],[-103.24512,28.98024],[-103.266,28.99021],[-103.27796,28.97918],[-103.285,28.98208],[-103.28616,29.00026],[-103.3119,29.00843],[-103.3091,29.01838],[-103.33576,29.01968],[-103.33482,29.0398],[-103.34787,29.03743],[-103.362,29.01891],[-103.42775,29.04233],[-103.45303,29.06747],[-103.46917,29.06924],[-103.47482,29.08667],[-103.49976,29.11478],[-103.52461,29.121],[-103.52503,29.13735],[-103.5578,29.15542],[-103.59236,29.15026],[-103.61054,29.16577],[-103.64563,29.15929],[-103.6602,29.17093],[-103.71377,29.18501],[-103.75693,29.23063],[-103.7679,29.22433],[-103.78137,29.23095],[-103.77873,29.25404],[-103.79116,29.26328],[-103.85689,29.28185],[-103.97523,29.29602],[-104.03828,29.32016],[-104.05724,29.33769],[-104.08215,29.34592],[-104.10647,29.37313],[-104.14369,29.38328],[-104.16656,29.39935],[-104.18007,29.41276],[-104.18127,29.42627],[-104.21253,29.45244],[-104.21324,29.47301],[-104.22908,29.48105],[-104.23585,29.49674],[-104.26416,29.514],[-104.31807,29.52794],[-104.33811,29.51997],[-104.38104,29.54341],[-104.39959,29.57232],[-104.50757,29.63962],[-104.53976,29.67607],[-104.5363,29.69044],[-104.55224,29.71712],[-104.56569,29.77046],[-104.59247,29.81028],[-104.61017,29.81912],[-104.63327,29.87048],[-104.65678,29.88933],[-104.67977,29.92466],[-104.67966,29.97527],[-104.68964,30.01495],[-104.704,30.02421],[-104.70687,30.05069],[-104.685,30.08564],[-104.69537,30.13213],[-104.6873,30.17946],[-104.71317,30.23796],[-104.73382,30.26122],[-104.75157,30.26364],[-104.76163,30.30115],[-104.80979,30.33493],[-104.8176,30.36592],[-104.85952,30.39041],[-104.85242,30.41879],[-104.86987,30.45865],[-104.87679,30.511],[-104.899,30.5704],[-104.9248,30.60483],[-104.97207,30.61026],[-104.9863,30.66106],[-105.0068,30.68604],[-105.04293,30.68726],[-105.04989,30.68082],[-105.06233,30.6863],[-105.06263,30.69822],[-105.09828,30.71891],[-105.11382,30.746],[-105.15764,30.75401],[-105.16482,30.77249],[-105.17828,30.77213],[-105.19514,30.79214],[-105.21292,30.78542],[-105.21866,30.80157],[-105.26136,30.79808],[-105.28724,30.82221],[-105.31486,30.81696],[-105.32011,30.82745],[-105.36067,30.84738],[-105.39424,30.85298],[-105.39961,30.88894],[-105.48803,30.94328],[-105.53309,30.98486],[-105.55743,30.99023],[-105.57911,31.02164],[-105.58532,31.05749],[-105.60333,31.08263],[-105.62735,31.09855],[-105.64189,31.09832],[-105.64883,31.1159],[-105.70949,31.13638],[-105.74268,31.1649],[-105.77326,31.1669],[-105.78289,31.19756],[-105.79439,31.20224],[-105.86935,31.28863],[-105.89503,31.29098],[-105.90877,31.31277],[-105.93845,31.31874],[-105.95394,31.36475],[-105.9701,31.36594],[-106.00493,31.39246],[-106.08026,31.3987],[-106.10688,31.4214],[-106.13278,31.42537],[-106.17567,31.45628],[-106.20583,31.46598],[-106.2462,31.54115],[-106.28081,31.56206],[-106.30354,31.62041],[-106.34954,31.69671],[-106.37384,31.71481],[-106.38104,31.73211],[-106.45154,31.76481],[-106.48954,31.74841],[-106.54714,31.8073],[-106.57724,31.81041],[-106.60273,31.82502],[-106.60205,31.8444],[-106.61464,31.84649],[-106.63593,31.86623],[-106.6292,31.88372],[-106.64548,31.89867]]]}},{"type":"Feature","properties":{"STATEFP":"13","GEOID":"13"},"geometry":{"type":"Polygon","coordinates":[[[-85.60516,34.98468],[-83.61998,34.98659],[-83.62019,34.99209],[-83.10861,35.00066],[-83.10699,34.98272],[-83.12704,34.95378],[-83.12111,34.93913],[-83.20335,34.89372],[-83.20563,34.88014],[-83.23751,34.87706],[-83.2546,34.8464],[-83.26766,34.84529],[-83.26816,34.82139],[-83.27566,34.81686],[-83.28991,34.82448],[-83.30297,34.81221],[-83.30118,34.80401],[-83.32387,34.78971],[-83.32006,34.75962],[-83.35324,34.72865],[-83.34998,34.69915],[-83.33869,34.682],[-83.25528,34.6377],[-83.23178,34.6113],[-83.16999,34.60544],[-83.17028,34.5924],[-83.15458,34.5882],[-83.15258,34.5783],[-83.1229,34.56013],[-83.10218,34.53218],[-83.07811,34.52484],[-83.08719,34.51594],[-83.06945,34.50213],[-83.05446,34.50289],[-83.03471,34.48349],[-83.00292,34.47213],[-82.97957,34.4827],[-82.95467,34.4773],[-82.94087,34.4861],[-82.90266,34.4859],[-82.87686,34.4753],[-82.87546,34.4635],[-82.86071,34.45743],[-82.835,34.36607],[-82.79405,34.33977],[-82.78031,34.2967],[-82.74666,34.26641],[-82.74192,34.21006],[-82.71751,34.1505],[-82.67732,34.13166],[-82.65908,34.10354],[-82.64155,34.09221],[-82.64398,34.07224],[-82.59455,34.02872],[-82.58925,34.00012],[-82.57554,33.99205],[-82.57958,33.97976],[-82.55684,33.94535],[-82.52451,33.94336],[-82.45511,33.88165],[-82.4228,33.86375],[-82.40388,33.86548],[-82.32448,33.82003],[-82.30021,33.80063],[-82.29829,33.78352],[-82.24747,33.75259],[-82.23458,33.70022],[-82.20072,33.66464],[-82.19658,33.63058],[-82.18615,33.62088],[-82.15629,33.60863],[-82.14287,33.59428],[-82.10624,33.59564],[-82.09413,33.58274],[-82.04633,33.56383],[-82.00134,33.52014],[-81.98594,33.48654],[-81.92634,33.46294],[-81.91336,33.43742],[-81.92679,33.42658],[-81.92012,33.41075],[-81.93696,33.4042],[-81.92484,33.37414],[-81.94634,33.37064],[-81.93484,33.35604],[-81.93974,33.34494],[-81.91797,33.34159],[-81.90928,33.32418],[-81.9003,33.33112],[-81.88414,33.31044],[-81.86794,33.31404],[-81.8473,33.30678],[-81.86324,33.28884],[-81.83826,33.27298],[-81.85214,33.24754],[-81.80964,33.22265],[-81.80524,33.21145],[-81.78454,33.20815],[-81.77754,33.21135],[-81.78014,33.22115],[-81.76893,33.21745],[-81.75693,33.19785],[-81.77244,33.18045],[-81.74384,33.14145],[-81.70463,33.11645],[-81.64643,33.09455],[-81.61272,33.09395],[-81.60984,33.08216],[-81.59816,33.08108],[-81.59925,33.07181],[-81.51125,33.02779],[-81.49225,33.00934],[-81.49474,32.979],[-81.50844,32.95835],[-81.49945,32.94499],[-81.50243,32.93535],[-81.46407,32.89781],[-81.47944,32.88108],[-81.45392,32.87407],[-81.45395,32.84976],[-81.42647,32.84077],[-81.41798,32.8182],[-81.42902,32.78551],[-81.41028,32.74465],[-81.42752,32.7019],[-81.40831,32.69491],[-81.40103,32.67749],[-81.40719,32.66052],[-81.39303,32.65154],[-81.40727,32.63174],[-81.41476,32.63744],[-81.41866,32.62939],[-81.38934,32.59544],[-81.36976,32.59123],[-81.36696,32.57706],[-81.32875,32.56123],[-81.28132,32.55646],[-81.27713,32.53542],[-81.25288,32.51833],[-81.23466,32.51627],[-81.23359,32.49849],[-81.18683,32.46409],[-81.20236,32.45045],[-81.20513,32.42379],[-81.17723,32.39169],[-81.18107,32.3804],[-81.17013,32.36132],[-81.15443,32.34609],[-81.14253,32.35089],[-81.13363,32.34129],[-81.13763,32.32819],[-81.12233,32.30539],[-81.11963,32.2876],[-81.15659,32.24391],[-81.11823,32.1892],[-81.12963,32.1656],[-81.12203,32.1618],[-81.11723,32.1176],[-81.0915,32.11078],[-81.05023,32.08531],[-81.03267,32.08545],[-81.0023,32.10005],[-80.92279,32.03915],[-80.89193,32.03388],[-80.87981,32.01937],[-80.84313,32.02423],[-80.84191,32.00264],[-80.86281,31.96935],[-80.91121,31.94377],[-80.9291,31.94496],[-80.93028,31.9567],[-80.94849,31.95723],[-80.97239,31.94127],[-80.97571,31.9236],[-80.96849,31.91582],[-80.93451,31.90918],[-80.99269,31.85764],[-81.04155,31.8762],[-81.06525,31.8771],[-81.05907,31.85011],[-81.07581,31.82903],[-81.03981,31.823],[-81.03687,31.81272],[-81.06812,31.76873],[-81.13063,31.72269],[-81.19278,31.73325],[-81.20357,31.71945],[-81.1863,31.70151],[-81.16108,31.6914],[-81.14937,31.6993],[-81.13114,31.69577],[-81.13349,31.62335],[-81.17308,31.55591],[-81.18611,31.56803],[-81.20431,31.56818],[-81.21454,31.5576],[-81.25422,31.55594],[-81.26008,31.54828],[-81.25881,31.52906],[-81.21795,31.52728],[-81.19952,31.5376],[-81.17725,31.51707],[-81.2788,31.36721],[-81.28292,31.32649],[-81.25482,31.31545],[-81.27469,31.28945],[-81.2884,31.21107],[-81.31418,31.20794],[-81.33903,31.18692],[-81.36824,31.13653],[-81.39968,31.13411],[-81.40127,31.07278],[-81.42047,31.0167],[-81.45144,31.01552],[-81.49365,30.97753],[-81.47579,30.96598],[-81.46681,30.97091],[-81.45357,30.96557],[-81.44739,30.95673],[-81.42693,30.95661],[-81.42011,30.97408],[-81.40848,30.97772],[-81.40341,30.95791],[-81.40515,30.9082],[-81.46006,30.76991],[-81.45947,30.74198],[-81.44412,30.70971],[-81.4726,30.71331],[-81.48733,30.72608],[-81.53053,30.72286],[-81.54093,30.71334],[-81.60121,30.72814],[-81.61767,30.72205],[-81.62511,30.73302],[-81.64614,30.72759],[-81.65213,30.74244],[-81.66218,30.74652],[-81.67283,30.73894],[-81.69479,30.74842],[-81.71994,30.74463],[-81.74632,30.76589],[-81.76338,30.77382],[-81.77918,30.76806],[-81.80667,30.78968],[-81.86862,30.79276],[-81.89574,30.8211],[-81.91094,30.81589],[-81.94981,30.8275],[-81.96219,30.818],[-81.96255,30.79653],[-81.97388,30.77849],[-82.00789,30.79294],[-82.02289,30.78799],[-82.01162,30.76312],[-82.03899,30.74926],[-82.04382,30.72964],[-82.03645,30.70658],[-82.05045,30.67626],[-82.04953,30.65554],[-82.02852,30.62182],[-82.02736,30.60672],[-82.01573,30.6017],[-82.0055,30.56349],[-82.01838,30.53118],[-82.0178,30.47507],[-82.03723,30.43451],[-82.03684,30.37787],[-82.06006,30.36031],[-82.09471,30.36077],[-82.10486,30.3683],[-82.16178,30.35784],[-82.19297,30.37877],[-82.21032,30.42458],[-82.20144,30.48515],[-82.22696,30.51027],[-82.23585,30.53718],[-82.23194,30.55626],[-82.21487,30.56858],[-83.49995,30.64566],[-84.86469,30.71154],[-84.89625,30.75058],[-84.91365,30.75228],[-84.93617,30.82067],[-84.92846,30.84253],[-84.93554,30.88248],[-84.98326,30.93478],[-84.98266,30.96559],[-85.00524,30.9747],[-85.0015,31.00504],[-85.01139,31.05355],[-85.03562,31.10819],[-85.05287,31.11949],[-85.07663,31.15693],[-85.09341,31.16233],[-85.10752,31.18645],[-85.09884,31.23252],[-85.11455,31.2763],[-85.08977,31.29503],[-85.09249,31.36288],[-85.07758,31.39812],[-85.07998,31.41047],[-85.06601,31.43136],[-85.07162,31.46838],[-85.04499,31.51823],[-85.04188,31.54468],[-85.05796,31.57084],[-85.06216,31.62291],[-85.12553,31.69496],[-85.11893,31.73266],[-85.13653,31.78896],[-85.13123,31.81526],[-85.14183,31.83926],[-85.12984,31.88351],[-85.08213,31.94466],[-85.05382,32.0135],[-85.04706,32.08739],[-85.05875,32.13602],[-85.01127,32.18049],[-84.96173,32.19865],[-84.97933,32.20725],[-84.96743,32.21935],[-84.92503,32.22215],[-84.91403,32.24875],[-84.88943,32.26194],[-84.9338,32.29826],[-85.00187,32.32202],[-85.0081,32.33668],[-84.98347,32.36319],[-84.97517,32.41493],[-84.96343,32.42254],[-84.97183,32.44284],[-84.99533,32.45324],[-85.0071,32.52387],[-85.06766,32.58001],[-85.08974,32.6316],[-85.10534,32.64484],[-85.08853,32.65796],[-85.11474,32.68563],[-85.12274,32.71573],[-85.11425,32.73045],[-85.13888,32.76006],[-85.12219,32.77335],[-85.16794,32.81161],[-85.1535,32.84278],[-85.1844,32.86132],[-85.4295,34.1251],[-85.60516,34.98468]]]}},{"type":"Feature","properties":{"STATEFP":"51","GEOID":"51"},"geometry":{"type":"MultiPolygon","coordinates":[[[[-75.99966,37.8482],[-75.97361,37.83582],[-75.98216,37.80623],[-75.9983,37.81263],[-75.99966,37.8482]]],[[[-76.02366,37.26897],[-76.01551,37.28087],[-76.02348,37.28907],[-76.01425,37.33194],[-75.98712,37.36855],[-75.98162,37.43412],[-75.96088,37.46756],[-75.95897,37.50013],[-75.94032,37.53458],[-75.94118,37.56384],[-75.90959,37.62267],[-75.86848,37.66822],[-75.85926,37.70311],[-75.83768,37.71299],[-75.82481,37.74167],[-75.80298,37.75292],[-75.81812,37.7917],[-75.7846,37.80683],[-75.7431,37.80666],[-75.71659,37.8267],[-75.70911,37.8477],[-75.68984,37.86182],[-75.68758,37.88634],[-75.70963,37.90062],[-75.75305,37.89661],[-75.75769,37.90391],[-75.71206,37.93608],[-75.69394,37.93036],[-75.66983,37.95056],[-75.64761,37.94703],[-75.64823,37.96677],[-75.62445,37.99419],[-75.24247,38.02703],[-75.36478,37.86317],[-75.38606,37.85242],[-75.40009,37.8755],[-75.42112,37.88331],[-75.43208,37.87859],[-75.48927,37.83246],[-75.56295,37.73647],[-75.61453,37.6093],[-75.61286,37.57728],[-75.6005,37.57389],[-75.60217,37.56711],[-75.67288,37.4837],[-75.68631,37.4786],[-75.68405,37.46323],[-75.66444,37.46446],[-75.65838,37.45182],[-75.72074,37.37313],[-75.73583,37.33543],[-75.77724,37.29851],[-75.79845,37.29628],[-75.79241,37.27881],[-75.80581,37.24185],[-75.80138,37.22994],[-75.81988,37.21246],[-75.81739,37.19344],[-75.83469,37.17326],[-75.8973,37.11804],[-75.91579,37.11217],[-75.91151,37.12288],[-75.92779,37.13027],[-75.95512,37.11975],[-75.9424,37.08961],[-75.97188,37.08538],[-75.97961,37.10045],[-75.97,37.12886],[-75.97808,37.15734],[-76.01307,37.20537],[-76.01054,37.23158],[-76.02575,37.25741],[-76.02366,37.26897]]],[[[-76.04153,37.95401],[-76.03012,37.95365],[-75.9939,37.95349],[-76.02823,37.92397],[-76.03632,37.92765],[-76.04653,37.95359],[-76.04153,37.95401]]],[[[-83.67461,36.60308],[-83.64521,36.62418],[-83.57731,36.64178],[-83.52961,36.66618],[-83.42371,36.66739],[-83.3114,36.71029],[-83.1946,36.73949],[-83.13639,36.74309],[-83.12565,36.76141],[-83.13248,36.7644],[-83.13169,36.78149],[-83.10309,36.80669],[-83.10179,36.82909],[-83.07519,36.84089],[-83.07259,36.85459],[-83.02689,36.85549],[-83.00922,36.8473],[-82.99838,36.85663],[-82.90777,36.87471],[-82.87857,36.88958],[-82.87007,36.90174],[-82.87747,36.90796],[-82.85796,36.92953],[-82.85571,36.95381],[-82.87023,36.9655],[-82.86754,36.97752],[-82.83601,36.98884],[-82.82859,37.00571],[-82.78214,37.00824],[-82.75917,37.02733],[-82.74798,37.02521],[-82.74245,37.04298],[-82.72247,37.0451],[-82.72702,37.07302],[-82.71674,37.07722],[-82.72495,37.0919],[-82.7221,37.12017],[-82.63349,37.15426],[-82.59245,37.18285],[-82.49886,37.22704],[-82.35095,37.26708],[-82.34185,37.28089],[-82.32462,37.28318],[-81.9683,37.5378],[-81.95663,37.52849],[-81.94401,37.53096],[-81.94709,37.52391],[-81.92674,37.51304],[-81.95315,37.50131],[-81.95326,37.49176],[-81.99292,37.48297],[-81.99565,37.46983],[-81.98701,37.45488],[-81.97618,37.45719],[-81.93562,37.4384],[-81.93695,37.41992],[-81.92348,37.41138],[-81.93674,37.38073],[-81.92564,37.35732],[-81.89377,37.33011],[-81.87871,37.33175],[-81.86027,37.31571],[-81.86568,37.30948],[-81.85446,37.30657],[-81.84995,37.28523],[-81.81963,37.27941],[-81.78929,37.28442],[-81.75763,37.274],[-81.74097,37.25405],[-81.744,37.24253],[-81.72306,37.24049],[-81.67821,37.20148],[-81.5536,37.20844],[-81.54444,37.22076],[-81.50732,37.2338],[-81.49887,37.25803],[-81.48014,37.25112],[-81.44828,37.27058],[-81.41666,37.27321],[-81.39429,37.31641],[-81.37445,37.31861],[-81.36216,37.33769],[-81.3201,37.29932],[-81.2251,37.23487],[-81.16703,37.26288],[-81.1126,37.2785],[-80.97959,37.30228],[-80.98132,37.29346],[-80.96656,37.29216],[-80.90054,37.315],[-80.84945,37.34691],[-80.88325,37.38393],[-80.86276,37.41183],[-80.85956,37.42957],[-80.83768,37.42566],[-80.80613,37.39807],[-80.78419,37.39459],[-80.77008,37.37236],[-80.7052,37.39462],[-80.55204,37.47356],[-80.51139,37.48167],[-80.49298,37.45775],[-80.49487,37.43507],[-80.4756,37.42295],[-80.37195,37.47407],[-80.36317,37.48],[-80.36684,37.48488],[-80.30933,37.50288],[-80.28239,37.53352],[-80.30935,37.52738],[-80.33031,37.53624],[-80.31239,37.54624],[-80.3285,37.56432],[-80.25892,37.5955],[-80.22098,37.62777],[-80.26745,37.64611],[-80.29614,37.69178],[-80.25223,37.72726],[-80.26277,37.73834],[-80.25741,37.75608],[-80.23046,37.77831],[-80.21566,37.77748],[-80.22949,37.79233],[-80.22709,37.79889],[-80.17939,37.83975],[-80.18306,37.85065],[-80.1622,37.87512],[-80.11775,37.89772],[-80.10293,37.91891],[-79.99938,37.99584],[-79.9737,38.03256],[-79.95437,38.0804],[-79.92633,38.10715],[-79.93895,38.11162],[-79.94484,38.13159],[-79.91866,38.15479],[-79.91488,38.16752],[-79.9212,38.18038],[-79.91441,38.18842],[-79.89843,38.19304],[-79.84521,38.24108],[-79.78894,38.2687],[-79.78979,38.28117],[-79.81015,38.30671],[-79.77309,38.33553],[-79.76443,38.35651],[-79.74062,38.3541],[-79.7256,38.36383],[-79.7317,38.37338],[-79.72635,38.38707],[-79.68967,38.43144],[-79.69757,38.48722],[-79.68037,38.51062],[-79.67047,38.50772],[-79.66207,38.51552],[-79.67297,38.52872],[-79.64907,38.59152],[-79.53687,38.55092],[-79.47664,38.45723],[-79.31228,38.41188],[-79.28297,38.4181],[-79.28276,38.43165],[-79.25444,38.45595],[-79.24264,38.45417],[-79.24006,38.46984],[-79.21059,38.49291],[-79.20586,38.52452],[-79.17096,38.56812],[-79.12976,38.65502],[-79.09296,38.65952],[-79.08436,38.68652],[-79.09275,38.70231],[-79.07255,38.74751],[-79.05155,38.77261],[-79.05495,38.78571],[-79.02725,38.79211],[-79.01955,38.81791],[-79.00655,38.82371],[-78.99817,38.84735],[-78.86928,38.76299],[-78.78602,38.88719],[-78.75908,38.90053],[-78.73892,38.92728],[-78.71708,38.93603],[-78.71865,38.90456],[-78.68046,38.92531],[-78.64659,38.96814],[-78.63842,38.96682],[-78.62567,38.98257],[-78.60165,38.9646],[-78.55047,39.01806],[-78.5719,39.032],[-78.49516,39.10099],[-78.45987,39.11335],[-78.42729,39.15273],[-78.4037,39.16745],[-78.42632,39.18276],[-78.4249,39.1933],[-78.43865,39.19805],[-78.39967,39.24387],[-78.41942,39.25748],[-78.33928,39.3486],[-78.36687,39.35929],[-78.34321,39.38881],[-78.35992,39.40903],[-78.34672,39.42762],[-78.35323,39.43679],[-78.34655,39.44262],[-78.34709,39.46601],[-77.82816,39.13233],[-77.79363,39.21012],[-77.77142,39.23678],[-77.77067,39.25526],[-77.73005,39.31567],[-77.67585,39.32419],[-77.61594,39.30272],[-77.5666,39.30612],[-77.56085,39.28615],[-77.54058,39.26495],[-77.48681,39.24759],[-77.45768,39.22502],[-77.47361,39.20841],[-77.4786,39.18917],[-77.50516,39.18205],[-77.51643,39.17089],[-77.52728,39.14624],[-77.51993,39.12092],[-77.4858,39.1093],[-77.4582,39.07372],[-77.38568,39.06199],[-77.34029,39.06299],[-77.2484,39.02691],[-77.2446,39.02011],[-77.2557,39.00241],[-77.2498,38.98591],[-77.2215,38.97131],[-77.1466,38.96421],[-77.1034,38.91291],[-77.0682,38.89981],[-77.05825,38.88007],[-77.0406,38.87121],[-77.0317,38.85051],[-77.0328,38.84171],[-77.045,38.83851],[-77.0358,38.81491],[-77.0423,38.71851],[-77.0532,38.70992],[-77.0795,38.70952],[-77.122,38.68582],[-77.1325,38.67382],[-77.1302,38.63502],[-77.20369,38.61816],[-77.24636,38.59343],[-77.25808,38.56163],[-77.27711,38.54854],[-77.28375,38.52647],[-77.3095,38.49526],[-77.32337,38.43333],[-77.30565,38.37526],[-77.28412,38.34341],[-77.26529,38.33317],[-77.24007,38.3316],[-77.17934,38.34192],[-77.16269,38.34599],[-77.13822,38.36792],[-77.08481,38.3683],[-77.04353,38.40055],[-77.01183,38.37455],[-77.01854,38.3292],[-77.02961,38.31301],[-77.0263,38.30268],[-76.96215,38.25649],[-76.96237,38.23009],[-76.9491,38.20854],[-76.91083,38.19707],[-76.87527,38.17221],[-76.8388,38.16348],[-76.76747,38.16792],[-76.61394,38.14859],[-76.60094,38.11008],[-76.54315,38.07697],[-76.51847,38.04423],[-76.51655,38.02657],[-76.46609,38.0133],[-76.41293,37.96632],[-76.34385,37.94734],[-76.266,37.91138],[-76.23673,37.88917],[-76.25136,37.83307],[-76.27518,37.81266],[-76.29353,37.82272],[-76.30748,37.81235],[-76.31211,37.75052],[-76.30492,37.72991],[-76.31286,37.72034],[-76.30007,37.69536],[-76.32633,37.68265],[-76.33989,37.65597],[-76.33256,37.64582],[-76.29253,37.6361],[-76.28037,37.61371],[-76.30917,37.62189],[-76.36232,37.61037],[-76.38111,37.627],[-76.39924,37.62864],[-76.47239,37.66577],[-76.48958,37.6662],[-76.49756,37.64706],[-76.51019,37.64232],[-76.53655,37.66357],[-76.53723,37.69889],[-76.58429,37.76889],[-76.65141,37.79624],[-76.6802,37.82565],[-76.70161,37.82268],[-76.72216,37.83668],[-76.73839,37.86537],[-76.74755,37.87586],[-76.76571,37.87927],[-76.76877,37.89913],[-76.79848,37.92519],[-76.83663,37.93419],[-76.8516,37.97317],[-76.868,37.98367],[-76.91827,37.99903],[-76.92742,37.98179],[-76.90496,37.97252],[-76.84618,37.91851],[-76.80633,37.8966],[-76.72386,37.7885],[-76.68377,37.78139],[-76.677,37.7561],[-76.61971,37.7448],[-76.61997,37.73127],[-76.59721,37.71727],[-76.59787,37.70292],[-76.57405,37.64678],[-76.54267,37.61686],[-76.43547,37.61281],[-76.41078,37.58181],[-76.30014,37.56173],[-76.30276,37.5513],[-76.3306,37.53639],[-76.34899,37.53655],[-76.36047,37.51924],[-76.35268,37.50491],[-76.32947,37.49492],[-76.30695,37.49749],[-76.2936,37.5165],[-76.26506,37.48136],[-76.25241,37.44727],[-76.24528,37.38684],[-76.26485,37.3574],[-76.27555,37.30996],[-76.30858,37.32937],[-76.33748,37.36401],[-76.38711,37.38506],[-76.39312,37.39807],[-76.41517,37.40213],[-76.41818,37.38506],[-76.43752,37.37975],[-76.44533,37.36646],[-76.40639,37.33292],[-76.38107,37.28534],[-76.34949,37.27396],[-76.41717,37.26395],[-76.42914,37.25331],[-76.48284,37.25483],[-76.50364,37.23386],[-76.4718,37.21602],[-76.38979,37.22298],[-76.39605,37.20109],[-76.39125,37.17989],[-76.40224,37.16199],[-76.38138,37.15571],[-76.34866,37.17065],[-76.33402,37.14422],[-76.29855,37.12983],[-76.27133,37.08661],[-76.30427,37.00138],[-76.31501,37.00168],[-76.31807,37.01385],[-76.34067,37.01525],[-76.38337,36.99335],[-76.41177,36.96285],[-76.42887,36.96995],[-76.46447,37.02755],[-76.51824,37.05535],[-76.52627,37.06295],[-76.5262,37.07777],[-76.53687,37.08394],[-76.56422,37.07751],[-76.5795,37.09663],[-76.61825,37.11935],[-76.62478,37.12709],[-76.62225,37.14215],[-76.60448,37.16003],[-76.62329,37.19874],[-76.64987,37.22091],[-76.68917,37.22287],[-76.73095,37.21381],[-76.75047,37.1901],[-76.78053,37.20934],[-76.79354,37.23125],[-76.82218,37.24364],[-76.85842,37.24139],[-76.87221,37.26275],[-76.94839,37.23087],[-76.90846,37.20267],[-76.89093,37.19951],[-76.8657,37.20902],[-76.80251,37.19831],[-76.73728,37.14616],[-76.71529,37.14804],[-76.68561,37.19885],[-76.66377,37.17388],[-76.67159,37.14206],[-76.65689,37.10984],[-76.66982,37.06426],[-76.66256,37.04575],[-76.64601,37.03623],[-76.58649,37.02874],[-76.56292,37.0038],[-76.50035,36.96521],[-76.48756,36.95237],[-76.48337,36.89624],[-76.46991,36.8829],[-76.45469,36.88408],[-76.4416,36.90612],[-76.38757,36.89955],[-76.38587,36.92325],[-76.35376,36.92275],[-76.34943,36.89517],[-76.31806,36.88519],[-76.31414,36.90249],[-76.32602,36.90372],[-76.32828,36.91503],[-76.32737,36.95945],[-76.31587,36.95535],[-76.29766,36.96815],[-76.26796,36.96455],[-76.22166,36.93955],[-76.09551,36.90882],[-76.05815,36.91695],[-76.03345,36.93195],[-75.99625,36.92205],[-75.94955,36.76115],[-75.89095,36.63075],[-75.8683,36.55039],[-80.12218,36.54265],[-81.67754,36.58812],[-81.6469,36.61192],[-81.92264,36.61621],[-81.93414,36.59421],[-83.2611,36.59389],[-83.67461,36.60308]]]]}},{"type":"Feature","properties":{"STATEFP":"17","GEOID":"17"},"geometry":{"type":"Polygon","coordinates":[[[-91.51297,40.18106],[-91.50448,40.19826],[-91.50583,40.23884],[-91.49052,40.2595],[-91.49273,40.27822],[-91.46214,40.34241],[-91.44483,40.36317],[-91.41569,40.38138],[-91.38196,40.38763],[-91.37292,40.39911],[-91.38177,40.44255],[-91.36421,40.50004],[-91.38453,40.53095],[-91.40412,40.53913],[-91.40524,40.55464],[-91.33972,40.61349],[-91.25307,40.63796],[-91.18698,40.6373],[-91.12393,40.66915],[-91.11194,40.69702],[-91.11042,40.74553],[-91.0917,40.77971],[-91.09765,40.80557],[-91.09299,40.82108],[-91.05643,40.84839],[-91.00954,40.90057],[-90.96292,40.92496],[-90.95223,40.95405],[-90.95814,40.97977],[-90.94225,41.0347],[-90.94663,41.09663],[-90.99496,41.16062],[-91.04154,41.16614],[-91.07298,41.20715],[-91.11365,41.2414],[-91.09203,41.28691],[-91.07484,41.30558],[-91.06652,41.36525],[-91.05158,41.38528],[-91.04589,41.41409],[-90.97982,41.43432],[-90.93002,41.4214],[-90.84656,41.45514],[-90.75014,41.44963],[-90.65584,41.46213],[-90.60594,41.49423],[-90.59524,41.51103],[-90.55624,41.52423],[-90.50063,41.51803],[-90.46143,41.52353],[-90.41283,41.56533],[-90.34323,41.58783],[-90.34345,41.64696],[-90.33452,41.67956],[-90.31343,41.69808],[-90.31767,41.72269],[-90.31071,41.74221],[-90.27863,41.76736],[-90.18095,41.80935],[-90.1819,41.84322],[-90.15358,41.90661],[-90.1516,41.931],[-90.16414,41.95618],[-90.14006,42.00325],[-90.16448,42.0421],[-90.1629,42.11672],[-90.17097,42.1252],[-90.2014,42.13094],[-90.21611,42.15673],[-90.32827,42.20105],[-90.35696,42.20544],[-90.39111,42.22547],[-90.41933,42.25447],[-90.43088,42.27823],[-90.41903,42.3285],[-90.47728,42.38379],[-90.55502,42.41614],[-90.56797,42.44039],[-90.64673,42.4719],[-90.65653,42.4892],[-90.64284,42.50848],[-89.69009,42.50519],[-88.78668,42.49198],[-87.80048,42.49192],[-87.80537,42.38472],[-87.82376,42.36187],[-87.83477,42.30152],[-87.82857,42.26992],[-87.80007,42.20802],[-87.74166,42.12823],[-87.67146,42.05833],[-87.66898,42.02914],[-87.62405,41.90423],[-87.61166,41.89222],[-87.61625,41.86893],[-87.60945,41.84523],[-87.58149,41.80367],[-87.57639,41.78357],[-87.56024,41.76465],[-87.53074,41.74824],[-87.52414,41.72399],[-87.53165,39.34789],[-87.54401,39.35291],[-87.5544,39.34049],[-87.58908,39.33383],[-87.6004,39.3129],[-87.59754,39.29639],[-87.61005,39.28223],[-87.60554,39.26112],[-87.58353,39.24358],[-87.57456,39.2184],[-87.58861,39.19782],[-87.64043,39.16673],[-87.64599,39.1449],[-87.63038,39.1043],[-87.57259,39.05729],[-87.5697,39.01941],[-87.57832,38.98879],[-87.5295,38.97192],[-87.51219,38.95442],[-87.51883,38.92321],[-87.54409,38.89509],[-87.55338,38.86334],[-87.52589,38.8488],[-87.52168,38.82658],[-87.52734,38.81812],[-87.49654,38.77857],[-87.49649,38.74273],[-87.53123,38.68404],[-87.59368,38.6674],[-87.62012,38.63949],[-87.62389,38.59398],[-87.63775,38.58851],[-87.66073,38.54109],[-87.65417,38.51191],[-87.69319,38.48804],[-87.73952,38.47507],[-87.74317,38.45902],[-87.73013,38.44652],[-87.74104,38.43558],[-87.74525,38.409],[-87.78,38.37084],[-87.80608,38.36314],[-87.82272,38.34691],[-87.84098,38.2801],[-87.86307,38.28027],[-87.86045,38.30537],[-87.86889,38.31228],[-87.90854,38.26858],[-87.91929,38.27591],[-87.90934,38.29572],[-87.93733,38.29243],[-87.95192,38.27425],[-87.94207,38.2603],[-87.95615,38.25165],[-87.96022,38.23712],[-87.96897,38.23739],[-87.9871,38.25773],[-87.98423,38.20996],[-87.93716,38.17219],[-87.9255,38.14625],[-87.94547,38.12662],[-87.96735,38.13214],[-87.97993,38.10802],[-87.99831,38.10849],[-88.01673,38.09726],[-88.0047,38.08396],[-87.96221,38.10005],[-87.95688,38.08828],[-87.96723,38.0671],[-88.00133,38.05154],[-88.03533,38.05114],[-88.04184,38.03818],[-88.00763,38.02914],[-88.02333,38.01544],[-88.01293,37.96654],[-88.03669,37.95687],[-88.03612,37.94275],[-88.06895,37.92856],[-88.06519,37.91968],[-88.02006,37.9129],[-88.01336,37.89485],[-88.01869,37.8884],[-88.05537,37.89124],[-88.08624,37.90571],[-88.09789,37.90152],[-88.06736,37.85605],[-88.03331,37.84192],[-88.02638,37.83111],[-88.04795,37.82173],[-88.08367,37.83017],[-88.09088,37.82447],[-88.0832,37.8109],[-88.06892,37.80098],[-88.03546,37.80952],[-88.02803,37.79922],[-88.05959,37.74261],[-88.12241,37.70969],[-88.16019,37.65759],[-88.13339,37.57424],[-88.06902,37.5253],[-88.06129,37.50523],[-88.06423,37.48455],[-88.08766,37.47106],[-88.13514,37.47163],[-88.28167,37.4526],[-88.31258,37.44059],[-88.36547,37.40166],[-88.40881,37.42522],[-88.45013,37.41172],[-88.47022,37.39625],[-88.48446,37.34561],[-88.51594,37.28404],[-88.50803,37.26026],[-88.44776,37.20353],[-88.4244,37.15243],[-88.45895,37.0738],[-88.50444,37.06526],[-88.5454,37.07],[-88.62589,37.11946],[-88.69398,37.14115],[-88.73211,37.14396],[-88.80572,37.18859],[-88.91693,37.22429],[-88.96683,37.22989],[-89.00097,37.2244],[-89.04126,37.20288],[-89.08653,37.1656],[-89.11119,37.11905],[-89.16809,37.07422],[-89.18137,37.0463],[-89.17897,37.02093],[-89.16645,37.00334],[-89.13291,36.98206],[-89.17001,36.9703],[-89.18549,36.97352],[-89.20079,37.01616],[-89.23405,37.03728],[-89.25493,37.07201],[-89.25994,37.06407],[-89.30829,37.06837],[-89.30475,37.04756],[-89.26,37.02329],[-89.26353,37.00005],[-89.27863,36.98867],[-89.37828,37.03961],[-89.38543,37.05513],[-89.37571,37.08051],[-89.37871,37.09459],[-89.42558,37.13824],[-89.46186,37.19952],[-89.4675,37.22184],[-89.45883,37.24866],[-89.48991,37.25131],[-89.51834,37.2855],[-89.51184,37.31083],[-89.48901,37.33337],[-89.43284,37.34706],[-89.42105,37.38767],[-89.43977,37.4372],[-89.47553,37.47139],[-89.51705,37.53728],[-89.51981,37.58275],[-89.48606,37.58085],[-89.47593,37.593],[-89.51772,37.64122],[-89.51426,37.68992],[-89.58332,37.71326],[-89.61728,37.74972],[-89.66335,37.75005],[-89.66799,37.75948],[-89.66038,37.7863],[-89.66964,37.79992],[-89.71748,37.82572],[-89.73987,37.84693],[-89.78637,37.85173],[-89.80036,37.86863],[-89.79933,37.88152],[-89.84265,37.9052],[-89.90183,37.86982],[-89.95059,37.88153],[-89.97492,37.92672],[-89.95965,37.9402],[-89.93247,37.9475],[-89.92508,37.96002],[-89.93589,37.95958],[-89.9421,37.97012],[-89.9971,37.96323],[-90.05937,38.01554],[-90.08826,38.01577],[-90.11052,38.02655],[-90.12619,38.0407],[-90.13079,38.06234],[-90.15853,38.07473],[-90.17222,38.06964],[-90.21871,38.09437],[-90.24312,38.11267],[-90.27493,38.15761],[-90.33155,38.18758],[-90.35956,38.22452],[-90.37393,38.28185],[-90.36822,38.34025],[-90.34974,38.37761],[-90.28521,38.44345],[-90.26031,38.52835],[-90.18451,38.61155],[-90.18111,38.65955],[-90.20921,38.70275],[-90.20991,38.72605],[-90.17631,38.75445],[-90.16641,38.77265],[-90.12311,38.79805],[-90.10941,38.84355],[-90.25025,38.91934],[-90.30945,38.92412],[-90.39582,38.96004],[-90.44008,38.96736],[-90.47212,38.95884],[-90.50012,38.91041],[-90.54587,38.87401],[-90.58339,38.86903],[-90.62848,38.89162],[-90.66337,38.92804],[-90.67819,38.99185],[-90.71363,39.05398],[-90.68274,39.08835],[-90.68109,39.10059],[-90.7079,39.15086],[-90.72996,39.25589],[-90.7516,39.26543],[-90.79346,39.3095],[-90.92875,39.38754],[-90.94077,39.40398],[-91.03827,39.44844],[-91.05944,39.46886],[-91.06431,39.49464],[-91.10031,39.53869],[-91.15363,39.54825],[-91.16842,39.56493],[-91.18194,39.60268],[-91.22932,39.62085],[-91.27614,39.66576],[-91.36775,39.72903],[-91.36344,39.7928],[-91.37797,39.81127],[-91.43292,39.84055],[-91.44639,39.87039],[-91.44351,39.89358],[-91.42088,39.91486],[-91.41936,39.92772],[-91.46532,39.984],[-91.49488,40.03645],[-91.48961,40.05743],[-91.50925,40.12188],[-91.51297,40.18106]]]}},{"type":"Feature","properties":{"STATEFP":"45","GEOID":"45"},"geometry":{"type":"Polygon","coordinates":[[[-83.35324,34.72865],[-83.32006,34.75962],[-83.32387,34.78971],[-83.30118,34.80401],[-83.30297,34.81221],[-83.28991,34.82448],[-83.27566,34.81686],[-83.26816,34.82139],[-83.26766,34.84529],[-83.2546,34.8464],[-83.23908,34.87566],[-83.20563,34.88014],[-83.20335,34.89372],[-83.12111,34.93913],[-83.12704,34.95378],[-83.10699,34.98272],[-83.10861,35.00066],[-82.78787,35.08502],[-82.77636,35.08135],[-82.77738,35.06414],[-82.7577,35.06802],[-82.72701,35.09414],[-82.6949,35.09846],[-82.68363,35.12583],[-82.66238,35.11812],[-82.60971,35.13904],[-82.57832,35.1421],[-82.55051,35.1595],[-82.52997,35.15562],[-82.46009,35.17814],[-82.4512,35.16526],[-82.43959,35.16586],[-82.41974,35.19861],[-82.39293,35.2154],[-82.3713,35.18145],[-82.36147,35.19083],[-82.32335,35.18479],[-82.27492,35.20007],[-81.04363,35.14988],[-81.05104,35.13165],[-81.03897,35.1263],[-81.03281,35.10805],[-81.05208,35.09628],[-81.05803,35.07319],[-81.05765,35.06243],[-81.04149,35.0447],[-80.93495,35.10741],[-80.78204,34.93578],[-80.79754,34.81979],[-79.6753,34.80474],[-79.35832,34.54536],[-78.54242,33.85228],[-78.6623,33.82133],[-78.76339,33.77477],[-78.8531,33.71545],[-78.93909,33.64013],[-79.00736,33.56656],[-79.02852,33.53337],[-79.08459,33.48367],[-79.13544,33.40387],[-79.18032,33.25414],[-79.17627,33.2111],[-79.19427,33.17257],[-79.24861,33.12588],[-79.28406,33.11667],[-79.32991,33.08999],[-79.36656,33.01117],[-79.46645,33.01151],[-79.52245,33.03535],[-79.55756,33.02127],[-79.58073,33.00645],[-79.61761,32.95273],[-79.6074,32.92584],[-79.58176,32.92957],[-79.57378,32.92346],[-79.58158,32.90774],[-79.69595,32.8523],[-79.7024,32.83705],[-79.71989,32.82695],[-79.72639,32.806],[-79.81102,32.77696],[-79.81824,32.76635],[-79.84853,32.75525],[-79.886,32.78791],[-79.9232,32.78181],[-79.92855,32.75423],[-79.87911,32.75083],[-79.86835,32.73485],[-79.88709,32.70195],[-79.88496,32.6844],[-79.97525,32.63954],[-80.00591,32.611],[-80.10886,32.59628],[-80.14841,32.57848],[-80.16729,32.55989],[-80.19923,32.55898],[-80.25142,32.53404],[-80.33244,32.4781],[-80.35671,32.50152],[-80.39256,32.47533],[-80.41349,32.47067],[-80.42345,32.49799],[-80.43941,32.50347],[-80.47207,32.49696],[-80.48462,32.46098],[-80.48016,32.44705],[-80.4575,32.41026],[-80.43296,32.41066],[-80.42994,32.40178],[-80.45519,32.32646],[-80.56832,32.27775],[-80.59601,32.2787],[-80.63344,32.25642],[-80.64646,32.26507],[-80.64479,32.2915],[-80.68853,32.30285],[-80.7146,32.32566],[-80.73364,32.31947],[-80.73712,32.30603],[-80.75345,32.30682],[-80.76604,32.29261],[-80.76126,32.28004],[-80.73808,32.26417],[-80.7178,32.26697],[-80.67785,32.23641],[-80.67089,32.21716],[-80.73656,32.14809],[-80.81693,32.10917],[-80.84622,32.11378],[-80.90405,32.05594],[-80.89193,32.03388],[-80.91784,32.03757],[-80.95448,32.06862],[-80.98313,32.07961],[-81.0023,32.10005],[-81.03267,32.08545],[-81.05023,32.08531],[-81.0915,32.11078],[-81.11723,32.1176],[-81.12203,32.1618],[-81.12963,32.1656],[-81.11823,32.1892],[-81.15659,32.24391],[-81.11963,32.2876],[-81.12233,32.30539],[-81.13763,32.32819],[-81.13363,32.34129],[-81.14253,32.35089],[-81.15443,32.34609],[-81.17013,32.36132],[-81.18107,32.3804],[-81.17723,32.39169],[-81.20513,32.42379],[-81.20236,32.45045],[-81.18683,32.46409],[-81.23359,32.49849],[-81.23466,32.51627],[-81.25288,32.51833],[-81.27713,32.53542],[-81.28132,32.55646],[-81.32875,32.56123],[-81.36696,32.57706],[-81.36976,32.59123],[-81.38934,32.59544],[-81.41866,32.62939],[-81.41476,32.63744],[-81.40727,32.63174],[-81.39303,32.65154],[-81.40719,32.66052],[-81.40103,32.67749],[-81.40831,32.69491],[-81.42752,32.7019],[-81.41028,32.74465],[-81.42902,32.78551],[-81.41798,32.8182],[-81.42647,32.84077],[-81.45395,32.84976],[-81.45392,32.87407],[-81.47944,32.88108],[-81.46407,32.89781],[-81.50243,32.93535],[-81.49945,32.94499],[-81.50844,32.95835],[-81.49474,32.979],[-81.49225,33.00934],[-81.51125,33.02779],[-81.59925,33.07181],[-81.59816,33.08108],[-81.60984,33.08216],[-81.61272,33.09395],[-81.64643,33.09455],[-81.70463,33.11645],[-81.74384,33.14145],[-81.77244,33.18045],[-81.75693,33.19785],[-81.76893,33.21745],[-81.78014,33.22115],[-81.77754,33.21135],[-81.78454,33.20815],[-81.80524,33.21145],[-81.80964,33.22265],[-81.85214,33.24754],[-81.83826,33.27298],[-81.86324,33.28884],[-81.8473,33.30678],[-81.86794,33.31404],[-81.88414,33.31044],[-81.9003,33.33112],[-81.90928,33.32418],[-81.91797,33.34159],[-81.93974,33.34494],[-81.93484,33.35604],[-81.94634,33.37064],[-81.92484,33.37414],[-81.93696,33.4042],[-81.92012,33.41075],[-81.92679,33.42658],[-81.91336,33.43742],[-81.92634,33.46294],[-81.98594,33.48654],[-82.00134,33.52014],[-82.04633,33.56383],[-82.09413,33.58274],[-82.10624,33.59564],[-82.14287,33.59428],[-82.15629,33.60863],[-82.18615,33.62088],[-82.19658,33.63058],[-82.20072,33.66464],[-82.23458,33.70022],[-82.24747,33.75259],[-82.29829,33.78352],[-82.30021,33.80063],[-82.32448,33.82003],[-82.40388,33.86548],[-82.4228,33.86375],[-82.45511,33.88165],[-82.52451,33.94336],[-82.55684,33.94535],[-82.57958,33.97976],[-82.57554,33.99205],[-82.58925,34.00012],[-82.59455,34.02872],[-82.64398,34.07224],[-82.64155,34.09221],[-82.65908,34.10354],[-82.67732,34.13166],[-82.71751,34.1505],[-82.74192,34.21006],[-82.74666,34.26641],[-82.78031,34.2967],[-82.79405,34.33977],[-82.835,34.36607],[-82.86071,34.45743],[-82.87546,34.4635],[-82.87686,34.4753],[-82.90266,34.4859],[-82.94087,34.4861],[-82.95467,34.4773],[-82.97957,34.4827],[-83.00292,34.47213],[-83.03471,34.48349],[-83.05446,34.50289],[-83.06945,34.50213],[-83.08719,34.51594],[-83.07811,34.52484],[-83.10218,34.53218],[-83.1229,34.56013],[-83.15258,34.5783],[-83.15458,34.5882],[-83.17028,34.5924],[-83.16999,34.60544],[-83.23178,34.6113],[-83.25528,34.6377],[-83.33869,34.682],[-83.34998,34.69915],[-83.35324,34.72865]]]}},{"type":"Feature","properties":{"STATEFP":"01","GEOID":"01"},"geometry":{"type":"MultiPolygon","coordinates":[[[[-88.04374,30.51742],[-88.02473,30.5164],[-88.02592,30.4908],[-88.05325,30.50616],[-88.04374,30.51742]]],[[[-88.26727,30.35381],[-88.26133,30.37226],[-88.25063,30.36714],[-88.24826,30.32611],[-88.25776,30.31893],[-88.27321,30.33329],[-88.26727,30.35381]]],[[[-88.33076,30.23503],[-88.13063,30.26213],[-88.12466,30.28364],[-88.07485,30.24912],[-88.10733,30.22508],[-88.1666,30.24117],[-88.27943,30.22229],[-88.32466,30.22317],[-88.33076,30.23503]]],[[[-88.47323,31.89386],[-88.24303,33.79568],[-88.09789,34.8922],[-88.15462,34.92239],[-88.20296,35.00803],[-85.60516,34.98468],[-85.4295,34.1251],[-85.1844,32.86132],[-85.1535,32.84278],[-85.16794,32.81161],[-85.12219,32.77335],[-85.13888,32.76006],[-85.11425,32.73045],[-85.12274,32.71573],[-85.11474,32.68563],[-85.08853,32.65796],[-85.10534,32.64484],[-85.08974,32.6316],[-85.06766,32.58001],[-85.0071,32.52387],[-84.99533,32.45324],[-84.97183,32.44284],[-84.96343,32.42254],[-84.97517,32.41493],[-84.98347,32.36319],[-85.0081,32.33668],[-85.00187,32.32202],[-84.9338,32.29826],[-84.88943,32.26194],[-84.91403,32.24875],[-84.92503,32.22215],[-84.96743,32.21935],[-84.97933,32.20725],[-84.96173,32.19865],[-85.01127,32.18049],[-85.05875,32.13602],[-85.04706,32.08739],[-85.05382,32.0135],[-85.08213,31.94466],[-85.12984,31.88351],[-85.14183,31.83926],[-85.13123,31.81526],[-85.13653,31.78896],[-85.11893,31.73266],[-85.12553,31.69496],[-85.06216,31.62291],[-85.05796,31.57084],[-85.04188,31.54468],[-85.04499,31.51823],[-85.07162,31.46838],[-85.06601,31.43136],[-85.07998,31.41047],[-85.07758,31.39812],[-85.09249,31.36288],[-85.08977,31.29503],[-85.11455,31.2763],[-85.09884,31.23252],[-85.10752,31.18645],[-85.09341,31.16233],[-85.07663,31.15693],[-85.05287,31.11949],[-85.03562,31.10819],[-85.01139,31.05355],[-85.0025,31.00068],[-85.99873,30.99286],[-87.59894,30.99742],[-87.59206,30.95146],[-87.63494,30.86586],[-87.61593,30.83467],[-87.54505,30.77864],[-87.53262,30.74347],[-87.50233,30.72157],[-87.48123,30.71649],[-87.46635,30.70082],[-87.40697,30.67515],[-87.39619,30.65044],[-87.39504,30.61527],[-87.41866,30.56182],[-87.43545,30.54913],[-87.44659,30.52706],[-87.44771,30.51045],[-87.43119,30.49579],[-87.43559,30.48049],[-87.42509,30.46559],[-87.39989,30.45099],[-87.37078,30.44686],[-87.3682,30.4334],[-87.40349,30.41019],[-87.42958,30.40649],[-87.45138,30.3672],[-87.45228,30.3441],[-87.49616,30.31799],[-87.48567,30.30894],[-87.46414,30.3118],[-87.4669,30.30226],[-87.50941,30.29219],[-87.51832,30.28044],[-87.65689,30.24971],[-87.80056,30.22937],[-87.96225,30.22952],[-88.0284,30.22113],[-88.02399,30.23039],[-87.96685,30.23562],[-87.93604,30.26147],[-87.90046,30.24153],[-87.87934,30.23859],[-87.81774,30.25429],[-87.78775,30.25424],[-87.76663,30.26235],[-87.75526,30.27729],[-87.75552,30.29122],[-87.77276,30.3117],[-87.80927,30.3327],[-87.84513,30.37745],[-87.90891,30.41424],[-87.92003,30.47065],[-87.93336,30.48736],[-87.90171,30.55088],[-87.91496,30.58589],[-87.91253,30.61579],[-87.93672,30.65743],[-87.95599,30.65886],[-88.0084,30.68496],[-88.03459,30.65371],[-88.062,30.64489],[-88.054,30.61249],[-88.08549,30.56326],[-88.08279,30.52871],[-88.10377,30.5009],[-88.09687,30.47105],[-88.10644,30.45274],[-88.10727,30.37725],[-88.13617,30.32073],[-88.15578,30.32718],[-88.19154,30.317],[-88.19836,30.33882],[-88.18853,30.34812],[-88.20006,30.36238],[-88.26069,30.38238],[-88.28263,30.38288],[-88.29065,30.37074],[-88.31161,30.36891],[-88.33228,30.38844],[-88.36402,30.38801],[-88.39502,30.36942],[-88.47323,31.89386]]]]}},{"type":"Feature","properties":{"STATEFP":"19","GEOID":"19"},"geometry":{"type":"Polygon","coordinates":[[[-96.6397,42.73707],[-96.62874,42.75753],[-96.63214,42.77086],[-96.59528,42.79298],[-96.59076,42.80826],[-96.59601,42.81504],[-96.57794,42.82764],[-96.5816,42.83752],[-96.55218,42.84186],[-96.54432,42.85128],[-96.55047,42.86374],[-96.53785,42.87848],[-96.54012,42.88968],[-96.52636,42.89185],[-96.54169,42.92258],[-96.50031,42.95939],[-96.52077,42.98038],[-96.49167,43.00971],[-96.51099,43.0247],[-96.50915,43.0373],[-96.51843,43.04207],[-96.46085,43.06403],[-96.45409,43.0842],[-96.46286,43.09142],[-96.43659,43.12084],[-96.45036,43.14224],[-96.46654,43.15028],[-96.4649,43.18203],[-96.47383,43.1898],[-96.47557,43.22105],[-96.56044,43.22422],[-96.57119,43.23896],[-96.55296,43.24728],[-96.55322,43.25914],[-96.58522,43.26888],[-96.57759,43.2788],[-96.58035,43.2982],[-96.55309,43.29286],[-96.53039,43.30003],[-96.52556,43.31247],[-96.53491,43.33647],[-96.52429,43.34721],[-96.52157,43.38564],[-96.52545,43.39632],[-96.53712,43.39506],[-96.57358,43.41923],[-96.57022,43.4286],[-96.59425,43.43415],[-96.60286,43.45091],[-96.581,43.48138],[-96.59893,43.50046],[-91.21771,43.50055],[-91.21604,43.48114],[-91.23337,43.45517],[-91.20036,43.4127],[-91.19895,43.38983],[-91.21499,43.36801],[-91.20662,43.35252],[-91.10724,43.31365],[-91.07371,43.27475],[-91.07265,43.26213],[-91.05792,43.25537],[-91.0664,43.23929],[-91.12217,43.19725],[-91.1462,43.15241],[-91.17525,43.13466],[-91.17946,43.06743],[-91.14543,42.95821],[-91.14556,42.90798],[-91.10057,42.88308],[-91.09406,42.83081],[-91.07867,42.82768],[-91.06955,42.76963],[-91.06026,42.76185],[-91.06468,42.75091],[-91.05373,42.73824],[-91.03542,42.73734],[-91.02679,42.72423],[-90.94921,42.68557],[-90.92115,42.68541],[-90.7063,42.63417],[-90.68698,42.59177],[-90.64393,42.5404],[-90.63693,42.5132],[-90.65593,42.4917],[-90.65403,42.4785],[-90.62433,42.4589],[-90.56797,42.44039],[-90.55502,42.41614],[-90.47728,42.38379],[-90.44387,42.35522],[-90.41594,42.3227],[-90.43088,42.27823],[-90.41933,42.25447],[-90.39111,42.22547],[-90.35696,42.20544],[-90.23492,42.16543],[-90.20948,42.15268],[-90.19734,42.12816],[-90.16753,42.12248],[-90.16116,42.10637],[-90.16836,42.07578],[-90.16448,42.0421],[-90.15092,42.02944],[-90.14061,41.996],[-90.16414,41.95618],[-90.1516,41.931],[-90.15358,41.90661],[-90.1819,41.84322],[-90.18197,41.80707],[-90.27863,41.76736],[-90.31071,41.74221],[-90.31767,41.72269],[-90.31343,41.69808],[-90.33452,41.67956],[-90.34345,41.64696],[-90.34323,41.58783],[-90.41283,41.56533],[-90.46143,41.52353],[-90.50063,41.51803],[-90.54094,41.52613],[-90.59104,41.51283],[-90.60594,41.49423],[-90.65584,41.46213],[-90.75014,41.44963],[-90.84656,41.45514],[-90.93002,41.4214],[-90.97982,41.43432],[-91.04589,41.41409],[-91.05158,41.38528],[-91.06652,41.36525],[-91.07484,41.30558],[-91.09203,41.28691],[-91.11365,41.2414],[-91.07298,41.20715],[-91.04154,41.16614],[-90.99496,41.16062],[-90.94663,41.09663],[-90.94225,41.0347],[-90.95814,40.97977],[-90.95223,40.95405],[-90.96534,40.92163],[-91.00954,40.90057],[-91.05643,40.84839],[-91.09299,40.82108],[-91.09765,40.80557],[-91.0917,40.77971],[-91.11042,40.74553],[-91.11194,40.69702],[-91.12393,40.66915],[-91.18698,40.6373],[-91.25307,40.63796],[-91.33972,40.61349],[-91.40524,40.55464],[-91.40412,40.53913],[-91.38453,40.53095],[-91.36421,40.50004],[-91.38177,40.44255],[-91.37292,40.39911],[-91.38836,40.38493],[-91.41942,40.37826],[-91.44124,40.38625],[-91.48451,40.3839],[-91.48848,40.40432],[-91.52461,40.41076],[-91.51913,40.43282],[-91.53362,40.43832],[-91.52509,40.45784],[-91.57475,40.46566],[-91.59082,40.49229],[-91.62135,40.51007],[-91.62007,40.54082],[-91.6887,40.55739],[-91.68636,40.58087],[-91.72911,40.61364],[-92.68669,40.58981],[-94.29481,40.57134],[-95.76565,40.58521],[-95.74863,40.60336],[-95.76893,40.62126],[-95.77625,40.64746],[-95.79549,40.66238],[-95.8428,40.6775],[-95.85262,40.70226],[-95.88318,40.71758],[-95.88891,40.73186],[-95.87903,40.75308],[-95.83523,40.77915],[-95.84534,40.81132],[-95.83719,40.83535],[-95.84859,40.86106],[-95.81593,40.87985],[-95.80947,40.89123],[-95.83974,40.93278],[-95.82907,40.97569],[-95.86729,41.0016],[-95.85965,41.03569],[-95.88241,41.06041],[-95.86259,41.0884],[-95.86589,41.1179],[-95.88349,41.1549],[-95.87191,41.16812],[-95.84619,41.1667],[-95.84129,41.175],[-95.85679,41.1871],[-95.90969,41.1844],[-95.92599,41.1957],[-95.91089,41.234],[-95.92869,41.2814],[-95.92749,41.2984],[-95.90589,41.3009],[-95.89015,41.27831],[-95.87149,41.2958],[-95.88309,41.3167],[-95.92569,41.3222],[-95.95669,41.3455],[-95.92879,41.3701],[-95.93749,41.3931],[-95.92253,41.45577],[-95.9368,41.46519],[-95.96233,41.46281],[-96.01176,41.47621],[-96.01922,41.4893],[-95.9926,41.51417],[-96.00508,41.544],[-96.02729,41.54108],[-96.0407,41.50708],[-96.05369,41.50886],[-96.09409,41.53927],[-96.09361,41.55827],[-96.08115,41.57729],[-96.11756,41.61],[-96.09505,41.64737],[-96.09984,41.66103],[-96.12098,41.67786],[-96.1214,41.68852],[-96.11197,41.69777],[-96.08243,41.69816],[-96.07306,41.705],[-96.10643,41.73789],[-96.07991,41.75789],[-96.07754,41.77782],[-96.06454,41.793],[-96.07555,41.80781],[-96.10759,41.82068],[-96.11025,41.84885],[-96.14204,41.86886],[-96.16176,41.90182],[-96.13674,41.92083],[-96.14458,41.94154],[-96.1295,41.97167],[-96.15654,41.98014],[-96.18627,41.97742],[-96.19214,41.98446],[-96.18357,41.99999],[-96.19456,42.00866],[-96.23649,41.99643],[-96.24193,42.00697],[-96.22361,42.02265],[-96.22382,42.03335],[-96.27143,42.04499],[-96.27934,42.07028],[-96.26764,42.09618],[-96.2689,42.11359],[-96.31009,42.13252],[-96.34969,42.17204],[-96.34807,42.19475],[-96.35987,42.21055],[-96.32372,42.22989],[-96.32891,42.25473],[-96.36579,42.28587],[-96.37531,42.31834],[-96.408,42.33741],[-96.41779,42.35145],[-96.40844,42.37609],[-96.41361,42.40789],[-96.38071,42.44639],[-96.38601,42.47449],[-96.40941,42.48759],[-96.45635,42.49248],[-96.49009,42.51244],[-96.4908,42.52033],[-96.47901,42.5264],[-96.47695,42.55608],[-96.499,42.56083],[-96.4858,42.575],[-96.50104,42.58925],[-96.51634,42.63043],[-96.53788,42.64645],[-96.54237,42.66074],[-96.5753,42.68267],[-96.63062,42.70588],[-96.6247,42.7255],[-96.6397,42.73707]]]}},{"type":"Feature","properties":{"STATEFP":"29","GEOID":"29"},"geometry":{"type":"Polygon","coordinates":[[[-95.77355,40.5782],[-95.76565,40.58521],[-94.63203,40.57119],[-94.08919,40.57281],[-92.68669,40.58981],[-91.72911,40.61364],[-91.68636,40.58087],[-91.6887,40.55739],[-91.62007,40.54082],[-91.62135,40.51007],[-91.59082,40.49229],[-91.57475,40.46566],[-91.52509,40.45784],[-91.53362,40.43832],[-91.51913,40.43282],[-91.52461,40.41076],[-91.48848,40.40432],[-91.48451,40.3839],[-91.44124,40.38625],[-91.41942,40.37826],[-91.46214,40.34241],[-91.49273,40.27822],[-91.49052,40.2595],[-91.50583,40.23884],[-91.50448,40.19826],[-91.51297,40.18106],[-91.51032,40.12799],[-91.48961,40.05743],[-91.49488,40.03645],[-91.46532,39.984],[-91.41936,39.92772],[-91.42088,39.91486],[-91.44692,39.88303],[-91.43605,39.84551],[-91.37797,39.81127],[-91.36157,39.78755],[-91.37001,39.73252],[-91.27614,39.66576],[-91.22932,39.62085],[-91.18194,39.60268],[-91.16842,39.56493],[-91.15363,39.54825],[-91.10031,39.53869],[-91.06431,39.49464],[-91.05944,39.46886],[-91.03827,39.44844],[-90.94077,39.40398],[-90.92875,39.38754],[-90.79346,39.3095],[-90.7516,39.26543],[-90.72996,39.25589],[-90.7079,39.15086],[-90.68109,39.10059],[-90.68274,39.08835],[-90.71363,39.05398],[-90.67819,38.99185],[-90.67595,38.96214],[-90.65725,38.92027],[-90.62512,38.88865],[-90.58339,38.86903],[-90.55569,38.87078],[-90.50012,38.91041],[-90.47212,38.95884],[-90.44008,38.96736],[-90.39582,38.96004],[-90.30945,38.92412],[-90.25025,38.91934],[-90.10941,38.84355],[-90.12311,38.79805],[-90.16641,38.77265],[-90.17631,38.75445],[-90.20991,38.72605],[-90.20921,38.70275],[-90.18111,38.65955],[-90.18451,38.61155],[-90.26031,38.52835],[-90.28521,38.44345],[-90.34974,38.37761],[-90.36822,38.34025],[-90.37393,38.28185],[-90.35956,38.22452],[-90.33155,38.18758],[-90.27493,38.15761],[-90.24312,38.11267],[-90.21871,38.09437],[-90.17222,38.06964],[-90.15853,38.07473],[-90.13079,38.06234],[-90.12619,38.0407],[-90.11052,38.02655],[-90.08826,38.01577],[-90.05937,38.01554],[-89.9971,37.96323],[-89.9421,37.97012],[-89.93589,37.95958],[-89.92508,37.96002],[-89.93247,37.9475],[-89.95965,37.9402],[-89.97492,37.92672],[-89.95059,37.88153],[-89.90183,37.86982],[-89.84265,37.9052],[-89.79933,37.88152],[-89.80036,37.86863],[-89.78637,37.85173],[-89.73987,37.84693],[-89.71748,37.82572],[-89.66964,37.79992],[-89.66038,37.7863],[-89.66799,37.75948],[-89.66335,37.75005],[-89.61728,37.74972],[-89.58332,37.71326],[-89.51426,37.68992],[-89.51772,37.64122],[-89.47593,37.593],[-89.48606,37.58085],[-89.51981,37.58275],[-89.51705,37.53728],[-89.47553,37.47139],[-89.43977,37.4372],[-89.42105,37.38767],[-89.43284,37.34706],[-89.48901,37.33337],[-89.51184,37.31083],[-89.51834,37.2855],[-89.48991,37.25131],[-89.45883,37.24866],[-89.46763,37.2182],[-89.4561,37.18812],[-89.42558,37.13824],[-89.37871,37.09459],[-89.38394,37.04644],[-89.27863,36.98867],[-89.26353,37.00005],[-89.26,37.02329],[-89.30475,37.04756],[-89.30829,37.06837],[-89.25994,37.06407],[-89.25493,37.07201],[-89.23405,37.03728],[-89.20079,37.01616],[-89.18549,36.97352],[-89.17001,36.9703],[-89.12507,36.9835],[-89.09959,36.96454],[-89.11757,36.88736],[-89.13194,36.85744],[-89.13797,36.84735],[-89.1704,36.84152],[-89.17889,36.83137],[-89.17107,36.79812],[-89.12353,36.78531],[-89.11607,36.77242],[-89.1192,36.7598],[-89.1304,36.7517],[-89.16911,36.75947],[-89.18452,36.75364],[-89.1998,36.73422],[-89.19948,36.71605],[-89.16952,36.68888],[-89.17188,36.67253],[-89.15908,36.66635],[-89.19765,36.62894],[-89.21356,36.58012],[-89.23654,36.56682],[-89.27171,36.57139],[-89.32673,36.63219],[-89.36555,36.62506],[-89.37637,36.61387],[-89.41977,36.4939],[-89.46415,36.45719],[-89.48622,36.46162],[-89.49407,36.47322],[-89.46589,36.52995],[-89.47909,36.56821],[-89.52758,36.58115],[-89.54611,36.57999],[-89.56319,36.56875],[-89.57007,36.54439],[-89.5195,36.47542],[-89.52343,36.45657],[-89.54341,36.43877],[-89.54525,36.42708],[-89.50972,36.37363],[-89.519,36.3486],[-89.53182,36.33925],[-89.60567,36.34223],[-89.62026,36.32301],[-89.61182,36.30909],[-89.57849,36.28832],[-89.53949,36.27737],[-89.53475,36.25258],[-89.60237,36.23811],[-89.65252,36.25069],[-89.69523,36.25277],[-89.70351,36.24341],[-89.69263,36.22496],[-89.607,36.17118],[-89.59161,36.1441],[-89.60194,36.11947],[-89.6666,36.0958],[-89.67882,36.08464],[-89.68858,36.02924],[-89.70693,36.00098],[-90.37789,35.99568],[-90.35131,36.02688],[-90.33326,36.0675],[-90.31849,36.07551],[-90.31917,36.08998],[-90.29991,36.09824],[-90.29449,36.11295],[-90.23559,36.13947],[-90.23537,36.15915],[-90.22043,36.18476],[-90.20978,36.182],[-90.18285,36.20511],[-90.12637,36.22937],[-90.11492,36.26559],[-90.08373,36.27233],[-90.06398,36.30304],[-90.07998,36.31862],[-90.0774,36.341],[-90.06353,36.35691],[-90.06614,36.38627],[-90.08043,36.40076],[-90.10949,36.40407],[-90.14374,36.42443],[-90.13414,36.4366],[-90.14227,36.47214],[-90.16017,36.48134],[-90.15248,36.49795],[-94.61792,36.49941],[-94.60735,39.11344],[-94.58993,39.1404],[-94.59193,39.155],[-94.66244,39.1576],[-94.66384,39.1791],[-94.68034,39.1843],[-94.71414,39.1704],[-94.74194,39.1702],[-94.76314,39.1799],[-94.78152,39.20615],[-94.82379,39.20987],[-94.83506,39.22066],[-94.82566,39.24173],[-94.83147,39.25627],[-94.88706,39.28648],[-94.90533,39.31195],[-94.91002,39.35254],[-94.88136,39.37038],[-94.88503,39.3898],[-94.90182,39.3928],[-94.92311,39.38449],[-94.94204,39.3895],[-94.94786,39.4086],[-94.97295,39.42171],[-94.98214,39.44055],[-95.0375,39.46369],[-95.05218,39.5],[-95.1093,39.54228],[-95.11308,39.55913],[-95.10323,39.57778],[-95.06452,39.57711],[-95.04928,39.58958],[-95.05492,39.62499],[-95.02764,39.66545],[-94.97132,39.68641],[-94.96532,39.73906],[-94.94873,39.74559],[-94.89932,39.72404],[-94.87564,39.73049],[-94.86294,39.74299],[-94.86074,39.76309],[-94.86964,39.77289],[-94.91229,39.75934],[-94.9353,39.77561],[-94.92965,39.78828],[-94.88408,39.79423],[-94.87594,39.81329],[-94.88693,39.8331],[-94.91692,39.83614],[-94.93977,39.85193],[-94.92957,39.88875],[-94.95154,39.90053],[-95.00844,39.9006],[-95.02439,39.8912],[-95.02793,39.87152],[-95.03777,39.86554],[-95.085,39.86188],[-95.12817,39.87416],[-95.1406,39.88169],[-95.14966,39.90595],[-95.20194,39.90405],[-95.20443,39.93895],[-95.25025,39.94864],[-95.26989,39.9694],[-95.30251,39.98436],[-95.31527,40.01207],[-95.35688,40.03152],[-95.3872,40.02677],[-95.40726,40.03311],[-95.42164,40.05895],[-95.39335,40.11921],[-95.42875,40.13558],[-95.43635,40.15872],[-95.47919,40.18565],[-95.48232,40.20067],[-95.46972,40.22791],[-95.4775,40.24272],[-95.55247,40.2619],[-95.55162,40.28867],[-95.56216,40.29736],[-95.61044,40.31397],[-95.64533,40.30569],[-95.65733,40.31086],[-95.65373,40.32258],[-95.6252,40.33429],[-95.62373,40.34657],[-95.64103,40.3664],[-95.64393,40.38685],[-95.65913,40.40869],[-95.65819,40.44188],[-95.69465,40.47145],[-95.69997,40.50527],[-95.66169,40.51731],[-95.65226,40.53811],[-95.65585,40.54661],[-95.67872,40.56256],[-95.69415,40.55694],[-95.69505,40.53312],[-95.70859,40.52155],[-95.72244,40.52812],[-95.75711,40.52599],[-95.76869,40.53411],[-95.76337,40.5508],[-95.77355,40.5782]]]}},{"type":"Feature","properties":{"STATEFP":"38","GEOID":"38"},"geometry":{"type":"Polygon","coordinates":[[[-104.04865,48.86573],[-104.04869,48.99959],[-97.22872,49.00056],[-97.23888,48.96657],[-97.23146,48.96244],[-97.23215,48.94895],[-97.21054,48.90439],[-97.19798,48.89833],[-97.19798,48.88034],[-97.17562,48.8531],[-97.18003,48.81845],[-97.16487,48.80825],[-97.13559,48.7264],[-97.09734,48.68519],[-97.10055,48.65861],[-97.11192,48.64292],[-97.10847,48.63266],[-97.12527,48.62969],[-97.12477,48.62154],[-97.1375,48.61227],[-97.14292,48.58373],[-97.15864,48.56407],[-97.15246,48.55233],[-97.16311,48.54386],[-97.14887,48.53428],[-97.14813,48.50338],[-97.13886,48.49436],[-97.14412,48.46921],[-97.13275,48.45994],[-97.1356,48.42437],[-97.14285,48.41947],[-97.13501,48.40673],[-97.14559,48.3942],[-97.14011,48.38048],[-97.14775,48.3599],[-97.13115,48.33972],[-97.13192,48.31273],[-97.12207,48.30087],[-97.12886,48.29288],[-97.11657,48.27966],[-97.13185,48.26759],[-97.12728,48.25332],[-97.14125,48.23467],[-97.13437,48.21043],[-97.14623,48.18605],[-97.14213,48.14498],[-97.13196,48.13956],[-97.1232,48.10665],[-97.10395,48.09618],[-97.10448,48.07243],[-97.07226,48.04807],[-97.07224,48.01911],[-97.06329,48.01499],[-97.06429,47.99851],[-97.05309,47.99025],[-97.06185,47.96448],[-97.05245,47.95718],[-97.05455,47.94628],[-97.03605,47.93938],[-97.03575,47.93018],[-97.01775,47.91978],[-97.02375,47.91588],[-97.01505,47.90718],[-97.02496,47.90818],[-97.01896,47.89108],[-97.02536,47.88428],[-97.01796,47.87848],[-97.02316,47.87398],[-97.00156,47.86738],[-96.99829,47.84172],[-96.97933,47.82453],[-96.98058,47.80561],[-96.95786,47.79202],[-96.96532,47.78347],[-96.93918,47.7684],[-96.90991,47.68952],[-96.90026,47.69078],[-96.88557,47.66344],[-96.88286,47.64171],[-96.88857,47.63845],[-96.8795,47.62058],[-96.85542,47.60875],[-96.85471,47.53597],[-96.86636,47.52489],[-96.85347,47.51381],[-96.85165,47.4971],[-96.85853,47.49089],[-96.85748,47.44046],[-96.86426,47.41954],[-96.84072,47.39131],[-96.85375,47.3734],[-96.83585,47.33591],[-96.84253,47.31242],[-96.83288,47.30449],[-96.84409,47.28998],[-96.83269,47.2362],[-96.83928,47.22387],[-96.83212,47.20487],[-96.83881,47.19789],[-96.82209,47.16504],[-96.83241,47.14374],[-96.81798,47.10601],[-96.82448,47.05968],[-96.81798,47.02654],[-96.8295,47.02154],[-96.8346,47.00772],[-96.82318,46.99997],[-96.82185,46.96937],[-96.79931,46.96412],[-96.79105,46.92988],[-96.78312,46.92548],[-96.76326,46.93506],[-96.75953,46.92577],[-96.77656,46.89566],[-96.76846,46.87956],[-96.78136,46.87936],[-96.77935,46.84214],[-96.80254,46.81152],[-96.78431,46.76755],[-96.77925,46.72743],[-96.7912,46.70375],[-96.78434,46.68505],[-96.79882,46.65807],[-96.77245,46.60013],[-96.74644,46.57408],[-96.73361,46.49722],[-96.73799,46.48788],[-96.71556,46.46323],[-96.71807,46.43825],[-96.68069,46.40738],[-96.66719,46.37546],[-96.64653,46.36251],[-96.64433,46.35191],[-96.62921,46.35265],[-96.59976,46.33039],[-96.59973,46.26212],[-96.59008,46.24865],[-96.59812,46.24311],[-96.59755,46.22773],[-96.58437,46.20416],[-96.5876,46.17893],[-96.55451,46.08398],[-96.55927,46.05827],[-96.57794,46.02687],[-96.56252,45.93709],[-104.04544,45.94531],[-104.04166,47.86228],[-104.04865,48.86573]]]}},{"type":"Feature","properties":{"STATEFP":"10","GEOID":"10"},"geometry":{"type":"MultiPolygon","coordinates":[[[[-75.57219,39.62952],[-75.55827,39.62989],[-75.55587,39.60582],[-75.5715,39.60768],[-75.57219,39.62952]]],[[[-75.78886,39.67848],[-75.7886,39.7222],[-75.77379,39.7222],[-75.74454,39.76821],[-75.70127,39.80292],[-75.64152,39.82862],[-75.57982,39.83871],[-75.51841,39.83643],[-75.46331,39.82387],[-75.40541,39.7964],[-75.45069,39.77506],[-75.46334,39.76121],[-75.47764,39.71501],[-75.48855,39.71483],[-75.50974,39.68611],[-75.52974,39.69261],[-75.56225,39.65671],[-75.58715,39.65101],[-75.61338,39.62029],[-75.61255,39.59691],[-75.56481,39.56321],[-75.57252,39.51709],[-75.59307,39.47919],[-75.5899,39.46202],[-75.57183,39.4389],[-75.53851,39.4165],[-75.513,39.36615],[-75.49416,39.35461],[-75.49169,39.34396],[-75.43903,39.31338],[-75.43537,39.29668],[-75.40296,39.25463],[-75.40572,39.22383],[-75.39302,39.20451],[-75.41062,39.15625],[-75.40203,39.06688],[-75.34576,39.02486],[-75.31835,38.98819],[-75.31154,38.94463],[-75.30255,38.939],[-75.31228,38.92459],[-75.30408,38.91316],[-75.19055,38.80686],[-75.13402,38.78224],[-75.10412,38.78624],[-75.09855,38.80293],[-75.08947,38.7972],[-75.06551,38.66103],[-75.04894,38.45126],[-75.69372,38.46013],[-75.78886,39.67848]]]]}},{"type":"Feature","properties":{"STATEFP":"06","GEOID":"06"},"geometry":{"type":"MultiPolygon","coordinates":[[[[-118.60331,33.47732],[-118.54453,33.47412],[-118.49967,33.44788],[-118.47765,33.44839],[-118.44581,33.42891],[-118.37032,33.40928],[-118.36509,33.38837],[-118.31021,33.33579],[-118.30508,33.31032],[-118.32524,33.29908],[-118.37477,33.32006],[-118.44005,33.31864],[-118.46537,33.32606],[-118.48877,33.35665],[-118.47846,33.38632],[-118.48875,33.41983],[-118.53738,33.43461],[-118.56344,33.43438],[-118.60331,33.47732]]],[[[-118.60553,33.031],[-118.59403,33.03595],[-118.56901,33.02915],[-118.54007,32.98093],[-118.49681,32.93385],[-118.36998,32.83927],[-118.3535,32.82196],[-118.35654,32.81731],[-118.39457,32.82398],[-118.42563,32.8006],[-118.4963,32.85157],[-118.50719,32.87626],[-118.53582,32.90628],[-118.55113,32.94515],[-118.57352,32.96918],[-118.58693,33.00828],[-118.60656,33.01469],[-118.60553,33.031]]],[[[-119.04521,33.48206],[-119.03186,33.48554],[-119.02975,33.46784],[-119.04419,33.46834],[-119.04521,33.48206]]],[[[-119.44109,34.01557],[-119.43647,34.02109],[-119.39748,34.01426],[-119.36733,34.0236],[-119.35746,34.01674],[-119.36202,34.00595],[-119.39481,33.99846],[-119.4388,34.00454],[-119.44109,34.01557]]],[[[-119.57894,33.27863],[-119.56204,33.27113],[-119.52814,33.28493],[-119.46572,33.25924],[-119.42956,33.22817],[-119.47603,33.21552],[-119.54587,33.23341],[-119.56497,33.24744],[-119.57894,33.27863]]],[[[-119.91916,34.07728],[-119.8573,34.0713],[-119.81874,34.053],[-119.75552,34.05672],[-119.71258,34.04326],[-119.68651,34.0198],[-119.63774,34.01318],[-119.61223,34.02126],[-119.60429,34.03156],[-119.60924,34.03735],[-119.59324,34.04962],[-119.5667,34.05345],[-119.52064,34.03426],[-119.54245,34.02108],[-119.54707,34.00547],[-119.56046,33.99553],[-119.66282,33.98589],[-119.72121,33.95958],[-119.79594,33.96293],[-119.87336,33.98038],[-119.8849,34.00881],[-119.87633,34.03209],[-119.91622,34.05835],[-119.92334,34.06936],[-119.91916,34.07728]]],[[[-120.24739,34.00191],[-120.23,34.01014],[-120.16731,34.00822],[-120.14036,34.02597],[-120.09018,34.01981],[-120.05764,34.03734],[-120.04326,34.03581],[-120.05038,34.01333],[-120.04658,34.0],[-120.01112,33.97989],[-119.97888,33.98308],[-119.97026,33.94436],[-120.01771,33.93637],[-120.04968,33.91456],[-120.0986,33.90785],[-120.12182,33.89571],[-120.16897,33.91909],[-120.22446,33.98906],[-120.24739,34.00191]]],[[[-120.44911,34.03735],[-120.41529,34.05496],[-120.39091,34.05199],[-120.36881,34.06778],[-120.36828,34.07646],[-120.35498,34.05926],[-120.35861,34.05024],[-120.33116,34.0491],[-120.30212,34.02357],[-120.35793,34.01503],[-120.40937,34.0322],[-120.42741,34.02542],[-120.45413,34.02808],[-120.44911,34.03735]]],[[[-122.37788,37.83065],[-122.36324,37.82395],[-122.36266,37.80758],[-122.37242,37.8113],[-122.37788,37.83065]]],[[[-122.44476,37.86128],[-122.43079,37.87106],[-122.42198,37.86796],[-122.42093,37.85712],[-122.42979,37.85308],[-122.44476,37.86128]]],[[[-124.4086,40.4432],[-124.38494,40.48982],[-124.38282,40.519],[-124.3294,40.61643],[-124.15832,40.87607],[-124.13707,40.92573],[-124.11217,41.02817],[-124.12545,41.0485],[-124.15362,41.05355],[-124.15906,41.12196],[-124.16541,41.12982],[-124.15854,41.14302],[-124.1438,41.14469],[-124.10699,41.22968],[-124.07229,41.37484],[-124.06606,41.47026],[-124.08143,41.51123],[-124.08199,41.54776],[-124.10112,41.56919],[-124.10096,41.6025],[-124.13555,41.65731],[-124.14741,41.71796],[-124.16472,41.74013],[-124.17739,41.74576],[-124.19495,41.73678],[-124.25599,41.78301],[-124.23068,41.81868],[-124.20844,41.88819],[-124.2034,41.94096],[-124.21161,41.99846],[-123.657,41.99514],[-123.14596,42.00925],[-122.89396,42.00261],[-122.37819,42.00952],[-121.0352,41.99332],[-119.99917,41.99454],[-120.00101,38.99957],[-118.71431,38.10218],[-117.50012,37.22038],[-116.54198,36.49995],[-115.85291,35.96966],[-114.63349,35.00186],[-114.63438,34.87289],[-114.58684,34.83567],[-114.55268,34.76687],[-114.47048,34.71137],[-114.43874,34.62145],[-114.4242,34.61045],[-114.42975,34.59173],[-114.40523,34.56964],[-114.38084,34.52972],[-114.3867,34.45791],[-114.37372,34.44694],[-114.33537,34.45004],[-114.32613,34.43725],[-114.29484,34.42139],[-114.28866,34.40662],[-114.26432,34.40133],[-114.22611,34.36592],[-114.17691,34.34931],[-114.15721,34.31786],[-114.13828,34.30323],[-114.13443,34.26639],[-114.16183,34.25704],[-114.22519,34.20364],[-114.22971,34.18693],[-114.25414,34.17383],[-114.28729,34.17053],[-114.32078,34.13864],[-114.35303,34.13312],[-114.36652,34.11857],[-114.41168,34.11003],[-114.43418,34.08738],[-114.43827,34.02261],[-114.46117,34.01008],[-114.46117,33.99469],[-114.49988,33.96179],[-114.522,33.95562],[-114.53548,33.93465],[-114.50792,33.90381],[-114.51893,33.89171],[-114.50302,33.868],[-114.52845,33.85493],[-114.51997,33.82538],[-114.52805,33.81496],[-114.50486,33.76047],[-114.51235,33.73421],[-114.4942,33.70792],[-114.49649,33.6969],[-114.52396,33.68588],[-114.53152,33.67511],[-114.52481,33.61135],[-114.54062,33.59141],[-114.5403,33.58062],[-114.5246,33.55223],[-114.5589,33.53182],[-114.56953,33.50922],[-114.59155,33.49944],[-114.62292,33.45656],[-114.62964,33.42814],[-114.6433,33.41674],[-114.68795,33.41794],[-114.72528,33.40505],[-114.70731,33.38254],[-114.69804,33.35244],[-114.70796,33.32342],[-114.73122,33.30243],[-114.72167,33.28698],[-114.68051,33.27358],[-114.67209,33.2585],[-114.68954,33.24643],[-114.67363,33.22312],[-114.67536,33.18549],[-114.67936,33.15952],[-114.70368,33.11377],[-114.70649,33.08816],[-114.68902,33.08404],[-114.66506,33.03391],[-114.64598,33.0489],[-114.61879,33.0272],[-114.58978,33.02623],[-114.57516,33.03654],[-114.52013,33.02998],[-114.50287,33.01115],[-114.49294,32.97178],[-114.46904,32.9723],[-114.46773,32.95632],[-114.48092,32.93525],[-114.46293,32.90794],[-114.46897,32.84515],[-114.53075,32.79348],[-114.52686,32.75709],[-114.61837,32.72825],[-114.68878,32.73768],[-114.70192,32.74555],[-114.71963,32.71876],[-116.04662,32.62335],[-117.12486,32.53416],[-117.13666,32.61875],[-117.16887,32.67195],[-117.19677,32.68885],[-117.24607,32.66935],[-117.25757,32.72605],[-117.25497,32.78695],[-117.28097,32.82225],[-117.28217,32.83955],[-117.25617,32.85945],[-117.25447,32.90015],[-117.28077,33.01234],[-117.31528,33.0935],[-117.36257,33.16844],[-117.46979,33.29642],[-117.54769,33.36549],[-117.59588,33.38663],[-117.64558,33.44073],[-117.68458,33.46193],[-117.69138,33.45403],[-117.71535,33.46056],[-117.72649,33.48343],[-117.78489,33.54153],[-117.87679,33.59232],[-117.92709,33.60552],[-118.02969,33.67642],[-118.0889,33.72982],[-118.1327,33.75322],[-118.18083,33.76307],[-118.19126,33.75013],[-118.19271,33.73167],[-118.22483,33.73213],[-118.24748,33.71557],[-118.29316,33.70504],[-118.36051,33.73682],[-118.41121,33.74198],[-118.42841,33.77472],[-118.39431,33.80432],[-118.39211,33.84092],[-118.46061,33.96911],[-118.51951,34.02751],[-118.56924,34.04164],[-118.74495,34.0321],[-118.78343,34.02154],[-118.80511,34.00124],[-118.85465,34.03422],[-118.93808,34.04338],[-119.08854,34.09831],[-119.13017,34.1001],[-119.18864,34.139],[-119.21644,34.1461],[-119.25704,34.2133],[-119.27864,34.2669],[-119.31303,34.27569],[-119.37036,34.31949],[-119.39045,34.3182],[-119.46104,34.37406],[-119.53696,34.39549],[-119.55946,34.4134],[-119.61686,34.42099],[-119.67187,34.4161],[-119.70907,34.3954],[-119.79477,34.4176],[-119.87397,34.40879],[-119.92523,34.43393],[-119.95643,34.43529],[-120.00808,34.46045],[-120.08859,34.46021],[-120.14117,34.4734],[-120.29505,34.47062],[-120.34137,34.45879],[-120.47138,34.44785],[-120.47661,34.47513],[-120.51142,34.52295],[-120.58129,34.55696],[-120.62257,34.55402],[-120.64574,34.58103],[-120.60197,34.6921],[-120.60167,34.70972],[-120.63742,34.7559],[-120.61027,34.85818],[-120.63928,34.88041],[-120.64733,34.90113],[-120.67083,34.90411],[-120.62993,35.06151],[-120.63096,35.10194],[-120.64431,35.13962],[-120.71419,35.176],[-120.74887,35.1778],[-120.76049,35.15971],[-120.85605,35.20649],[-120.89679,35.24788],[-120.86268,35.34678],[-120.8661,35.39305],[-120.88476,35.4302],[-120.90794,35.44907],[-120.94655,35.44671],[-120.96944,35.4602],[-121.00336,35.46071],[-121.1016,35.54881],[-121.12603,35.59306],[-121.16671,35.6354],[-121.25103,35.65664],[-121.28497,35.67411],[-121.28979,35.68943],[-121.31463,35.71331],[-121.31579,35.75252],[-121.33245,35.78311],[-121.38805,35.82348],[-121.41315,35.85532],[-121.46226,35.88562],[-121.4862,35.97035],[-121.50311,36.0003],[-121.5746,36.02516],[-121.59285,36.06506],[-121.61867,36.08777],[-121.62963,36.11445],[-121.68014,36.16582],[-121.71718,36.19515],[-121.77985,36.22741],[-121.82643,36.24186],[-121.85197,36.27783],[-121.88849,36.30281],[-121.89292,36.34043],[-121.90545,36.35827],[-121.90319,36.3936],[-121.91438,36.40434],[-121.91474,36.42589],[-121.9416,36.4856],[-121.94467,36.52186],[-121.92594,36.52517],[-121.93251,36.55994],[-121.95734,36.56448],[-121.97859,36.58049],[-121.94167,36.61806],[-121.93643,36.63675],[-121.92387,36.63456],[-121.88906,36.60176],[-121.8606,36.61114],[-121.832,36.64486],[-121.80978,36.69603],[-121.80564,36.75024],[-121.78828,36.80399],[-121.86227,36.93155],[-121.89467,36.96185],[-121.93007,36.97815],[-121.97277,36.95415],[-122.01237,36.96455],[-122.02337,36.96215],[-122.02717,36.95115],[-122.05012,36.94852],[-122.10598,36.95595],[-122.20618,37.01395],[-122.28488,37.10175],[-122.30614,37.11638],[-122.33707,37.11738],[-122.33783,37.13594],[-122.35979,37.15557],[-122.36709,37.17282],[-122.40507,37.19579],[-122.41911,37.24147],[-122.40085,37.35923],[-122.44369,37.43594],[-122.45209,37.48054],[-122.47239,37.50054],[-122.49929,37.49534],[-122.51953,37.5373],[-122.51369,37.55224],[-122.51719,37.59064],[-122.50139,37.59964],[-122.49408,37.64404],[-122.51448,37.78083],[-122.48578,37.79063],[-122.47808,37.81083],[-122.46379,37.80465],[-122.40745,37.81144],[-122.38532,37.79072],[-122.37585,37.73498],[-122.35678,37.72951],[-122.36175,37.71501],[-122.39319,37.70753],[-122.38763,37.67906],[-122.37429,37.66221],[-122.3756,37.65239],[-122.38738,37.64846],[-122.38607,37.63766],[-122.35531,37.61574],[-122.37331,37.61377],[-122.37855,37.60559],[-122.36022,37.5925],[-122.31768,37.59087],[-122.3059,37.57548],[-122.2627,37.57287],[-122.24572,37.55373],[-122.19659,37.5372],[-122.19496,37.52247],[-122.16845,37.50414],[-122.1309,37.50232],[-122.12375,37.47319],[-122.0894,37.45091],[-122.05911,37.44521],[-122.0389,37.45059],[-122.03422,37.46112],[-122.05306,37.47944],[-122.05491,37.49443],[-122.09913,37.4995],[-122.11134,37.50758],[-122.112,37.52885],[-122.14701,37.58841],[-122.16305,37.66793],[-122.24683,37.72193],[-122.25795,37.7396],[-122.24264,37.75374],[-122.33079,37.78383],[-122.33371,37.8098],[-122.32357,37.82321],[-122.30393,37.83009],[-122.30131,37.84776],[-122.31326,37.89701],[-122.33453,37.90879],[-122.38591,37.90814],[-122.39049,37.92254],[-122.41372,37.93726],[-122.43009,37.96312],[-122.39983,37.95601],[-122.39217,37.96999],[-122.36758,37.97817],[-122.3619,37.98999],[-122.36791,38.01253],[-122.34009,38.00369],[-122.32111,38.01286],[-122.30082,38.01089],[-122.28348,38.02267],[-122.26286,38.0446],[-122.27301,38.07438],[-122.3018,38.10514],[-122.39359,38.14345],[-122.43958,38.11692],[-122.48997,38.11201],[-122.48376,38.07176],[-122.49783,38.0194],[-122.46281,38.00337],[-122.44841,37.98471],[-122.47198,37.98177],[-122.48866,37.96671],[-122.48768,37.94872],[-122.47917,37.94152],[-122.49947,37.93923],[-122.50306,37.92875],[-122.47819,37.91861],[-122.4723,37.90257],[-122.44841,37.89341],[-122.43827,37.88097],[-122.46216,37.86887],[-122.48343,37.8901],[-122.50102,37.89366],[-122.49627,37.87078],[-122.4831,37.86396],[-122.47647,37.83251],[-122.47915,37.82543],[-122.52918,37.81903],[-122.56149,37.85183],[-122.65652,37.90452],[-122.68217,37.90645],[-122.70264,37.89382],[-122.7273,37.90463],[-122.7369,37.92583],[-122.76614,37.938],[-122.7974,37.97666],[-122.85657,38.01672],[-122.93971,38.03191],[-122.97238,38.02025],[-122.98342,38.00455],[-122.97763,37.99265],[-123.01962,37.99422],[-122.96089,38.11296],[-122.94907,38.15406],[-122.95363,38.17567],[-122.98959,38.22909],[-122.96981,38.23878],[-122.9672,38.25069],[-122.97708,38.2679],[-123.02433,38.31057],[-123.03874,38.31358],[-123.05106,38.31069],[-123.0535,38.29939],[-123.06367,38.30218],[-123.07468,38.32257],[-123.06826,38.35986],[-123.12883,38.45042],[-123.20228,38.49431],[-123.2498,38.51105],[-123.3319,38.56554],[-123.34334,38.59001],[-123.37188,38.60724],[-123.44177,38.69974],[-123.46129,38.717],[-123.51478,38.74197],[-123.54184,38.77676],[-123.64739,38.84547],[-123.65985,38.87253],[-123.72537,38.91744],[-123.72631,38.93637],[-123.73889,38.95412],[-123.71115,38.97732],[-123.69009,39.03116],[-123.71804,39.12823],[-123.73503,39.14286],[-123.775,39.21208],[-123.77737,39.23721],[-123.78789,39.26433],[-123.80385,39.27877],[-123.80877,39.32437],[-123.82209,39.34386],[-123.82631,39.36871],[-123.81469,39.44654],[-123.76647,39.5528],[-123.78742,39.60455],[-123.78232,39.62149],[-123.79266,39.68412],[-123.80821,39.71072],[-123.82954,39.72307],[-123.85171,39.83204],[-123.90766,39.86303],[-123.93005,39.9097],[-123.95495,39.92237],[-123.98003,39.96246],[-124.0359,40.01332],[-124.07998,40.02977],[-124.08071,40.06611],[-124.11055,40.10377],[-124.18787,40.13054],[-124.21489,40.1609],[-124.2965,40.20882],[-124.36341,40.26097],[-124.34785,40.31463],[-124.3736,40.39292],[-124.40262,40.42211],[-124.4086,40.4432]]]]}},{"type":"Feature","properties":{"STATEFP":"47","GEOID":"47"},"geometry":{"type":"Polygon","coordinates":[[[-90.30971,35.00848],[-90.29235,35.04136],[-90.207,35.02585],[-90.18116,35.05394],[-90.17538,35.11418],[-90.15783,35.129],[-90.13889,35.13225],[-90.08742,35.11889],[-90.06616,35.13747],[-90.0679,35.15528],[-90.10009,35.17021],[-90.11733,35.18926],[-90.11445,35.19892],[-90.09806,35.19514],[-90.0878,35.21218],[-90.07716,35.21103],[-90.07497,35.21872],[-90.0926,35.24677],[-90.11646,35.25587],[-90.14632,35.25356],[-90.16887,35.28152],[-90.15832,35.30101],[-90.10997,35.30499],[-90.07828,35.37873],[-90.11269,35.4103],[-90.12988,35.41382],[-90.14545,35.40252],[-90.14159,35.37515],[-90.16528,35.37398],[-90.17934,35.38531],[-90.169,35.42185],[-90.12944,35.44212],[-90.10875,35.47601],[-90.08002,35.47707],[-90.06904,35.46777],[-90.0741,35.43414],[-90.05949,35.39381],[-90.04658,35.399],[-90.05056,35.40964],[-90.00267,35.43053],[-90.0068,35.45325],[-90.04414,35.49462],[-90.04952,35.51036],[-90.03293,35.55346],[-89.99427,35.56097],[-89.95827,35.54141],[-89.95519,35.52249],[-89.92654,35.51161],[-89.90464,35.51935],[-89.91005,35.54538],[-89.93989,35.55567],[-89.95716,35.58942],[-89.9325,35.60786],[-89.91128,35.61759],[-89.89367,35.61534],[-89.85513,35.63622],[-89.85215,35.66027],[-89.86514,35.67044],[-89.89687,35.65122],[-89.93021,35.66135],[-89.95595,35.69076],[-89.95862,35.72602],[-89.90911,35.75896],[-89.89025,35.75079],[-89.85275,35.75545],[-89.84289,35.74272],[-89.81686,35.74869],[-89.79895,35.75936],[-89.79957,35.78833],[-89.77791,35.80628],[-89.7628,35.81097],[-89.72971,35.80212],[-89.69599,35.8213],[-89.69553,35.83567],[-89.7729,35.86563],[-89.7683,35.88936],[-89.74455,35.9107],[-89.71942,35.90831],[-89.67638,35.8767],[-89.65792,35.87674],[-89.64562,35.88583],[-89.64431,35.92094],[-89.71653,35.96153],[-89.7331,36.00061],[-89.70693,36.00098],[-89.68858,36.02924],[-89.67882,36.08464],[-89.6666,36.0958],[-89.60194,36.11947],[-89.59307,36.1297],[-89.59221,36.15012],[-89.607,36.17118],[-89.70533,36.2399],[-89.69523,36.25277],[-89.64218,36.24949],[-89.60237,36.23811],[-89.53475,36.25258],[-89.53949,36.27737],[-89.57849,36.28832],[-89.61182,36.30909],[-89.62026,36.32301],[-89.60567,36.34223],[-89.53182,36.33925],[-89.51318,36.3599],[-89.51038,36.37836],[-89.54525,36.42708],[-89.51972,36.467],[-89.52064,36.47867],[-89.53923,36.49793],[-89.48543,36.49749],[-89.4932,36.47012],[-89.47172,36.457],[-89.44847,36.46442],[-89.41729,36.49903],[-89.30028,36.50715],[-88.05321,36.49713],[-88.03782,36.51385],[-88.03249,36.54066],[-88.07053,36.67812],[-87.84957,36.6637],[-87.8532,36.63325],[-86.58991,36.65249],[-86.56414,36.63347],[-86.55005,36.64482],[-86.54378,36.64054],[-86.50777,36.65245],[-85.67779,36.61816],[-85.48835,36.61499],[-85.19537,36.6255],[-84.54314,36.59628],[-83.69071,36.58258],[-83.67541,36.60081],[-83.24893,36.59383],[-81.93414,36.59421],[-81.92264,36.61621],[-81.6469,36.61192],[-81.68014,36.58552],[-81.67704,36.57072],[-81.69024,36.56872],[-81.69003,36.55215],[-81.70796,36.53621],[-81.69531,36.46791],[-81.71489,36.45722],[-81.72073,36.42254],[-81.73965,36.40669],[-81.72981,36.38803],[-81.73287,36.3765],[-81.72133,36.3531],[-81.70779,36.34601],[-81.70744,36.33517],[-81.7661,36.33852],[-81.80081,36.35807],[-81.84127,36.34332],[-81.87938,36.31377],[-81.90814,36.30201],[-82.03314,36.12042],[-82.05414,36.12682],[-82.06134,36.11312],[-82.08014,36.10572],[-82.12715,36.10442],[-82.14795,36.14952],[-82.18255,36.14371],[-82.21385,36.15911],[-82.24752,36.13087],[-82.26035,36.13371],[-82.26875,36.12704],[-82.28946,36.13571],[-82.32145,36.11955],[-82.35516,36.11561],[-82.40946,36.08341],[-82.46066,36.00781],[-82.50538,35.97768],[-82.54968,35.96428],[-82.55787,35.9539],[-82.581,35.96556],[-82.61089,35.96741],[-82.60424,35.98732],[-82.61436,36.00351],[-82.59487,36.0296],[-82.63716,36.0658],[-82.75007,36.006],[-82.776,36.0001],[-82.78556,35.9778],[-82.77491,35.97198],[-82.80585,35.93794],[-82.805,35.92717],[-82.82186,35.92184],[-82.85255,35.94909],[-82.87416,35.9527],[-82.89851,35.9451],[-82.91194,35.92162],[-82.89972,35.8746],[-82.91831,35.86398],[-82.92017,35.84166],[-82.94552,35.82466],[-82.96409,35.78998],[-82.99205,35.77395],[-83.07403,35.79002],[-83.12018,35.76623],[-83.15921,35.76489],[-83.18569,35.72989],[-83.24067,35.72676],[-83.25125,35.71992],[-83.25812,35.69192],[-83.28916,35.67451],[-83.29715,35.65775],[-83.31276,35.65481],[-83.33496,35.66547],[-83.35156,35.65986],[-83.36694,35.63873],[-83.38872,35.63358],[-83.39663,35.62272],[-83.42158,35.61119],[-83.4458,35.6118],[-83.49833,35.56298],[-83.58559,35.56294],[-83.60889,35.57945],[-83.6405,35.56607],[-83.67627,35.57029],[-83.77174,35.56212],[-83.82559,35.52383],[-83.88007,35.51875],[-83.91177,35.47603],[-83.93702,35.47151],[-83.94939,35.46116],[-83.96105,35.46414],[-84.02063,35.40984],[-84.00821,35.39038],[-84.00759,35.37166],[-84.03808,35.34836],[-84.02938,35.3332],[-84.03571,35.31288],[-84.02141,35.30138],[-84.05261,35.26998],[-84.09751,35.24738],[-84.12115,35.25064],[-84.13057,35.24336],[-84.18842,35.23998],[-84.20012,35.24468],[-84.21182,35.26608],[-84.22372,35.26908],[-84.29024,35.22557],[-84.32187,34.98841],[-85.46671,34.98297],[-88.20296,35.00803],[-88.20006,34.99563],[-89.88336,34.99426],[-90.3093,34.99569],[-90.30971,35.00848]]]}},{"type":"Feature","properties":{"STATEFP":"33","GEOID":"33"},"geometry":{"type":"Polygon","coordinates":[[[-72.55627,42.85529],[-72.55283,42.88497],[-72.53278,42.89608],[-72.52443,42.91557],[-72.53219,42.95495],[-72.47383,42.97205],[-72.46163,42.98291],[-72.46294,42.99694],[-72.44376,43.00624],[-72.4624,43.02556],[-72.46736,43.05265],[-72.43619,43.08173],[-72.44305,43.10084],[-72.43297,43.11966],[-72.45714,43.14849],[-72.45256,43.17212],[-72.4434,43.17973],[-72.45028,43.19248],[-72.43772,43.20275],[-72.43869,43.2529],[-72.41545,43.27137],[-72.39546,43.31299],[-72.41035,43.33167],[-72.3901,43.35693],[-72.41338,43.36274],[-72.41598,43.37653],[-72.40381,43.39193],[-72.3925,43.46736],[-72.38172,43.48009],[-72.38089,43.49339],[-72.39856,43.51344],[-72.38038,43.54088],[-72.37944,43.57407],[-72.32851,43.60081],[-72.3344,43.61925],[-72.32913,43.63556],[-72.31408,43.64281],[-72.29972,43.70656],[-72.27118,43.73414],[-72.23271,43.74829],[-72.20476,43.77126],[-72.2053,43.78447],[-72.18333,43.80818],[-72.18479,43.86339],[-72.16748,43.86915],[-72.1706,43.88639],[-72.121,43.91896],[-72.1187,43.94536],[-72.09869,43.95766],[-72.11473,43.96833],[-72.11698,43.99448],[-72.10376,44.00284],[-72.10529,44.01266],[-72.09406,44.02318],[-72.07565,44.03165],[-72.07899,44.04289],[-72.0425,44.07464],[-72.04768,44.08887],[-72.03188,44.09336],[-72.03298,44.10166],[-72.05483,44.11014],[-72.05234,44.11989],[-72.0337,44.13154],[-72.04198,44.13717],[-72.04017,44.15702],[-72.06617,44.18977],[-72.04789,44.23849],[-72.06543,44.27723],[-72.03347,44.30188],[-72.03314,44.32037],[-72.00998,44.32195],[-71.98112,44.3375],[-71.93539,44.33577],[-71.90691,44.34828],[-71.87247,44.33663],[-71.81435,44.35454],[-71.81439,44.38193],[-71.80032,44.38428],[-71.80349,44.39189],[-71.79392,44.39927],[-71.76197,44.40703],[-71.7431,44.40166],[-71.73592,44.41006],[-71.69943,44.41607],[-71.67926,44.43502],[-71.66183,44.44029],[-71.65335,44.4605],[-71.6404,44.46419],[-71.64589,44.47514],[-71.6328,44.48389],[-71.59948,44.48645],[-71.5915,44.49965],[-71.57764,44.50269],[-71.59426,44.52168],[-71.5825,44.5244],[-71.57308,44.53798],[-71.5968,44.55342],[-71.59614,44.5609],[-71.55985,44.56412],[-71.5532,44.58068],[-71.53625,44.58844],[-71.55345,44.59345],[-71.55172,44.6276],[-71.56264,44.63727],[-71.55857,44.64437],[-71.58658,44.65948],[-71.58198,44.67353],[-71.5963,44.67908],[-71.59975,44.70532],[-71.62492,44.72903],[-71.63188,44.75246],[-71.57325,44.79188],[-71.56922,44.80881],[-71.5755,44.81606],[-71.55222,44.83778],[-71.5568,44.84881],[-71.54953,44.86259],[-71.49584,44.90498],[-71.4944,44.91184],[-71.51519,44.92732],[-71.51622,44.96457],[-71.53859,44.98818],[-71.52502,45.00188],[-71.48757,45.00094],[-71.46504,45.01364],[-71.50109,45.01338],[-71.49108,45.04367],[-71.50509,45.05147],[-71.49774,45.05475],[-71.49792,45.07059],[-71.46745,45.08685],[-71.42883,45.12388],[-71.43722,45.14233],[-71.39781,45.20355],[-71.40327,45.21535],[-71.44337,45.23772],[-71.41713,45.23557],[-71.40264,45.24259],[-71.38492,45.23335],[-71.35725,45.25334],[-71.36066,45.26984],[-71.33639,45.27307],[-71.2844,45.30243],[-71.28074,45.29519],[-71.26494,45.29345],[-71.26214,45.2761],[-71.2445,45.26814],[-71.23112,45.24971],[-71.19828,45.25426],[-71.1809,45.23986],[-71.16285,45.25033],[-71.13943,45.24296],[-71.10734,45.27861],[-71.10515,45.29463],[-71.08392,45.30545],[-71.03104,44.65546],[-70.97272,43.57026],[-70.95084,43.55103],[-70.96353,43.53676],[-70.95476,43.5098],[-70.97424,43.47742],[-70.96143,43.4697],[-70.9669,43.45046],[-70.96115,43.43832],[-70.98681,43.41426],[-70.98765,43.38952],[-70.96723,43.34378],[-70.95303,43.33326],[-70.93273,43.33676],[-70.90231,43.30487],[-70.906,43.29168],[-70.85821,43.25629],[-70.8433,43.25432],[-70.83868,43.24293],[-70.81786,43.23791],[-70.80967,43.22456],[-70.81934,43.19304],[-70.8283,43.18668],[-70.8235,43.17459],[-70.8338,43.14689],[-70.8281,43.12909],[-70.7564,43.07999],[-70.706,43.07309],[-70.7038,43.05957],[-70.71363,43.05601],[-70.71894,43.03235],[-70.794,42.93989],[-70.79815,42.92093],[-70.81007,42.90955],[-70.8173,42.87229],[-70.84862,42.86094],[-70.88614,42.88261],[-70.9149,42.88659],[-70.9665,42.86899],[-71.0312,42.85909],[-71.0475,42.84409],[-71.0642,42.80629],[-71.1325,42.82139],[-71.1656,42.80869],[-71.1861,42.79069],[-71.1818,42.73759],[-71.2239,42.74669],[-71.2455,42.74259],[-71.29421,42.69699],[-72.45852,42.72685],[-72.49112,42.77246],[-72.51608,42.76595],[-72.50886,42.77992],[-72.54278,42.80848],[-72.55627,42.85529]]]}},{"type":"Feature","properties":{"STATEFP":"41","GEOID":"41"},"geometry":{"type":"Polygon","coordinates":[[[-124.55244,42.84057],[-124.50014,42.9175],[-124.45692,43.00032],[-124.4362,43.07131],[-124.43445,43.11599],[-124.40173,43.1849],[-124.38246,43.27017],[-124.40281,43.30587],[-124.37304,43.33895],[-124.34159,43.35134],[-124.31501,43.38839],[-124.23353,43.55713],[-124.16839,43.8089],[-124.1427,43.95818],[-124.11105,44.23507],[-124.1152,44.28649],[-124.0844,44.41561],[-124.0836,44.50112],[-124.05828,44.65887],[-124.07039,44.68351],[-124.05908,44.73766],[-124.07547,44.7714],[-124.07407,44.79811],[-124.06675,44.83119],[-124.04881,44.85001],[-124.02514,44.92818],[-124.00439,45.0462],[-124.01799,45.04981],[-124.01585,45.06476],[-124.00606,45.08474],[-123.98953,45.09405],[-123.97543,45.14548],[-123.96417,45.31703],[-123.9729,45.33689],[-124.00776,45.33681],[-123.9734,45.35479],[-123.96573,45.38624],[-123.96056,45.43078],[-123.97654,45.48973],[-123.96634,45.49342],[-123.95757,45.5104],[-123.94756,45.56488],[-123.95671,45.5713],[-123.939,45.66192],[-123.94312,45.72703],[-123.96856,45.75702],[-123.98258,45.76181],[-123.96946,45.78237],[-123.96274,45.86997],[-123.96763,45.90781],[-123.9937,45.94643],[-123.96999,45.96914],[-123.93747,45.97731],[-123.92789,46.00956],[-123.92933,46.04198],[-123.95919,46.14167],[-124.01034,46.22351],[-124.0243,46.22926],[-124.01135,46.23622],[-123.99805,46.23533],[-123.97294,46.21268],[-123.92704,46.19162],[-123.9042,46.16929],[-123.8548,46.15734],[-123.84285,46.16053],[-123.84152,46.16982],[-123.86421,46.18953],[-123.7832,46.19854],[-123.75759,46.213],[-123.71815,46.18899],[-123.69343,46.18981],[-123.67418,46.1982],[-123.67383,46.21542],[-123.61951,46.21531],[-123.54819,46.24824],[-123.54766,46.25911],[-123.50124,46.271],[-123.47484,46.26783],[-123.44759,46.24983],[-123.42763,46.22935],[-123.43085,46.18183],[-123.37143,46.14637],[-123.28017,46.14484],[-123.16641,46.18897],[-123.1159,46.18527],[-123.00423,46.13382],[-122.96268,46.10482],[-122.90412,46.08373],[-122.88448,46.06028],[-122.87809,46.03128],[-122.814,45.96098],[-122.80619,45.93242],[-122.81151,45.91273],[-122.78503,45.8677],[-122.7956,45.81],[-122.76953,45.78058],[-122.76145,45.75916],[-122.76011,45.73441],[-122.77451,45.68044],[-122.76381,45.65714],[-122.64391,45.60974],[-122.54815,45.59677],[-122.43867,45.56359],[-122.3803,45.57594],[-122.3528,45.56944],[-122.3315,45.54824],[-122.2949,45.54354],[-122.24899,45.54774],[-122.1837,45.5777],[-122.10168,45.58352],[-122.04437,45.60952],[-121.98304,45.62281],[-121.95573,45.64356],[-121.90827,45.6544],[-121.90185,45.67072],[-121.86717,45.69328],[-121.8113,45.70676],[-121.70736,45.69481],[-121.53311,45.72654],[-121.42359,45.69399],[-121.33777,45.70495],[-121.21578,45.67124],[-121.20037,45.64983],[-121.19656,45.61669],[-121.18384,45.60644],[-121.16785,45.6061],[-121.13195,45.60976],[-121.08493,45.64789],[-121.06437,45.65255],[-120.98348,45.64834],[-120.94398,45.65644],[-120.91348,45.64005],[-120.89557,45.64294],[-120.85567,45.67155],[-120.68937,45.71585],[-120.63497,45.74585],[-120.59117,45.74655],[-120.55947,45.73835],[-120.50586,45.70005],[-120.48236,45.69445],[-120.40396,45.69925],[-120.28216,45.72125],[-120.21075,45.72595],[-120.17045,45.76195],[-120.07015,45.78515],[-119.96574,45.82437],[-119.80266,45.84753],[-119.66988,45.85687],[-119.60055,45.91958],[-119.57158,45.92546],[-119.52463,45.90861],[-119.48783,45.90631],[-119.45026,45.91735],[-119.3644,45.9216],[-119.25715,45.93993],[-119.19553,45.92787],[-119.12612,45.93286],[-119.02706,45.96913],[-118.98713,45.99985],[-118.94124,46.00057],[-116.91599,45.99541],[-116.89293,45.9744],[-116.8598,45.90726],[-116.79605,45.85847],[-116.78268,45.82538],[-116.75979,45.81617],[-116.71182,45.82627],[-116.69719,45.82014],[-116.66534,45.782],[-116.593,45.77854],[-116.54664,45.75097],[-116.5357,45.73423],[-116.5354,45.69173],[-116.48789,45.64977],[-116.4635,45.61579],[-116.46363,45.60278],[-116.48194,45.5779],[-116.52364,45.54661],[-116.54868,45.51038],[-116.5588,45.48119],[-116.55483,45.46293],[-116.58819,45.44292],[-116.59745,45.41277],[-116.61906,45.39821],[-116.67379,45.32151],[-116.67449,45.27635],[-116.69139,45.26374],[-116.70361,45.23976],[-116.72961,45.14209],[-116.75464,45.11397],[-116.77485,45.10554],[-116.79733,45.06027],[-116.84794,45.0226],[-116.84462,45.00144],[-116.85831,44.97876],[-116.83199,44.93301],[-116.85243,44.88758],[-116.9311,44.80478],[-116.9347,44.78388],[-116.9709,44.77388],[-116.9989,44.75638],[-117.03827,44.74818],[-117.06227,44.72714],[-117.0618,44.70665],[-117.09587,44.66474],[-117.09822,44.64069],[-117.12052,44.61466],[-117.12475,44.58383],[-117.14826,44.56437],[-117.14293,44.55724],[-117.14924,44.53615],[-117.16103,44.52517],[-117.18158,44.52296],[-117.20024,44.49203],[-117.22508,44.48235],[-117.21507,44.42716],[-117.22698,44.40558],[-117.24268,44.39655],[-117.23512,44.37385],[-117.18977,44.33658],[-117.22265,44.29758],[-117.19815,44.27383],[-117.17034,44.25889],[-117.14339,44.25826],[-117.12104,44.27759],[-117.10421,44.27994],[-117.0895,44.25823],[-117.05303,44.22908],[-117.03186,44.24864],[-116.9759,44.24284],[-116.97168,44.19726],[-116.92539,44.19154],[-116.9001,44.17685],[-116.89408,44.16019],[-116.9337,44.10004],[-116.97735,44.08536],[-116.97319,44.04942],[-116.94336,44.03565],[-116.93473,44.02381],[-116.94316,44.00154],[-116.93638,43.99157],[-116.93819,43.98459],[-116.97586,43.97391],[-116.95921,43.96636],[-116.969,43.93921],[-116.9601,43.92123],[-116.97958,43.91525],[-116.98294,43.86771],[-117.02107,43.85896],[-117.009,43.84232],[-117.02516,43.84133],[-117.03288,43.83002],[-117.02188,43.81816],[-117.0262,41.99989],[-118.69641,41.99179],[-119.79009,41.99754],[-121.0352,41.99332],[-122.37819,42.00952],[-122.89396,42.00261],[-123.14596,42.00925],[-123.657,41.99514],[-124.21161,41.99846],[-124.27046,42.04555],[-124.29965,42.05174],[-124.35623,42.11495],[-124.35178,42.13497],[-124.36683,42.15845],[-124.36032,42.16227],[-124.36101,42.18075],[-124.37495,42.19313],[-124.38363,42.22716],[-124.41098,42.25055],[-124.40515,42.27811],[-124.41056,42.30743],[-124.42929,42.33175],[-124.42486,42.39543],[-124.4351,42.44016],[-124.42204,42.46123],[-124.42138,42.49174],[-124.39066,42.56659],[-124.40118,42.62719],[-124.41677,42.66159],[-124.45074,42.6758],[-124.44842,42.68991],[-124.47386,42.73267],[-124.49168,42.74179],[-124.51467,42.73681],[-124.52444,42.78979],[-124.55244,42.84057]]]}},{"type":"Feature","properties":{"STATEFP":"50","GEOID":"50"},"geometry":{"type":"Polygon","coordinates":[[[-73.43774,44.04501],[-73.41132,44.11269],[-73.41576,44.13283],[-73.40238,44.14586],[-73.39058,44.19089],[-73.36201,44.20855],[-73.34323,44.23805],[-73.3236,44.2439],[-73.31285,44.26535],[-73.33494,44.36444],[-73.31502,44.38851],[-73.29385,44.43756],[-73.30671,44.50033],[-73.33875,44.54805],[-73.37439,44.57545],[-73.38185,44.58932],[-73.37685,44.5996],[-73.39023,44.61835],[-73.36131,44.69452],[-73.36556,44.74179],[-73.33315,44.78876],[-73.33544,44.8046],[-73.38136,44.84502],[-73.35808,44.90132],[-73.33898,44.91768],[-73.33824,44.96475],[-73.35463,44.98735],[-73.34312,45.01084],[-72.84563,45.01666],[-72.31007,45.00382],[-71.46504,45.01364],[-71.47961,45.0029],[-71.51461,45.00396],[-71.53698,44.99418],[-71.53778,44.9843],[-71.51622,44.96457],[-71.51519,44.92732],[-71.4944,44.91184],[-71.49584,44.90498],[-71.54953,44.86259],[-71.5568,44.84881],[-71.55222,44.83778],[-71.5755,44.81606],[-71.56922,44.80881],[-71.57325,44.79188],[-71.63188,44.75246],[-71.62492,44.72903],[-71.59975,44.70532],[-71.5963,44.67908],[-71.58198,44.67353],[-71.58658,44.65948],[-71.55857,44.64437],[-71.56264,44.63727],[-71.55172,44.6276],[-71.55345,44.59345],[-71.53625,44.58844],[-71.5532,44.58068],[-71.55985,44.56412],[-71.59614,44.5609],[-71.5968,44.55342],[-71.57308,44.53798],[-71.5825,44.5244],[-71.59426,44.52168],[-71.57764,44.50269],[-71.5915,44.49965],[-71.59948,44.48645],[-71.6328,44.48389],[-71.64589,44.47514],[-71.6404,44.46419],[-71.65335,44.4605],[-71.66183,44.44029],[-71.67926,44.43502],[-71.69943,44.41607],[-71.73592,44.41006],[-71.7431,44.40166],[-71.76197,44.40703],[-71.79392,44.39927],[-71.80349,44.39189],[-71.80032,44.38428],[-71.81439,44.38193],[-71.81435,44.35454],[-71.87247,44.33663],[-71.90691,44.34828],[-71.93539,44.33577],[-71.98112,44.3375],[-72.00998,44.32195],[-72.03314,44.32037],[-72.03347,44.30188],[-72.05888,44.28624],[-72.06777,44.27098],[-72.04789,44.23849],[-72.06617,44.18977],[-72.04017,44.15702],[-72.04198,44.13717],[-72.0337,44.13154],[-72.05234,44.11989],[-72.05483,44.11014],[-72.03298,44.10166],[-72.03188,44.09336],[-72.04768,44.08887],[-72.0425,44.07464],[-72.07899,44.04289],[-72.07565,44.03165],[-72.09406,44.02318],[-72.10529,44.01266],[-72.10376,44.00284],[-72.11698,43.99448],[-72.11473,43.96833],[-72.09869,43.95766],[-72.1187,43.94536],[-72.121,43.91896],[-72.1706,43.88639],[-72.16748,43.86915],[-72.18479,43.86339],[-72.18333,43.80818],[-72.2053,43.78447],[-72.20476,43.77126],[-72.23271,43.74829],[-72.27118,43.73414],[-72.29972,43.70656],[-72.31408,43.64281],[-72.32913,43.63556],[-72.3344,43.61925],[-72.32851,43.60081],[-72.37944,43.57407],[-72.38038,43.54088],[-72.39856,43.51344],[-72.38089,43.49339],[-72.38172,43.48009],[-72.3925,43.46736],[-72.40381,43.39193],[-72.41598,43.37653],[-72.41338,43.36274],[-72.3901,43.35693],[-72.41035,43.33167],[-72.39546,43.31299],[-72.41545,43.27137],[-72.43869,43.2529],[-72.43772,43.20275],[-72.45028,43.19248],[-72.4434,43.17973],[-72.45256,43.17212],[-72.45714,43.14849],[-72.43297,43.11966],[-72.44305,43.10084],[-72.43619,43.08173],[-72.46736,43.05265],[-72.4624,43.02556],[-72.44376,43.00624],[-72.46294,42.99694],[-72.46163,42.98291],[-72.47383,42.97205],[-72.53219,42.95495],[-72.52443,42.91557],[-72.53278,42.89608],[-72.55283,42.88497],[-72.55621,42.86695],[-72.54278,42.80848],[-72.50886,42.77992],[-72.51608,42.76595],[-72.49112,42.77246],[-72.45852,42.72685],[-73.27642,42.74602],[-73.29094,42.80192],[-73.28375,42.81386],[-73.28539,42.83409],[-73.27867,42.83341],[-73.2477,43.52317],[-73.24159,43.53497],[-73.25863,43.56495],[-73.29462,43.57897],[-73.29223,43.60255],[-73.30623,43.62802],[-73.37189,43.62449],[-73.38337,43.57677],[-73.39577,43.56809],[-73.43095,43.58704],[-73.41767,43.62169],[-73.42646,43.6426],[-73.41551,43.65245],[-73.40474,43.69021],[-73.37061,43.72533],[-73.36973,43.74427],[-73.35059,43.77194],[-73.39249,43.82078],[-73.37225,43.84534],[-73.38205,43.85501],[-73.37405,43.87556],[-73.40859,43.93293],[-73.40774,44.02131],[-73.43774,44.04501]]]}},{"type":"Feature","properties":{"STATEFP":"15","GEOID":"15"},"geometry":{"type":"MultiPolygon","coordinates":[[[[-156.05437,19.73881],[-156.04877,19.77161],[-156.0374,19.78707],[-155.97365,19.84744],[-155.92271,19.85577],[-155.92399,19.86775],[-155.88937,19.91364],[-155.88924,19.92802],[-155.853,19.96573],[-155.8313,19.97607],[-155.82301,20.02651],[-155.88188,20.10605],[-155.90363,20.19746],[-155.88788,20.25229],[-155.85051,20.2686],[-155.77038,20.24451],[-155.73348,20.21846],[-155.73117,20.20432],[-155.65219,20.16424],[-155.6344,20.14339],[-155.60534,20.13379],[-155.59563,20.121],[-155.55634,20.1285],[-155.45651,20.09754],[-155.276,20.01655],[-155.20494,19.96935],[-155.14143,19.91723],[-155.08508,19.85124],[-155.09315,19.81075],[-155.08796,19.80037],[-155.09238,19.73659],[-155.08622,19.72575],[-155.04089,19.73744],[-155.00221,19.73523],[-154.97956,19.68548],[-154.98378,19.64165],[-154.97455,19.63075],[-154.94938,19.62387],[-154.94619,19.60248],[-154.92031,19.58147],[-154.88198,19.55564],[-154.81442,19.53009],[-154.80804,19.51547],[-154.8227,19.47936],[-154.84459,19.45534],[-154.8934,19.41422],[-154.92791,19.39578],[-154.96952,19.35561],[-155.00664,19.33467],[-155.15684,19.26727],[-155.19138,19.25954],[-155.25805,19.27037],[-155.29634,19.26347],[-155.33847,19.23226],[-155.3594,19.20598],[-155.4152,19.18443],[-155.448,19.15326],[-155.5009,19.13722],[-155.55634,19.07985],[-155.55556,19.04413],[-155.57902,19.02121],[-155.60187,18.97157],[-155.61943,18.96943],[-155.63908,18.93783],[-155.67969,18.91314],[-155.6833,18.93089],[-155.72303,18.96741],[-155.75972,18.97911],[-155.79866,19.01074],[-155.8492,19.02073],[-155.87846,19.03512],[-155.90741,19.08426],[-155.91717,19.13431],[-155.88398,19.33299],[-155.89554,19.37816],[-155.91079,19.3973],[-155.90589,19.41327],[-155.92009,19.4304],[-155.92119,19.4787],[-155.9502,19.48649],[-155.96023,19.51829],[-155.95936,19.5499],[-155.97821,19.60816],[-155.99483,19.64015],[-156.02574,19.64757],[-156.03236,19.65724],[-156.02663,19.67632],[-156.06109,19.72777],[-156.05437,19.73881]]],[[[-156.69979,20.52939],[-156.67448,20.55507],[-156.64812,20.56197],[-156.57597,20.60345],[-156.5527,20.59161],[-156.54213,20.577],[-156.55683,20.53639],[-156.53651,20.53351],[-156.53466,20.52534],[-156.5458,20.51515],[-156.58544,20.50821],[-156.6018,20.52047],[-156.63823,20.5088],[-156.65048,20.51272],[-156.66377,20.50313],[-156.68049,20.50643],[-156.69979,20.52939]]],[[[-156.69989,20.92063],[-156.69411,20.95271],[-156.66551,21.00705],[-156.64597,21.01442],[-156.64281,21.02758],[-156.61201,21.02477],[-156.60624,21.03437],[-156.54629,21.00508],[-156.52825,20.96776],[-156.4748,20.89455],[-156.38604,20.91956],[-156.32458,20.95018],[-156.3072,20.94274],[-156.28633,20.9477],[-156.27512,20.93736],[-156.24256,20.93784],[-156.23016,20.93194],[-156.23009,20.91786],[-156.21795,20.91657],[-156.21634,20.90704],[-156.16675,20.86565],[-156.13267,20.86137],[-156.11574,20.8273],[-156.09029,20.83187],[-156.05979,20.81054],[-156.00353,20.79555],[-155.98459,20.7675],[-155.98722,20.72272],[-156.00187,20.69806],[-156.01415,20.68568],[-156.0307,20.68245],[-156.05338,20.65432],[-156.08147,20.65439],[-156.1299,20.62752],[-156.21026,20.62852],[-156.30269,20.5862],[-156.35172,20.58697],[-156.37763,20.57843],[-156.41531,20.5861],[-156.4178,20.59868],[-156.43187,20.59814],[-156.44424,20.60794],[-156.44866,20.70474],[-156.46404,20.78167],[-156.50169,20.79993],[-156.53775,20.77841],[-156.63179,20.82124],[-156.67863,20.87054],[-156.68897,20.88867],[-156.68813,20.90632],[-156.69989,20.92063]]],[[[-157.06251,20.90439],[-157.03579,20.92708],[-156.98981,20.93213],[-156.89717,20.9154],[-156.82524,20.85073],[-156.80958,20.82604],[-156.80946,20.80917],[-156.84641,20.7602],[-156.90908,20.73953],[-156.96789,20.73508],[-156.98475,20.75668],[-156.994,20.78667],[-156.99183,20.8266],[-157.01091,20.85448],[-157.05455,20.87722],[-157.06251,20.90439]]],[[[-157.31075,21.10163],[-157.28843,21.14683],[-157.2497,21.1844],[-157.25026,21.20774],[-157.26316,21.22087],[-157.25708,21.22727],[-157.20212,21.2193],[-157.18555,21.2056],[-156.99911,21.18222],[-156.98777,21.18935],[-156.98403,21.2122],[-156.974,21.2185],[-156.96285,21.21213],[-156.94616,21.17596],[-156.90347,21.16421],[-156.89654,21.17221],[-156.86794,21.16452],[-156.77149,21.18005],[-156.74223,21.17621],[-156.73665,21.16188],[-156.70911,21.15865],[-156.71243,21.14402],[-156.73934,21.11134],[-156.8022,21.06709],[-156.87714,21.0493],[-157.08066,21.10198],[-157.25253,21.08767],[-157.29884,21.09337],[-157.31075,21.10163]]],[[[-158.27768,21.57879],[-158.12561,21.58674],[-158.10672,21.59658],[-158.10818,21.60749],[-158.07989,21.6281],[-158.0639,21.6584],[-158.01813,21.69995],[-157.96863,21.7127],[-157.92459,21.65118],[-157.9238,21.6293],[-157.87735,21.57528],[-157.8786,21.56018],[-157.85614,21.56066],[-157.83694,21.52995],[-157.83737,21.51208],[-157.84958,21.5096],[-157.85262,21.49997],[-157.84099,21.45948],[-157.8163,21.4502],[-157.8059,21.4301],[-157.77804,21.41182],[-157.76309,21.43781],[-157.77892,21.4464],[-157.77221,21.45774],[-157.745,21.45353],[-157.72251,21.45922],[-157.74076,21.42405],[-157.7386,21.4043],[-157.72254,21.40304],[-157.7089,21.3833],[-157.7088,21.3534],[-157.6938,21.3329],[-157.6518,21.3139],[-157.65103,21.29882],[-157.7001,21.264],[-157.7139,21.2638],[-157.7114,21.272],[-157.73217,21.28201],[-157.765,21.2789],[-157.77994,21.26525],[-157.8096,21.2577],[-157.8211,21.2606],[-157.8319,21.2795],[-157.89,21.3065],[-157.95226,21.30653],[-157.95188,21.31874],[-157.96797,21.32799],[-157.98153,21.3159],[-158.0883,21.2988],[-158.1127,21.3019],[-158.1403,21.3738],[-158.1792,21.4043],[-158.19235,21.44804],[-158.233,21.4876],[-158.23431,21.54006],[-158.27768,21.57879]]],[[[-159.78756,22.02982],[-159.78375,22.0649],[-159.74525,22.09751],[-159.73054,22.13995],[-159.71939,22.15161],[-159.65271,22.17594],[-159.58106,22.22349],[-159.55359,22.22552],[-159.54141,22.21464],[-159.51941,22.2142],[-159.50712,22.20159],[-159.48794,22.22951],[-159.42905,22.21823],[-159.39921,22.22964],[-159.38483,22.21729],[-159.35146,22.21459],[-159.33157,22.20002],[-159.31329,22.18258],[-159.30589,22.14877],[-159.29401,22.14037],[-159.29606,22.10682],[-159.31828,22.06142],[-159.33271,22.05071],[-159.33859,22.02344],[-159.33037,21.99106],[-159.33547,21.95803],[-159.34841,21.95425],[-159.3482,21.93693],[-159.38323,21.9195],[-159.3895,21.90525],[-159.44487,21.86863],[-159.47281,21.88081],[-159.51221,21.88809],[-159.52692,21.88389],[-159.58811,21.89976],[-159.60446,21.89257],[-159.63623,21.91624],[-159.66978,21.95554],[-159.7548,21.97777],[-159.78466,22.01421],[-159.78756,22.02982]]],[[[-160.24495,21.84098],[-160.22856,21.88267],[-160.18557,21.92113],[-160.12198,21.95376],[-160.10969,21.99172],[-160.08975,21.99988],[-160.055,21.99275],[-160.05041,21.98197],[-160.07557,21.95268],[-160.08303,21.92422],[-160.07683,21.89977],[-160.09419,21.88603],[-160.15971,21.8639],[-160.20252,21.78273],[-160.23258,21.79068],[-160.24495,21.84098]]]]}},{"type":"Feature","properties":{"STATEFP":"35","GEOID":"35"},"geometry":{"type":"Polygon","coordinates":[[[-109.05017,31.48],[-109.04522,36.99908],[-105.02923,36.99273],[-103.0022,37.0001],[-103.00243,36.5004],[-103.04192,36.50044],[-103.04353,34.01801],[-103.06463,32.9999],[-103.06442,32.00052],[-106.61849,32.0005],[-106.63953,31.98035],[-106.61937,31.96478],[-106.61437,31.95275],[-106.62397,31.931],[-106.61206,31.91866],[-106.64548,31.89867],[-106.6292,31.88372],[-106.63593,31.86623],[-106.61464,31.84649],[-106.60205,31.8444],[-106.60273,31.82502],[-106.57724,31.81041],[-106.54714,31.8073],[-106.52824,31.78315],[-108.20839,31.7836],[-108.20857,31.33339],[-109.05004,31.3325],[-109.05017,31.48]]]}},{"type":"Feature","properties":{"STATEFP":"22","GEOID":"22"},"geometry":{"type":"MultiPolygon","coordinates":[[[[-88.88145,30.0532],[-88.85558,30.03441],[-88.84122,30.01279],[-88.81702,29.93425],[-88.82654,29.84709],[-88.86295,29.75705],[-88.87509,29.75982],[-88.87373,29.77543],[-88.84686,29.83664],[-88.8351,29.92256],[-88.85442,30.01204],[-88.88145,30.0532]]],[[[-89.34216,30.05917],[-89.31643,30.06921],[-89.30303,30.09157],[-89.19048,30.16176],[-89.18326,30.14934],[-89.22709,30.09513],[-89.2208,30.07145],[-89.1858,30.06393],[-89.1734,30.04336],[-89.18396,30.03277],[-89.20297,30.03462],[-89.21234,30.01958],[-89.20158,30.00143],[-89.21568,29.99352],[-89.2295,30.00043],[-89.22722,30.02124],[-89.23929,30.0408],[-89.25978,30.04943],[-89.27618,30.03174],[-89.33699,30.03999],[-89.34216,30.05917]]],[[[-89.44209,30.14437],[-89.4245,30.15346],[-89.41769,30.14368],[-89.42903,30.12856],[-89.439,30.12753],[-89.45302,30.13907],[-89.44209,30.14437]]],[[[-89.62677,29.53521],[-89.57519,29.54989],[-89.56462,29.54379],[-89.59967,29.50759],[-89.62677,29.53521]]],[[[-90.37617,29.10867],[-90.35145,29.13109],[-90.34301,29.12849],[-90.30392,29.07538],[-90.33494,29.0638],[-90.36169,29.10308],[-90.37617,29.10867]]],[[[-90.55823,29.09407],[-90.52377,29.09096],[-90.41919,29.06499],[-90.44273,29.05605],[-90.48812,29.05876],[-90.53684,29.07434],[-90.55823,29.09407]]],[[[-90.75075,29.05564],[-90.66162,29.07226],[-90.65212,29.05772],[-90.74838,29.04006],[-90.76501,29.04526],[-90.75075,29.05564]]],[[[-92.01783,29.59096],[-91.98265,29.61421],[-91.9399,29.61029],[-91.92786,29.6325],[-91.90053,29.63446],[-91.84824,29.62712],[-91.80663,29.6002],[-91.80273,29.58869],[-91.78466,29.59406],[-91.76517,29.57505],[-91.73332,29.58083],[-91.73154,29.56254],[-91.71108,29.56933],[-91.71324,29.55551],[-91.76541,29.5248],[-91.7742,29.50495],[-91.76826,29.49036],[-91.7862,29.48311],[-91.80356,29.48788],[-91.82158,29.47393],[-91.84646,29.47931],[-91.85727,29.50008],[-91.88399,29.5017],[-92.01514,29.56133],[-92.03019,29.57267],[-92.01783,29.59096]]],[[[-94.04315,32.69303],[-94.04296,33.01922],[-91.16609,33.00429],[-91.17331,32.98609],[-91.20184,32.96121],[-91.19942,32.95231],[-91.21403,32.93032],[-91.19978,32.90851],[-91.17024,32.89939],[-91.15169,32.90194],[-91.13404,32.91768],[-91.13552,32.97966],[-91.09693,32.98641],[-91.08035,32.96279],[-91.08191,32.94477],[-91.0648,32.92646],[-91.06445,32.90106],[-91.10563,32.8584],[-91.12789,32.85506],[-91.145,32.84287],[-91.16167,32.81247],[-91.1644,32.78582],[-91.15692,32.78034],[-91.16533,32.7513],[-91.15446,32.74234],[-91.07718,32.73253],[-91.05475,32.71923],[-91.06395,32.70293],[-91.11826,32.67408],[-91.14975,32.64404],[-91.15132,32.61592],[-91.14115,32.59721],[-91.11985,32.58479],[-91.0498,32.60719],[-91.03842,32.63644],[-91.02577,32.64657],[-91.01429,32.64048],[-91.00296,32.62255],[-91.01023,32.60193],[-91.07651,32.55883],[-91.057,32.53829],[-90.99487,32.50861],[-90.9872,32.49566],[-91.00421,32.48214],[-91.03811,32.49044],[-91.09788,32.54475],[-91.11671,32.50014],[-91.11601,32.48314],[-91.09531,32.45874],[-91.05291,32.43844],[-91.02961,32.43354],[-90.99386,32.45085],[-90.96959,32.43949],[-90.96626,32.42103],[-90.99408,32.40386],[-91.00451,32.36814],[-90.99362,32.35405],[-90.91236,32.33945],[-90.88895,32.37325],[-90.87563,32.37243],[-90.8761,32.35775],[-90.89365,32.32809],[-90.93399,32.29034],[-90.95135,32.2832],[-90.96415,32.29687],[-90.97947,32.2937],[-90.98298,32.27029],[-90.9694,32.25252],[-90.98029,32.2436],[-90.99139,32.19944],[-91.00354,32.20077],[-91.00291,32.22305],[-91.03901,32.24235],[-91.05031,32.23795],[-91.06141,32.21865],[-91.08371,32.22645],[-91.10851,32.20815],[-91.13359,32.21343],[-91.16417,32.19689],[-91.17455,32.15498],[-91.16282,32.13269],[-91.11129,32.12504],[-91.08163,32.13399],[-91.05317,32.12424],[-91.04851,32.15015],[-91.05765,32.17735],[-91.00619,32.15696],[-91.00641,32.13995],[-91.03091,32.12055],[-91.03471,32.10105],[-91.08151,32.07775],[-91.08021,32.04836],[-91.10371,32.05025],[-91.13931,32.08175],[-91.16161,32.06775],[-91.15141,32.04926],[-91.08811,32.03446],[-91.07591,32.01683],[-91.10411,31.99036],[-91.16441,31.98256],[-91.18481,31.96556],[-91.19321,31.93566],[-91.18471,31.93506],[-91.18061,31.91796],[-91.20281,31.90796],[-91.2349,31.87686],[-91.26771,31.86266],[-91.26811,31.85306],[-91.24505,31.83145],[-91.25561,31.81266],[-91.28221,31.81476],[-91.29341,31.86016],[-91.34301,31.84686],[-91.36468,31.77034],[-91.27387,31.77118],[-91.25961,31.76129],[-91.27554,31.74552],[-91.35514,31.74158],[-91.38092,31.73246],[-91.40001,31.69786],[-91.40102,31.62036],[-91.43672,31.61266],[-91.47432,31.62536],[-91.49766,31.64537],[-91.51546,31.63037],[-91.51657,31.61182],[-91.48862,31.58747],[-91.42272,31.59707],[-91.40391,31.58977],[-91.40542,31.57647],[-91.44392,31.54247],[-91.47972,31.53037],[-91.51396,31.53208],[-91.52254,31.52208],[-91.51492,31.51011],[-91.51337,31.4444],[-91.50005,31.42052],[-91.47207,31.39592],[-91.4711,31.37692],[-91.47887,31.36495],[-91.50416,31.36495],[-91.52184,31.37517],[-91.54163,31.43171],[-91.56518,31.42345],[-91.57627,31.4105],[-91.56895,31.37763],[-91.55568,31.38641],[-91.54621,31.38248],[-91.54897,31.34726],[-91.50866,31.31513],[-91.51561,31.27821],[-91.56419,31.26163],[-91.63767,31.26768],[-91.65403,31.25575],[-91.64436,31.23441],[-91.60162,31.20857],[-91.58894,31.18896],[-91.59706,31.16349],[-91.62422,31.13373],[-91.62599,31.1169],[-91.56765,31.07019],[-91.55991,31.05412],[-91.57841,31.02403],[-91.63694,30.99942],[-89.72962,31.00393],[-89.73554,30.99971],[-89.7277,30.99333],[-89.7305,30.97971],[-89.73715,30.97608],[-89.72707,30.96739],[-89.75633,30.9435],[-89.74479,30.91893],[-89.7642,30.91191],[-89.75872,30.89732],[-89.7731,30.89834],[-89.77003,30.88225],[-89.77919,30.87518],[-89.76796,30.86386],[-89.77259,30.85366],[-89.78407,30.85527],[-89.78023,30.84624],[-89.79012,30.83798],[-89.78117,30.82012],[-89.79865,30.82086],[-89.81148,30.798],[-89.80511,30.7906],[-89.81916,30.79523],[-89.83154,30.76761],[-89.82605,30.74232],[-89.81607,30.73937],[-89.83687,30.73466],[-89.82806,30.72502],[-89.84658,30.70621],[-89.83807,30.70404],[-89.83548,30.69117],[-89.85189,30.6612],[-89.83326,30.65752],[-89.82187,30.64402],[-89.82328,30.60823],[-89.81392,30.60772],[-89.81984,30.59534],[-89.80712,30.58734],[-89.80803,30.568],[-89.78969,30.56658],[-89.80389,30.56058],[-89.79453,30.55655],[-89.79533,30.54656],[-89.77957,30.54434],[-89.76813,30.51502],[-89.72461,30.4919],[-89.68341,30.45179],[-89.67851,30.41401],[-89.68369,30.40587],[-89.65719,30.35652],[-89.62973,30.33929],[-89.62622,30.31425],[-89.6404,30.30675],[-89.64344,30.28768],[-89.63141,30.27966],[-89.63179,30.25692],[-89.61416,30.2446],[-89.61586,30.2232],[-89.59665,30.2118],[-89.57445,30.1817],[-89.53865,30.1958],[-89.5245,30.18075],[-89.56283,30.16867],[-89.58706,30.15065],[-89.61754,30.15642],[-89.64099,30.13861],[-89.65699,30.11838],[-89.67816,30.10829],[-89.68371,30.07602],[-89.731,30.05758],[-89.71638,30.02622],[-89.73332,30.02205],[-89.76322,30.04211],[-89.78253,30.04537],[-89.81856,30.04333],[-89.85756,30.00444],[-89.85231,29.97765],[-89.8385,29.94582],[-89.81803,29.93415],[-89.77546,29.93742],[-89.72793,29.95878],[-89.71907,29.9537],[-89.71291,29.94635],[-89.74273,29.93589],[-89.74248,29.90817],[-89.71116,29.87929],[-89.66057,29.86291],[-89.63802,29.86407],[-89.59813,29.88141],[-89.575,29.95945],[-89.58136,29.99472],[-89.50159,30.03404],[-89.49406,30.04097],[-89.49927,30.05889],[-89.49348,30.07219],[-89.48193,30.07913],[-89.41846,30.04975],[-89.37238,30.05473],[-89.37238,30.03667],[-89.42281,30.0155],[-89.43278,30.00802],[-89.43341,29.99121],[-89.43278,29.97875],[-89.40538,29.96567],[-89.37923,29.9638],[-89.3786,29.91959],[-89.36802,29.91149],[-89.31545,29.92321],[-89.27331,29.99382],[-89.25053,30.00236],[-89.24371,29.99724],[-89.24997,29.9756],[-89.21807,29.97275],[-89.23118,29.92548],[-89.28014,29.92491],[-89.31831,29.89815],[-89.32229,29.88733],[-89.28925,29.8805],[-89.24143,29.88961],[-89.2363,29.87708],[-89.2699,29.86],[-89.38379,29.83893],[-89.37297,29.82526],[-89.34563,29.82014],[-89.34278,29.7985],[-89.33197,29.79052],[-89.31831,29.78881],[-89.2773,29.80761],[-89.28471,29.77002],[-89.27103,29.75635],[-89.3052,29.75693],[-89.33766,29.77914],[-89.36727,29.77515],[-89.38606,29.78881],[-89.39461,29.78483],[-89.39916,29.77059],[-89.42821,29.74155],[-89.43025,29.71261],[-89.39609,29.69572],[-89.38779,29.67999],[-89.40396,29.68181],[-89.42421,29.69764],[-89.43381,29.65637],[-89.46556,29.65174],[-89.4676,29.69902],[-89.48696,29.72592],[-89.52489,29.72657],[-89.51956,29.69222],[-89.53376,29.6702],[-89.51073,29.65747],[-89.48693,29.62045],[-89.5352,29.64857],[-89.58334,29.65283],[-89.61083,29.63856],[-89.64123,29.64796],[-89.66569,29.64315],[-89.60211,29.6103],[-89.60259,29.58219],[-89.63776,29.59665],[-89.64911,29.61302],[-89.67474,29.62663],[-89.68449,29.6248],[-89.68449,29.60287],[-89.67108,29.58824],[-89.65036,29.58694],[-89.6418,29.57557],[-89.68449,29.56326],[-89.68449,29.55107],[-89.68109,29.53449],[-89.65719,29.53231],[-89.6402,29.50356],[-89.60846,29.49044],[-89.56961,29.49404],[-89.5721,29.47522],[-89.52843,29.4547],[-89.53194,29.42568],[-89.50855,29.38617],[-89.48731,29.39335],[-89.47714,29.41124],[-89.4573,29.39315],[-89.38,29.39178],[-89.3403,29.38141],[-89.34762,29.365],[-89.33858,29.35544],[-89.31992,29.36268],[-89.31208,29.38804],[-89.2653,29.34535],[-89.24087,29.31008],[-89.22419,29.31379],[-89.2006,29.34767],[-89.17955,29.33961],[-89.16501,29.30304],[-89.14028,29.29108],[-89.13698,29.27524],[-89.1151,29.2529],[-89.11273,29.20229],[-89.09134,29.19109],[-89.06638,29.19752],[-89.05713,29.21053],[-89.02597,29.21515],[-89.00387,29.17988],[-89.01428,29.16691],[-89.03251,29.18073],[-89.05117,29.17048],[-89.08943,29.16639],[-89.11035,29.15269],[-89.09704,29.13878],[-89.03952,29.13546],[-89.06662,29.09071],[-89.08587,29.11169],[-89.0987,29.11771],[-89.10631,29.11148],[-89.11083,29.08116],[-89.14695,29.05166],[-89.14879,29.02967],[-89.13774,29.01888],[-89.14287,28.99162],[-89.21867,29.02251],[-89.21751,29.05568],[-89.22596,29.0694],[-89.25173,29.08317],[-89.25935,29.05836],[-89.29307,29.04132],[-89.40097,28.93381],[-89.41987,28.92971],[-89.39301,28.98707],[-89.36211,29.01212],[-89.34375,29.05291],[-89.31,29.07098],[-89.31285,29.08739],[-89.30263,29.09777],[-89.31238,29.1175],[-89.29574,29.1337],[-89.27863,29.13764],[-89.28226,29.18144],[-89.29503,29.19887],[-89.31856,29.20156],[-89.32854,29.19057],[-89.33187,29.14864],[-89.35058,29.1296],[-89.39051,29.12358],[-89.40937,29.12786],[-89.42897,29.14451],[-89.45583,29.19099],[-89.48284,29.21505],[-89.60665,29.25202],[-89.60829,29.2642],[-89.62398,29.26918],[-89.63966,29.29053],[-89.67178,29.28903],[-89.72616,29.30403],[-89.84264,29.31882],[-89.88346,29.3071],[-89.94767,29.27127],[-89.95315,29.25641],[-90.02203,29.21607],[-90.05851,29.18369],[-90.22359,29.08507],[-90.24592,29.0934],[-90.25004,29.10807],[-90.23333,29.11066],[-90.2344,29.12882],[-90.27777,29.14282],[-90.28526,29.178],[-90.26351,29.1806],[-90.25923,29.19958],[-90.27283,29.19903],[-90.30428,29.26616],[-90.34432,29.28928],[-90.3492,29.30451],[-90.37689,29.28865],[-90.37261,29.26481],[-90.40327,29.23381],[-90.394,29.29902],[-90.43227,29.34689],[-90.44736,29.34761],[-90.45817,29.3358],[-90.45164,29.32151],[-90.47909,29.29218],[-90.52725,29.30405],[-90.55431,29.28524],[-90.57963,29.31166],[-90.59757,29.30327],[-90.58973,29.25331],[-90.5618,29.23495],[-90.57487,29.22742],[-90.60528,29.23827],[-90.61244,29.23259],[-90.60613,29.22437],[-90.61183,29.21483],[-90.63251,29.21442],[-90.64677,29.16866],[-90.67589,29.17406],[-90.68504,29.16555],[-90.68135,29.156],[-90.69431,29.12507],[-90.71142,29.11635],[-90.72319,29.13597],[-90.73578,29.13462],[-90.74481,29.1176],[-90.76668,29.11355],[-90.7725,29.10316],[-90.78795,29.10763],[-90.79841,29.096],[-90.81255,29.04214],[-90.84059,29.04627],[-90.86785,29.05606],[-90.85153,29.07429],[-90.85997,29.09496],[-90.96128,29.18082],[-91.0001,29.16948],[-91.03179,29.18219],[-91.09401,29.18771],[-91.12914,29.21586],[-91.21903,29.22605],[-91.27879,29.24778],[-91.30268,29.26596],[-91.33488,29.29877],[-91.33275,29.30582],[-91.29182,29.31136],[-91.26545,29.36098],[-91.23699,29.37134],[-91.23824,29.35062],[-91.22219,29.32596],[-91.19581,29.30555],[-91.17169,29.32513],[-91.16206,29.31819],[-91.1724,29.26658],[-91.15445,29.25496],[-91.12166,29.25144],[-91.1194,29.26647],[-91.13211,29.28575],[-91.12023,29.30047],[-91.12368,29.31995],[-91.13306,29.34109],[-91.19284,29.37113],[-91.20009,29.38955],[-91.21783,29.39644],[-91.212,29.42093],[-91.21745,29.43255],[-91.25722,29.438],[-91.27609,29.40934],[-91.28742,29.40311],[-91.30187,29.41312],[-91.30992,29.40054],[-91.33405,29.39153],[-91.32962,29.42662],[-91.36397,29.42066],[-91.36426,29.43543],[-91.34751,29.44444],[-91.3531,29.45473],[-91.33307,29.46302],[-91.32042,29.47832],[-91.34045,29.48846],[-91.35761,29.51299],[-91.37936,29.51237],[-91.41729,29.48511],[-91.46096,29.46996],[-91.48559,29.49912],[-91.49614,29.53893],[-91.53102,29.53154],[-91.52552,29.5519],[-91.53745,29.56589],[-91.55354,29.63277],[-91.57059,29.63831],[-91.62511,29.62619],[-91.64894,29.63364],[-91.62729,29.66213],[-91.62151,29.73543],[-91.63283,29.74258],[-91.71094,29.73899],[-91.75226,29.74826],[-91.85399,29.70762],[-91.881,29.71334],[-91.85916,29.72777],[-91.85797,29.74407],[-91.87924,29.75656],[-91.85167,29.79183],[-91.84311,29.77925],[-91.8288,29.77793],[-91.82492,29.80854],[-91.83081,29.82927],[-91.85951,29.82607],[-91.88912,29.83602],[-91.91525,29.81937],[-91.93751,29.81677],[-91.97099,29.83432],[-91.98275,29.82539],[-91.97823,29.79994],[-92.06291,29.76916],[-92.11585,29.73953],[-92.13653,29.76734],[-92.17494,29.75947],[-92.17111,29.73978],[-92.19987,29.75322],[-92.20817,29.74418],[-92.20008,29.72571],[-92.16909,29.70021],[-92.10318,29.69313],[-92.13665,29.66748],[-92.10825,29.61367],[-92.03457,29.63154],[-92.01686,29.61584],[-92.04883,29.61449],[-92.06534,29.60385],[-92.04187,29.58677],[-92.15862,29.58162],[-92.28039,29.53343],[-92.32346,29.5315],[-92.6151,29.58556],[-92.74131,29.62214],[-92.94749,29.70878],[-93.03116,29.73633],[-93.22693,29.77752],[-93.29557,29.77507],[-93.34644,29.76264],[-93.47525,29.76924],[-93.68364,29.74715],[-93.76605,29.7295],[-93.83797,29.69062],[-93.87002,29.73548],[-93.89164,29.74462],[-93.89386,29.76729],[-93.9265,29.78956],[-93.92799,29.80964],[-93.83837,29.88285],[-93.78693,29.99058],[-93.74108,30.02157],[-93.73745,30.03728],[-93.7208,30.05304],[-93.6994,30.05925],[-93.73408,30.08613],[-93.70244,30.11272],[-93.70125,30.13738],[-93.68821,30.14138],[-93.72095,30.20985],[-93.70508,30.24275],[-93.70661,30.28119],[-93.76582,30.33332],[-93.75635,30.35617],[-93.75765,30.39042],[-93.70266,30.42995],[-93.6978,30.44058],[-93.71668,30.49401],[-93.71012,30.5064],[-93.71432,30.51856],[-93.74025,30.53957],[-93.7292,30.54484],[-93.72784,30.57407],[-93.71245,30.58848],[-93.68124,30.5961],[-93.6831,30.64076],[-93.65497,30.67018],[-93.6299,30.67994],[-93.60954,30.72314],[-93.61913,30.742],[-93.59283,30.76399],[-93.58427,30.79666],[-93.56167,30.80774],[-93.55363,30.83514],[-93.56779,30.8883],[-93.55194,30.91865],[-93.53094,30.92453],[-93.52625,30.93941],[-93.57191,30.98761],[-93.56602,31.00457],[-93.53953,31.0085],[-93.51641,31.02955],[-93.53207,31.05526],[-93.52604,31.07077],[-93.55103,31.09111],[-93.53962,31.12184],[-93.54489,31.14884],[-93.53331,31.18446],[-93.55265,31.18558],[-93.5885,31.16558],[-93.60031,31.17616],[-93.60432,31.22079],[-93.61601,31.23396],[-93.61394,31.25937],[-93.62034,31.27103],[-93.64252,31.26951],[-93.66893,31.29798],[-93.68688,31.30517],[-93.6637,31.36002],[-93.67164,31.39335],[-93.70488,31.41088],[-93.70093,31.43778],[-93.74948,31.46869],[-93.74987,31.47893],[-93.731,31.49212],[-93.72674,31.5116],[-93.73932,31.51505],[-93.74338,31.5252],[-93.78083,31.52538],[-93.79809,31.53404],[-93.83492,31.58621],[-93.83806,31.6068],[-93.82785,31.61655],[-93.81872,31.61456],[-93.81684,31.62251],[-93.82646,31.66692],[-93.80245,31.69319],[-93.83065,31.74581],[-93.8226,31.77356],[-93.83995,31.7986],[-93.87476,31.82166],[-93.87482,31.84061],[-93.90477,31.8906],[-93.92767,31.8915],[-93.938,31.90692],[-93.97171,31.92038],[-94.01866,31.99084],[-94.04183,31.9924],[-94.04315,32.69303]]]]}},{"type":"Feature","properties":{"STATEFP":"42","GEOID":"42"},"geometry":{"type":"Polygon","coordinates":[[[-80.51989,40.90666],[-80.51942,41.97752],[-80.32998,42.03617],[-80.18809,42.09426],[-80.15408,42.11476],[-80.13621,42.14994],[-80.11737,42.16634],[-80.07739,42.17126],[-80.07198,42.15536],[-80.07878,42.15146],[-80.06108,42.14486],[-79.93132,42.20674],[-79.76195,42.26986],[-79.76131,41.99881],[-75.35958,41.99945],[-75.34113,41.99277],[-75.3422,41.97287],[-75.31282,41.95018],[-75.29371,41.95459],[-75.27909,41.93892],[-75.26756,41.90705],[-75.27129,41.88736],[-75.25756,41.87711],[-75.26053,41.8638],[-75.24113,41.86712],[-75.22373,41.85746],[-75.204,41.86987],[-75.18525,41.85993],[-75.17056,41.87161],[-75.16154,41.84984],[-75.1156,41.84464],[-75.11333,41.82278],[-75.08948,41.81158],[-75.07217,41.81373],[-75.07689,41.79851],[-75.10146,41.78794],[-75.10464,41.7742],[-75.07594,41.77152],[-75.05343,41.75254],[-75.04986,41.71331],[-75.06883,41.70816],[-75.05274,41.68839],[-75.05933,41.67232],[-75.04992,41.66256],[-75.04422,41.61798],[-75.0601,41.61748],[-75.05973,41.6108],[-75.07461,41.60571],[-75.01852,41.5518],[-75.02476,41.5351],[-75.00385,41.52405],[-75.00315,41.5081],[-74.98437,41.50661],[-74.98334,41.48089],[-74.95826,41.4764],[-74.9418,41.48354],[-74.91252,41.47561],[-74.90689,41.46113],[-74.89036,41.45532],[-74.89391,41.43893],[-74.85858,41.44443],[-74.83067,41.4305],[-74.80758,41.44285],[-74.79042,41.42166],[-74.73846,41.43064],[-74.73855,41.40119],[-74.71598,41.39258],[-74.68952,41.36384],[-74.72092,41.34738],[-74.75324,41.34612],[-74.77159,41.32508],[-74.79504,41.32041],[-74.79256,41.31063],[-74.83006,41.2872],[-74.84693,41.25332],[-74.85715,41.24898],[-74.86741,41.22777],[-74.85963,41.21908],[-74.88214,41.18084],[-74.92317,41.13815],[-74.97987,41.11042],[-74.99172,41.09228],[-74.96943,41.09607],[-74.96839,41.0878],[-75.01113,41.06752],[-75.02578,41.03981],[-75.13057,40.99109],[-75.13378,40.97097],[-75.12044,40.9683],[-75.11776,40.95302],[-75.07928,40.91389],[-75.07596,40.89569],[-75.05131,40.8647],[-75.06601,40.84759],[-75.09578,40.84708],[-75.08393,40.82447],[-75.1085,40.79109],[-75.1344,40.77376],[-75.17159,40.77775],[-75.17904,40.7619],[-75.19653,40.75163],[-75.18208,40.73152],[-75.20392,40.6915],[-75.19692,40.6813],[-75.1768,40.67571],[-75.20045,40.64922],[-75.18858,40.62463],[-75.20181,40.61719],[-75.19229,40.60268],[-75.19235,40.57426],[-75.16861,40.56411],[-75.14191,40.57527],[-75.11729,40.57321],[-75.06861,40.54222],[-75.06194,40.48636],[-75.07057,40.45517],[-75.05885,40.41806],[-75.02832,40.40388],[-74.99638,40.41053],[-74.96551,40.39734],[-74.93971,40.33801],[-74.86821,40.29521],[-74.84231,40.25051],[-74.77136,40.2154],[-74.75431,40.18521],[-74.7223,40.16061],[-74.7243,40.14701],[-74.78211,40.12081],[-74.82231,40.12671],[-74.83511,40.10391],[-74.86091,40.08371],[-74.94441,40.06321],[-75.01112,40.02131],[-75.04702,40.00891],[-75.07202,39.98061],[-75.12692,39.96111],[-75.13612,39.93391],[-75.12792,39.91181],[-75.14542,39.88421],[-75.18932,39.88071],[-75.24343,39.8546],[-75.34176,39.84608],[-75.41506,39.80192],[-75.46331,39.82387],[-75.51841,39.83643],[-75.57982,39.83871],[-75.63471,39.83041],[-75.71706,39.79232],[-75.75323,39.75799],[-75.77379,39.7222],[-80.51934,39.7214],[-80.51989,40.90666]]]}},{"type":"Feature","properties":{"STATEFP":"46","GEOID":"46"},"geometry":{"type":"Polygon","coordinates":[[[-104.0577,44.99743],[-104.03914,44.99852],[-104.04544,45.94531],[-96.56367,45.93525],[-96.58308,45.82002],[-96.62778,45.78624],[-96.66259,45.73868],[-96.83577,45.64965],[-96.85775,45.60596],[-96.76528,45.52141],[-96.73274,45.45874],[-96.69254,45.41734],[-96.68045,45.4105],[-96.61773,45.40809],[-96.52179,45.37564],[-96.48906,45.35707],[-96.45307,45.29812],[-96.45326,43.50039],[-96.59893,43.50046],[-96.581,43.48138],[-96.60286,43.45091],[-96.59425,43.43415],[-96.57022,43.4286],[-96.57358,43.41923],[-96.53712,43.39506],[-96.52545,43.39632],[-96.52157,43.38564],[-96.52429,43.34721],[-96.53491,43.33647],[-96.52556,43.31247],[-96.53039,43.30003],[-96.55309,43.29286],[-96.58105,43.29712],[-96.57759,43.2788],[-96.58522,43.26888],[-96.55259,43.25777],[-96.55296,43.24728],[-96.57119,43.23896],[-96.56851,43.23155],[-96.56044,43.22422],[-96.53574,43.22764],[-96.51927,43.21769],[-96.4767,43.22201],[-96.47383,43.1898],[-96.4649,43.18203],[-96.46654,43.15028],[-96.45036,43.14224],[-96.43659,43.12084],[-96.46286,43.09142],[-96.45409,43.0842],[-96.46085,43.06403],[-96.51843,43.04207],[-96.50915,43.0373],[-96.51099,43.0247],[-96.49167,43.00971],[-96.52077,42.98038],[-96.50031,42.95939],[-96.54169,42.92258],[-96.52636,42.89185],[-96.54012,42.88968],[-96.53785,42.87848],[-96.55047,42.86374],[-96.54432,42.85128],[-96.55218,42.84186],[-96.5816,42.83752],[-96.57794,42.82764],[-96.59601,42.81504],[-96.59076,42.80826],[-96.59528,42.79298],[-96.63214,42.77086],[-96.62874,42.75753],[-96.6397,42.73707],[-96.6247,42.7255],[-96.63062,42.70588],[-96.5753,42.68267],[-96.54237,42.66074],[-96.53788,42.64645],[-96.51634,42.63043],[-96.50104,42.58925],[-96.4858,42.575],[-96.499,42.56083],[-96.47695,42.55608],[-96.47991,42.52419],[-96.49297,42.51728],[-96.44551,42.49063],[-96.47557,42.48004],[-96.50132,42.48275],[-96.52875,42.51327],[-96.54879,42.52055],[-96.59112,42.50541],[-96.61149,42.50609],[-96.62818,42.51696],[-96.64359,42.5576],[-96.68137,42.57449],[-96.7093,42.60375],[-96.70949,42.62193],[-96.68779,42.64599],[-96.69127,42.6562],[-96.72802,42.66688],[-96.79324,42.66602],[-96.80218,42.67224],[-96.80622,42.70415],[-96.9068,42.7338],[-96.96158,42.71984],[-96.96123,42.74062],[-96.97912,42.76009],[-97.06559,42.77219],[-97.13133,42.77193],[-97.15076,42.79557],[-97.21013,42.8093],[-97.21882,42.84585],[-97.23787,42.85314],[-97.28986,42.8555],[-97.30668,42.8676],[-97.35957,42.85482],[-97.37669,42.86519],[-97.40832,42.86833],[-97.44228,42.84622],[-97.50485,42.85848],[-97.56193,42.84755],[-97.61181,42.85837],[-97.68651,42.84244],[-97.77446,42.84977],[-97.8285,42.8688],[-97.84527,42.86773],[-97.87534,42.85872],[-97.88856,42.81725],[-97.93672,42.77575],[-98.03503,42.7642],[-98.05984,42.77277],[-98.14693,42.83982],[-98.18976,42.84163],[-98.25181,42.87282],[-98.32586,42.8865],[-98.34623,42.90275],[-98.42074,42.93192],[-98.44415,42.92924],[-98.46736,42.94756],[-98.49855,42.99856],[-104.05313,43.00059],[-104.0577,44.99743]]]}},{"type":"Feature","properties":{"STATEFP":"16","GEOID":"16"},"geometry":{"type":"Polygon","coordinates":[[[-117.24268,44.39655],[-117.22698,44.40558],[-117.21507,44.42716],[-117.22508,44.48235],[-117.20024,44.49203],[-117.18158,44.52296],[-117.16103,44.52517],[-117.14924,44.53615],[-117.14293,44.55724],[-117.14826,44.56437],[-117.12475,44.58383],[-117.12052,44.61466],[-117.09822,44.64069],[-117.09587,44.66474],[-117.0618,44.70665],[-117.06227,44.72714],[-117.03827,44.74818],[-116.9989,44.75638],[-116.9709,44.77388],[-116.9347,44.78388],[-116.9311,44.80478],[-116.85243,44.88758],[-116.83199,44.93301],[-116.85831,44.97876],[-116.84462,45.00144],[-116.84794,45.0226],[-116.79733,45.06027],[-116.77485,45.10554],[-116.75464,45.11397],[-116.72961,45.14209],[-116.70361,45.23976],[-116.69139,45.26374],[-116.67449,45.27635],[-116.67379,45.32151],[-116.61906,45.39821],[-116.59745,45.41277],[-116.58819,45.44292],[-116.55483,45.46293],[-116.55347,45.49911],[-116.52364,45.54661],[-116.48194,45.5779],[-116.46363,45.60278],[-116.4635,45.61579],[-116.48789,45.64977],[-116.5354,45.69173],[-116.5357,45.73423],[-116.54664,45.75097],[-116.593,45.77854],[-116.66534,45.782],[-116.69719,45.82014],[-116.71182,45.82627],[-116.75979,45.81617],[-116.78268,45.82538],[-116.79605,45.85847],[-116.8598,45.90726],[-116.89293,45.9744],[-116.91718,45.99657],[-116.94266,46.061],[-116.98196,46.08492],[-116.97882,46.09573],[-116.95526,46.10224],[-116.95028,46.12346],[-116.92187,46.16781],[-116.96584,46.20342],[-116.95526,46.23088],[-116.96674,46.25692],[-116.99113,46.27634],[-116.98669,46.29666],[-117.02066,46.31479],[-117.02384,46.33598],[-117.06263,46.35252],[-117.06279,46.36529],[-117.04691,46.37958],[-117.0347,46.41832],[-117.03981,46.42542],[-117.04266,47.76086],[-117.03235,48.99919],[-116.04909,49.00085],[-116.04911,47.97684],[-116.03039,47.97262],[-115.91597,47.85345],[-115.9014,47.8431],[-115.88141,47.84944],[-115.87104,47.83521],[-115.85176,47.82694],[-115.84738,47.785],[-115.83165,47.75556],[-115.79688,47.75646],[-115.78148,47.74391],[-115.78339,47.72908],[-115.77369,47.71771],[-115.75882,47.719],[-115.72277,47.69531],[-115.73616,47.65453],[-115.72986,47.64192],[-115.69444,47.62376],[-115.69284,47.59939],[-115.70504,47.58053],[-115.75514,47.55153],[-115.75238,47.54339],[-115.69592,47.52794],[-115.70988,47.52355],[-115.71079,47.51628],[-115.68543,47.4846],[-115.66729,47.48823],[-115.66002,47.47805],[-115.62949,47.47961],[-115.64901,47.45622],[-115.71809,47.4519],[-115.74756,47.44193],[-115.75922,47.42376],[-115.72107,47.42481],[-115.71308,47.41595],[-115.6573,47.40021],[-115.64241,47.37765],[-115.61714,47.38229],[-115.57699,47.3666],[-115.57643,47.35709],[-115.54891,47.34703],[-115.55047,47.33426],[-115.53978,47.32764],[-115.52875,47.30268],[-115.48038,47.28164],[-115.4687,47.28629],[-115.45293,47.27743],[-115.42063,47.27595],[-115.40734,47.26414],[-115.33915,47.26226],[-115.3193,47.2544],[-115.32443,47.24575],[-115.29878,47.2255],[-115.292,47.20963],[-115.30039,47.18791],[-115.26242,47.18169],[-115.24311,47.15073],[-115.20289,47.13976],[-115.17217,47.10715],[-115.14368,47.10104],[-115.12854,47.067],[-115.10436,47.04778],[-115.08804,47.04588],[-115.04786,46.96953],[-115.02839,46.97566],[-115.00127,46.9719],[-114.9606,46.93001],[-114.9244,46.91785],[-114.9367,46.89715],[-114.93294,46.87533],[-114.94826,46.86001],[-114.92996,46.8552],[-114.9268,46.83344],[-114.89957,46.8226],[-114.89059,46.80369],[-114.86478,46.81417],[-114.82961,46.78297],[-114.78899,46.77956],[-114.76535,46.75791],[-114.76707,46.7386],[-114.78746,46.71494],[-114.76601,46.69702],[-114.7501,46.69791],[-114.74056,46.71166],[-114.7161,46.71426],[-114.69576,46.7401],[-114.64665,46.73025],[-114.62212,46.70824],[-114.62354,46.69093],[-114.64144,46.67949],[-114.63578,46.65948],[-114.61461,46.65503],[-114.61066,46.63756],[-114.5803,46.6346],[-114.54403,46.64761],[-114.46447,46.63373],[-114.45313,46.64904],[-114.42432,46.66042],[-114.35948,46.66885],[-114.32445,46.65335],[-114.32241,46.61084],[-114.34228,46.58856],[-114.33123,46.57755],[-114.34708,46.55062],[-114.3491,46.52928],[-114.34196,46.51945],[-114.35242,46.50749],[-114.40329,46.49818],[-114.39996,46.47695],[-114.38294,46.46617],[-114.38314,46.45053],[-114.37278,46.4359],[-114.38317,46.43159],[-114.38742,46.40987],[-114.42235,46.38687],[-114.41057,46.36044],[-114.41365,46.33572],[-114.43337,46.30527],[-114.42548,46.28767],[-114.44122,46.27357],[-114.47037,46.26709],[-114.46815,46.24857],[-114.4518,46.24102],[-114.44593,46.22099],[-114.44582,46.1737],[-114.47822,46.16065],[-114.51066,46.16614],[-114.52484,46.14203],[-114.52067,46.12744],[-114.47431,46.11228],[-114.45994,46.09687],[-114.46745,46.06616],[-114.50473,46.0401],[-114.50621,46.03061],[-114.48013,46.0301],[-114.4737,46.01638],[-114.48665,46.00036],[-114.47839,45.99253],[-114.4561,45.9949],[-114.41178,45.97765],[-114.4046,45.95567],[-114.43105,45.93551],[-114.41306,45.91125],[-114.39495,45.90123],[-114.38813,45.88211],[-114.40918,45.85306],[-114.44325,45.86179],[-114.51478,45.84079],[-114.5144,45.82713],[-114.52951,45.81927],[-114.54458,45.79122],[-114.56606,45.77363],[-114.54597,45.75632],[-114.54466,45.74216],[-114.51088,45.72499],[-114.49531,45.70309],[-114.50766,45.68978],[-114.49923,45.67938],[-114.50754,45.65872],[-114.56354,45.63718],[-114.53802,45.6066],[-114.55814,45.58487],[-114.55893,45.56548],[-114.5494,45.56036],[-114.52597,45.57054],[-114.49807,45.55524],[-114.46043,45.56105],[-114.45665,45.54375],[-114.43888,45.53585],[-114.41569,45.50952],[-114.36841,45.49249],[-114.36061,45.47389],[-114.34491,45.45969],[-114.33311,45.45909],[-114.27061,45.48589],[-114.24771,45.52405],[-114.24801,45.54565],[-114.19269,45.53637],[-114.17993,45.5512],[-114.13514,45.55723],[-114.12221,45.58403],[-114.08647,45.59095],[-114.08168,45.6111],[-114.06751,45.62748],[-114.01486,45.65378],[-114.02042,45.68099],[-114.01552,45.6959],[-113.98655,45.70433],[-113.96079,45.68996],[-113.93836,45.69581],[-113.93143,45.67304],[-113.89709,45.64126],[-113.90458,45.62178],[-113.8859,45.61679],[-113.86129,45.62343],[-113.80662,45.60192],[-113.80147,45.58455],[-113.81976,45.5661],[-113.83445,45.5205],[-113.76788,45.51899],[-113.76014,45.48634],[-113.78405,45.45472],[-113.76422,45.42225],[-113.77693,45.4154],[-113.77415,45.40655],[-113.73298,45.38994],[-113.73862,45.32951],[-113.68925,45.28332],[-113.69193,45.26496],[-113.68484,45.25348],[-113.65692,45.24121],[-113.63678,45.21275],[-113.5994,45.19088],[-113.58978,45.17676],[-113.59452,45.1658],[-113.56939,45.14076],[-113.57456,45.12818],[-113.54939,45.11287],[-113.50976,45.11474],[-113.50597,45.10803],[-113.52029,45.0898],[-113.47885,45.06227],[-113.45186,45.05902],[-113.43762,45.00674],[-113.44678,44.99831],[-113.44367,44.95966],[-113.49864,44.94208],[-113.45706,44.87394],[-113.42219,44.84014],[-113.37695,44.83317],[-113.35595,44.81957],[-113.34599,44.80038],[-113.35393,44.79151],[-113.34159,44.78462],[-113.24706,44.82272],[-113.23862,44.81391],[-113.19425,44.80192],[-113.1637,44.77869],[-113.13134,44.77261],[-113.13471,44.75253],[-113.10203,44.7288],[-113.09795,44.69725],[-113.07047,44.67943],[-113.06548,44.64914],[-113.04924,44.62915],[-113.05666,44.61843],[-113.07365,44.6137],[-113.08237,44.59546],[-113.0374,44.56413],[-113.04599,44.55074],[-113.04224,44.54192],[-113.00709,44.52573],[-113.02604,44.49679],[-113.00674,44.47149],[-113.00343,44.45058],[-112.95144,44.41797],[-112.8847,44.39814],[-112.88166,44.38009],[-112.85529,44.35974],[-112.84475,44.35799],[-112.81313,44.37787],[-112.8125,44.39205],[-112.83593,44.42242],[-112.82808,44.44224],[-112.77603,44.48411],[-112.719,44.50411],[-112.66438,44.48622],[-112.60175,44.49079],[-112.58409,44.48114],[-112.54188,44.48374],[-112.5002,44.46282],[-112.4731,44.4798],[-112.38728,44.44783],[-112.35882,44.48605],[-112.3541,44.53541],[-112.31909,44.53888],[-112.31279,44.55331],[-112.28608,44.56824],[-112.24268,44.56786],[-112.23001,44.56253],[-112.22159,44.54329],[-112.18383,44.53284],[-112.16449,44.54144],[-112.13635,44.53968],[-112.10665,44.5206],[-112.0689,44.53687],[-112.03683,44.53009],[-112.0326,44.54641],[-111.98072,44.53645],[-111.94783,44.55655],[-111.8704,44.5638],[-111.82138,44.50906],[-111.80781,44.51149],[-111.80627,44.52208],[-111.71537,44.54331],[-111.70411,44.55998],[-111.6143,44.54876],[-111.58565,44.56261],[-111.54653,44.55687],[-111.51601,44.53753],[-111.47157,44.54059],[-111.46908,44.55181],[-111.50528,44.56197],[-111.50464,44.57476],[-111.51781,44.58217],[-111.52424,44.60409],[-111.52113,44.6153],[-111.50547,44.62522],[-111.51264,44.63915],[-111.49491,44.6448],[-111.47307,44.66525],[-111.46961,44.67785],[-111.48479,44.68735],[-111.48923,44.70472],[-111.43868,44.72032],[-111.41416,44.71051],[-111.39847,44.72311],[-111.3977,44.74651],[-111.3849,44.7549],[-111.35566,44.72737],[-111.3357,44.73265],[-111.32356,44.72424],[-111.26864,44.66805],[-111.27685,44.6554],[-111.26919,44.64704],[-111.25257,44.65086],[-111.22405,44.62317],[-111.23759,44.60878],[-111.22462,44.57625],[-111.18666,44.57099],[-111.17375,44.54933],[-111.13236,44.53278],[-111.13862,44.51685],[-111.12838,44.49973],[-111.1087,44.48786],[-111.04897,44.47407],[-111.04669,42.00157],[-112.70937,42.00031],[-113.89326,41.98806],[-114.83108,42.00221],[-115.03178,41.99601],[-117.0262,41.99989],[-117.02188,43.81816],[-117.03288,43.83002],[-117.02516,43.84133],[-117.009,43.84232],[-117.02107,43.85896],[-116.98294,43.86771],[-116.97958,43.91525],[-116.9601,43.92123],[-116.969,43.93921],[-116.95921,43.96636],[-116.97586,43.97391],[-116.93819,43.98459],[-116.93638,43.99157],[-116.94316,44.00154],[-116.93473,44.02381],[-116.94336,44.03565],[-116.97319,44.04942],[-116.97735,44.08536],[-116.9337,44.10004],[-116.89408,44.16019],[-116.9001,44.17685],[-116.92539,44.19154],[-116.97168,44.19726],[-116.9759,44.24284],[-117.03186,44.24864],[-117.05303,44.22908],[-117.0895,44.25823],[-117.10421,44.27994],[-117.12104,44.27759],[-117.14339,44.25826],[-117.17034,44.25889],[-117.19815,44.27383],[-117.22265,44.29758],[-117.18977,44.33658],[-117.23512,44.37385],[-117.24268,44.39655]]]}},{"type":"Feature","properties":{"STATEFP":"25","GEOID":"25"},"geometry":{"type":"MultiPolygon","coordinates":[[[[-70.27072,41.30893],[-70.22097,41.29167],[-70.08207,41.29909],[-70.03133,41.33933],[-70.03918,41.37303],[-70.02327,41.37862],[-69.96028,41.27873],[-69.96018,41.26455],[-69.96573,41.25247],[-70.00159,41.23935],[-70.11867,41.24235],[-70.25472,41.28867],[-70.27187,41.30147],[-70.27072,41.30893]]],[[[-70.8265,41.25959],[-70.81197,41.26484],[-70.80156,41.25841],[-70.80424,41.24946],[-70.81222,41.24941],[-70.83233,41.25836],[-70.8265,41.25959]]],[[[-70.8338,41.35339],[-70.77497,41.34918],[-70.71243,41.40885],[-70.70138,41.43093],[-70.60356,41.48238],[-70.59628,41.4719],[-70.56328,41.46913],[-70.55328,41.45296],[-70.55559,41.43088],[-70.54757,41.41583],[-70.50698,41.40024],[-70.50131,41.38539],[-70.4845,41.38629],[-70.46383,41.41915],[-70.45043,41.4207],[-70.44623,41.39648],[-70.45108,41.34816],[-70.70983,41.34172],[-70.74754,41.32995],[-70.77567,41.30098],[-70.81942,41.32721],[-70.83878,41.34721],[-70.8338,41.35339]]],[[[-73.50814,42.08626],[-73.26496,42.74594],[-71.29421,42.69699],[-71.2455,42.74259],[-71.2239,42.74669],[-71.1818,42.73759],[-71.1861,42.79069],[-71.1656,42.80869],[-71.1325,42.82139],[-71.0642,42.80629],[-71.0475,42.84409],[-71.0312,42.85909],[-70.90277,42.88653],[-70.84862,42.86094],[-70.8173,42.87229],[-70.80522,42.7818],[-70.77045,42.70482],[-70.77867,42.69362],[-70.74443,42.68209],[-70.72885,42.66388],[-70.6894,42.65332],[-70.66355,42.6776],[-70.62998,42.69188],[-70.62062,42.68721],[-70.62279,42.66087],[-70.59496,42.65666],[-70.59147,42.63982],[-70.61842,42.62864],[-70.65364,42.58197],[-70.66515,42.58189],[-70.67674,42.59483],[-70.69857,42.57739],[-70.72969,42.57151],[-70.73704,42.57686],[-70.82329,42.5515],[-70.87138,42.5464],[-70.86628,42.52262],[-70.84209,42.51949],[-70.83195,42.5019],[-70.83817,42.4915],[-70.87969,42.4788],[-70.89429,42.4609],[-70.91769,42.468],[-70.92771,42.46089],[-70.9195,42.43055],[-70.90839,42.4252],[-70.9122,42.4167],[-70.93989,42.42251],[-70.94336,42.44925],[-70.95223,42.45177],[-70.98299,42.424],[-70.98985,42.4033],[-70.97116,42.3895],[-70.97041,42.37533],[-70.95009,42.35171],[-70.96299,42.3452],[-70.98513,42.35737],[-71.00688,42.34704],[-71.01405,42.31916],[-70.99784,42.3212],[-70.98667,42.30627],[-71.00616,42.28811],[-70.9961,42.27122],[-70.95622,42.27079],[-70.95743,42.28007],[-70.93527,42.3021],[-70.88276,42.30886],[-70.85109,42.26827],[-70.77096,42.2492],[-70.74723,42.22182],[-70.72227,42.20796],[-70.7143,42.16878],[-70.63848,42.08158],[-70.64735,42.07633],[-70.64434,42.0459],[-70.66936,42.03712],[-70.67093,42.00779],[-70.69581,42.01335],[-70.7122,42.00759],[-70.71003,41.99954],[-70.66248,41.96059],[-70.64836,41.96167],[-70.61649,41.9402],[-70.58357,41.95001],[-70.55294,41.92964],[-70.53208,41.88957],[-70.52557,41.85873],[-70.54206,41.83126],[-70.54103,41.81575],[-70.49405,41.77388],[-70.41248,41.7444],[-70.29096,41.73431],[-70.2592,41.71395],[-70.21607,41.74298],[-70.06431,41.77284],[-70.00846,41.80079],[-70.00901,41.87662],[-70.00001,41.89033],[-70.0203,41.89806],[-70.03054,41.92915],[-70.05516,41.9268],[-70.06205,41.89866],[-70.07791,41.90097],[-70.07742,41.9855],[-70.0956,42.03283],[-70.15542,42.06241],[-70.18682,42.05045],[-70.19311,42.04116],[-70.17961,42.02387],[-70.19794,42.01907],[-70.2187,42.04585],[-70.24538,42.06373],[-70.22563,42.0786],[-70.18931,42.08234],[-70.08262,42.05466],[-70.0335,42.01774],[-69.9686,41.9117],[-69.93595,41.80942],[-69.92826,41.6917],[-69.94689,41.64736],[-69.96375,41.62827],[-69.97681,41.57939],[-69.99834,41.54274],[-70.01123,41.54393],[-70.01361,41.55105],[-69.97356,41.64736],[-70.00719,41.67219],[-70.19106,41.64526],[-70.24587,41.62848],[-70.26493,41.61047],[-70.27165,41.61369],[-70.27142,41.62942],[-70.28132,41.63513],[-70.31169,41.62741],[-70.35163,41.63469],[-70.37915,41.61136],[-70.43725,41.60533],[-70.46128,41.57182],[-70.48557,41.55424],[-70.63361,41.53825],[-70.6541,41.51902],[-70.73431,41.48633],[-70.79027,41.44634],[-70.83187,41.44227],[-70.86695,41.42238],[-70.91856,41.41833],[-70.94199,41.40754],[-70.94929,41.41831],[-70.92817,41.43127],[-70.80219,41.46086],[-70.74505,41.50097],[-70.65866,41.54339],[-70.6539,41.56516],[-70.64095,41.57733],[-70.65245,41.60521],[-70.64,41.62462],[-70.65261,41.63783],[-70.63598,41.65923],[-70.65328,41.68625],[-70.62544,41.69869],[-70.62653,41.71299],[-70.72633,41.73273],[-70.71608,41.69263],[-70.72803,41.68679],[-70.7444,41.69697],[-70.75535,41.69433],[-70.76063,41.64603],[-70.81329,41.65567],[-70.81635,41.64599],[-70.80466,41.64116],[-70.80106,41.62951],[-70.85286,41.62534],[-70.8509,41.61214],[-70.82385,41.60267],[-70.81653,41.59104],[-70.82182,41.58555],[-70.84092,41.59532],[-70.86057,41.59003],[-70.87094,41.62508],[-70.88662,41.63156],[-70.90234,41.61866],[-70.89685,41.60223],[-70.91242,41.59994],[-70.91881,41.61174],[-70.93387,41.60713],[-70.93134,41.5842],[-70.9488,41.57904],[-70.93208,41.5443],[-70.94793,41.5298],[-70.96979,41.53395],[-70.97922,41.53043],[-70.98654,41.51302],[-71.03551,41.49905],[-71.08566,41.50929],[-71.12057,41.49745],[-71.13131,41.59231],[-71.14091,41.6074],[-71.13289,41.6601],[-71.19564,41.67509],[-71.26139,41.7523],[-71.3279,41.7805],[-71.3407,41.7983],[-71.3472,41.8231],[-71.3352,41.8355],[-71.3422,41.8448],[-71.334,41.8623],[-71.3387,41.8984],[-71.3817,41.8932],[-71.3814,42.0188],[-71.79924,42.00807],[-71.80065,42.02357],[-72.52813,42.0343],[-72.59023,42.0247],[-72.75584,42.03619],[-72.75174,42.03019],[-72.76674,42.00299],[-72.81674,41.99759],[-72.81354,42.03649],[-73.49688,42.04968],[-73.50814,42.08626]]]]}},{"type":"Feature","properties":{"STATEFP":"78","GEOID":"78"},"geometry":{"type":"MultiPolygon","coordinates":[[[[-64.79787,18.33325],[-64.78726,18.3513],[-64.75619,18.3545],[-64.74465,18.37284],[-64.69165,18.36088],[-64.66236,18.34343],[-64.66957,18.33227],[-64.70463,18.34789],[-64.70992,18.33582],[-64.70016,18.3274],[-64.70194,18.30553],[-64.70963,18.30339],[-64.74804,18.32437],[-64.76589,18.31058],[-64.78089,18.31064],[-64.79191,18.31674],[-64.79787,18.33325]]],[[[-64.88745,17.76336],[-64.87235,17.76981],[-64.83635,17.76081],[-64.7788,17.78358],[-64.74718,17.78167],[-64.7236,17.75753],[-64.6946,17.75267],[-64.67101,17.76192],[-64.56655,17.75699],[-64.57339,17.74617],[-64.60479,17.74265],[-64.71489,17.70055],[-64.80041,17.69479],[-64.83365,17.68263],[-64.88321,17.68465],[-64.88802,17.69128],[-64.8837,17.71219],[-64.89518,17.74638],[-64.88745,17.76336]]],[[[-64.91765,18.40583],[-64.90346,18.4125],[-64.89984,18.39349],[-64.91277,18.38921],[-64.91765,18.40583]]],[[[-65.03606,18.36024],[-64.98305,18.37119],[-64.97757,18.39971],[-64.96805,18.39972],[-64.96069,18.37009],[-64.93208,18.37771],[-64.8938,18.36282],[-64.80686,18.37227],[-64.79866,18.36357],[-64.80185,18.35627],[-64.858,18.35002],[-64.85959,18.33957],[-64.83438,18.32556],[-64.82351,18.31318],[-64.82655,18.30547],[-64.85661,18.31882],[-64.87162,18.31422],[-64.87885,18.30277],[-64.91916,18.3195],[-64.92469,18.33005],[-64.94079,18.32446],[-64.95159,18.30686],[-64.9628,18.30877],[-64.96542,18.32712],[-64.98826,18.34929],[-65.03428,18.34285],[-65.04235,18.35287],[-65.03606,18.36024]]],[[[-65.08712,18.34215],[-65.0799,18.35033],[-65.06908,18.34217],[-65.07265,18.33372],[-65.08493,18.3329],[-65.08712,18.34215]]]]}},{"type":"Feature","properties":{"STATEFP":"60","GEOID":"60"},"geometry":{"type":"MultiPolygon","coordinates":[[[[-168.16353,-14.53641],[-168.14951,-14.53134],[-168.13973,-14.54954],[-168.16103,-14.54939],[-168.16353,-14.53641]]],[[[-169.51958,-14.2213],[-169.50798,-14.21277],[-169.42731,-14.21157],[-169.4188,-14.21839],[-169.42324,-14.25557],[-169.4545,-14.24871],[-169.4912,-14.2715],[-169.51958,-14.2213]]],[[[-169.68727,-14.1643],[-169.68028,-14.15886],[-169.63368,-14.16436],[-169.6139,-14.15469],[-169.60624,-14.17995],[-169.61268,-14.19333],[-169.62595,-14.17571],[-169.63766,-14.17394],[-169.66987,-14.18564],[-169.68727,-14.1643]]],[[[-170.847,-14.32008],[-170.79836,-14.2894],[-170.74028,-14.2876],[-170.67156,-14.22956],[-170.66007,-14.24636],[-170.61263,-14.25184],[-170.56227,-14.24532],[-170.56188,-14.2588],[-170.54608,-14.28259],[-170.55785,-14.28841],[-170.57227,-14.27141],[-170.60228,-14.28409],[-170.62828,-14.27966],[-170.66326,-14.29105],[-170.69523,-14.30987],[-170.70011,-14.32725],[-170.75977,-14.37374],[-170.78547,-14.35729],[-170.79892,-14.33346],[-170.82933,-14.33037],[-170.847,-14.32008]]],[[[-171.08956,-11.0513],[-171.07363,-11.04693],[-171.06607,-11.05568],[-171.08086,-11.0646],[-171.08956,-11.0513]]]]}},{"type":"Feature","properties":{"STATEFP":"66","GEOID":"66"},"geometry":{"type":"Polygon","coordinates":[[[144.62253,13.45301],[144.63834,13.46479],[144.76958,13.4842],[144.77036,13.50239],[144.79674,13.50643],[144.80212,13.53579],[144.83665,13.5959],[144.83651,13.62243],[144.85658,13.65252],[144.8816,13.64284],[144.90684,13.60604],[144.95146,13.60161],[144.95764,13.59394],[144.92447,13.52026],[144.78823,13.41544],[144.77266,13.37638],[144.76752,13.29354],[144.7238,13.24612],[144.67624,13.2558],[144.66189,13.27143],[144.63532,13.35864],[144.66308,13.40106],[144.61974,13.44217],[144.62253,13.45301]]]}},{"type":"Feature","properties":{"STATEFP":"69","GEOID":"69"},"geometry":{"type":"MultiPolygon","coordinates":[[[[146.04794,16.01346],[146.05433,16.02719],[146.0683,16.02107],[146.06043,16.00592],[146.04794,16.01346]]],[[[145.83272,17.31634],[145.84772,17.31901],[145.85561,17.30913],[145.84467,17.29659],[145.8317,17.30652],[145.83272,17.31634]]],[[[145.81498,17.60405],[145.82236,17.61801],[145.83494,17.62076],[145.84812,17.60867],[145.8515,17.59314],[145.8379,17.57909],[145.82679,17.57972],[145.81498,17.60405]]],[[[145.76739,16.70765],[145.77836,16.72049],[145.79144,16.70114],[145.78431,16.69035],[145.76886,16.69658],[145.76739,16.70765]]],[[[145.71062,18.06884],[145.75805,18.11365],[145.76054,18.16484],[145.79787,18.16507],[145.80653,18.15711],[145.81057,18.13567],[145.7983,18.10842],[145.7849,18.10922],[145.76767,18.09708],[145.72924,18.04984],[145.70997,18.04453],[145.71062,18.06884]]],[[[145.70554,15.24391],[145.71123,15.24851],[145.71954,15.23859],[145.71257,15.23322],[145.70554,15.24391]]],[[[145.68946,15.12778],[145.71673,15.19508],[145.71577,15.2166],[145.77167,15.25087],[145.80977,15.28865],[145.81909,15.28651],[145.83023,15.27138],[145.82639,15.25956],[145.81435,15.25639],[145.78102,15.20743],[145.78172,15.18495],[145.79419,15.16859],[145.79254,15.1494],[145.76217,15.16065],[145.74615,15.15326],[145.74521,15.13216],[145.75697,15.12063],[145.75181,15.09987],[145.70702,15.10697],[145.69251,15.1162],[145.68946,15.12778]]],[[[145.63633,18.7788],[145.65698,18.81282],[145.67995,18.80567],[145.69648,18.78855],[145.69955,18.76079],[145.69276,18.74491],[145.6673,18.72511],[145.64051,18.74651],[145.63633,18.7788]]],[[[145.63348,16.368],[145.70352,16.36966],[145.72265,16.36014],[145.72425,16.3477],[145.7027,16.33363],[145.64647,16.33191],[145.63299,16.35101],[145.63348,16.368]]],[[[145.58203,15.01592],[145.59816,15.05493],[145.64518,15.10116],[145.65698,15.08406],[145.66097,15.05535],[145.64862,15.03391],[145.66828,15.01621],[145.67232,15.00038],[145.66432,14.94754],[145.64528,14.92723],[145.63525,14.92271],[145.59744,14.99015],[145.58281,14.99303],[145.58203,15.01592]]],[[[145.54434,14.85876],[145.57291,14.86647],[145.57863,14.86002],[145.57536,14.84916],[145.54548,14.84041],[145.53442,14.84557],[145.54434,14.85876]]],[[[145.38964,19.69691],[145.39879,19.70637],[145.41285,19.70342],[145.41806,19.69122],[145.4035,19.67559],[145.39013,19.68238],[145.38964,19.69691]]],[[[145.21016,20.03032],[145.22997,20.03209],[145.23881,20.02046],[145.21421,20.01075],[145.21016,20.03032]]],[[[145.11877,14.12479],[145.16114,14.16848],[145.20303,14.17711],[145.23567,14.19827],[145.28947,14.19094],[145.28335,14.16067],[145.26988,14.15216],[145.23932,14.14973],[145.21022,14.11614],[145.16989,14.11057],[145.16269,14.12748],[145.15245,14.13058],[145.13646,14.11879],[145.12276,14.11744],[145.11877,14.12479]]],[[[144.88469,20.55169],[144.89301,20.55725],[144.90608,20.54278],[144.89538,20.53388],[144.88469,20.55169]]]]}},{"type":"Feature","properties":{"STATEFP":"36","GEOID":"36"},"geometry":{"type":"MultiPolygon","coordinates":[[[[-72.03799,41.25351],[-72.01893,41.27411],[-72.00091,41.27051],[-71.99112,41.28133],[-71.93307,41.29239],[-71.92519,41.28733],[-72.00246,41.25287],[-72.03799,41.25351]]],[[[-72.14293,41.09781],[-72.1267,41.11514],[-72.08421,41.10152],[-72.07793,41.09571],[-72.08374,41.06006],[-72.09961,41.05425],[-72.10556,41.08586],[-72.14293,41.09781]]],[[[-72.21412,41.18282],[-72.18916,41.19355],[-72.15827,41.19713],[-72.19986,41.16045],[-72.2165,41.17029],[-72.21412,41.18282]]],[[[-74.25901,40.50287],[-74.24607,40.52095],[-74.24742,40.5492],[-74.21528,40.56024],[-74.19952,40.59754],[-74.20225,40.6309],[-74.18834,40.64426],[-74.14325,40.64215],[-74.08681,40.6516],[-74.0697,40.64122],[-74.0676,40.62387],[-74.05312,40.60368],[-74.11258,40.5476],[-74.13724,40.53008],[-74.14443,40.53516],[-74.21979,40.5026],[-74.24669,40.4961],[-74.25901,40.50287]]],[[[-76.3466,43.89457],[-76.31184,43.91804],[-76.3013,43.91775],[-76.29959,43.90991],[-76.32763,43.88178],[-76.35162,43.88216],[-76.3466,43.89457]]],[[[-76.44501,43.8969],[-76.40089,43.92304],[-76.38593,43.91965],[-76.3886,43.90813],[-76.43496,43.88654],[-76.44508,43.88785],[-76.44501,43.8969]]],[[[-79.76215,42.24305],[-79.76195,42.26986],[-79.64536,42.31563],[-79.45353,42.41116],[-79.35199,42.48892],[-79.33148,42.48908],[-79.24289,42.53176],[-79.14872,42.55367],[-79.11136,42.61336],[-79.06376,42.64476],[-79.06226,42.66836],[-79.04886,42.68916],[-78.91816,42.73726],[-78.85345,42.78396],[-78.86559,42.85236],[-78.89166,42.88484],[-78.91246,42.88656],[-78.90566,42.92336],[-78.91886,42.94686],[-78.93236,42.95586],[-78.96176,42.95776],[-79.01996,42.99476],[-79.02092,43.01429],[-79.00516,43.04706],[-79.01053,43.06439],[-79.07447,43.07785],[-79.06028,43.10509],[-79.06252,43.12018],[-79.04237,43.14366],[-79.05307,43.17365],[-79.05587,43.23855],[-79.07047,43.26245],[-78.63435,43.35762],[-78.48886,43.37476],[-78.23361,43.36907],[-78.10451,43.37563],[-77.96524,43.36806],[-77.87534,43.34966],[-77.76023,43.34116],[-77.71413,43.32356],[-77.66036,43.283],[-77.57722,43.24326],[-77.53418,43.23457],[-77.50092,43.25036],[-77.39633,43.27475],[-77.17715,43.28021],[-77.14984,43.28818],[-77.04169,43.27001],[-76.95857,43.26923],[-76.89816,43.2933],[-76.87739,43.29142],[-76.84167,43.3054],[-76.78582,43.31087],[-76.73083,43.34257],[-76.69836,43.34444],[-76.63517,43.40797],[-76.56439,43.44738],[-76.48696,43.47535],[-76.4725,43.49278],[-76.41758,43.52128],[-76.36885,43.52582],[-76.34549,43.51344],[-76.2971,43.51287],[-76.2287,43.53299],[-76.20985,43.56014],[-76.1966,43.64976],[-76.21321,43.75351],[-76.23073,43.81084],[-76.29603,43.84429],[-76.29676,43.85708],[-76.22103,43.89755],[-76.20808,43.89207],[-76.21839,43.86657],[-76.20136,43.85996],[-76.1533,43.88986],[-76.12474,43.89769],[-76.12652,43.93221],[-76.13852,43.9406],[-76.13863,43.958],[-76.20798,43.97969],[-76.23398,43.98253],[-76.25038,43.96888],[-76.28364,43.96265],[-76.2687,43.98728],[-76.26967,44.00115],[-76.29649,44.00849],[-76.3213,44.03121],[-76.37556,44.03154],[-76.38334,44.03736],[-76.36184,44.07272],[-76.3608,44.08764],[-76.37071,44.1005],[-76.31265,44.19904],[-76.24549,44.20367],[-76.20678,44.21454],[-76.16427,44.2396],[-76.16183,44.28078],[-76.13088,44.29664],[-76.09735,44.29955],[-76.04523,44.33172],[-76.001,44.34753],[-75.97019,44.34284],[-75.91299,44.36808],[-75.82083,44.43224],[-75.80778,44.47164],[-75.76623,44.51585],[-75.41388,44.76889],[-75.33374,44.80638],[-75.30649,44.82614],[-75.30763,44.83681],[-75.28314,44.84916],[-75.14296,44.90024],[-75.13398,44.91184],[-75.09666,44.92707],[-75.06624,44.93017],[-75.02712,44.94657],[-75.00516,44.9584],[-74.99276,44.97745],[-74.90796,44.98336],[-74.88784,45.00005],[-74.82658,45.01585],[-74.7313,44.99042],[-74.70202,45.00332],[-74.14681,44.9915],[-73.34312,45.01084],[-73.35463,44.98735],[-73.33824,44.96475],[-73.33898,44.91768],[-73.35808,44.90132],[-73.38136,44.84502],[-73.33544,44.8046],[-73.33315,44.78876],[-73.36556,44.74179],[-73.36131,44.69452],[-73.39023,44.61835],[-73.37685,44.5996],[-73.38185,44.58932],[-73.37439,44.57545],[-73.33875,44.54805],[-73.30671,44.50033],[-73.29361,44.44056],[-73.31502,44.38851],[-73.33494,44.36444],[-73.31285,44.26535],[-73.3236,44.2439],[-73.34323,44.23805],[-73.36201,44.20855],[-73.39058,44.19089],[-73.40238,44.14586],[-73.41576,44.13283],[-73.41132,44.11269],[-73.43774,44.04501],[-73.40774,44.02131],[-73.40859,43.93293],[-73.37405,43.87556],[-73.38205,43.85501],[-73.37225,43.84534],[-73.39249,43.82078],[-73.35059,43.77194],[-73.36973,43.74427],[-73.37061,43.72533],[-73.40474,43.69021],[-73.41551,43.65245],[-73.42646,43.6426],[-73.41767,43.62169],[-73.43123,43.58828],[-73.39577,43.56809],[-73.38337,43.57677],[-73.37189,43.62449],[-73.30623,43.62802],[-73.29223,43.60255],[-73.29462,43.57897],[-73.25863,43.56495],[-73.24159,43.53497],[-73.2477,43.52317],[-73.27867,42.83341],[-73.28539,42.83409],[-73.28375,42.81386],[-73.29094,42.80192],[-73.27642,42.74602],[-73.26496,42.74594],[-73.50814,42.08626],[-73.49688,42.04968],[-73.48731,42.04964],[-73.48962,42.00009],[-73.55096,41.29542],[-73.48271,41.21276],[-73.72777,41.1007],[-73.65467,41.0117],[-73.65597,40.9796],[-73.66207,40.9662],[-73.67807,40.9628],[-73.68647,40.9452],[-73.75678,40.9126],[-73.7735,40.89361],[-73.76628,40.8811],[-73.78511,40.8769],[-73.79257,40.86332],[-73.76987,40.85968],[-73.76715,40.84577],[-73.78031,40.84456],[-73.78318,40.83684],[-73.80691,40.8495],[-73.81521,40.83107],[-73.77603,40.79527],[-73.72827,40.8529],[-73.72957,40.8665],[-73.71367,40.8701],[-73.67557,40.857],[-73.66591,40.84116],[-73.65712,40.84116],[-73.64791,40.8543],[-73.65587,40.8639],[-73.65437,40.8782],[-73.64107,40.8926],[-73.56997,40.9154],[-73.54807,40.9087],[-73.515,40.91282],[-73.50736,40.89379],[-73.49441,40.89502],[-73.48869,40.87685],[-73.47889,40.87217],[-73.4706,40.87667],[-73.47352,40.89546],[-73.49664,40.92348],[-73.48537,40.9464],[-73.43713,40.93427],[-73.42884,40.92151],[-73.43523,40.90719],[-73.40409,40.90508],[-73.40244,40.95085],[-73.39291,40.95468],[-73.35276,40.9267],[-73.29506,40.9245],[-73.22929,40.90512],[-73.14899,40.9289],[-73.14329,40.95144],[-73.15351,40.96149],[-73.11993,40.97546],[-73.0437,40.96218],[-72.91383,40.96247],[-72.82606,40.96979],[-72.7741,40.96531],[-72.63556,40.98196],[-72.58533,40.99759],[-72.52155,41.03765],[-72.47731,41.05221],[-72.44524,41.08612],[-72.39484,41.09704],[-72.35396,41.13925],[-72.27879,41.15872],[-72.23773,41.15643],[-72.26161,41.12964],[-72.28168,41.1226],[-72.3,41.13274],[-72.32116,41.1319],[-72.33946,41.1111],[-72.32146,41.10064],[-72.31724,41.08866],[-72.28037,41.0804],[-72.28309,41.06787],[-72.26051,41.04207],[-72.22936,41.04436],[-72.19056,41.03258],[-72.1629,41.05319],[-72.15386,41.05186],[-72.1373,41.03968],[-72.13741,41.02391],[-72.11071,40.99515],[-72.08199,40.99881],[-72.05585,41.02199],[-72.02003,41.02225],[-71.9908,41.04769],[-71.96975,41.04051],[-71.95898,41.04574],[-71.95959,41.07124],[-71.90417,41.08411],[-71.85636,41.0711],[-71.87391,41.05228],[-71.90349,41.04089],[-72.11445,40.97208],[-72.39585,40.86666],[-72.86316,40.73296],[-73.05496,40.66637],[-73.26211,40.62148],[-73.3064,40.62076],[-73.32626,40.6331],[-73.35147,40.6305],[-73.55909,40.58203],[-73.77493,40.59076],[-73.93035,40.5467],[-73.93981,40.54826],[-73.93999,40.55556],[-73.92633,40.56484],[-73.92956,40.57627],[-74.01202,40.57453],[-74.00049,40.58409],[-74.00328,40.59575],[-74.03286,40.60442],[-74.04241,40.62485],[-74.01827,40.65902],[-74.02047,40.67877],[-74.04729,40.6905],[-74.02454,40.70944],[-74.01378,40.7566],[-73.92901,40.88958],[-73.89398,40.9972],[-74.30199,41.17259],[-74.6964,41.35734],[-74.69113,41.36732],[-74.71598,41.39258],[-74.74096,41.40512],[-74.73846,41.43064],[-74.79042,41.42166],[-74.80758,41.44285],[-74.83067,41.4305],[-74.85858,41.44443],[-74.89391,41.43893],[-74.89036,41.45532],[-74.90689,41.46113],[-74.91252,41.47561],[-74.9418,41.48354],[-74.95826,41.4764],[-74.98334,41.48089],[-74.98437,41.50661],[-75.00315,41.5081],[-75.00385,41.52405],[-75.02476,41.5351],[-75.01852,41.5518],[-75.07461,41.60571],[-75.05973,41.6108],[-75.0601,41.61748],[-75.04422,41.61798],[-75.04992,41.66256],[-75.05933,41.67232],[-75.05274,41.68839],[-75.06883,41.70816],[-75.04986,41.71331],[-75.05343,41.75254],[-75.07594,41.77152],[-75.10464,41.7742],[-75.10146,41.78794],[-75.07689,41.79851],[-75.07217,41.81373],[-75.08948,41.81158],[-75.11333,41.82278],[-75.1156,41.84464],[-75.16154,41.84984],[-75.17056,41.87161],[-75.18525,41.85993],[-75.204,41.86987],[-75.22373,41.85746],[-75.24113,41.86712],[-75.26053,41.8638],[-75.25756,41.87711],[-75.27129,41.88736],[-75.26756,41.90705],[-75.27909,41.93892],[-75.29371,41.95459],[-75.31282,41.95018],[-75.3422,41.97287],[-75.34113,41.99277],[-75.35958,41.99945],[-79.76131,41.99881],[-79.76215,42.24305]]]]}},{"type":"Feature","properties":{"STATEFP":"44","GEOID":"44"},"geometry":{"type":"MultiPolygon","coordinates":[[[[-71.36152,41.46483],[-71.32738,41.47639],[-71.34301,41.49562],[-71.31308,41.53467],[-71.30365,41.55992],[-71.28514,41.57713],[-71.27186,41.62399],[-71.20498,41.65852],[-71.19564,41.67509],[-71.13289,41.6601],[-71.14091,41.6074],[-71.13131,41.59231],[-71.12057,41.49745],[-71.13687,41.49394],[-71.17013,41.46397],[-71.19686,41.46112],[-71.19017,41.48428],[-71.20638,41.49921],[-71.20079,41.51437],[-71.21356,41.54582],[-71.20778,41.60066],[-71.21616,41.62549],[-71.24071,41.61923],[-71.23664,41.53585],[-71.22799,41.5283],[-71.24061,41.50056],[-71.24071,41.47487],[-71.2467,41.47196],[-71.25269,41.4859],[-71.28564,41.48781],[-71.29511,41.48435],[-71.31139,41.4508],[-71.3511,41.4508],[-71.36152,41.46483]]],[[[-71.36616,41.66098],[-71.34482,41.66701],[-71.32641,41.63604],[-71.30555,41.62252],[-71.30335,41.60659],[-71.31747,41.58319],[-71.3261,41.57858],[-71.33595,41.5859],[-71.32588,41.62399],[-71.35129,41.63578],[-71.36616,41.66098]]],[[[-71.40056,41.46094],[-71.39593,41.49222],[-71.37891,41.50495],[-71.39214,41.52447],[-71.38448,41.55674],[-71.37019,41.57396],[-71.35987,41.55631],[-71.3604,41.48312],[-71.38095,41.47456],[-71.39957,41.4486],[-71.40056,41.46094]]],[[[-71.61313,41.16028],[-71.60556,41.18214],[-71.58023,41.20484],[-71.57666,41.22443],[-71.56109,41.22421],[-71.55407,41.21296],[-71.56657,41.18475],[-71.54561,41.15693],[-71.5937,41.14634],[-71.61313,41.16028]]],[[[-71.86211,41.31661],[-71.82959,41.34454],[-71.84256,41.40986],[-71.81839,41.4196],[-71.79768,41.41671],[-71.78699,41.65599],[-71.79924,42.00807],[-71.3814,42.0188],[-71.3817,41.8932],[-71.3387,41.8984],[-71.334,41.8623],[-71.3422,41.8448],[-71.3352,41.8355],[-71.3472,41.8231],[-71.3407,41.7983],[-71.3279,41.7805],[-71.26139,41.7523],[-71.22571,41.7116],[-71.24533,41.69485],[-71.23535,41.67213],[-71.25342,41.66059],[-71.2547,41.64906],[-71.28535,41.63685],[-71.3014,41.64998],[-71.30609,41.67258],[-71.29122,41.70267],[-71.31482,41.72381],[-71.33613,41.72496],[-71.36013,41.74949],[-71.37154,41.78335],[-71.39056,41.78371],[-71.38105,41.72732],[-71.36394,41.71739],[-71.36572,41.69495],[-71.37791,41.66665],[-71.38988,41.6719],[-71.39055,41.6841],[-71.44932,41.6874],[-71.44447,41.66441],[-71.42545,41.67079],[-71.4093,41.66264],[-71.40377,41.58932],[-71.44771,41.5804],[-71.4174,41.53454],[-71.4184,41.47265],[-71.43074,41.47064],[-71.43361,41.44499],[-71.45584,41.43299],[-71.45537,41.40796],[-71.48329,41.37172],[-71.55538,41.37332],[-71.72074,41.33157],[-71.78596,41.32574],[-71.85743,41.30632],[-71.86211,41.31661]]]]}},{"type":"Feature","properties":{"STATEFP":"23","GEOID":"23"},"geometry":{"type":"MultiPolygon","coordinates":[[[[-68.37659,44.11376],[-68.34672,44.12775],[-68.33072,44.1106],[-68.33801,44.10147],[-68.36518,44.10146],[-68.37659,44.11376]]],[[[-68.37738,44.18614],[-68.33323,44.20731],[-68.3201,44.19989],[-68.34742,44.16946],[-68.37738,44.18614]]],[[[-68.50082,44.16003],[-68.47596,44.23116],[-68.45384,44.20168],[-68.41643,44.18705],[-68.3849,44.15496],[-68.43852,44.11618],[-68.45681,44.14527],[-68.49664,44.14686],[-68.50082,44.16003]]],[[[-68.5187,44.11322],[-68.50698,44.12724],[-68.49152,44.10983],[-68.50294,44.09972],[-68.51706,44.10341],[-68.5187,44.11322]]],[[[-68.52863,44.34461],[-68.51857,44.38102],[-68.50136,44.38228],[-68.47879,44.31956],[-68.48964,44.3137],[-68.51517,44.3248],[-68.53039,44.33358],[-68.52863,44.34461]]],[[[-68.83942,44.23655],[-68.82763,44.24284],[-68.79214,44.23782],[-68.76983,44.22279],[-68.76905,44.21335],[-68.78006,44.20313],[-68.82959,44.21689],[-68.83942,44.23655]]],[[[-68.902,43.87333],[-68.88005,43.87149],[-68.87489,43.84218],[-68.87645,43.8252],[-68.88472,43.82019],[-68.90014,43.82263],[-68.90819,43.85243],[-68.902,43.87333]]],[[[-68.9446,44.11284],[-68.91729,44.14824],[-68.84725,44.18302],[-68.82507,44.18634],[-68.81842,44.16098],[-68.78069,44.14327],[-68.81804,44.13685],[-68.81953,44.12206],[-68.80683,44.11634],[-68.77029,44.06957],[-68.80732,44.0358],[-68.87414,44.02536],[-68.91805,44.04575],[-68.9,44.06696],[-68.91341,44.08519],[-68.90898,44.11],[-68.9446,44.11284]]],[[[-68.96707,44.25197],[-68.9193,44.30987],[-68.91933,44.33539],[-68.90353,44.37861],[-68.87894,44.38658],[-68.86844,44.38144],[-68.86065,44.36442],[-68.87169,44.34466],[-68.89285,44.33465],[-68.89659,44.32199],[-68.88746,44.30309],[-68.91687,44.24287],[-68.94114,44.22219],[-68.95311,44.22515],[-68.95533,44.24387],[-68.96707,44.25197]]],[[[-69.32698,43.76703],[-69.31568,43.7767],[-69.29674,43.77184],[-69.31314,43.75335],[-69.32795,43.75724],[-69.32698,43.76703]]],[[[-71.07841,45.30623],[-71.00905,45.31902],[-71.0024,45.32848],[-71.01114,45.33468],[-71.01081,45.34725],[-70.9856,45.33219],[-70.95082,45.33453],[-70.93919,45.32018],[-70.9179,45.31192],[-70.91211,45.2962],[-70.9217,45.27945],[-70.89857,45.2585],[-70.8969,45.24203],[-70.85704,45.22916],[-70.83877,45.23756],[-70.84832,45.24471],[-70.84855,45.26333],[-70.80861,45.31161],[-70.80832,45.32582],[-70.81983,45.34011],[-70.80275,45.36656],[-70.82603,45.39841],[-70.79803,45.42671],[-70.75398,45.42779],[-70.72997,45.39936],[-70.71229,45.39061],[-70.67799,45.39436],[-70.66116,45.38604],[-70.66003,45.3779],[-70.63466,45.38361],[-70.6355,45.42782],[-70.71705,45.48773],[-70.72285,45.51277],[-70.68761,45.5491],[-70.68821,45.56398],[-70.64469,45.60708],[-70.59225,45.62987],[-70.5584,45.66667],[-70.52583,45.66655],[-70.46987,45.70164],[-70.43888,45.70439],[-70.4004,45.71983],[-70.38355,45.73487],[-70.3885,45.74972],[-70.40655,45.76181],[-70.41767,45.79457],[-70.39591,45.79888],[-70.38792,45.81904],[-70.34244,45.85219],[-70.30616,45.85974],[-70.25912,45.89075],[-70.2539,45.90652],[-70.26331,45.92383],[-70.24018,45.94373],[-70.26541,45.96269],[-70.31694,45.96346],[-70.30746,45.98254],[-70.28457,45.99538],[-70.30303,45.99898],[-70.3176,46.01949],[-70.27833,46.05702],[-70.31061,46.06454],[-70.28455,46.09871],[-70.25241,46.10063],[-70.25507,46.1102],[-70.23795,46.14738],[-70.29274,46.1916],[-70.27205,46.20983],[-70.24842,46.26707],[-70.20572,46.29986],[-70.20873,46.32896],[-70.19141,46.34807],[-70.12973,46.36938],[-70.09629,46.40943],[-70.05643,46.41556],[-69.99709,46.69523],[-69.22442,47.45969],[-69.14644,47.44886],[-69.08251,47.42398],[-69.06119,47.43305],[-69.0427,47.42665],[-69.03688,47.40798],[-69.0454,47.39191],[-69.03928,47.38505],[-69.05388,47.37788],[-69.05033,47.25662],[-69.03346,47.24098],[-68.96113,47.20558],[-68.92464,47.19779],[-68.90099,47.17852],[-68.85752,47.19095],[-68.81216,47.21546],[-68.76449,47.22233],[-68.71787,47.24092],[-68.68766,47.24421],[-68.66196,47.23633],[-68.61975,47.24322],[-68.59543,47.2577],[-68.59873,47.26988],[-68.57855,47.28755],[-68.55175,47.28223],[-68.51798,47.29609],[-68.47485,47.29753],[-68.44884,47.28255],[-68.37868,47.28756],[-68.38428,47.32694],[-68.37862,47.34314],[-68.36156,47.3556],[-68.2841,47.36039],[-68.26514,47.35254],[-68.2346,47.35504],[-68.21455,47.33964],[-68.15515,47.32542],[-68.1523,47.30988],[-68.13706,47.29607],[-68.01972,47.23804],[-67.99017,47.21104],[-67.95567,47.19954],[-67.93587,47.16484],[-67.89217,47.12864],[-67.88384,47.10583],[-67.78976,47.06574],[-67.78109,45.94303],[-67.75042,45.9179],[-67.765,45.90979],[-67.76874,45.89795],[-67.80391,45.88289],[-67.79651,45.85996],[-67.75507,45.82367],[-67.78008,45.81819],[-67.8066,45.79472],[-67.80631,45.75541],[-67.79308,45.75056],[-67.78189,45.73119],[-67.80983,45.72927],[-67.80315,45.69613],[-67.81789,45.69371],[-67.80331,45.67789],[-67.76865,45.67758],[-67.75424,45.66779],[-67.7204,45.66252],[-67.73372,45.68423],[-67.72765,45.68847],[-67.71046,45.67937],[-67.67542,45.63096],[-67.64581,45.6136],[-67.63974,45.62477],[-67.60617,45.60653],[-67.49944,45.58701],[-67.48979,45.60118],[-67.45541,45.60466],[-67.42972,45.58377],[-67.42098,45.55003],[-67.43504,45.52878],[-67.41646,45.50215],[-67.46288,45.50869],[-67.50377,45.48852],[-67.48235,45.46082],[-67.47337,45.42533],[-67.41875,45.37726],[-67.43428,45.36544],[-67.4278,45.35547],[-67.435,45.34013],[-67.45629,45.32644],[-67.45227,45.31684],[-67.46055,45.30038],[-67.48568,45.29143],[-67.48933,45.28128],[-67.46357,45.2441],[-67.43998,45.22705],[-67.42889,45.19321],[-67.40714,45.17943],[-67.40463,45.15993],[-67.34558,45.12639],[-67.29617,45.14795],[-67.30257,45.16135],[-67.28362,45.19202],[-67.2467,45.18077],[-67.22732,45.16365],[-67.20393,45.17141],[-67.15792,45.161],[-67.11241,45.11232],[-67.09079,45.06872],[-67.11769,45.05673],[-67.08207,45.02961],[-67.03347,44.93992],[-66.98447,44.91256],[-66.99035,44.88255],[-66.97814,44.85696],[-66.99652,44.84465],[-66.9824,44.81147],[-66.94989,44.81742],[-66.98621,44.80175],[-67.02615,44.7682],[-67.06224,44.76954],[-67.07344,44.74196],[-67.09893,44.74131],[-67.10396,44.71744],[-67.13921,44.69385],[-67.15448,44.66811],[-67.18661,44.66265],[-67.18943,44.64553],[-67.27514,44.62343],[-67.26167,44.6046],[-67.31494,44.59822],[-67.32297,44.60939],[-67.31074,44.61321],[-67.29367,44.63432],[-67.29246,44.64845],[-67.30963,44.65932],[-67.30791,44.69129],[-67.29918,44.70571],[-67.39644,44.69331],[-67.405,44.68165],[-67.37401,44.66296],[-67.36316,44.63182],[-67.36827,44.62467],[-67.37755,44.61976],[-67.3887,44.62655],[-67.40549,44.59424],[-67.42837,44.60914],[-67.45775,44.59801],[-67.4908,44.57526],[-67.49175,44.55612],[-67.51841,44.55424],[-67.53765,44.57154],[-67.57506,44.56066],[-67.56232,44.53943],[-67.56816,44.53112],[-67.52117,44.50991],[-67.50921,44.49699],[-67.54724,44.46307],[-67.58773,44.44745],[-67.59529,44.4622],[-67.63481,44.48705],[-67.6569,44.5359],[-67.69635,44.5338],[-67.70349,44.50484],[-67.71419,44.49524],[-67.73399,44.49625],[-67.74335,44.49742],[-67.74294,44.52645],[-67.75385,44.54366],[-67.76729,44.54828],[-67.78088,44.53115],[-67.77647,44.51421],[-67.79359,44.49478],[-67.78241,44.47505],[-67.80618,44.4859],[-67.8252,44.48285],[-67.83794,44.46467],[-67.83063,44.45665],[-67.85511,44.41943],[-67.87851,44.43559],[-67.88732,44.43307],[-67.89957,44.39408],[-67.91335,44.43013],[-67.92132,44.43307],[-67.93055,44.42887],[-67.93145,44.41185],[-67.95574,44.41628],[-67.96161,44.39907],[-67.97888,44.38703],[-68.00065,44.40662],[-68.01546,44.40592],[-68.01399,44.39026],[-68.03422,44.36046],[-68.0443,44.35794],[-68.04933,44.33073],[-68.10328,44.35824],[-68.10566,44.39562],[-68.12016,44.39613],[-68.13686,44.38019],[-68.14915,44.38696],[-68.18195,44.38526],[-68.18915,44.37383],[-68.17361,44.3284],[-68.19192,44.30667],[-68.22426,44.29023],[-68.22949,44.26692],[-68.20712,44.26352],[-68.19307,44.23901],[-68.19898,44.2367],[-68.26667,44.23403],[-68.2977,44.24257],[-68.31759,44.2251],[-68.3395,44.22289],[-68.37798,44.24756],[-68.40127,44.25224],[-68.41965,44.27461],[-68.43085,44.31261],[-68.45688,44.34429],[-68.4354,44.36972],[-68.36032,44.38967],[-68.35908,44.40285],[-68.3791,44.43005],[-68.38768,44.43094],[-68.39256,44.41807],[-68.42787,44.3968],[-68.4339,44.40153],[-68.42965,44.43914],[-68.43928,44.44804],[-68.4551,44.4475],[-68.46382,44.43659],[-68.45885,44.41214],[-68.46611,44.37725],[-68.47828,44.37808],[-68.48332,44.38816],[-68.47282,44.40411],[-68.48542,44.43433],[-68.49969,44.41418],[-68.51452,44.41334],[-68.5299,44.39907],[-68.56096,44.40285],[-68.56474,44.38522],[-68.55005,44.37179],[-68.54543,44.355],[-68.56321,44.33304],[-68.5662,44.31301],[-68.55624,44.30082],[-68.5386,44.2999],[-68.51982,44.26021],[-68.5298,44.24959],[-68.52348,44.23582],[-68.5291,44.22177],[-68.56462,44.21192],[-68.56414,44.19164],[-68.59863,44.1746],[-68.61174,44.15525],[-68.57888,44.14604],[-68.6231,44.11941],[-68.61786,44.09724],[-68.5841,44.07159],[-68.60474,44.03886],[-68.6017,44.01251],[-68.63435,44.0176],[-68.65703,44.00382],[-68.66938,44.07636],[-68.64641,44.07991],[-68.65879,44.11021],[-68.65763,44.12706],[-68.71853,44.16563],[-68.71783,44.18709],[-68.73167,44.20225],[-68.73377,44.22101],[-68.71123,44.23179],[-68.6787,44.2647],[-68.72456,44.28166],[-68.74898,44.29941],[-68.72566,44.32159],[-68.74616,44.33115],[-68.76202,44.3296],[-68.79506,44.30786],[-68.8272,44.31216],[-68.81481,44.36219],[-68.82177,44.40894],[-68.81533,44.42808],[-68.78558,44.45473],[-68.77873,44.48989],[-68.79484,44.5242],[-68.80744,44.52203],[-68.81554,44.49947],[-68.83366,44.48663],[-68.82915,44.46224],[-68.87636,44.42969],[-68.88649,44.43068],[-68.89964,44.45176],[-68.92161,44.45664],[-68.94658,44.42911],[-68.99838,44.42559],[-68.97881,44.38634],[-68.94816,44.35588],[-68.95889,44.31435],[-68.97901,44.29633],[-69.00368,44.29458],[-69.00507,44.27407],[-69.04019,44.23367],[-69.05455,44.17154],[-69.07984,44.16095],[-69.08033,44.11782],[-69.10086,44.10453],[-69.092,44.08573],[-69.05081,44.09489],[-69.03188,44.07904],[-69.04892,44.06251],[-69.0643,44.06991],[-69.0798,44.05526],[-69.04391,44.00634],[-69.06716,43.99053],[-69.07703,43.97365],[-69.14622,43.98157],[-69.17498,43.97695],[-69.2202,43.91494],[-69.29115,43.9139],[-69.30003,43.89995],[-69.28587,43.88527],[-69.28662,43.86646],[-69.31166,43.85663],[-69.32125,43.85908],[-69.31525,43.88284],[-69.32294,43.90164],[-69.29814,43.93665],[-69.32769,43.94581],[-69.33929,43.94215],[-69.34492,43.92401],[-69.36874,43.92029],[-69.3667,43.96475],[-69.39329,43.95642],[-69.42823,43.95728],[-69.42015,43.93588],[-69.42728,43.91226],[-69.4835,43.88028],[-69.50329,43.83767],[-69.51489,43.8313],[-69.52467,43.87564],[-69.54945,43.88001],[-69.54503,43.86124],[-69.55261,43.84135],[-69.5727,43.84401],[-69.57853,43.82332],[-69.58855,43.81836],[-69.60593,43.81486],[-69.60462,43.82579],[-69.59237,43.83089],[-69.59471,43.85888],[-69.60462,43.858],[-69.62109,43.82681],[-69.63493,43.84591],[-69.6498,43.83629],[-69.64862,43.79121],[-69.65819,43.77916],[-69.68558,43.82055],[-69.70584,43.82302],[-69.71972,43.78668],[-69.74101,43.76929],[-69.75409,43.74387],[-69.83532,43.72113],[-69.82895,43.70678],[-69.83347,43.70128],[-69.85508,43.70475],[-69.85559,43.73266],[-69.86867,43.7427],[-69.86216,43.75896],[-69.86973,43.77566],[-69.90316,43.77239],[-69.92701,43.78017],[-69.94854,43.76595],[-69.95806,43.76779],[-69.98368,43.74439],[-70.00127,43.71039],[-70.03621,43.71262],[-70.04667,43.72018],[-70.0713,43.71377],[-70.09193,43.69811],[-70.08845,43.68145],[-70.09604,43.67228],[-70.11591,43.68298],[-70.16823,43.67514],[-70.20593,43.63363],[-70.21709,43.59672],[-70.20112,43.58651],[-70.19691,43.56515],[-70.21678,43.55687],[-70.22784,43.53826],[-70.2455,43.53963],[-70.24433,43.55185],[-70.2725,43.56262],[-70.30776,43.54431],[-70.30741,43.52903],[-70.32112,43.52726],[-70.3288,43.54075],[-70.35283,43.53585],[-70.37912,43.5072],[-70.38562,43.48703],[-70.38023,43.46423],[-70.36736,43.45226],[-70.3273,43.45852],[-70.34381,43.44011],[-70.37051,43.43413],[-70.39089,43.40261],[-70.42767,43.38925],[-70.41631,43.36106],[-70.44244,43.35649],[-70.46598,43.34025],[-70.5177,43.34404],[-70.55385,43.32189],[-70.59391,43.24929],[-70.57793,43.22366],[-70.60515,43.18519],[-70.59082,43.16994],[-70.59671,43.16255],[-70.61887,43.16385],[-70.62251,43.13457],[-70.63446,43.1276],[-70.66596,43.07623],[-70.70382,43.05982],[-70.7089,43.07499],[-70.7564,43.07999],[-70.8268,43.12709],[-70.8338,43.14689],[-70.8235,43.17459],[-70.8283,43.18668],[-70.81934,43.19304],[-70.80964,43.22541],[-70.81786,43.23791],[-70.83868,43.24293],[-70.8433,43.25432],[-70.85821,43.25629],[-70.906,43.29168],[-70.90231,43.30487],[-70.93273,43.33676],[-70.95303,43.33326],[-70.96723,43.34378],[-70.98765,43.38952],[-70.98681,43.41426],[-70.96115,43.43832],[-70.9669,43.45046],[-70.96143,43.4697],[-70.97424,43.47742],[-70.95476,43.5098],[-70.96353,43.53676],[-70.95084,43.55103],[-70.97272,43.57026],[-70.98907,43.79244],[-71.03104,44.65546],[-71.08392,45.30545],[-71.07841,45.30623]]]]}},{"type":"Feature","properties":{"STATEFP":"11","GEOID":"11"},"geometry":{"type":"Polygon","coordinates":[[[-77.11976,38.93434],[-77.04102,38.99555],[-76.90939,38.89285],[-77.03901,38.79165],[-77.0358,38.81491],[-77.045,38.83851],[-77.0328,38.84171],[-77.0317,38.85051],[-77.0406,38.87121],[-77.05825,38.88007],[-77.0682,38.89981],[-77.1012,38.91111],[-77.11976,38.93434]]]}},{"type":"Feature","properties":{"STATEFP":"40","GEOID":"40"},"geometry":{"type":"Polygon","coordinates":[[[-103.00257,36.52659],[-103.0022,37.0001],[-102.04224,36.99308],[-100.11572,37.00221],[-94.61796,36.99891],[-94.61792,36.49941],[-94.43121,35.39429],[-94.48751,33.62894],[-94.52629,33.6192],[-94.53332,33.63766],[-94.55266,33.63825],[-94.55207,33.65348],[-94.57082,33.65494],[-94.57962,33.67762],[-94.60305,33.67135],[-94.62121,33.68102],[-94.64289,33.66842],[-94.65226,33.69098],[-94.70786,33.68688],[-94.71104,33.70567],[-94.73238,33.70025],[-94.73939,33.72255],[-94.76296,33.73179],[-94.77092,33.7544],[-94.79863,33.74453],[-94.81743,33.75217],[-94.8308,33.74007],[-94.8693,33.74587],[-94.87922,33.76491],[-94.91961,33.7863],[-94.91945,33.81018],[-94.9443,33.81214],[-94.9644,33.83702],[-94.9689,33.86092],[-94.98849,33.851],[-95.00838,33.86609],[-95.04657,33.86256],[-95.06549,33.89959],[-95.09044,33.89328],[-95.10077,33.91219],[-95.12237,33.91863],[-95.1247,33.93467],[-95.16111,33.9376],[-95.22639,33.96195],[-95.25291,33.93365],[-95.2531,33.90544],[-95.27785,33.90088],[-95.28786,33.87495],[-95.33345,33.88629],[-95.33912,33.86887],[-95.44737,33.86885],[-95.46335,33.87231],[-95.46492,33.88671],[-95.5023,33.87474],[-95.5153,33.89114],[-95.5452,33.88029],[-95.55941,33.93018],[-95.59968,33.93425],[-95.63698,33.90661],[-95.66534,33.90813],[-95.69696,33.88522],[-95.73751,33.89597],[-95.75637,33.89263],[-95.76256,33.87437],[-95.75351,33.85646],[-95.77207,33.84382],[-95.80515,33.8613],[-95.8206,33.85847],[-95.82078,33.84056],[-95.83752,33.83564],[-95.9352,33.8871],[-95.94428,33.85981],[-95.97216,33.85637],[-95.99149,33.86687],[-95.99835,33.85105],[-96.0196,33.84057],[-96.02946,33.8524],[-96.04883,33.83647],[-96.10009,33.84797],[-96.09936,33.83047],[-96.12295,33.83996],[-96.14807,33.8378],[-96.15077,33.81699],[-96.17896,33.81055],[-96.16212,33.79614],[-96.17806,33.76052],[-96.22052,33.74739],[-96.2699,33.76841],[-96.29248,33.76642],[-96.31692,33.699],[-96.34831,33.68638],[-96.3622,33.69182],[-96.36959,33.71681],[-96.40847,33.75119],[-96.42264,33.77604],[-96.44804,33.78103],[-96.50027,33.77258],[-96.51591,33.7878],[-96.52666,33.82089],[-96.57294,33.8191],[-96.62929,33.84549],[-96.61197,33.86902],[-96.59011,33.88067],[-96.58793,33.89478],[-96.62829,33.89448],[-96.66719,33.91694],[-96.69957,33.83905],[-96.76159,33.82441],[-96.77068,33.82962],[-96.78057,33.8601],[-96.79428,33.86889],[-96.83216,33.87483],[-96.85059,33.84721],[-96.87528,33.86051],[-96.89573,33.89641],[-96.90243,33.94202],[-96.9163,33.9578],[-96.97381,33.9357],[-96.98134,33.95638],[-96.99618,33.94173],[-96.98557,33.88652],[-97.0239,33.84421],[-97.04125,33.83776],[-97.06807,33.86046],[-97.08725,33.85345],[-97.09048,33.84484],[-97.05782,33.83452],[-97.04815,33.81746],[-97.09211,33.8041],[-97.0862,33.74393],[-97.10452,33.72261],[-97.1261,33.71694],[-97.17219,33.73754],[-97.20543,33.80149],[-97.1997,33.82732],[-97.17163,33.83534],[-97.16663,33.84731],[-97.18085,33.8952],[-97.21092,33.91606],[-97.24495,33.90309],[-97.25564,33.8637],[-97.27911,33.86456],[-97.29924,33.88018],[-97.31824,33.86512],[-97.33294,33.87444],[-97.36874,33.82147],[-97.42649,33.8194],[-97.45306,33.82854],[-97.46286,33.84177],[-97.45147,33.87093],[-97.45095,33.8914],[-97.46038,33.90395],[-97.50096,33.91964],[-97.55154,33.89795],[-97.58744,33.90248],[-97.59712,33.91787],[-97.5896,33.95355],[-97.63378,33.98126],[-97.67177,33.99137],[-97.69311,33.9837],[-97.72529,33.94105],[-97.76277,33.9344],[-97.7594,33.91882],[-97.78372,33.91056],[-97.78466,33.89063],[-97.83433,33.85767],[-97.87145,33.849],[-97.93674,33.8792],[-97.96778,33.88243],[-97.98454,33.9007],[-97.9788,33.91255],[-97.96987,33.906],[-97.95716,33.91445],[-97.9534,33.93644],[-97.97417,33.94283],[-97.96035,33.95193],[-97.94573,33.98984],[-97.95833,33.99085],[-97.97417,34.00672],[-98.02767,33.99336],[-98.0882,34.00548],[-98.10548,34.03131],[-98.09618,34.04463],[-98.12021,34.07213],[-98.11942,34.08447],[-98.09933,34.1043],[-98.08975,34.12821],[-98.10946,34.15411],[-98.13082,34.15053],[-98.16912,34.11417],[-98.20371,34.11768],[-98.24101,34.1331],[-98.2939,34.13302],[-98.32545,34.15102],[-98.36402,34.15711],[-98.38124,34.14945],[-98.39844,34.12846],[-98.39978,34.09997],[-98.41443,34.08507],[-98.44009,34.08431],[-98.44903,34.07346],[-98.48633,34.0626],[-98.5282,34.09496],[-98.57245,34.14509],[-98.59979,34.16057],[-98.61673,34.15642],[-98.64807,34.16444],[-98.69007,34.13316],[-98.73429,34.13576],[-98.74197,34.12553],[-98.75704,34.12463],[-98.76557,34.13638],[-98.81295,34.15844],[-98.85559,34.16162],[-98.86012,34.14991],[-98.86812,34.14964],[-98.87292,34.16658],[-98.91833,34.18183],[-98.95251,34.21265],[-98.96079,34.21303],[-98.9663,34.20132],[-98.97413,34.20357],[-98.98729,34.22122],[-99.01308,34.20322],[-99.03627,34.20691],[-99.04347,34.19821],[-99.07954,34.21152],[-99.12657,34.203],[-99.13061,34.21941],[-99.15902,34.20888],[-99.18951,34.21431],[-99.19561,34.28084],[-99.21165,34.29223],[-99.21313,34.34037],[-99.23261,34.34238],[-99.24295,34.37267],[-99.2587,34.37263],[-99.27493,34.3849],[-99.25898,34.39124],[-99.26132,34.4035],[-99.29465,34.41537],[-99.31961,34.40887],[-99.35671,34.44214],[-99.3588,34.45586],[-99.38101,34.45694],[-99.39496,34.4421],[-99.39149,34.40563],[-99.40296,34.37348],[-99.42043,34.38046],[-99.44076,34.37412],[-99.45265,34.38825],[-99.51428,34.41403],[-99.5697,34.41842],[-99.58006,34.41665],[-99.58544,34.38891],[-99.60003,34.37469],[-99.64966,34.37989],[-99.66271,34.37368],[-99.69646,34.38104],[-99.71268,34.39093],[-99.72026,34.4063],[-99.76723,34.4305],[-99.7656,34.43749],[-99.79368,34.45389],[-99.82533,34.4976],[-99.85307,34.51159],[-99.88715,34.54905],[-99.92321,34.57455],[-99.95457,34.5782],[-99.97155,34.56218],[-100.00038,34.56051],[-100.00041,36.4997],[-103.00243,36.5004],[-103.00257,36.52659]]]}},{"type":"Feature","properties":{"STATEFP":"53","GEOID":"53"},"geometry":{"type":"MultiPolygon","coordinates":[[[[-122.32834,48.02134],[-122.32172,48.01998],[-122.30345,48.0056],[-122.32612,48.01029],[-122.33452,48.01892],[-122.32834,48.02134]]],[[[-122.50446,47.55167],[-122.47713,47.54606],[-122.47713,47.53242],[-122.4902,47.5252],[-122.50208,47.52841],[-122.51159,47.54766],[-122.50446,47.55167]]],[[[-122.52603,47.35891],[-122.51425,47.3723],[-122.52673,47.39858],[-122.5147,47.41405],[-122.51333,47.44911],[-122.49786,47.47592],[-122.48274,47.48313],[-122.47468,47.51107],[-122.4524,47.50347],[-122.46003,47.48686],[-122.43339,47.46643],[-122.43941,47.45863],[-122.43766,47.40742],[-122.37363,47.38872],[-122.43781,47.36561],[-122.454,47.34334],[-122.4697,47.34462],[-122.49312,47.33025],[-122.51885,47.33332],[-122.52813,47.34554],[-122.52603,47.35891]]],[[[-122.65361,48.54897],[-122.65238,48.58343],[-122.6426,48.58834],[-122.62932,48.5722],[-122.57886,48.54813],[-122.57297,48.52903],[-122.59995,48.5369],[-122.64041,48.52586],[-122.65204,48.53133],[-122.65361,48.54897]]],[[[-122.69806,48.62308],[-122.67417,48.62994],[-122.65702,48.60989],[-122.6768,48.61006],[-122.69806,48.62308]]],[[[-122.72226,48.73162],[-122.71571,48.74867],[-122.70306,48.7436],[-122.66326,48.69708],[-122.61822,48.67072],[-122.60958,48.64502],[-122.6353,48.65185],[-122.67354,48.68081],[-122.69179,48.7115],[-122.71883,48.71682],[-122.72226,48.73162]]],[[[-122.7399,48.58395],[-122.71451,48.60878],[-122.67064,48.56881],[-122.68944,48.5439],[-122.72241,48.54061],[-122.7399,48.58395]]],[[[-122.76994,48.22755],[-122.75256,48.26006],[-122.73202,48.27943],[-122.72259,48.30427],[-122.67373,48.35468],[-122.66466,48.40151],[-122.62429,48.40049],[-122.60971,48.41157],[-122.59673,48.40563],[-122.59535,48.3972],[-122.58504,48.39517],[-122.58516,48.3533],[-122.51598,48.32042],[-122.50583,48.29768],[-122.53098,48.28245],[-122.55179,48.28151],[-122.58409,48.29799],[-122.61847,48.29416],[-122.62676,48.28899],[-122.62075,48.28296],[-122.62378,48.26943],[-122.65264,48.26508],[-122.66921,48.24061],[-122.72177,48.23441],[-122.72618,48.22266],[-122.71097,48.21411],[-122.66839,48.22397],[-122.62835,48.22247],[-122.60641,48.20826],[-122.56794,48.14862],[-122.55821,48.11958],[-122.57185,48.10214],[-122.55456,48.07739],[-122.53794,48.01607],[-122.51797,48.02243],[-122.50965,48.03976],[-122.51108,48.0753],[-122.52542,48.09654],[-122.4911,48.09424],[-122.43127,48.045],[-122.37626,48.03446],[-122.37326,48.00079],[-122.35361,47.98143],[-122.3496,47.9588],[-122.35881,47.93742],[-122.37684,47.9237],[-122.3773,47.90594],[-122.43103,47.91473],[-122.44552,47.93023],[-122.44076,47.95184],[-122.44668,47.96316],[-122.47266,47.98845],[-122.50126,47.98709],[-122.54682,47.96722],[-122.55205,47.97364],[-122.54292,47.9964],[-122.58178,48.01039],[-122.60734,48.03099],[-122.59362,48.0472],[-122.61403,48.07279],[-122.5983,48.11062],[-122.60957,48.15186],[-122.63317,48.16328],[-122.67956,48.15511],[-122.69308,48.18151],[-122.76304,48.21534],[-122.76994,48.22755]]],[[[-122.91806,48.76841],[-122.87751,48.76389],[-122.88034,48.75109],[-122.8968,48.746],[-122.92075,48.75554],[-122.91806,48.76841]]],[[[-123.07043,48.69997],[-123.04018,48.7173],[-123.00751,48.71886],[-123.00509,48.69434],[-123.02121,48.68142],[-123.04234,48.67566],[-123.03636,48.69008],[-123.07043,48.69997]]],[[[-123.09055,49.00198],[-123.03539,49.00215],[-123.02146,48.9773],[-123.08383,48.97614],[-123.09055,49.00198]]],[[[-123.20303,48.59618],[-123.17843,48.62212],[-123.10736,48.62245],[-123.09846,48.61283],[-123.10155,48.59782],[-123.07461,48.59182],[-123.0484,48.56922],[-122.9873,48.56189],[-122.99503,48.57816],[-123.01665,48.58024],[-123.0341,48.59177],[-123.02343,48.59948],[-123.04653,48.61149],[-123.04865,48.621],[-122.94912,48.6934],[-122.94237,48.70672],[-122.91825,48.7135],[-122.87594,48.71212],[-122.74208,48.66069],[-122.80962,48.61903],[-122.79901,48.60468],[-122.8011,48.58543],[-122.77035,48.55811],[-122.7885,48.53039],[-122.77747,48.5178],[-122.77912,48.50891],[-122.81791,48.48389],[-122.81973,48.45884],[-122.80251,48.4331],[-122.81221,48.42233],[-122.88376,48.41879],[-122.89365,48.42265],[-122.88902,48.43595],[-122.928,48.43997],[-122.91646,48.45326],[-122.9269,48.46087],[-122.96201,48.45116],[-123.03916,48.46],[-123.06767,48.4795],[-123.11945,48.49258],[-123.16323,48.52954],[-123.16147,48.54762],[-123.17627,48.56213],[-123.17306,48.57909],[-123.19775,48.58622],[-123.20303,48.59618]]],[[[-123.23657,48.68895],[-123.17207,48.67987],[-123.10617,48.63347],[-123.13496,48.63724],[-123.21592,48.66935],[-123.23657,48.68895]]],[[[-124.73175,48.17],[-124.70415,48.18442],[-124.69611,48.1986],[-124.69039,48.21975],[-124.70592,48.23989],[-124.68468,48.25523],[-124.65894,48.33106],[-124.6967,48.34975],[-124.73183,48.38116],[-124.71695,48.38978],[-124.65324,48.39069],[-124.62382,48.3691],[-124.59073,48.3736],[-124.56484,48.36792],[-124.53882,48.34989],[-124.39559,48.28877],[-124.36135,48.28758],[-124.27202,48.25441],[-124.25088,48.26477],[-124.23858,48.26247],[-124.10177,48.21688],[-124.10721,48.20008],[-124.05073,48.17775],[-123.98103,48.16476],[-123.85882,48.15427],[-123.71835,48.15871],[-123.70274,48.16678],[-123.65141,48.15695],[-123.62882,48.13928],[-123.59084,48.13495],[-123.55113,48.15138],[-123.50723,48.13181],[-123.44013,48.14201],[-123.44197,48.12426],[-123.42467,48.11807],[-123.3327,48.11297],[-123.28826,48.12104],[-123.23913,48.11822],[-123.1644,48.16589],[-123.13344,48.17728],[-123.14323,48.15663],[-123.11648,48.15021],[-123.06621,48.12047],[-123.03873,48.08114],[-122.97941,48.09594],[-122.91794,48.09154],[-122.92685,48.06459],[-122.87764,48.04702],[-122.86096,48.02132],[-122.87582,47.99604],[-122.83946,48.00177],[-122.82748,48.04677],[-122.87825,48.07607],[-122.88201,48.10078],[-122.87628,48.11088],[-122.83317,48.13441],[-122.76045,48.14324],[-122.74891,48.11703],[-122.8014,48.08756],[-122.76665,48.04429],[-122.74229,48.04932],[-122.73927,48.06915],[-122.74835,48.0721],[-122.73326,48.09123],[-122.68724,48.10166],[-122.69222,48.08708],[-122.68226,48.04272],[-122.66894,48.03203],[-122.66987,48.01722],[-122.6869,48.00831],[-122.70184,48.01611],[-122.72337,48.00809],[-122.71808,47.98774],[-122.70129,47.97298],[-122.6788,47.96793],[-122.68445,47.93959],[-122.65772,47.93116],[-122.65106,47.92099],[-122.65508,47.90506],[-122.64649,47.89477],[-122.61034,47.88734],[-122.63636,47.86619],[-122.69376,47.868],[-122.6816,47.85041],[-122.68374,47.83877],[-122.74806,47.80055],[-122.7585,47.74604],[-122.78168,47.70392],[-122.81193,47.67986],[-122.83214,47.69551],[-122.79062,47.7926],[-122.81262,47.84003],[-122.82018,47.8359],[-122.81503,47.80749],[-122.84561,47.77747],[-122.88046,47.72064],[-122.89652,47.67484],[-122.97244,47.6149],[-123.10649,47.45817],[-123.15598,47.35574],[-123.14017,47.3475],[-123.1113,47.36262],[-123.0721,47.35159],[-123.03027,47.35095],[-122.98392,47.37461],[-122.91143,47.3891],[-122.87791,47.41098],[-122.87245,47.42352],[-122.90121,47.42159],[-123.05689,47.3685],[-123.11547,47.37609],[-123.12023,47.39149],[-122.96728,47.58568],[-122.9171,47.62074],[-122.85661,47.64961],[-122.8045,47.65336],[-122.75419,47.67161],[-122.74016,47.73623],[-122.72269,47.74883],[-122.7148,47.76818],[-122.69056,47.77837],[-122.68202,47.80088],[-122.62319,47.8362],[-122.6081,47.85673],[-122.57367,47.85758],[-122.58823,47.91292],[-122.6167,47.92514],[-122.61702,47.93899],[-122.60386,47.94048],[-122.54907,47.91907],[-122.52759,47.90588],[-122.51399,47.88081],[-122.50612,47.83174],[-122.48253,47.81551],[-122.49546,47.78669],[-122.47033,47.75711],[-122.48849,47.74361],[-122.55445,47.7457],[-122.54316,47.71094],[-122.53094,47.70481],[-122.5112,47.70871],[-122.5046,47.69914],[-122.51828,47.65132],[-122.49321,47.63512],[-122.49824,47.59824],[-122.47909,47.58365],[-122.51837,47.57408],[-122.54312,47.55633],[-122.54661,47.52355],[-122.52305,47.524],[-122.49488,47.51026],[-122.53051,47.46904],[-122.53189,47.42883],[-122.55114,47.39446],[-122.53704,47.3759],[-122.57599,47.32642],[-122.54752,47.28534],[-122.60254,47.21751],[-122.66857,47.27045],[-122.69738,47.28397],[-122.67126,47.34377],[-122.63246,47.37639],[-122.67149,47.36688],[-122.72574,47.33047],[-122.74962,47.27641],[-122.71812,47.25005],[-122.72482,47.23589],[-122.67987,47.23119],[-122.6418,47.20501],[-122.65727,47.19352],[-122.67772,47.1911],[-122.6755,47.14196],[-122.70243,47.12387],[-122.77162,47.16711],[-122.84329,47.25747],[-122.84233,47.26756],[-122.79903,47.28931],[-122.79665,47.34165],[-122.80461,47.35683],[-122.82187,47.36307],[-122.82234,47.31976],[-122.86373,47.27022],[-122.85617,47.23379],[-122.8383,47.20835],[-122.85994,47.16557],[-122.81424,47.17948],[-122.77506,47.12311],[-122.72144,47.10318],[-122.67813,47.10387],[-122.65063,47.13245],[-122.63617,47.13557],[-122.63588,47.16396],[-122.59083,47.17811],[-122.56196,47.2441],[-122.52759,47.29153],[-122.54741,47.31773],[-122.53334,47.31662],[-122.4442,47.26672],[-122.4296,47.26971],[-122.4092,47.28856],[-122.44464,47.30042],[-122.44301,47.30633],[-122.42354,47.31912],[-122.32483,47.34852],[-122.32843,47.40062],[-122.34803,47.41592],[-122.35514,47.44192],[-122.38314,47.45052],[-122.36804,47.45922],[-122.36134,47.48142],[-122.39654,47.51522],[-122.39834,47.55012],[-122.42114,47.57602],[-122.38714,47.59572],[-122.37017,47.58309],[-122.34294,47.59122],[-122.33951,47.59911],[-122.36782,47.62421],[-122.41464,47.63977],[-122.42984,47.65892],[-122.38044,47.70912],[-122.37314,47.72922],[-122.38024,47.75852],[-122.39704,47.77972],[-122.39494,47.80332],[-122.33595,47.85231],[-122.32855,47.89792],[-122.31075,47.92512],[-122.30705,47.94912],[-122.24901,47.95951],[-122.23005,47.97092],[-122.22498,48.01663],[-122.23176,48.02988],[-122.28109,48.04979],[-122.32612,48.09288],[-122.34324,48.09763],[-122.36508,48.12582],[-122.37025,48.16481],[-122.36204,48.18757],[-122.39612,48.22923],[-122.44961,48.2326],[-122.45362,48.22683],[-122.44205,48.20935],[-122.47853,48.18809],[-122.47901,48.1757],[-122.44238,48.13084],[-122.37948,48.08738],[-122.35837,48.05613],[-122.37711,48.05757],[-122.40069,48.08525],[-122.4675,48.13035],[-122.48999,48.12062],[-122.51203,48.13393],[-122.53722,48.18375],[-122.531,48.24982],[-122.50379,48.25704],[-122.48092,48.25171],[-122.46396,48.27054],[-122.40654,48.25164],[-122.37169,48.28784],[-122.40872,48.32641],[-122.47553,48.35991],[-122.50744,48.36467],[-122.53345,48.38341],[-122.53945,48.39719],[-122.55454,48.40604],[-122.5584,48.42676],[-122.55122,48.43946],[-122.5573,48.44444],[-122.57525,48.44333],[-122.58161,48.42924],[-122.61266,48.41833],[-122.6548,48.41107],[-122.67416,48.42473],[-122.67893,48.43947],[-122.65484,48.45409],[-122.65775,48.47294],[-122.68912,48.47685],[-122.7006,48.45763],[-122.71232,48.46414],[-122.71298,48.47879],[-122.70164,48.49762],[-122.68452,48.50912],[-122.67139,48.50398],[-122.60696,48.52215],[-122.5868,48.49661],[-122.55676,48.49617],[-122.53736,48.46675],[-122.50072,48.46089],[-122.47183,48.47072],[-122.49846,48.55621],[-122.50443,48.56477],[-122.53198,48.56864],[-122.53479,48.57596],[-122.4959,48.57593],[-122.47843,48.5593],[-122.44456,48.57012],[-122.42527,48.59952],[-122.50031,48.65616],[-122.51917,48.7131],[-122.4904,48.75113],[-122.5358,48.77613],[-122.5675,48.77918],[-122.59684,48.77149],[-122.63715,48.73571],[-122.61256,48.71493],[-122.60573,48.70107],[-122.61517,48.69384],[-122.63042,48.69662],[-122.67347,48.73308],[-122.64678,48.78501],[-122.69368,48.80447],[-122.6993,48.78906],[-122.70982,48.78621],[-122.71707,48.84719],[-122.79318,48.89293],[-122.75129,48.91124],[-122.7466,48.93073],[-122.7661,48.94196],[-122.78754,48.9317],[-122.82163,48.94137],[-122.81723,48.95597],[-122.77428,48.99104],[-122.75632,48.99688],[-122.75802,49.00236],[-117.03235,48.99919],[-117.04266,47.76086],[-117.03981,46.42542],[-117.0347,46.41832],[-117.06275,46.35362],[-117.02384,46.33598],[-117.02066,46.31479],[-116.98669,46.29666],[-116.99113,46.27634],[-116.96674,46.25692],[-116.95526,46.23088],[-116.96584,46.20342],[-116.92187,46.16781],[-116.95028,46.12346],[-116.95526,46.10224],[-116.98248,46.08939],[-116.97894,46.08001],[-116.95737,46.07545],[-116.94266,46.061],[-116.91599,45.99541],[-118.98713,45.99985],[-119.02706,45.96913],[-119.12612,45.93286],[-119.19553,45.92787],[-119.25715,45.93993],[-119.3644,45.9216],[-119.45026,45.91735],[-119.48783,45.90631],[-119.52463,45.90861],[-119.57158,45.92546],[-119.60055,45.91958],[-119.66988,45.85687],[-119.80266,45.84753],[-119.96574,45.82437],[-120.07015,45.78515],[-120.17045,45.76195],[-120.21075,45.72595],[-120.48236,45.69445],[-120.50586,45.70005],[-120.55947,45.73835],[-120.59117,45.74655],[-120.63497,45.74585],[-120.68937,45.71585],[-120.85567,45.67155],[-120.89557,45.64294],[-120.91348,45.64005],[-120.94398,45.65644],[-120.98348,45.64834],[-121.06437,45.65255],[-121.08493,45.64789],[-121.12006,45.62313],[-121.11705,45.61812],[-121.14553,45.60789],[-121.18384,45.60644],[-121.19656,45.61669],[-121.20037,45.64983],[-121.21578,45.67124],[-121.33777,45.70495],[-121.42359,45.69399],[-121.53311,45.72654],[-121.70736,45.69481],[-121.8113,45.70676],[-121.86717,45.69328],[-121.90185,45.67072],[-121.90827,45.6544],[-121.95573,45.64356],[-121.98304,45.62281],[-122.04437,45.60952],[-122.10168,45.58352],[-122.1837,45.5777],[-122.2017,45.56414],[-122.2667,45.54384],[-122.3315,45.54824],[-122.3528,45.56944],[-122.3803,45.57594],[-122.43867,45.56359],[-122.54815,45.59677],[-122.67501,45.61804],[-122.76381,45.65714],[-122.77451,45.68044],[-122.76011,45.73441],[-122.76145,45.75916],[-122.76953,45.78058],[-122.7956,45.81],[-122.78503,45.8677],[-122.81151,45.91273],[-122.80619,45.93242],[-122.814,45.96098],[-122.87809,46.03128],[-122.88448,46.06028],[-122.90412,46.08373],[-122.96268,46.10482],[-123.00423,46.13382],[-123.1159,46.18527],[-123.16641,46.18897],[-123.28017,46.14484],[-123.37143,46.14637],[-123.43085,46.18183],[-123.42763,46.22935],[-123.47484,46.26783],[-123.50124,46.271],[-123.54766,46.25911],[-123.54764,46.26559],[-123.61354,46.25999],[-123.6695,46.26683],[-123.67912,46.2725],[-123.68057,46.29603],[-123.70076,46.30528],[-123.72427,46.30116],[-123.72858,46.28872],[-123.74148,46.29027],[-123.76668,46.2735],[-123.80614,46.28359],[-123.87552,46.23979],[-123.91958,46.25122],[-123.95435,46.277],[-123.97451,46.30306],[-124.00126,46.31326],[-124.02055,46.31574],[-124.04402,46.27593],[-124.06096,46.27876],[-124.08067,46.26724],[-124.06462,46.3269],[-124.05742,46.40931],[-124.06866,46.63488],[-124.04844,46.64583],[-124.03587,46.63082],[-124.05271,46.6228],[-124.05084,46.61742],[-124.02357,46.58256],[-124.03174,46.49638],[-124.01526,46.37868],[-124.00718,46.37147],[-123.9537,46.37884],[-123.9499,46.41032],[-123.96197,46.4089],[-123.96535,46.43326],[-123.9884,46.44505],[-123.99268,46.48862],[-123.97905,46.49738],[-123.97083,46.47537],[-123.94253,46.46519],[-123.94367,46.4772],[-123.92119,46.50773],[-123.8967,46.52267],[-123.89425,46.53703],[-123.92886,46.58888],[-123.95556,46.60357],[-123.96064,46.63636],[-123.92191,46.65026],[-123.92327,46.67271],[-123.9156,46.67865],[-123.82924,46.70898],[-123.83347,46.71832],[-123.87668,46.73066],[-123.89305,46.7502],[-123.91637,46.74132],[-123.91687,46.72674],[-123.97499,46.73339],[-123.97965,46.72466],[-123.96689,46.70518],[-123.97366,46.70335],[-123.99424,46.70793],[-124.00346,46.70234],[-124.09218,46.74162],[-124.10808,46.83639],[-124.13823,46.90553],[-124.11064,46.91252],[-124.09339,46.90117],[-124.08929,46.86772],[-124.07311,46.86149],[-124.05509,46.87043],[-124.04634,46.89397],[-123.98508,46.92192],[-123.95749,46.92126],[-123.86018,46.94856],[-123.89825,46.97193],[-123.93921,46.96974],[-123.95919,46.98176],[-124.01222,46.98518],[-124.01973,46.99119],[-124.00525,47.00391],[-124.02635,47.03019],[-124.06586,47.04114],[-124.12206,47.04165],[-124.14152,47.03514],[-124.15129,47.02111],[-124.12439,46.94387],[-124.18011,46.92636],[-124.16911,46.99451],[-124.1828,47.13404],[-124.23635,47.28729],[-124.25359,47.30248],[-124.27119,47.30503],[-124.29994,47.34836],[-124.31938,47.35556],[-124.33672,47.416],[-124.35595,47.5457],[-124.4252,47.73843],[-124.45393,47.76533],[-124.47657,47.76967],[-124.48974,47.81699],[-124.53993,47.83697],[-124.56236,47.86622],[-124.63015,47.89247],[-124.64544,47.93534],[-124.67243,47.96441],[-124.68216,48.03599],[-124.69654,48.06927],[-124.6871,48.09866],[-124.7317,48.1604],[-124.73175,48.17]]]]}},{"type":"Feature","properties":{"STATEFP":"72","GEOID":"72"},"geometry":{"type":"MultiPolygon","coordinates":[[[[-65.34244,18.34962],[-65.3208,18.3348],[-65.29176,18.33156],[-65.25593,18.34212],[-65.22157,18.32096],[-65.22285,18.31046],[-65.24499,18.30748],[-65.28583,18.28086],[-65.30733,18.30311],[-65.33059,18.29772],[-65.33745,18.30831],[-65.33051,18.32177],[-65.34557,18.34249],[-65.34244,18.34962]]],[[[-65.57558,18.11567],[-65.48983,18.13591],[-65.43706,18.15766],[-65.39952,18.16193],[-65.3023,18.14109],[-65.28796,18.1481],[-65.27517,18.13443],[-65.32279,18.12659],[-65.34204,18.11138],[-65.356,18.11231],[-65.35079,18.12335],[-65.36588,18.12469],[-65.37367,18.12142],[-65.37442,18.10804],[-65.41177,18.10621],[-65.45138,18.0861],[-65.47979,18.09635],[-65.54209,18.08118],[-65.5693,18.09162],[-65.57558,18.11567]]],[[[-65.57446,18.35426],[-65.56643,18.35413],[-65.56372,18.34196],[-65.57853,18.34652],[-65.57446,18.35426]]],[[[-65.59444,18.39146],[-65.56073,18.37892],[-65.56087,18.37182],[-65.5696,18.36767],[-65.59591,18.38215],[-65.59444,18.39146]]],[[[-66.5333,17.89414],[-66.51786,17.90771],[-66.50597,17.90658],[-66.50597,17.89301],[-66.51786,17.88283],[-66.53212,17.87831],[-66.5333,17.89414]]],[[[-67.26826,18.36699],[-67.217,18.38208],[-67.15961,18.41591],[-67.15662,18.43956],[-67.16901,18.46635],[-67.16414,18.4874],[-67.13825,18.50778],[-67.09375,18.51576],[-67.02028,18.5106],[-66.95773,18.48913],[-66.90687,18.48356],[-66.78031,18.49141],[-66.73399,18.47346],[-66.71074,18.47261],[-66.62462,18.4942],[-66.58407,18.48429],[-66.5585,18.48999],[-66.47029,18.46907],[-66.44918,18.47099],[-66.43996,18.48552],[-66.41034,18.48989],[-66.33773,18.48562],[-66.29122,18.47235],[-66.2698,18.48028],[-66.2418,18.46874],[-66.18672,18.46973],[-66.16122,18.45341],[-66.13796,18.47389],[-66.03944,18.45444],[-66.02322,18.44387],[-66.00652,18.44435],[-65.99079,18.46042],[-65.92567,18.44488],[-65.90499,18.45093],[-65.83882,18.43186],[-65.81669,18.41066],[-65.79206,18.42233],[-65.7845,18.4129],[-65.77053,18.41294],[-65.75046,18.38521],[-65.74215,18.38046],[-65.72196,18.38821],[-65.69907,18.36816],[-65.66486,18.36308],[-65.62529,18.38406],[-65.61717,18.37623],[-65.63329,18.34747],[-65.6264,18.3319],[-65.63291,18.26751],[-65.60799,18.24941],[-65.60335,18.23379],[-65.63606,18.22083],[-65.63488,18.20551],[-65.64175,18.20034],[-65.66413,18.20714],[-65.70236,18.18381],[-65.71692,18.19044],[-65.72847,18.18559],[-65.74363,18.16396],[-65.76692,18.14842],[-65.80183,18.05853],[-65.81711,18.06338],[-65.83109,18.05066],[-65.83243,18.01492],[-65.87033,18.0066],[-65.88494,17.98852],[-65.92474,17.97609],[-65.97661,17.96767],[-65.99519,17.97899],[-66.01731,17.97958],[-66.04903,17.95456],[-66.08141,17.96655],[-66.15577,17.92969],[-66.1934,17.93679],[-66.2244,17.91243],[-66.25388,17.9201],[-66.25119,17.93278],[-66.26433,17.94454],[-66.29078,17.94649],[-66.32366,17.97854],[-66.36251,17.96823],[-66.38506,17.939],[-66.46134,17.99027],[-66.4914,17.99026],[-66.58323,17.96123],[-66.63194,17.98275],[-66.67282,17.96645],[-66.71696,17.99034],[-66.75626,17.98701],[-66.76449,18.00632],[-66.78509,17.99586],[-66.78724,17.97291],[-66.8224,17.9545],[-66.83858,17.94993],[-66.85647,17.95655],[-66.86353,17.94467],[-66.88344,17.95253],[-66.90936,17.94988],[-66.92383,17.92692],[-66.95558,17.93156],[-66.98052,17.95165],[-66.98609,17.96734],[-67.0047,17.96082],[-67.02452,17.97072],[-67.06248,17.97382],[-67.08983,17.95142],[-67.10998,17.94581],[-67.17857,17.96479],[-67.18872,17.95099],[-67.18346,17.93114],[-67.19478,17.93283],[-67.21152,17.95262],[-67.21527,17.98346],[-67.20769,17.99802],[-67.1743,18.01115],[-67.17214,18.02142],[-67.20989,18.03544],[-67.19669,18.06649],[-67.19931,18.09114],[-67.18218,18.10851],[-67.18082,18.16805],[-67.15266,18.20349],[-67.173,18.23067],[-67.19606,18.29044],[-67.23514,18.29994],[-67.26748,18.35315],[-67.26826,18.36699]]],[[[-67.49148,18.3903],[-67.48284,18.39668],[-67.4662,18.37976],[-67.47571,18.37074],[-67.49116,18.37638],[-67.49148,18.3903]]],[[[-67.93448,18.11131],[-67.91088,18.11967],[-67.87643,18.11416],[-67.86155,18.12214],[-67.84825,18.10832],[-67.84361,18.0851],[-67.87146,18.0578],[-67.89592,18.05234],[-67.9408,18.07972],[-67.93448,18.11131]]]]}},{"type":"Feature","properties":{"STATEFP":"32","GEOID":"32"},"geometry":{"type":"Polygon","coordinates":[[[-120.00574,39.22866],[-119.99618,40.26246],[-119.99917,41.99484],[-115.03178,41.99601],[-114.83108,42.00221],[-114.59827,41.99451],[-114.04172,41.99372],[-114.05296,37.59278],[-114.04684,36.19407],[-114.06803,36.18066],[-114.09987,36.12165],[-114.12314,36.11158],[-114.11453,36.09522],[-114.1369,36.05947],[-114.1382,36.04128],[-114.15413,36.02386],[-114.17682,36.02765],[-114.23329,36.01429],[-114.25265,36.02019],[-114.2802,36.04636],[-114.31556,36.05949],[-114.30843,36.08244],[-114.37211,36.14311],[-114.40547,36.14737],[-114.44661,36.12597],[-114.46364,36.1397],[-114.50217,36.1288],[-114.51172,36.15096],[-114.57203,36.15161],[-114.61669,36.1301],[-114.63172,36.14231],[-114.66654,36.11734],[-114.73616,36.10437],[-114.75562,36.08717],[-114.73625,36.05847],[-114.74062,36.04102],[-114.72971,36.02817],[-114.74278,36.00996],[-114.74376,35.9851],[-114.72994,35.96218],[-114.73116,35.94392],[-114.70753,35.92806],[-114.70852,35.91231],[-114.66719,35.87479],[-114.66969,35.86508],[-114.69777,35.85484],[-114.69571,35.8306],[-114.71211,35.80618],[-114.69891,35.79019],[-114.69571,35.75599],[-114.70541,35.70829],[-114.68061,35.68549],[-114.68941,35.65141],[-114.65341,35.61079],[-114.66618,35.57758],[-114.6569,35.53439],[-114.67721,35.51349],[-114.67764,35.48974],[-114.66213,35.44424],[-114.62714,35.4095],[-114.60431,35.35358],[-114.57996,35.20964],[-114.56924,35.18348],[-114.57852,35.12875],[-114.62993,35.11827],[-114.64676,35.10187],[-114.61313,35.0831],[-114.60291,35.06859],[-114.63689,35.02837],[-114.63349,35.00186],[-115.85291,35.96966],[-116.54198,36.49995],[-117.50012,37.22038],[-118.71431,38.10218],[-120.00101,38.99957],[-120.00574,39.22866]]]}},{"type":"Feature","properties":{"STATEFP":"27","GEOID":"27"},"geometry":{"type":"Polygon","coordinates":[[[-97.23921,48.96868],[-97.22872,49.00056],[-95.15371,48.9989],[-95.15331,49.38436],[-95.12647,49.36944],[-95.0584,49.35317],[-94.95746,49.37019],[-94.85425,49.32415],[-94.81622,49.32099],[-94.82516,49.29428],[-94.79753,49.19779],[-94.77322,49.12073],[-94.75022,49.09976],[-94.68307,48.88393],[-94.68422,48.8724],[-94.69253,48.86895],[-94.68568,48.84012],[-94.70428,48.82428],[-94.69431,48.78935],[-94.69089,48.77807],[-94.65176,48.75591],[-94.64508,48.74414],[-94.58715,48.7176],[-94.54907,48.71465],[-94.53306,48.70126],[-94.45233,48.69244],[-94.41619,48.71095],[-94.34276,48.70338],[-94.29074,48.70775],[-94.26054,48.69638],[-94.25117,48.68351],[-94.25019,48.65632],[-94.22428,48.64953],[-94.00693,48.64319],[-93.94422,48.63229],[-93.84075,48.62855],[-93.80676,48.57762],[-93.81825,48.53005],[-93.79445,48.51602],[-93.65665,48.51573],[-93.62887,48.53121],[-93.61062,48.52166],[-93.4675,48.54566],[-93.45668,48.56183],[-93.46431,48.59179],[-93.43849,48.59338],[-93.40527,48.60934],[-93.37116,48.60509],[-93.35413,48.61235],[-93.34818,48.62641],[-93.25485,48.64278],[-93.2074,48.64247],[-93.17809,48.62334],[-92.98496,48.62373],[-92.95488,48.63149],[-92.94984,48.60827],[-92.72805,48.53929],[-92.63493,48.54287],[-92.62724,48.50338],[-92.69882,48.49489],[-92.71256,48.46301],[-92.688,48.44389],[-92.65603,48.43671],[-92.50728,48.44788],[-92.47558,48.41879],[-92.45633,48.4142],[-92.45639,48.40113],[-92.47675,48.37176],[-92.46995,48.35184],[-92.43783,48.30984],[-92.41629,48.29546],[-92.36917,48.22027],[-92.33683,48.23538],[-92.26974,48.24824],[-92.29454,48.27156],[-92.30145,48.28861],[-92.29453,48.30645],[-92.30631,48.31644],[-92.29541,48.32396],[-92.28899,48.34299],[-92.26228,48.35493],[-92.21698,48.34511],[-92.14505,48.36565],[-92.14358,48.35612],[-92.05523,48.35921],[-92.04573,48.3479],[-92.04656,48.33474],[-92.00013,48.32135],[-92.01298,48.29739],[-92.00658,48.26542],[-91.98955,48.26021],[-91.9769,48.24463],[-91.97024,48.25359],[-91.95443,48.25168],[-91.9578,48.23299],[-91.89347,48.2377],[-91.86788,48.2191],[-91.86438,48.20703],[-91.81577,48.21175],[-91.78901,48.19655],[-91.75664,48.20502],[-91.74908,48.19884],[-91.74231,48.20449],[-91.71493,48.19913],[-91.71161,48.1891],[-91.72458,48.17066],[-91.70532,48.17077],[-91.70852,48.1527],[-91.69817,48.14164],[-91.71199,48.11471],[-91.68285,48.12212],[-91.68762,48.1117],[-91.66521,48.10701],[-91.65326,48.11414],[-91.64017,48.09693],[-91.55927,48.10827],[-91.55296,48.10301],[-91.56975,48.09335],[-91.57547,48.06629],[-91.57567,48.04879],[-91.56725,48.04372],[-91.48865,48.06806],[-91.45033,48.06881],[-91.43888,48.04998],[-91.42964,48.04861],[-91.37087,48.06941],[-91.26638,48.07871],[-91.21443,48.10294],[-91.19046,48.12489],[-91.17618,48.12581],[-91.13773,48.14915],[-91.13858,48.15584],[-91.08273,48.18076],[-91.02421,48.19007],[-90.97696,48.21945],[-90.91497,48.2306],[-90.88548,48.24578],[-90.87511,48.23778],[-90.84735,48.24444],[-90.83918,48.23951],[-90.83631,48.17696],[-90.82112,48.18471],[-90.80421,48.17783],[-90.7966,48.15937],[-90.77792,48.1638],[-90.77803,48.14872],[-90.79797,48.13689],[-90.76911,48.11659],[-90.75161,48.09097],[-90.6416,48.10352],[-90.5799,48.12392],[-90.55929,48.12168],[-90.55585,48.11707],[-90.56976,48.10695],[-90.55684,48.09601],[-90.48708,48.09908],[-90.46771,48.10882],[-90.43845,48.09875],[-90.40322,48.10511],[-90.37454,48.09094],[-90.31239,48.1053],[-90.28934,48.09899],[-90.14376,48.11264],[-90.0236,48.08471],[-90.01506,48.06719],[-89.99785,48.05757],[-89.99305,48.0284],[-89.96825,48.01448],[-89.93449,48.01563],[-89.91534,47.99487],[-89.89741,47.9876],[-89.87125,47.98595],[-89.84624,47.99272],[-89.84218,48.00277],[-89.83182,47.9994],[-89.8198,48.0151],[-89.76397,48.02297],[-89.72316,48.02048],[-89.72404,48.01367],[-89.7171,48.01717],[-89.71591,48.00925],[-89.70253,48.00632],[-89.6738,48.01151],[-89.65107,48.00362],[-89.61035,48.01778],[-89.60782,48.00657],[-89.58101,47.9959],[-89.48923,48.01453],[-89.49534,48.00236],[-89.54152,47.99284],[-89.55501,47.97485],[-89.57232,47.96724],[-89.58823,47.9662],[-89.62456,47.98315],[-89.64013,47.96793],[-89.63954,47.95359],[-89.69762,47.94129],[-89.79354,47.89136],[-89.92365,47.86206],[-89.9339,47.84676],[-89.9743,47.83051],[-90.07202,47.8111],[-90.07556,47.8033],[-90.16079,47.79281],[-90.18764,47.77813],[-90.24879,47.77276],[-90.33269,47.74639],[-90.43771,47.73161],[-90.5371,47.70305],[-90.55129,47.69027],[-90.73593,47.62434],[-91.04565,47.45652],[-91.09757,47.41389],[-91.15651,47.37882],[-91.18877,47.34008],[-91.26251,47.27929],[-91.47735,47.12567],[-91.57382,47.08992],[-91.59151,47.06868],[-91.62682,47.04995],[-91.64456,47.02649],[-91.70465,47.00525],[-91.78068,46.94588],[-91.88324,46.90573],[-92.09409,46.78784],[-92.08829,46.77364],[-92.01414,46.70703],[-92.03524,46.70755],[-92.08949,46.74924],[-92.11659,46.74864],[-92.14329,46.73464],[-92.14629,46.71594],[-92.18909,46.71754],[-92.20469,46.70404],[-92.20519,46.69834],[-92.183,46.69565],[-92.17588,46.68647],[-92.20409,46.66694],[-92.20229,46.65504],[-92.21239,46.64994],[-92.24249,46.64924],[-92.25618,46.65868],[-92.27059,46.65074],[-92.29129,46.66814],[-92.29403,46.07438],[-92.33291,46.0627],[-92.35176,46.01568],[-92.42856,46.02424],[-92.44226,46.01618],[-92.46935,45.97381],[-92.52705,45.98324],[-92.54981,45.96799],[-92.55193,45.95165],[-92.63882,45.93417],[-92.63912,45.92455],[-92.65613,45.92444],[-92.67661,45.90637],[-92.7077,45.8949],[-92.73404,45.86811],[-92.73999,45.84628],[-92.76515,45.83018],[-92.75781,45.80657],[-92.7765,45.79001],[-92.78462,45.7642],[-92.80984,45.74417],[-92.86919,45.71757],[-92.88793,45.63901],[-92.88375,45.57548],[-92.82331,45.56093],[-92.77022,45.56694],[-92.72608,45.54111],[-92.72668,45.51446],[-92.68023,45.46434],[-92.65355,45.45535],[-92.6466,45.44163],[-92.65042,45.39851],[-92.70272,45.35847],[-92.69897,45.33637],[-92.70997,45.3213],[-92.76187,45.28701],[-92.75166,45.26591],[-92.76025,45.2496],[-92.75171,45.21867],[-92.76391,45.20487],[-92.76681,45.18547],[-92.7524,45.17392],[-92.75771,45.15547],[-92.73958,45.1156],[-92.79153,45.07965],[-92.80308,45.06098],[-92.76206,45.02432],[-92.77123,45.00138],[-92.76945,44.97215],[-92.7546,44.95577],[-92.75065,44.9373],[-92.7587,44.90898],[-92.77457,44.89808],[-92.7634,44.87417],[-92.7691,44.86217],[-92.76528,44.83719],[-92.78521,44.7923],[-92.80529,44.76836],[-92.80732,44.75036],[-92.73726,44.71715],[-92.66099,44.66088],[-92.6321,44.64903],[-92.61978,44.63419],[-92.62146,44.61502],[-92.58471,44.59986],[-92.56943,44.60354],[-92.54717,44.5675],[-92.51922,44.57527],[-92.43863,44.55264],[-92.41509,44.56036],[-92.33611,44.554],[-92.31407,44.53801],[-92.291,44.48546],[-92.23247,44.44543],[-92.05649,44.40273],[-92.03815,44.38873],[-91.97027,44.36584],[-91.91863,44.32267],[-91.91357,44.31039],[-91.92461,44.29181],[-91.89639,44.27469],[-91.88704,44.25177],[-91.8927,44.2311],[-91.87516,44.20058],[-91.82917,44.17835],[-91.80806,44.15926],[-91.75175,44.13479],[-91.72155,44.13034],[-91.7106,44.12048],[-91.70749,44.10391],[-91.68153,44.0974],[-91.64787,44.06411],[-91.61049,44.04931],[-91.59207,44.03137],[-91.50712,44.01898],[-91.43252,43.99683],[-91.40739,43.96515],[-91.36664,43.93746],[-91.35743,43.91723],[-91.28414,43.84707],[-91.26244,43.79217],[-91.24413,43.77467],[-91.26846,43.70982],[-91.27325,43.66662],[-91.2624,43.64176],[-91.26875,43.61535],[-91.23186,43.58182],[-91.24318,43.54031],[-91.21829,43.51443],[-91.21771,43.50055],[-96.45326,43.50039],[-96.45307,45.29812],[-96.48906,45.35707],[-96.52179,45.37564],[-96.61773,45.40809],[-96.68045,45.4105],[-96.69254,45.41734],[-96.73274,45.45874],[-96.76528,45.52141],[-96.85775,45.60596],[-96.83577,45.64965],[-96.66259,45.73868],[-96.62778,45.78624],[-96.58308,45.82002],[-96.56133,45.94566],[-96.57035,45.96359],[-96.57794,46.02687],[-96.55927,46.05827],[-96.55451,46.08398],[-96.5876,46.17893],[-96.58437,46.20416],[-96.59755,46.22773],[-96.59812,46.24311],[-96.59008,46.24865],[-96.59973,46.26212],[-96.59976,46.33039],[-96.62921,46.35265],[-96.64433,46.35191],[-96.64653,46.36251],[-96.66719,46.37546],[-96.68069,46.40738],[-96.71807,46.43825],[-96.71556,46.46323],[-96.73799,46.48788],[-96.73361,46.49722],[-96.74644,46.57408],[-96.77245,46.60013],[-96.79882,46.65807],[-96.78434,46.68505],[-96.7912,46.70375],[-96.77925,46.72743],[-96.78431,46.76755],[-96.80254,46.81152],[-96.77935,46.84214],[-96.78136,46.87936],[-96.76846,46.87956],[-96.77656,46.89566],[-96.75953,46.92577],[-96.76326,46.93506],[-96.78312,46.92548],[-96.79105,46.92988],[-96.79931,46.96412],[-96.82185,46.96937],[-96.82318,46.99997],[-96.8346,47.00772],[-96.8295,47.02154],[-96.81798,47.02654],[-96.82448,47.05968],[-96.81798,47.10601],[-96.83241,47.14374],[-96.82209,47.16504],[-96.83881,47.19789],[-96.83212,47.20487],[-96.83928,47.22387],[-96.83269,47.2362],[-96.84409,47.28998],[-96.83288,47.30449],[-96.84253,47.31242],[-96.83585,47.33591],[-96.85375,47.3734],[-96.84072,47.39131],[-96.86426,47.41954],[-96.85137,47.50904],[-96.86636,47.52594],[-96.85471,47.53597],[-96.85915,47.56636],[-96.85283,47.59789],[-96.85711,47.61076],[-96.87367,47.61365],[-96.88857,47.63845],[-96.88286,47.64171],[-96.88557,47.66344],[-96.90026,47.69078],[-96.90991,47.68952],[-96.93918,47.7684],[-96.96532,47.78347],[-96.95786,47.79202],[-96.98058,47.80561],[-96.97933,47.82453],[-96.99829,47.84172],[-97.00246,47.86868],[-97.02316,47.87398],[-97.01796,47.87848],[-97.02536,47.88428],[-97.01896,47.89108],[-97.02496,47.90818],[-97.01505,47.90718],[-97.02375,47.91588],[-97.01775,47.91978],[-97.03575,47.93018],[-97.03605,47.93938],[-97.05455,47.94628],[-97.05245,47.95718],[-97.06185,47.96448],[-97.05309,47.99025],[-97.06429,47.99851],[-97.06329,48.01499],[-97.07224,48.01911],[-97.07226,48.04807],[-97.10448,48.07243],[-97.10395,48.09618],[-97.1232,48.10665],[-97.13196,48.13956],[-97.14213,48.14498],[-97.14623,48.18605],[-97.13437,48.21043],[-97.14125,48.23467],[-97.12728,48.25332],[-97.13185,48.26759],[-97.11657,48.27966],[-97.12886,48.29288],[-97.12207,48.30087],[-97.13192,48.31273],[-97.13115,48.33972],[-97.14775,48.3599],[-97.14011,48.38048],[-97.14559,48.3942],[-97.13501,48.40673],[-97.14285,48.41947],[-97.1356,48.42437],[-97.13275,48.45994],[-97.14412,48.46921],[-97.13886,48.49436],[-97.14813,48.50338],[-97.14887,48.53428],[-97.16311,48.54386],[-97.15246,48.55233],[-97.15864,48.56407],[-97.14292,48.58373],[-97.1375,48.61227],[-97.12477,48.62154],[-97.12527,48.62969],[-97.10847,48.63266],[-97.11192,48.64292],[-97.10055,48.65861],[-97.09734,48.68519],[-97.11829,48.70057],[-97.11619,48.70935],[-97.13559,48.7264],[-97.13949,48.74661],[-97.15104,48.75571],[-97.14748,48.76603],[-97.16487,48.80825],[-97.18003,48.81845],[-97.17562,48.8531],[-97.19798,48.88034],[-97.19798,48.89833],[-97.21054,48.90439],[-97.23921,48.96868]]]}},{"type":"Feature","properties":{"STATEFP":"04","GEOID":"04"},"geometry":{"type":"Polygon","coordinates":[[[-114.79968,32.59362],[-114.80939,32.61712],[-114.78224,32.63021],[-114.76495,32.64939],[-114.70192,32.74555],[-114.68878,32.73768],[-114.61837,32.72825],[-114.52686,32.75709],[-114.53075,32.79348],[-114.46897,32.84515],[-114.46293,32.90794],[-114.48092,32.93525],[-114.46766,32.96686],[-114.47616,32.97517],[-114.49294,32.97178],[-114.51134,33.02345],[-114.57165,33.03662],[-114.58978,33.02623],[-114.61879,33.0272],[-114.64598,33.0489],[-114.66232,33.03267],[-114.67366,33.0419],[-114.68902,33.08404],[-114.70649,33.08816],[-114.70368,33.11377],[-114.67936,33.15952],[-114.67536,33.18549],[-114.67363,33.22312],[-114.68954,33.24643],[-114.67209,33.2585],[-114.68051,33.27358],[-114.72167,33.28698],[-114.73122,33.30243],[-114.70796,33.32342],[-114.69804,33.35244],[-114.70731,33.38254],[-114.72528,33.40505],[-114.68795,33.41794],[-114.6433,33.41674],[-114.62964,33.42814],[-114.62292,33.45656],[-114.59155,33.49944],[-114.56953,33.50922],[-114.5589,33.53182],[-114.5246,33.55223],[-114.5403,33.58062],[-114.54062,33.59141],[-114.52481,33.61135],[-114.53152,33.67511],[-114.52396,33.68588],[-114.49649,33.6969],[-114.4942,33.70792],[-114.51235,33.73421],[-114.50486,33.76047],[-114.52805,33.81496],[-114.51997,33.82538],[-114.52845,33.85493],[-114.50302,33.868],[-114.51893,33.89171],[-114.50792,33.90381],[-114.53548,33.93465],[-114.522,33.95562],[-114.49988,33.96179],[-114.46117,33.99469],[-114.46117,34.01008],[-114.43827,34.02261],[-114.43418,34.08738],[-114.41591,34.10764],[-114.36652,34.11857],[-114.35303,34.13312],[-114.32078,34.13864],[-114.28729,34.17053],[-114.25414,34.17383],[-114.22971,34.18693],[-114.22519,34.20364],[-114.16183,34.25704],[-114.13443,34.26639],[-114.13828,34.30323],[-114.15721,34.31786],[-114.17691,34.34931],[-114.22611,34.36592],[-114.26432,34.40133],[-114.28866,34.40662],[-114.29484,34.42139],[-114.32613,34.43725],[-114.33537,34.45004],[-114.37372,34.44694],[-114.3867,34.45791],[-114.38084,34.52972],[-114.40523,34.56964],[-114.42975,34.59173],[-114.4242,34.61045],[-114.43874,34.62145],[-114.47048,34.71137],[-114.55268,34.76687],[-114.58684,34.83567],[-114.63518,34.875],[-114.62975,34.93868],[-114.63524,34.96515],[-114.62901,34.98615],[-114.63689,35.02837],[-114.60291,35.06859],[-114.61313,35.0831],[-114.64676,35.10187],[-114.62993,35.11827],[-114.57852,35.12875],[-114.56924,35.18348],[-114.57996,35.20964],[-114.60431,35.35358],[-114.62714,35.4095],[-114.66213,35.44424],[-114.67764,35.48974],[-114.67721,35.51349],[-114.6569,35.53439],[-114.66618,35.57758],[-114.65341,35.61079],[-114.68941,35.65141],[-114.68061,35.68549],[-114.70541,35.70829],[-114.69571,35.75599],[-114.69891,35.79019],[-114.71211,35.80618],[-114.69571,35.8306],[-114.69777,35.85484],[-114.66969,35.86508],[-114.66719,35.87479],[-114.70852,35.91231],[-114.70753,35.92806],[-114.73116,35.94392],[-114.72994,35.96218],[-114.74376,35.9851],[-114.74278,36.00996],[-114.72971,36.02817],[-114.74062,36.04102],[-114.73625,36.05847],[-114.75562,36.08717],[-114.73616,36.10437],[-114.66654,36.11734],[-114.63172,36.14231],[-114.61669,36.1301],[-114.57203,36.15161],[-114.51172,36.15096],[-114.50217,36.1288],[-114.46364,36.1397],[-114.44661,36.12597],[-114.40547,36.14737],[-114.37211,36.14311],[-114.30843,36.08244],[-114.31556,36.05949],[-114.2802,36.04636],[-114.25265,36.02019],[-114.21369,36.01561],[-114.14819,36.02801],[-114.11453,36.09522],[-114.12314,36.11158],[-114.09987,36.12165],[-114.06803,36.18066],[-114.04684,36.19407],[-114.0506,37.0004],[-109.04522,36.99908],[-109.05004,31.3325],[-111.07483,31.33224],[-112.2461,31.70419],[-114.81361,32.49428],[-114.81154,32.52283],[-114.79564,32.55096],[-114.81418,32.56479],[-114.79968,32.59362]]]}},{"type":"Feature","properties":{"STATEFP":"24","GEOID":"24"},"geometry":{"type":"MultiPolygon","coordinates":[[[[-76.04862,38.01484],[-76.04335,38.02994],[-76.02083,38.03912],[-75.98788,38.0226],[-75.98306,37.98916],[-75.9938,37.97643],[-75.9939,37.95349],[-76.04653,37.95359],[-76.04862,38.01484]]],[[[-76.09555,38.12512],[-76.08864,38.19265],[-76.07147,38.2035],[-76.04879,38.20373],[-76.02217,38.17788],[-76.03404,38.1579],[-76.02251,38.13345],[-76.01249,38.13173],[-76.02137,38.10793],[-76.00817,38.09539],[-76.0059,38.07717],[-76.0233,38.07076],[-76.0593,38.09575],[-76.03962,38.11199],[-76.05681,38.12512],[-76.09087,38.11446],[-76.09555,38.12512]]],[[[-76.39246,38.77245],[-76.37858,38.7837],[-76.3681,38.77984],[-76.37084,38.76564],[-76.36245,38.74978],[-76.38125,38.7438],[-76.39246,38.77245]]],[[[-79.48681,39.29637],[-79.47666,39.72108],[-75.7886,39.7222],[-75.78769,39.63782],[-75.69372,38.46013],[-75.04894,38.45126],[-75.05459,38.41483],[-75.08552,38.32427],[-75.10295,38.31153],[-75.1938,38.09601],[-75.24247,38.02703],[-75.62445,37.99419],[-75.64823,37.96677],[-75.64761,37.94703],[-75.65568,37.94543],[-75.66983,37.95056],[-75.66309,37.96119],[-75.67168,37.96658],[-75.71315,37.97662],[-75.738,37.96353],[-75.78382,37.97259],[-75.83241,37.93331],[-75.88503,37.91172],[-75.89832,37.92511],[-75.89087,37.95485],[-75.89896,37.97451],[-75.8753,38.01196],[-75.87319,38.03437],[-75.85751,38.03878],[-75.83893,38.03135],[-75.81339,38.0508],[-75.81291,38.05893],[-75.84416,38.07249],[-75.8715,38.05887],[-75.88052,38.07501],[-75.86381,38.10097],[-75.83756,38.11375],[-75.82767,38.13344],[-75.8341,38.14508],[-75.86864,38.13438],[-75.90036,38.14115],[-75.92966,38.12713],[-75.93728,38.11458],[-75.94873,38.11518],[-75.95962,38.13714],[-75.94753,38.16827],[-75.95157,38.17809],[-75.94237,38.18707],[-75.88807,38.20381],[-75.8641,38.20086],[-75.84638,38.21048],[-75.8514,38.22643],[-75.87032,38.24343],[-75.88344,38.24444],[-75.88936,38.2395],[-75.88568,38.23101],[-75.89569,38.22856],[-75.9173,38.26313],[-75.90137,38.28603],[-75.90316,38.29788],[-75.8618,38.34757],[-75.87075,38.35628],[-75.91456,38.33928],[-75.94083,38.29844],[-75.93858,38.27233],[-75.95382,38.26102],[-75.94363,38.2413],[-75.95615,38.23622],[-75.96555,38.23931],[-75.96764,38.25467],[-75.98427,38.26516],[-75.98582,38.27647],[-76.0146,38.30982],[-75.96929,38.32016],[-75.96195,38.34143],[-75.97388,38.36585],[-75.99957,38.3743],[-76.00695,38.37022],[-76.01668,38.33243],[-76.04162,38.32214],[-76.04958,38.30959],[-76.02749,38.28011],[-76.04425,38.24937],[-76.0357,38.23056],[-76.04458,38.22384],[-76.05801,38.22708],[-76.0749,38.25218],[-76.09972,38.25365],[-76.13551,38.23219],[-76.14979,38.23449],[-76.16549,38.2428],[-76.23011,38.31978],[-76.25767,38.32485],[-76.26555,38.34093],[-76.25,38.3623],[-76.2702,38.37459],[-76.28227,38.39312],[-76.28302,38.41351],[-76.33156,38.47355],[-76.33636,38.49224],[-76.32726,38.50012],[-76.26397,38.50345],[-76.2473,38.52382],[-76.24889,38.53902],[-76.27811,38.53247],[-76.27964,38.55723],[-76.29004,38.56916],[-76.30832,38.57177],[-76.26863,38.59775],[-76.27959,38.60952],[-76.23665,38.6286],[-76.23119,38.61401],[-76.21243,38.60674],[-76.17007,38.62922],[-76.16591,38.59868],[-76.15108,38.59471],[-76.1387,38.60175],[-76.11113,38.58401],[-76.0889,38.59023],[-76.04105,38.55729],[-76.02651,38.56682],[-76.05277,38.6024],[-76.08522,38.62459],[-76.11529,38.62338],[-76.12764,38.63527],[-76.14716,38.63684],[-76.15561,38.65808],[-76.17516,38.67324],[-76.20033,38.67077],[-76.23873,38.71285],[-76.23869,38.73543],[-76.25509,38.73648],[-76.27501,38.71271],[-76.31615,38.72959],[-76.32784,38.70373],[-76.32242,38.6793],[-76.3405,38.67411],[-76.348,38.68623],[-76.3413,38.7519],[-76.33462,38.77291],[-76.31008,38.79685],[-76.30089,38.82619],[-76.27741,38.83142],[-76.27157,38.85177],[-76.26422,38.85157],[-76.25036,38.82544],[-76.21933,38.81237],[-76.19814,38.81444],[-76.19109,38.82966],[-76.2026,38.86262],[-76.20364,38.92838],[-76.23204,38.94252],[-76.25016,38.93867],[-76.24802,38.92379],[-76.2564,38.91883],[-76.27308,38.94193],[-76.29591,38.92866],[-76.29325,38.90257],[-76.30842,38.8984],[-76.31795,38.91131],[-76.3361,38.90598],[-76.33103,38.86432],[-76.36114,38.85199],[-76.3682,38.83613],[-76.37509,38.83947],[-76.36468,38.87383],[-76.36173,38.93917],[-76.32268,38.9996],[-76.32027,39.02301],[-76.30185,39.03965],[-76.29396,39.00395],[-76.27748,38.98249],[-76.21893,38.97054],[-76.20236,38.97308],[-76.16399,38.99954],[-76.18421,39.04626],[-76.15896,39.06549],[-76.14267,39.09419],[-76.1472,39.10126],[-76.17452,39.10173],[-76.20338,39.08563],[-76.21262,39.04116],[-76.20471,39.01643],[-76.21406,39.0114],[-76.23176,39.01852],[-76.24269,39.02893],[-76.23112,39.06102],[-76.23346,39.09139],[-76.26089,39.1434],[-76.27853,39.14576],[-76.27464,39.16549],[-76.21934,39.262],[-76.1815,39.2918],[-76.17678,39.30645],[-76.18665,39.31547],[-76.17042,39.33209],[-76.13322,39.34049],[-76.13495,39.35107],[-76.11053,39.37226],[-76.04985,39.37064],[-76.02299,39.3619],[-76.00241,39.3675],[-76.00252,39.38502],[-76.03557,39.38618],[-76.04096,39.39424],[-76.00688,39.41453],[-75.97675,39.44463],[-75.99,39.45865],[-76.00251,39.4502],[-76.01231,39.45311],[-75.96695,39.53865],[-75.97034,39.55764],[-75.99263,39.5631],[-76.00634,39.55035],[-76.09607,39.53691],[-76.11725,39.49607],[-76.11393,39.4867],[-76.09831,39.47612],[-76.07197,39.47505],[-76.06099,39.44772],[-76.10223,39.43566],[-76.14637,39.40531],[-76.15877,39.40631],[-76.18007,39.37761],[-76.22416,39.35278],[-76.23988,39.36141],[-76.25052,39.37929],[-76.22462,39.42567],[-76.23104,39.45641],[-76.25159,39.44962],[-76.2548,39.41189],[-76.26906,39.40308],[-76.26883,39.38866],[-76.2857,39.36772],[-76.25659,39.33886],[-76.27608,39.32291],[-76.28175,39.29966],[-76.29661,39.30114],[-76.28962,39.31717],[-76.29878,39.32921],[-76.29568,39.35001],[-76.32076,39.35816],[-76.3059,39.36441],[-76.304,39.3815],[-76.35712,39.39408],[-76.35926,39.3814],[-76.34179,39.37415],[-76.33556,39.34228],[-76.34766,39.34305],[-76.35094,39.33114],[-76.32918,39.31504],[-76.33658,39.30511],[-76.36439,39.31184],[-76.38018,39.29859],[-76.3849,39.27593],[-76.34383,39.25726],[-76.41768,39.21981],[-76.44248,39.19541],[-76.46348,39.20591],[-76.49838,39.20481],[-76.50318,39.23207],[-76.51257,39.22848],[-76.52089,39.24109],[-76.53594,39.24148],[-76.5453,39.25325],[-76.58648,39.26134],[-76.5593,39.23335],[-76.5645,39.22461],[-76.53428,39.21321],[-76.53418,39.19061],[-76.52578,39.17791],[-76.50093,39.16129],[-76.47598,39.16111],[-76.42868,39.13171],[-76.43298,39.11321],[-76.42186,39.08144],[-76.43893,39.05279],[-76.40508,39.03321],[-76.39408,39.01131],[-76.42218,38.98901],[-76.4742,38.97265],[-76.47128,38.95651],[-76.45028,38.94111],[-76.46188,38.92401],[-76.45948,38.90711],[-76.47576,38.91447],[-76.49368,38.91001],[-76.49068,38.88481],[-76.51944,38.86313],[-76.51694,38.85116],[-76.49658,38.85312],[-76.48988,38.84282],[-76.49888,38.81752],[-76.53538,38.77812],[-76.55988,38.76736],[-76.55274,38.73535],[-76.52718,38.72706],[-76.5324,38.67836],[-76.51128,38.61574],[-76.51751,38.53915],[-76.50602,38.50461],[-76.4927,38.48285],[-76.38623,38.38201],[-76.387,38.36127],[-76.41922,38.32292],[-76.45184,38.3211],[-76.46824,38.32893],[-76.47632,38.31354],[-76.45279,38.29321],[-76.43758,38.29265],[-76.40289,38.3114],[-76.37502,38.29942],[-76.39417,38.27823],[-76.39932,38.25928],[-76.38524,38.21775],[-76.32014,38.13834],[-76.33853,38.11947],[-76.32209,38.0365],[-76.33281,38.04994],[-76.36124,38.05954],[-76.39234,38.1029],[-76.42121,38.10604],[-76.43984,38.13893],[-76.43889,38.16083],[-76.46967,38.15336],[-76.46099,38.13541],[-76.4698,38.11926],[-76.46533,38.10583],[-76.47327,38.10303],[-76.49984,38.13719],[-76.51482,38.14122],[-76.52987,38.13408],[-76.55296,38.18721],[-76.59064,38.21421],[-76.67346,38.2344],[-76.74005,38.23523],[-76.75229,38.22212],[-76.79947,38.23747],[-76.80754,38.26589],[-76.80235,38.28074],[-76.81843,38.29592],[-76.83779,38.33743],[-76.83275,38.34768],[-76.83883,38.35752],[-76.85475,38.35772],[-76.87,38.33844],[-76.8348,38.27401],[-76.84034,38.25634],[-76.92388,38.2936],[-76.92455,38.3161],[-76.97549,38.34733],[-76.98828,38.39498],[-77.01637,38.44557],[-77.04419,38.44302],[-77.09107,38.40755],[-77.12332,38.41065],[-77.13673,38.3918],[-77.20731,38.35987],[-77.25017,38.38278],[-77.26424,38.41428],[-77.25996,38.43582],[-77.27422,38.48177],[-77.23772,38.55187],[-77.22112,38.55522],[-77.18377,38.6007],[-77.14865,38.6056],[-77.11054,38.62682],[-77.10614,38.63425],[-77.1302,38.63502],[-77.1325,38.67382],[-77.0795,38.70952],[-77.0455,38.71431],[-77.0395,38.79111],[-76.90939,38.89285],[-77.04102,38.99555],[-77.11976,38.93434],[-77.14818,38.965],[-77.2215,38.97131],[-77.2498,38.98591],[-77.2557,39.00241],[-77.246,39.02491],[-77.2931,39.04651],[-77.34029,39.06299],[-77.38568,39.06199],[-77.46145,39.07515],[-77.4858,39.1093],[-77.51993,39.12092],[-77.52728,39.14624],[-77.51063,39.17848],[-77.47736,39.19049],[-77.46021,39.22836],[-77.48681,39.24759],[-77.54058,39.26495],[-77.56085,39.28615],[-77.5666,39.30612],[-77.61594,39.30272],[-77.67585,39.32419],[-77.72607,39.32165],[-77.76023,39.33862],[-77.74593,39.35322],[-77.74414,39.36514],[-77.7538,39.37962],[-77.73632,39.38774],[-77.74001,39.40169],[-77.75468,39.42466],[-77.79981,39.43694],[-77.78928,39.44525],[-77.79895,39.45797],[-77.78245,39.46336],[-77.7982,39.47572],[-77.76599,39.49572],[-77.78161,39.49907],[-77.80782,39.49024],[-77.84667,39.49957],[-77.82514,39.51788],[-77.82536,39.52918],[-77.83693,39.53217],[-77.84112,39.51955],[-77.86368,39.51503],[-77.86535,39.53838],[-77.88895,39.55595],[-77.87845,39.56349],[-77.83633,39.56637],[-77.82975,39.59105],[-77.83801,39.60612],[-77.88512,39.61577],[-77.88155,39.60009],[-77.89033,39.59755],[-77.92283,39.60489],[-77.94194,39.61879],[-77.93637,39.59451],[-77.94618,39.58481],[-77.95504,39.60808],[-77.97636,39.59986],[-78.00999,39.60289],[-78.03599,39.63572],[-78.08226,39.67117],[-78.17663,39.69597],[-78.20294,39.67665],[-78.23156,39.67438],[-78.2236,39.6611],[-78.25408,39.64009],[-78.26509,39.61927],[-78.35522,39.64058],[-78.35577,39.62626],[-78.38249,39.62822],[-78.37473,39.60863],[-78.43025,39.62329],[-78.42558,39.6076],[-78.39532,39.58422],[-78.40803,39.57859],[-78.44317,39.59116],[-78.45719,39.58738],[-78.45438,39.57432],[-78.41878,39.54895],[-78.46129,39.53468],[-78.46864,39.51679],[-78.52139,39.52479],[-78.56593,39.51944],[-78.59387,39.53516],[-78.67563,39.54037],[-78.72501,39.56397],[-78.73398,39.58662],[-78.7602,39.58215],[-78.77686,39.60403],[-78.7605,39.60998],[-78.74706,39.60569],[-78.73355,39.61553],[-78.7485,39.62626],[-78.76317,39.6189],[-78.77848,39.62265],[-78.76584,39.64849],[-78.79594,39.63729],[-78.80174,39.62749],[-78.79586,39.60693],[-78.80935,39.60806],[-78.82601,39.58883],[-78.82636,39.57733],[-78.81351,39.56772],[-78.81676,39.56169],[-78.83855,39.5673],[-78.8512,39.55992],[-78.87474,39.52261],[-78.8912,39.5189],[-78.91649,39.48654],[-78.94229,39.48099],[-78.93887,39.4741],[-78.95333,39.46364],[-78.95675,39.44026],[-78.96548,39.43845],[-79.01715,39.46698],[-79.03034,39.4654],[-79.04628,39.4838],[-79.05658,39.47101],[-79.09652,39.4728],[-79.10422,39.44836],[-79.14383,39.40852],[-79.15921,39.41302],[-79.16722,39.39326],[-79.19554,39.38779],[-79.21396,39.36532],[-79.25227,39.35666],[-79.25389,39.33722],[-79.28204,39.32305],[-79.29024,39.29932],[-79.33238,39.29992],[-79.35375,39.27804],[-79.38702,39.26554],[-79.43983,39.21707],[-79.47604,39.20373],[-79.48687,39.20596],[-79.48681,39.29637]]]]}},{"type":"Feature","properties":{"STATEFP":"20","GEOID":"20"},"geometry":{"type":"Polygon","coordinates":[[[-102.05174,40.00308],[-95.30829,40.0],[-95.30251,39.98436],[-95.26989,39.9694],[-95.25025,39.94864],[-95.20443,39.93895],[-95.20194,39.90405],[-95.14966,39.90595],[-95.13709,39.87835],[-95.09016,39.86314],[-95.03777,39.86554],[-95.01315,39.89995],[-94.94387,39.89813],[-94.92736,39.88397],[-94.94241,39.86107],[-94.93977,39.85193],[-94.91692,39.83614],[-94.88693,39.8331],[-94.87594,39.81329],[-94.88408,39.79423],[-94.92965,39.78828],[-94.9353,39.77561],[-94.91229,39.75934],[-94.86964,39.77289],[-94.86074,39.76309],[-94.86294,39.74299],[-94.87564,39.73049],[-94.89932,39.72404],[-94.94873,39.74559],[-94.96532,39.73906],[-94.97132,39.68641],[-95.02764,39.66545],[-95.05492,39.62499],[-95.04928,39.58958],[-95.06452,39.57711],[-95.10323,39.57778],[-95.11308,39.55913],[-95.1093,39.54228],[-95.05218,39.5],[-95.0375,39.46369],[-94.98214,39.44055],[-94.97295,39.42171],[-94.94786,39.4086],[-94.94204,39.3895],[-94.92311,39.38449],[-94.90182,39.3928],[-94.88503,39.3898],[-94.88136,39.37038],[-94.91002,39.35254],[-94.90533,39.31195],[-94.88706,39.28648],[-94.83147,39.25627],[-94.82566,39.24173],[-94.83168,39.21594],[-94.81166,39.20659],[-94.78152,39.20615],[-94.75234,39.1732],[-94.71414,39.1704],[-94.68034,39.1843],[-94.66384,39.1791],[-94.66244,39.1576],[-94.64003,39.1531],[-94.60173,39.1596],[-94.59193,39.155],[-94.58993,39.1404],[-94.60735,39.11344],[-94.61796,36.99891],[-100.11572,37.00221],[-102.04224,36.99308],[-102.05174,40.00308]]]}},{"type":"Feature","properties":{"STATEFP":"34","GEOID":"34"},"geometry":{"type":"Polygon","coordinates":[[[-75.55827,39.62989],[-75.51834,39.66391],[-75.50716,39.69696],[-75.48855,39.71483],[-75.47764,39.71501],[-75.46334,39.76121],[-75.45069,39.77506],[-75.40541,39.7964],[-75.41506,39.80192],[-75.3544,39.83992],[-75.33043,39.84901],[-75.24343,39.8546],[-75.18932,39.88071],[-75.14542,39.88421],[-75.12792,39.91181],[-75.13612,39.93391],[-75.12692,39.96111],[-75.07202,39.98061],[-75.04702,40.00891],[-75.01112,40.02131],[-74.94441,40.06321],[-74.86091,40.08371],[-74.83511,40.10391],[-74.82231,40.12671],[-74.78211,40.12081],[-74.74061,40.13521],[-74.7226,40.15001],[-74.7223,40.16061],[-74.75431,40.18521],[-74.77136,40.2154],[-74.84231,40.25051],[-74.86821,40.29521],[-74.93971,40.33801],[-74.96551,40.39734],[-74.99638,40.41053],[-75.02832,40.40388],[-75.05885,40.41806],[-75.07057,40.45517],[-75.06194,40.48636],[-75.06861,40.54222],[-75.11729,40.57321],[-75.14191,40.57527],[-75.16287,40.5641],[-75.18315,40.56735],[-75.19405,40.57626],[-75.19229,40.60268],[-75.20181,40.61719],[-75.18858,40.62463],[-75.20045,40.64922],[-75.1768,40.67571],[-75.19692,40.6813],[-75.20392,40.6915],[-75.18208,40.73152],[-75.19653,40.75163],[-75.17904,40.7619],[-75.17159,40.77775],[-75.1344,40.77376],[-75.1085,40.79109],[-75.08393,40.82447],[-75.09578,40.84708],[-75.06601,40.84759],[-75.05131,40.8647],[-75.07596,40.89569],[-75.07928,40.91389],[-75.11776,40.95302],[-75.12044,40.9683],[-75.13378,40.97097],[-75.13057,40.99109],[-75.02578,41.03981],[-75.01113,41.06752],[-74.96839,41.0878],[-74.96943,41.09607],[-74.99172,41.09228],[-74.97987,41.11042],[-74.92317,41.13815],[-74.88214,41.18084],[-74.85963,41.21908],[-74.86741,41.22777],[-74.85715,41.24898],[-74.84693,41.25332],[-74.83006,41.2872],[-74.79256,41.31063],[-74.79504,41.32041],[-74.77159,41.32508],[-74.75324,41.34612],[-74.69491,41.35742],[-74.30199,41.17259],[-73.89398,40.9972],[-73.92901,40.88958],[-74.01378,40.7566],[-74.02454,40.70944],[-74.04729,40.6905],[-74.06703,40.69107],[-74.0716,40.67365],[-74.06412,40.66976],[-74.09375,40.64824],[-74.18834,40.64426],[-74.20225,40.6309],[-74.19952,40.59754],[-74.21528,40.56024],[-74.24742,40.5492],[-74.24607,40.52095],[-74.27083,40.48922],[-74.26189,40.46471],[-74.20213,40.43894],[-74.1808,40.4577],[-74.15808,40.44707],[-74.13629,40.45575],[-74.05898,40.42271],[-74.00638,40.41111],[-73.9985,40.41091],[-73.99168,40.44291],[-74.00367,40.44849],[-74.01838,40.47793],[-73.99794,40.47667],[-73.98286,40.44857],[-73.97138,40.37171],[-73.97744,40.29937],[-74.06413,39.97916],[-74.09691,39.76303],[-74.24051,39.55491],[-74.28478,39.51405],[-74.32615,39.50814],[-74.313,39.47424],[-74.3348,39.432],[-74.40669,39.37752],[-74.41269,39.36082],[-74.5218,39.31382],[-74.61448,39.24466],[-74.71434,39.1198],[-74.70588,39.10294],[-74.77003,39.03285],[-74.7931,39.02876],[-74.78772,39.00001],[-74.86446,38.94041],[-74.92041,38.92914],[-74.96727,38.93341],[-74.972,38.94037],[-74.95536,39.00126],[-74.89778,39.09881],[-74.88717,39.15883],[-74.90518,39.17495],[-74.96238,39.19024],[-75.02618,39.19362],[-75.02638,39.2132],[-75.03755,39.22167],[-75.04849,39.21522],[-75.111,39.21246],[-75.13667,39.18188],[-75.1514,39.19],[-75.16835,39.20255],[-75.16397,39.21132],[-75.17751,39.24275],[-75.19186,39.2457],[-75.20586,39.26262],[-75.24164,39.2741],[-75.25181,39.29991],[-75.27163,39.30404],[-75.2889,39.28956],[-75.3152,39.31059],[-75.33374,39.34533],[-75.35556,39.34782],[-75.36502,39.34139],[-75.39003,39.35826],[-75.3993,39.37949],[-75.4318,39.39162],[-75.46521,39.43893],[-75.48357,39.44082],[-75.50838,39.45913],[-75.53643,39.46056],[-75.54437,39.4796],[-75.54269,39.49657],[-75.52714,39.50011],[-75.52679,39.53144],[-75.53401,39.5407],[-75.51476,39.56261],[-75.51273,39.578],[-75.5535,39.602],[-75.55827,39.62989]]]}},{"type":"Feature","properties":{"STATEFP":"39","GEOID":"39"},"geometry":{"type":"MultiPolygon","coordinates":[[[[-82.7328,41.60432],[-82.72107,41.61751],[-82.67647,41.61463],[-82.68603,41.58725],[-82.69923,41.58553],[-82.7328,41.60432]]],[[[-82.82638,41.68452],[-82.81413,41.69309],[-82.80063,41.68963],[-82.80474,41.67153],[-82.81419,41.67072],[-82.82638,41.68452]]],[[[-82.8328,41.71461],[-82.82041,41.72455],[-82.81203,41.72187],[-82.80898,41.70821],[-82.83346,41.70932],[-82.8328,41.71461]]],[[[-82.84451,41.64746],[-82.82875,41.65976],[-82.79978,41.66505],[-82.7955,41.65897],[-82.83466,41.62875],[-82.84108,41.62891],[-82.84451,41.64746]]],[[[-84.82016,39.22722],[-84.80255,40.50181],[-84.80608,41.69609],[-83.45383,41.73265],[-83.46809,41.71588],[-83.47094,41.70353],[-83.46258,41.697],[-83.37573,41.68665],[-83.34352,41.69203],[-83.32956,41.70273],[-83.30192,41.67971],[-83.23166,41.64422],[-83.08604,41.60668],[-83.02807,41.55566],[-82.96964,41.52423],[-82.93437,41.51435],[-82.87523,41.52968],[-82.85677,41.54826],[-82.85953,41.57637],[-82.8341,41.58759],[-82.7855,41.54068],[-82.74991,41.54647],[-82.71788,41.54193],[-82.71163,41.5272],[-82.72191,41.51668],[-82.7139,41.5017],[-82.68792,41.49232],[-82.61695,41.42842],[-82.51383,41.38426],[-82.48121,41.38134],[-82.36178,41.42664],[-82.25468,41.43444],[-82.18477,41.47404],[-82.01197,41.51564],[-81.93786,41.49144],[-81.87736,41.48345],[-81.79416,41.49665],[-81.73875,41.48855],[-81.59975,41.56065],[-81.52974,41.61455],[-81.48864,41.63135],[-81.44264,41.67325],[-81.28692,41.76024],[-81.24867,41.76129],[-81.01049,41.85396],[-80.90034,41.86891],[-80.81494,41.89769],[-80.80079,41.90964],[-80.78205,41.90664],[-80.72082,41.91974],[-80.51942,41.97752],[-80.51899,40.6388],[-80.57674,40.61422],[-80.59876,40.62526],[-80.62717,40.61994],[-80.66796,40.5825],[-80.62751,40.53579],[-80.618,40.50205],[-80.59549,40.47527],[-80.6123,40.43487],[-80.61219,40.40267],[-80.6336,40.39047],[-80.6097,40.37497],[-80.6128,40.34767],[-80.5999,40.31767],[-80.6149,40.29197],[-80.6193,40.26517],[-80.6521,40.24497],[-80.6681,40.19967],[-80.7046,40.15482],[-80.7091,40.10147],[-80.7386,40.07567],[-80.7309,40.04667],[-80.7419,40.00793],[-80.74013,39.97079],[-80.76448,39.95025],[-80.75643,39.91393],[-80.76259,39.90891],[-80.80602,39.91713],[-80.80901,39.90323],[-80.79076,39.86728],[-80.82612,39.84424],[-80.82608,39.79858],[-80.86909,39.76636],[-80.86534,39.75325],[-80.83155,39.71948],[-80.83187,39.70566],[-80.8637,39.69172],[-80.86665,39.65262],[-80.88036,39.62071],[-80.92584,39.6174],[-80.97044,39.59013],[-81.07059,39.51599],[-81.13253,39.44627],[-81.18595,39.43073],[-81.21731,39.38759],[-81.27072,39.38591],[-81.34757,39.34577],[-81.37596,39.3417],[-81.39379,39.35171],[-81.41271,39.39462],[-81.43564,39.40847],[-81.45614,39.40927],[-81.55755,39.33877],[-81.57025,39.26767],[-81.65614,39.27736],[-81.68948,39.26604],[-81.69638,39.25704],[-81.6924,39.22644],[-81.72697,39.21507],[-81.73708,39.19384],[-81.75575,39.18098],[-81.74357,39.14193],[-81.74545,39.09808],[-81.77555,39.07838],[-81.81386,39.07928],[-81.80335,39.04768],[-81.76425,39.01528],[-81.78182,38.96493],[-81.75697,38.93715],[-81.76266,38.92412],[-81.78565,38.92619],[-81.81423,38.94617],[-81.82735,38.9459],[-81.84449,38.92875],[-81.85597,38.89273],[-81.89854,38.87458],[-81.928,38.89349],[-81.89847,38.9296],[-81.93319,38.98766],[-81.95145,38.99603],[-81.97937,38.99319],[-82.00226,39.02788],[-82.03596,39.02548],[-82.05156,38.99438],[-82.09157,38.97378],[-82.11167,38.93258],[-82.14317,38.89808],[-82.14487,38.84048],[-82.16157,38.82463],[-82.20929,38.80267],[-82.22157,38.78719],[-82.22045,38.77374],[-82.19888,38.75773],[-82.18827,38.73408],[-82.18247,38.70878],[-82.19087,38.68038],[-82.17267,38.62968],[-82.17727,38.60378],[-82.20517,38.59172],[-82.26207,38.59818],[-82.29127,38.57898],[-82.30422,38.49631],[-82.33034,38.4445],[-82.38177,38.43478],[-82.40488,38.43935],[-82.5402,38.40367],[-82.57998,38.41013],[-82.59692,38.4267],[-82.61046,38.47146],[-82.65705,38.49682],[-82.69662,38.54211],[-82.73096,38.55926],[-82.80011,38.56318],[-82.84431,38.59086],[-82.85939,38.66038],[-82.87759,38.69018],[-82.87129,38.73938],[-82.88919,38.75608],[-82.92369,38.75008],[-82.97939,38.72598],[-83.0307,38.72572],[-83.0531,38.69583],[-83.11237,38.67168],[-83.14284,38.62508],[-83.20245,38.61696],[-83.24557,38.62794],[-83.29419,38.59659],[-83.31754,38.60924],[-83.32764,38.63749],[-83.35644,38.65401],[-83.46806,38.67547],[-83.52095,38.70305],[-83.62692,38.67939],[-83.64591,38.63701],[-83.6593,38.62859],[-83.76509,38.65288],[-83.78711,38.69949],[-83.8367,38.71786],[-83.84873,38.74718],[-83.86653,38.7602],[-83.92699,38.77156],[-83.96212,38.78738],[-84.07149,38.77047],[-84.2129,38.80571],[-84.23131,38.83055],[-84.23445,38.89323],[-84.28816,38.95579],[-84.3047,39.00646],[-84.34604,39.03696],[-84.42573,39.05306],[-84.43554,39.10226],[-84.45534,39.12036],[-84.47624,39.11916],[-84.50974,39.09366],[-84.55084,39.09936],[-84.57214,39.08206],[-84.60793,39.07324],[-84.68485,39.10046],[-84.71855,39.13706],[-84.74415,39.14746],[-84.76675,39.13856],[-84.78768,39.1153],[-84.82016,39.10548],[-84.82016,39.22722]]]]}},{"type":"Feature","properties":{"STATEFP":"18","GEOID":"18"},"geometry":{"type":"Polygon","coordinates":[[[-88.09566,37.90581],[-88.05537,37.89124],[-88.01869,37.8884],[-88.01336,37.89485],[-88.02006,37.9129],[-88.06519,37.91968],[-88.06895,37.92856],[-88.03612,37.94275],[-88.03669,37.95687],[-88.01293,37.96654],[-88.02333,38.01544],[-88.00763,38.02914],[-88.04184,38.03818],[-88.03533,38.05114],[-88.00133,38.05154],[-87.96723,38.0671],[-87.95688,38.08828],[-87.96221,38.10005],[-88.0047,38.08396],[-88.01673,38.09726],[-87.99831,38.10849],[-87.97993,38.10802],[-87.96735,38.13214],[-87.94547,38.12662],[-87.9255,38.14625],[-87.93716,38.17219],[-87.98423,38.20996],[-87.9871,38.25773],[-87.96897,38.23739],[-87.96022,38.23712],[-87.95615,38.25165],[-87.94207,38.2603],[-87.95192,38.27425],[-87.93733,38.29243],[-87.90934,38.29572],[-87.91929,38.27591],[-87.90854,38.26858],[-87.86889,38.31228],[-87.86045,38.30537],[-87.86307,38.28027],[-87.84098,38.2801],[-87.82272,38.34691],[-87.80608,38.36314],[-87.78,38.37084],[-87.74525,38.409],[-87.74104,38.43558],[-87.73013,38.44652],[-87.74317,38.45902],[-87.73952,38.47507],[-87.69319,38.48804],[-87.65417,38.51191],[-87.66073,38.54109],[-87.63775,38.58851],[-87.62389,38.59398],[-87.62012,38.63949],[-87.59368,38.6674],[-87.53123,38.68404],[-87.49649,38.74273],[-87.49654,38.77857],[-87.52734,38.81812],[-87.52168,38.82658],[-87.52589,38.8488],[-87.55338,38.86334],[-87.54409,38.89509],[-87.51883,38.92321],[-87.51219,38.95442],[-87.5295,38.97192],[-87.57832,38.98879],[-87.5697,39.01941],[-87.57259,39.05729],[-87.63038,39.1043],[-87.64599,39.1449],[-87.64043,39.16673],[-87.58861,39.19782],[-87.57456,39.2184],[-87.58353,39.24358],[-87.60554,39.26112],[-87.61005,39.28223],[-87.59754,39.29639],[-87.6004,39.3129],[-87.58908,39.33383],[-87.5544,39.34049],[-87.54401,39.35291],[-87.53165,39.34789],[-87.52404,41.70833],[-87.511,41.70597],[-87.50236,41.69003],[-87.47535,41.67337],[-87.4165,41.68838],[-87.4052,41.67373],[-87.43361,41.65645],[-87.42344,41.64283],[-87.27844,41.61974],[-87.18765,41.62965],[-87.16062,41.63727],[-87.16078,41.64538],[-87.12032,41.6457],[-87.06603,41.66184],[-86.93483,41.70964],[-86.82483,41.76024],[-84.80588,41.76022],[-84.80255,40.50181],[-84.82016,39.10548],[-84.89736,39.05738],[-84.83712,38.98806],[-84.82986,38.96939],[-84.87776,38.92036],[-84.87703,38.90902],[-84.86778,38.89913],[-84.81275,38.89513],[-84.78523,38.88044],[-84.791,38.86057],[-84.82996,38.83063],[-84.81288,38.78609],[-84.88792,38.79465],[-84.94107,38.77563],[-84.99001,38.77838],[-85.10096,38.7268],[-85.13868,38.69917],[-85.17253,38.68808],[-85.21326,38.69545],[-85.2465,38.73182],[-85.27545,38.74117],[-85.36383,38.73048],[-85.41093,38.73708],[-85.43407,38.72946],[-85.45211,38.70935],[-85.45698,38.68914],[-85.43874,38.65932],[-85.43745,38.60172],[-85.41582,38.56356],[-85.42308,38.53158],[-85.47222,38.50628],[-85.49887,38.46824],[-85.58776,38.45049],[-85.60763,38.4393],[-85.63294,38.39567],[-85.65364,38.32711],[-85.68356,38.29547],[-85.74486,38.26717],[-85.78096,38.28847],[-85.82936,38.27677],[-85.84546,38.23027],[-85.89476,38.18847],[-85.90876,38.16117],[-85.90616,38.08617],[-85.92542,38.02346],[-85.95147,38.00561],[-86.02951,37.99264],[-86.03436,37.96462],[-86.04235,37.95802],[-86.06173,37.97133],[-86.07539,37.99695],[-86.09577,38.00893],[-86.12757,38.01601],[-86.17898,38.01131],[-86.26127,38.05272],[-86.27872,38.0893],[-86.2718,38.13787],[-86.28777,38.15805],[-86.36038,38.1988],[-86.3738,38.19335],[-86.37743,38.17138],[-86.37174,38.16418],[-86.32594,38.15432],[-86.32345,38.13903],[-86.33514,38.12924],[-86.37977,38.12927],[-86.40165,38.1054],[-86.43175,38.12612],[-86.46325,38.11928],[-86.46386,38.10118],[-86.43009,38.07864],[-86.45219,38.05049],[-86.52183,38.03833],[-86.52517,37.96823],[-86.50662,37.93072],[-86.53416,37.91701],[-86.58858,37.92116],[-86.59985,37.90675],[-86.59811,37.86738],[-86.63827,37.84272],[-86.65252,37.84164],[-86.66164,37.84971],[-86.64475,37.89481],[-86.64708,37.90862],[-86.68093,37.91501],[-86.71614,37.89407],[-86.73146,37.89434],[-86.76505,37.93251],[-86.79498,37.98898],[-86.82007,37.99939],[-86.85595,37.98729],[-86.91933,37.93666],[-86.96904,37.93286],[-87.03344,37.90659],[-87.0451,37.89377],[-87.04385,37.8708],[-87.06784,37.80606],[-87.09064,37.78781],[-87.11113,37.78251],[-87.12963,37.78661],[-87.16232,37.84016],[-87.22094,37.84913],[-87.38025,37.9356],[-87.41858,37.94476],[-87.44779,37.94243],[-87.5115,37.90643],[-87.55934,37.93115],[-87.57203,37.94747],[-87.57471,37.96774],[-87.58982,37.97604],[-87.60142,37.97254],[-87.60622,37.94964],[-87.62896,37.92671],[-87.62027,37.90692],[-87.59158,37.88719],[-87.58843,37.86879],[-87.6154,37.83197],[-87.64586,37.8259],[-87.67554,37.83173],[-87.68163,37.85592],[-87.66282,37.88145],[-87.67573,37.90193],[-87.76226,37.89091],[-87.7909,37.87571],[-87.83058,37.87652],[-87.87254,37.921],[-87.89806,37.92751],[-87.94084,37.88334],[-87.93623,37.86794],[-87.91028,37.84342],[-87.9046,37.81253],[-87.93255,37.79767],[-87.95259,37.77174],[-87.9971,37.79767],[-88.02803,37.79922],[-88.03546,37.80952],[-88.06892,37.80098],[-88.0832,37.8109],[-88.09088,37.82447],[-88.08367,37.83017],[-88.04795,37.82173],[-88.02638,37.83111],[-88.03331,37.84192],[-88.06736,37.85605],[-88.09496,37.89369],[-88.09566,37.90581]]]}},{"type":"Feature","properties":{"STATEFP":"09","GEOID":"09"},"geometry":{"type":"Polygon","coordinates":[[[-73.72777,41.1007],[-73.48271,41.21276],[-73.55096,41.29542],[-73.48731,42.04964],[-72.81354,42.03649],[-72.81674,41.99759],[-72.76674,42.00299],[-72.75174,42.03019],[-72.75584,42.03619],[-72.59023,42.0247],[-72.52813,42.0343],[-71.80065,42.02357],[-71.78699,41.65599],[-71.79768,41.41671],[-71.81839,41.4196],[-71.84256,41.40986],[-71.82959,41.34454],[-71.86051,41.32025],[-71.8863,41.33641],[-71.94565,41.3378],[-71.97096,41.32453],[-71.98219,41.32986],[-71.98815,41.32058],[-72.08449,41.31963],[-72.11182,41.2991],[-72.13422,41.2994],[-72.18412,41.324],[-72.20142,41.3157],[-72.21292,41.29136],[-72.24816,41.29949],[-72.26149,41.28293],[-72.31776,41.27778],[-72.33389,41.28292],[-72.34864,41.27745],[-72.34807,41.2697],[-72.38663,41.2618],[-72.39869,41.27817],[-72.45193,41.27889],[-72.50663,41.2601],[-72.52942,41.26442],[-72.54724,41.2505],[-72.57114,41.2681],[-72.61724,41.272],[-72.67234,41.267],[-72.69474,41.24497],[-72.71059,41.24448],[-72.72244,41.25914],[-72.76034,41.24124],[-72.75444,41.26691],[-72.81874,41.25224],[-72.84777,41.25669],[-72.86134,41.2453],[-72.89439,41.24241],[-72.90407,41.24867],[-72.89384,41.2599],[-72.90548,41.27013],[-72.90762,41.2962],[-72.91309,41.29674],[-72.93856,41.28003],[-72.92821,41.26373],[-72.96205,41.2516],[-73.01495,41.2043],[-73.05935,41.2067],[-73.10549,41.17219],[-73.11105,41.1508],[-73.13025,41.1468],[-73.17777,41.1667],[-73.23506,41.144],[-73.26236,41.1175],[-73.28676,41.1279],[-73.33066,41.11],[-73.3723,41.10402],[-73.35423,41.08564],[-73.38723,41.05825],[-73.42217,41.04756],[-73.45036,41.0571],[-73.46824,41.05135],[-73.47736,41.036],[-73.49333,41.04817],[-73.5169,41.03874],[-73.52887,41.0164],[-73.53534,41.03192],[-73.56197,41.0168],[-73.57007,41.0016],[-73.58397,41.0009],[-73.58499,41.01054],[-73.60395,41.01505],[-73.64348,41.00217],[-73.65734,40.98517],[-73.65467,41.0117],[-73.72777,41.1007]]]}},{"type":"Feature","properties":{"STATEFP":"55","GEOID":"55"},"geometry":{"type":"MultiPolygon","coordinates":[[[[-86.9562,45.35201],[-86.9463,45.35869],[-86.9552,45.38372],[-86.93739,45.42097],[-86.91769,45.40789],[-86.8775,45.41398],[-86.85314,45.40555],[-86.83035,45.41085],[-86.82866,45.42854],[-86.81006,45.42262],[-86.80541,45.40732],[-86.82438,45.40613],[-86.86356,45.36489],[-86.86904,45.33322],[-86.89505,45.32903],[-86.89989,45.29518],[-86.92568,45.3242],[-86.95613,45.34227],[-86.9562,45.35201]]],[[[-87.3754,45.1993],[-87.33416,45.21167],[-87.33622,45.17317],[-87.32728,45.15736],[-87.37678,45.1773],[-87.3754,45.1993]]],[[[-90.45673,47.01691],[-90.44907,47.06601],[-90.43727,47.07348],[-90.39707,47.07573],[-90.4035,47.02537],[-90.41537,47.01345],[-90.45242,46.99735],[-90.46534,47.00238],[-90.45673,47.01691]]],[[[-90.51092,46.8798],[-90.46244,46.8974],[-90.44881,46.89618],[-90.48726,46.87152],[-90.50694,46.87208],[-90.51092,46.8798]]],[[[-90.5661,47.03784],[-90.5458,47.01794],[-90.54757,47.00012],[-90.56407,46.99545],[-90.57777,47.03299],[-90.5661,47.03784]]],[[[-90.62624,47.00808],[-90.6067,47.00929],[-90.59782,46.99614],[-90.61583,46.98731],[-90.62827,46.9958],[-90.62624,47.00808]]],[[[-90.65183,46.92527],[-90.63478,46.94242],[-90.5394,46.96583],[-90.51162,46.96141],[-90.52772,46.93569],[-90.55149,46.92043],[-90.60711,46.91881],[-90.63494,46.90687],[-90.65423,46.91848],[-90.65183,46.92527]]],[[[-90.67791,46.96423],[-90.6496,46.98012],[-90.63445,46.9804],[-90.63168,46.9707],[-90.6625,46.95209],[-90.6791,46.95371],[-90.67791,46.96423]]],[[[-90.69766,47.03489],[-90.68067,47.04808],[-90.66685,47.04022],[-90.67357,47.02352],[-90.68424,47.01921],[-90.69609,47.02325],[-90.69766,47.03489]]],[[[-90.70207,46.88665],[-90.67773,46.89663],[-90.66824,46.88681],[-90.68831,46.87844],[-90.70207,46.88665]]],[[[-90.71308,46.99361],[-90.70123,47.00735],[-90.67989,47.00655],[-90.67278,46.99685],[-90.69174,46.98229],[-90.70952,46.98364],[-90.71308,46.99361]]],[[[-90.74054,46.96421],[-90.71511,46.95733],[-90.68858,46.92025],[-90.73711,46.91471],[-90.76529,46.94702],[-90.74054,46.96421]]],[[[-90.76561,46.83442],[-90.74534,46.8711],[-90.72176,46.87194],[-90.72158,46.85498],[-90.75006,46.83108],[-90.76561,46.83442]]],[[[-90.77512,47.02406],[-90.75882,47.03306],[-90.73846,47.01948],[-90.74081,47.00238],[-90.76984,47.00361],[-90.77512,47.02406]]],[[[-90.78727,46.78715],[-90.74401,46.79854],[-90.71238,46.82074],[-90.65695,46.84348],[-90.62205,46.87287],[-90.60255,46.87271],[-90.57441,46.85043],[-90.57826,46.84165],[-90.61382,46.83794],[-90.67973,46.81426],[-90.67831,46.80645],[-90.65797,46.79854],[-90.6594,46.7865],[-90.72452,46.78097],[-90.76365,46.75493],[-90.78574,46.75371],[-90.78204,46.77087],[-90.79202,46.78129],[-90.78727,46.78715]]],[[[-90.9821,46.98586],[-90.93308,46.99833],[-90.92587,46.9876],[-90.93161,46.96467],[-90.96521,46.96254],[-90.9798,46.97261],[-90.9821,46.98586]]],[[[-92.88811,45.62838],[-92.86919,45.71757],[-92.80984,45.74417],[-92.78462,45.7642],[-92.7765,45.79001],[-92.75781,45.80657],[-92.76515,45.83018],[-92.73999,45.84628],[-92.73404,45.86811],[-92.7125,45.89171],[-92.67661,45.90637],[-92.65955,45.92294],[-92.63912,45.92455],[-92.63882,45.93417],[-92.55193,45.95165],[-92.54981,45.96799],[-92.52705,45.98324],[-92.46935,45.97381],[-92.44226,46.01618],[-92.42856,46.02424],[-92.35176,46.01568],[-92.33291,46.0627],[-92.29403,46.07438],[-92.29129,46.66814],[-92.27059,46.65074],[-92.25618,46.65868],[-92.24249,46.64924],[-92.21239,46.64994],[-92.20229,46.65504],[-92.20409,46.66694],[-92.17588,46.68647],[-92.183,46.69565],[-92.20519,46.69834],[-92.20469,46.70404],[-92.18909,46.71754],[-92.14629,46.71594],[-92.13789,46.73954],[-92.10819,46.74914],[-92.08949,46.74924],[-92.03524,46.70755],[-92.00799,46.70504],[-91.96189,46.68254],[-91.79013,46.69467],[-91.59068,46.75433],[-91.51108,46.75745],[-91.44933,46.7733],[-91.40865,46.79266],[-91.36882,46.79384],[-91.31481,46.82682],[-91.2567,46.83689],[-91.2268,46.86361],[-91.20752,46.86583],[-91.20011,46.85402],[-91.17829,46.84426],[-91.16451,46.84739],[-91.14954,46.86441],[-91.11107,46.85591],[-91.09656,46.86153],[-91.09092,46.88267],[-91.05299,46.88132],[-91.03452,46.90305],[-90.99515,46.91758],[-90.96842,46.94391],[-90.92181,46.93132],[-90.88088,46.95078],[-90.87962,46.95809],[-90.85587,46.96223],[-90.83027,46.95088],[-90.82882,46.93221],[-90.79697,46.93659],[-90.78199,46.90997],[-90.75455,46.89827],[-90.75103,46.88796],[-90.77017,46.8763],[-90.79894,46.82314],[-90.83561,46.78976],[-90.85653,46.78889],[-90.86233,46.76814],[-90.88502,46.75634],[-90.85383,46.69346],[-90.88587,46.67037],[-90.91128,46.66308],[-90.92449,46.62542],[-90.95154,46.60062],[-90.94193,46.58842],[-90.90557,46.58352],[-90.77019,46.63613],[-90.75529,46.64629],[-90.7565,46.66459],[-90.73969,46.68873],[-90.73218,46.68868],[-90.55814,46.58638],[-90.53796,46.58108],[-90.50591,46.58961],[-90.4376,46.56149],[-90.41814,46.56609],[-90.39332,46.53261],[-90.34887,46.54118],[-90.34113,46.55284],[-90.33189,46.55328],[-90.31086,46.53936],[-90.31466,46.51617],[-90.2762,46.52414],[-90.2712,46.50651],[-90.23527,46.50783],[-90.21517,46.49954],[-90.17858,46.4546],[-90.17786,46.44137],[-90.16672,46.43972],[-90.15741,46.40909],[-90.11857,46.35862],[-90.12049,46.33685],[-89.09164,46.13845],[-88.81417,46.02075],[-88.79326,46.03272],[-88.77305,46.01979],[-88.73068,46.02654],[-88.71949,46.01608],[-88.67913,46.01354],[-88.66345,45.99215],[-88.64975,45.9883],[-88.62082,45.98843],[-88.60765,46.01492],[-88.58287,46.01001],[-88.5146,46.01993],[-88.4929,45.99288],[-88.46554,46.00068],[-88.4155,45.97525],[-88.37513,45.98927],[-88.32274,45.9586],[-88.28827,45.95274],[-88.25673,45.96207],[-88.22803,45.94756],[-88.18829,45.95128],[-88.10632,45.9164],[-88.09729,45.88432],[-88.07959,45.87901],[-88.07561,45.86775],[-88.13611,45.81903],[-88.09405,45.78566],[-88.06843,45.7801],[-87.98847,45.79357],[-87.98125,45.76836],[-87.96416,45.76004],[-87.8769,45.75438],[-87.86221,45.74502],[-87.85548,45.72694],[-87.80714,45.70801],[-87.80532,45.69625],[-87.7807,45.67681],[-87.81897,45.66331],[-87.82323,45.64629],[-87.77951,45.61186],[-87.77711,45.58922],[-87.78832,45.5705],[-87.82382,45.5655],[-87.82607,45.55714],[-87.81146,45.54353],[-87.79277,45.49997],[-87.81461,45.46314],[-87.8617,45.43447],[-87.84958,45.40812],[-87.88255,45.36435],[-87.85004,45.34625],[-87.7636,45.34877],[-87.70086,45.38734],[-87.684,45.3865],[-87.66192,45.37135],[-87.64777,45.34056],[-87.68618,45.29944],[-87.71007,45.25973],[-87.72604,45.21115],[-87.74079,45.2003],[-87.73627,45.1726],[-87.68169,45.14199],[-87.65713,45.10757],[-87.58715,45.08949],[-87.61039,45.07562],[-87.62575,45.04516],[-87.6287,44.9858],[-87.64696,44.98388],[-87.65794,44.97349],[-87.77186,44.96509],[-87.81952,44.95111],[-87.83903,44.93172],[-87.8443,44.91852],[-87.8305,44.89428],[-87.83619,44.88343],[-87.84627,44.88042],[-87.86624,44.84048],[-87.90114,44.82737],[-87.94145,44.75608],[-87.96471,44.74357],[-87.98349,44.7202],[-87.99011,44.66846],[-88.00208,44.66403],[-88.00977,44.63708],[-87.99872,44.60929],[-88.04241,44.56659],[-88.00552,44.53922],[-87.9707,44.53029],[-87.929,44.53599],[-87.90118,44.56893],[-87.90118,44.58454],[-87.86688,44.60843],[-87.80882,44.63634],[-87.77516,44.63928],[-87.75465,44.65037],[-87.74841,44.66712],[-87.71978,44.69325],[-87.72089,44.72455],[-87.61006,44.83838],[-87.58131,44.85179],[-87.531,44.85744],[-87.51514,44.8696],[-87.47849,44.86357],[-87.43708,44.89272],[-87.42033,44.8876],[-87.41002,44.86199],[-87.38482,44.86553],[-87.3854,44.88996],[-87.4062,44.90449],[-87.40501,44.91181],[-87.36029,44.98764],[-87.32212,45.0342],[-87.26488,45.08136],[-87.25745,45.12164],[-87.24031,45.13789],[-87.23822,45.16726],[-87.22197,45.17504],[-87.21437,45.16573],[-87.19521,45.16311],[-87.16317,45.18533],[-87.11997,45.1911],[-87.12282,45.223],[-87.10874,45.257],[-87.07832,45.26572],[-87.05763,45.29284],[-87.0439,45.28477],[-87.01704,45.29925],[-86.98336,45.29537],[-86.97035,45.27846],[-86.9844,45.26437],[-86.98267,45.24912],[-86.97302,45.2464],[-86.98597,45.21587],[-87.00281,45.21177],[-87.00754,45.22213],[-87.03255,45.22227],[-87.04091,45.21153],[-87.04523,45.1584],[-87.02885,45.14637],[-87.05434,45.11997],[-87.04821,45.08912],[-87.07955,45.07078],[-87.08187,45.0591],[-87.12116,45.05831],[-87.13938,45.01257],[-87.16353,45.00489],[-87.18941,44.96863],[-87.18837,44.94808],[-87.1717,44.93148],[-87.21598,44.9066],[-87.20454,44.87559],[-87.26744,44.84685],[-87.28256,44.81473],[-87.31375,44.79377],[-87.35379,44.70191],[-87.40163,44.63119],[-87.43749,44.60507],[-87.46809,44.55192],[-87.51797,44.39436],[-87.5176,44.3757],[-87.54538,44.32138],[-87.54116,44.29314],[-87.50842,44.22967],[-87.5129,44.19281],[-87.53994,44.15969],[-87.56318,44.1442],[-87.64658,44.10469],[-87.65608,44.05179],[-87.68336,44.02014],[-87.73618,43.88042],[-87.72641,43.81045],[-87.70025,43.76735],[-87.70988,43.7358],[-87.70269,43.6876],[-87.79014,43.56305],[-87.79761,43.52731],[-87.79324,43.49278],[-87.8078,43.46114],[-87.8725,43.38018],[-87.88921,43.30765],[-87.91179,43.25041],[-87.88108,43.17061],[-87.90049,43.12591],[-87.87608,43.09901],[-87.86648,43.07441],[-87.89508,43.04231],[-87.89578,43.01581],[-87.84518,42.96202],[-87.84778,42.88922],[-87.82328,42.83532],[-87.76668,42.7849],[-87.78217,42.74772],[-87.78237,42.70822],[-87.80307,42.67542],[-87.81967,42.61582],[-87.81087,42.58732],[-87.81227,42.52982],[-87.80048,42.49192],[-88.78668,42.49198],[-89.69009,42.50519],[-90.64284,42.50848],[-90.63673,42.5187],[-90.64563,42.5441],[-90.68549,42.58961],[-90.7092,42.63608],[-90.92115,42.68541],[-90.94921,42.68557],[-91.02679,42.72423],[-91.03542,42.73734],[-91.05373,42.73824],[-91.06578,42.75339],[-91.06026,42.76185],[-91.06955,42.76963],[-91.07867,42.82768],[-91.09406,42.83081],[-91.10057,42.88308],[-91.14556,42.90798],[-91.14543,42.95821],[-91.17946,43.06743],[-91.17525,43.13466],[-91.1462,43.15241],[-91.12217,43.19725],[-91.0664,43.23929],[-91.05792,43.25537],[-91.07265,43.26213],[-91.07371,43.27475],[-91.10724,43.31365],[-91.20396,43.34985],[-91.21477,43.36587],[-91.19767,43.39533],[-91.20314,43.4198],[-91.23337,43.45517],[-91.21604,43.48114],[-91.21735,43.51247],[-91.24318,43.54031],[-91.23186,43.58182],[-91.26875,43.61535],[-91.2624,43.64176],[-91.27325,43.66662],[-91.26846,43.70982],[-91.24413,43.77467],[-91.26244,43.79217],[-91.28414,43.84707],[-91.35743,43.91723],[-91.36664,43.93746],[-91.40739,43.96515],[-91.43738,43.99996],[-91.59207,44.03137],[-91.61049,44.04931],[-91.64787,44.06411],[-91.68153,44.0974],[-91.70749,44.10391],[-91.7106,44.12048],[-91.72155,44.13034],[-91.75175,44.13479],[-91.80806,44.15926],[-91.82917,44.17835],[-91.87516,44.20058],[-91.8927,44.2311],[-91.88704,44.25177],[-91.89639,44.27469],[-91.92461,44.29181],[-91.91357,44.31039],[-91.91863,44.32267],[-91.9636,44.36211],[-92.03815,44.38873],[-92.05649,44.40273],[-92.23247,44.44543],[-92.291,44.48546],[-92.31407,44.53801],[-92.33611,44.554],[-92.41509,44.56036],[-92.43863,44.55264],[-92.51922,44.57527],[-92.54717,44.5675],[-92.56943,44.60354],[-92.58471,44.59986],[-92.62146,44.61502],[-92.61978,44.63419],[-92.6321,44.64903],[-92.66099,44.66088],[-92.73726,44.71715],[-92.80732,44.75036],[-92.80529,44.76836],[-92.78521,44.7923],[-92.76528,44.83719],[-92.7691,44.86217],[-92.7634,44.87417],[-92.77457,44.89808],[-92.7587,44.90898],[-92.75065,44.9373],[-92.7546,44.95577],[-92.76945,44.97215],[-92.77123,45.00138],[-92.76206,45.02432],[-92.80308,45.06098],[-92.79153,45.07965],[-92.73958,45.1156],[-92.75771,45.15547],[-92.7524,45.17392],[-92.76681,45.18547],[-92.76391,45.20487],[-92.75171,45.21867],[-92.76025,45.2496],[-92.75166,45.26591],[-92.76187,45.28701],[-92.70997,45.3213],[-92.69897,45.33637],[-92.70272,45.35847],[-92.65042,45.39851],[-92.6466,45.44163],[-92.65355,45.45535],[-92.68023,45.46434],[-92.72668,45.51446],[-92.72608,45.54111],[-92.77022,45.56694],[-92.82331,45.56093],[-92.88114,45.57341],[-92.88811,45.62838]]]]}},{"type":"Feature","properties":{"STATEFP":"12","GEOID":"12"},"geometry":{"type":"MultiPolygon","coordinates":[[[[-80.74309,24.86353],[-80.71375,24.88244],[-80.70526,24.90649],[-80.69134,24.90514],[-80.6886,24.88124],[-80.70687,24.86433],[-80.73659,24.84816],[-80.74549,24.85457],[-80.74309,24.86353]]],[[[-80.85061,24.81352],[-80.81369,24.83719],[-80.79159,24.84361],[-80.78218,24.83764],[-80.7947,24.81221],[-80.84431,24.8008],[-80.85061,24.81352]]],[[[-81.11398,24.71116],[-80.96032,24.7685],[-80.91477,24.78307],[-80.90494,24.77902],[-80.9068,24.76784],[-80.95284,24.75328],[-81.02459,24.71655],[-81.07689,24.70464],[-81.08047,24.69362],[-81.10885,24.68925],[-81.11942,24.69934],[-81.11398,24.71116]]],[[[-81.81215,24.56143],[-81.79949,24.59417],[-81.74565,24.65988],[-81.5846,24.7367],[-81.57115,24.75635],[-81.53607,24.76598],[-81.4981,24.79257],[-81.4427,24.8135],[-81.30505,24.75519],[-81.29236,24.71052],[-81.24435,24.6755],[-81.2444,24.66731],[-81.27913,24.6541],[-81.39548,24.62208],[-81.41254,24.64673],[-81.50801,24.6424],[-81.5174,24.62124],[-81.66514,24.57326],[-81.68524,24.55868],[-81.80501,24.54398],[-81.8129,24.54939],[-81.81215,24.56143]]],[[[-82.00732,24.54011],[-81.92307,24.5525],[-81.89212,24.56564],[-81.88336,24.56088],[-81.9188,24.5277],[-81.96389,24.52115],[-82.00651,24.52711],[-82.00732,24.54011]]],[[[-82.16443,24.56338],[-82.13542,24.59688],[-82.10105,24.58468],[-82.10443,24.56117],[-82.11679,24.54914],[-82.15944,24.54821],[-82.16443,24.56338]]],[[[-82.26734,26.68383],[-82.26334,26.69851],[-82.24514,26.7057],[-82.24596,26.68861],[-82.21354,26.62702],[-82.17463,26.49874],[-82.14937,26.47761],[-82.11475,26.47131],[-82.09564,26.45675],[-82.05998,26.46909],[-82.02241,26.45765],[-82.01699,26.44739],[-82.08291,26.42206],[-82.12667,26.43628],[-82.17292,26.46766],[-82.18894,26.49029],[-82.21097,26.57323],[-82.22645,26.58933],[-82.22683,26.61974],[-82.26734,26.68383]]],[[[-82.85499,28.20798],[-82.83694,28.21018],[-82.83458,28.16751],[-82.84362,28.16376],[-82.85142,28.1674],[-82.85499,28.20798]]],[[[-82.92679,24.63159],[-82.86836,24.63439],[-82.8616,24.6265],[-82.86951,24.61817],[-82.92294,24.62212],[-82.92679,24.63159]]],[[[-84.67065,29.79198],[-84.63975,29.79817],[-84.57229,29.82788],[-84.56912,29.81343],[-84.58449,29.80087],[-84.62423,29.78618],[-84.66378,29.77499],[-84.6746,29.78307],[-84.67065,29.79198]]],[[[-87.63484,30.86611],[-87.59206,30.95146],[-87.59894,30.99742],[-85.99873,30.99286],[-85.0019,31.00068],[-85.00606,30.97704],[-84.98026,30.96129],[-84.98326,30.93478],[-84.93554,30.88248],[-84.92846,30.84253],[-84.93617,30.82067],[-84.91445,30.75358],[-84.89625,30.75058],[-84.86469,30.71154],[-83.49995,30.64566],[-82.21487,30.56858],[-82.23194,30.55626],[-82.23585,30.53718],[-82.22696,30.51027],[-82.20144,30.48515],[-82.21032,30.42458],[-82.19297,30.37877],[-82.16178,30.35784],[-82.10486,30.3683],[-82.09471,30.36077],[-82.06006,30.36031],[-82.03684,30.37787],[-82.03723,30.43451],[-82.0178,30.47507],[-82.01838,30.53118],[-82.0055,30.56349],[-82.01573,30.6017],[-82.02736,30.60672],[-82.02852,30.62182],[-82.04953,30.65554],[-82.05045,30.67626],[-82.03645,30.70658],[-82.04382,30.72964],[-82.03899,30.74926],[-82.01162,30.76312],[-82.02289,30.78799],[-82.00789,30.79294],[-81.97388,30.77849],[-81.96255,30.79653],[-81.96219,30.818],[-81.94981,30.8275],[-81.91094,30.81589],[-81.89574,30.8211],[-81.86862,30.79276],[-81.80667,30.78968],[-81.77918,30.76806],[-81.76338,30.77382],[-81.74632,30.76589],[-81.71994,30.74463],[-81.69479,30.74842],[-81.67283,30.73894],[-81.66218,30.74652],[-81.65213,30.74244],[-81.64614,30.72759],[-81.62511,30.73302],[-81.61767,30.72205],[-81.60121,30.72814],[-81.54093,30.71334],[-81.53053,30.72286],[-81.48733,30.72608],[-81.4726,30.71331],[-81.43273,30.70302],[-81.42742,30.69802],[-81.4431,30.60094],[-81.43406,30.52257],[-81.44709,30.50368],[-81.41081,30.48204],[-81.3855,30.27384],[-81.30898,29.96944],[-81.27044,29.88311],[-81.25671,29.78469],[-81.24092,29.73922],[-81.16358,29.55529],[-80.96618,29.14796],[-80.70973,28.75669],[-80.57487,28.58517],[-80.56097,28.53074],[-80.52509,28.45945],[-80.52673,28.45171],[-80.56288,28.43778],[-80.58781,28.41086],[-80.60687,28.33648],[-80.60421,28.25773],[-80.56643,28.09563],[-80.50887,27.97048],[-80.3837,27.74004],[-80.35055,27.62836],[-80.33096,27.59754],[-80.31176,27.52463],[-80.30117,27.50031],[-80.29317,27.50031],[-80.25366,27.37979],[-80.16147,27.19281],[-80.15337,27.16931],[-80.15955,27.16333],[-80.09391,27.01859],[-80.03136,26.79634],[-80.03746,26.76634],[-80.03886,26.56935],[-80.10957,26.08716],[-80.12799,25.77225],[-80.144,25.74081],[-80.15497,25.66549],[-80.17692,25.68506],[-80.16624,25.72895],[-80.18463,25.74556],[-80.19767,25.74437],[-80.24038,25.72421],[-80.26707,25.65185],[-80.30146,25.6133],[-80.30206,25.56763],[-80.31392,25.53916],[-80.32875,25.53264],[-80.33942,25.49943],[-80.33705,25.46562],[-80.32044,25.43715],[-80.32578,25.39801],[-80.3068,25.38437],[-80.33527,25.3387],[-80.37412,25.31735],[-80.37706,25.30219],[-80.36591,25.28538],[-80.33832,25.29009],[-80.29019,25.31932],[-80.24958,25.39494],[-80.22947,25.40419],[-80.21496,25.43009],[-80.18984,25.50379],[-80.17553,25.5037],[-80.17394,25.48908],[-80.20383,25.4145],[-80.3274,25.22381],[-80.35818,25.15323],[-80.57153,24.95373],[-80.65633,24.89744],[-80.66437,24.9105],[-80.49674,25.04701],[-80.46883,25.09203],[-80.46112,25.16178],[-80.44292,25.18928],[-80.46455,25.20907],[-80.49539,25.19981],[-80.52163,25.22154],[-80.54239,25.20638],[-80.66403,25.18726],[-80.7031,25.15356],[-80.71304,25.1522],[-80.72441,25.16634],[-80.7435,25.16398],[-80.74775,25.14744],[-80.78512,25.16893],[-80.79458,25.18237],[-80.81213,25.18604],[-80.82227,25.17424],[-80.87546,25.17432],[-80.90007,25.16203],[-80.90058,25.13967],[-80.97177,25.13396],[-80.99918,25.12422],[-81.05051,25.12827],[-81.07986,25.1188],[-81.14102,25.16387],[-81.14674,25.19314],[-81.17204,25.22228],[-81.15192,25.32477],[-81.1401,25.34112],[-81.12141,25.33875],[-81.11727,25.35495],[-81.12849,25.38051],[-81.15051,25.38725],[-81.14677,25.40758],[-81.16865,25.46385],[-81.2082,25.50494],[-81.20318,25.53416],[-81.20932,25.54861],[-81.22556,25.55847],[-81.24052,25.59904],[-81.27149,25.61434],[-81.27282,25.63796],[-81.28942,25.65796],[-81.29033,25.68751],[-81.3119,25.70291],[-81.35056,25.68983],[-81.35525,25.72873],[-81.38226,25.74947],[-81.38381,25.77675],[-81.46849,25.80332],[-81.47224,25.81693],[-81.54789,25.84961],[-81.61473,25.89398],[-81.65449,25.89358],[-81.67829,25.8453],[-81.68954,25.85271],[-81.71317,25.89757],[-81.72782,25.90783],[-81.73195,25.93151],[-81.74972,25.96046],[-81.74783,25.99427],[-81.76244,26.00607],[-81.80166,26.08823],[-81.83314,26.29452],[-81.86898,26.37865],[-81.91171,26.42716],[-81.96421,26.45796],[-81.96951,26.4765],[-82.00896,26.48405],[-82.0153,26.52884],[-82.04014,26.52528],[-82.05991,26.54297],[-82.06674,26.53679],[-82.05892,26.49336],[-82.10697,26.48678],[-82.112,26.54085],[-82.13787,26.63744],[-82.18157,26.68171],[-82.17352,26.70184],[-82.13902,26.70299],[-82.12579,26.69954],[-82.10625,26.66734],[-82.09302,26.66561],[-82.05508,26.80245],[-82.0591,26.87662],[-82.09072,26.88869],[-82.09302,26.90652],[-82.09015,26.92319],[-82.06198,26.93124],[-82.06313,26.95021],[-82.07635,26.95826],[-82.10797,26.95769],[-82.13729,26.92607],[-82.16202,26.92549],[-82.17524,26.91687],[-82.14707,26.7898],[-82.17869,26.77256],[-82.24358,26.7676],[-82.24989,26.76295],[-82.25347,26.71942],[-82.26836,26.72122],[-82.2695,26.78467],[-82.28909,26.82778],[-82.35165,26.90838],[-82.44572,27.06063],[-82.47702,27.14123],[-82.53972,27.25433],[-82.56975,27.27945],[-82.56925,27.29859],[-82.59763,27.33575],[-82.69182,27.43722],[-82.71452,27.50042],[-82.74575,27.53883],[-82.70812,27.52351],[-82.70303,27.49795],[-82.68642,27.49722],[-82.68362,27.51311],[-82.65072,27.52312],[-82.61202,27.57123],[-82.61172,27.58528],[-82.57061,27.60888],[-82.51426,27.70559],[-82.47764,27.723],[-82.4823,27.74265],[-82.43464,27.76435],[-82.39338,27.83752],[-82.40261,27.8826],[-82.41392,27.9014],[-82.45958,27.90994],[-82.46247,27.93648],[-82.4915,27.91549],[-82.48806,27.86357],[-82.46884,27.8433],[-82.47244,27.82256],[-82.51119,27.82802],[-82.55395,27.84846],[-82.55292,27.8627],[-82.53862,27.8649],[-82.52992,27.8775],[-82.54282,27.8906],[-82.53132,27.9039],[-82.53372,27.933],[-82.55392,27.967],[-82.576,27.96942],[-82.66963,28.03041],[-82.69007,28.02747],[-82.67924,28.00002],[-82.70611,27.95986],[-82.72052,27.9558],[-82.72012,27.9364],[-82.68512,27.9163],[-82.63422,27.9037],[-82.63212,27.8911],[-82.59844,27.85758],[-82.58652,27.8167],[-82.62272,27.77987],[-82.63052,27.7539],[-82.62572,27.72701],[-82.63982,27.70391],[-82.67732,27.70621],[-82.67925,27.69467],[-82.69375,27.70022],[-82.71882,27.69201],[-82.72162,27.66391],[-82.69966,27.63477],[-82.70497,27.62479],[-82.73215,27.61345],[-82.74403,27.63758],[-82.73802,27.70681],[-82.74622,27.73131],[-82.78312,27.7838],[-82.82856,27.82225],[-82.84653,27.8543],[-82.85113,27.8863],[-82.83139,27.96212],[-82.82271,28.0486],[-82.83639,28.06418],[-82.84082,28.08391],[-82.82788,28.08737],[-82.81938,28.06398],[-82.79564,28.05399],[-82.78352,28.06006],[-82.78132,28.12759],[-82.79072,28.15249],[-82.80847,28.1548],[-82.8051,28.17218],[-82.79776,28.18779],[-82.76264,28.21901],[-82.7641,28.24434],[-82.74619,28.26119],[-82.73279,28.29193],[-82.73146,28.32507],[-82.70611,28.36806],[-82.70632,28.40132],[-82.67479,28.44196],[-82.6804,28.45719],[-82.66505,28.48443],[-82.66942,28.51988],[-82.65669,28.54481],[-82.66165,28.55414],[-82.65414,28.59084],[-82.67467,28.64759],[-82.66872,28.69566],[-82.71237,28.72092],[-82.69828,28.75701],[-82.73024,28.85016],[-82.68886,28.90561],[-82.73575,28.97371],[-82.73787,28.9957],[-82.76055,28.99309],[-82.76405,28.99971],[-82.75351,29.0265],[-82.7597,29.05419],[-82.78333,29.06462],[-82.78056,29.07358],[-82.81692,29.07622],[-82.82366,29.0989],[-82.79912,29.11065],[-82.80474,29.14662],[-82.82707,29.15843],[-82.97468,29.17091],[-82.99165,29.18066],[-83.01821,29.15142],[-83.01907,29.14132],[-83.05321,29.13084],[-83.05687,29.14626],[-83.06825,29.15313],[-83.06116,29.17611],[-83.08784,29.21642],[-83.07726,29.25533],[-83.12803,29.28273],[-83.16958,29.29036],[-83.17552,29.34469],[-83.2007,29.37385],[-83.20245,29.39442],[-83.21807,29.42049],[-83.24051,29.43318],[-83.29475,29.43792],[-83.31155,29.47567],[-83.33113,29.47559],[-83.35672,29.4999],[-83.37029,29.4999],[-83.40025,29.51724],[-83.40526,29.57832],[-83.39948,29.61296],[-83.41277,29.66849],[-83.45536,29.67644],[-83.48314,29.69048],[-83.49373,29.70839],[-83.53764,29.72306],[-83.58472,29.77608],[-83.5859,29.81175],[-83.59549,29.82798],[-83.61857,29.84234],[-83.63798,29.88607],[-83.67922,29.91851],[-83.78873,29.97698],[-83.82869,29.98319],[-83.84543,29.99807],[-83.93151,30.03907],[-84.00072,30.09621],[-84.02427,30.10327],[-84.06299,30.10138],[-84.11384,30.08548],[-84.12489,30.0906],[-84.16788,30.07142],[-84.19853,30.08794],[-84.23701,30.08556],[-84.25644,30.10379],[-84.27251,30.09236],[-84.27079,30.06809],[-84.27717,30.06026],[-84.29784,30.05745],[-84.36611,30.00866],[-84.35999,29.98474],[-84.3477,29.98412],[-84.34304,29.9751],[-84.33651,29.94251],[-84.33595,29.91296],[-84.34907,29.89681],[-84.37894,29.89311],[-84.42383,29.903],[-84.44365,29.91379],[-84.45171,29.92909],[-84.49456,29.91396],[-84.512,29.91657],[-84.6033,29.87612],[-84.65645,29.83428],[-84.69205,29.82906],[-84.75559,29.78854],[-84.86827,29.74245],[-84.88803,29.72241],[-84.90178,29.73572],[-84.87711,29.77289],[-84.90413,29.78628],[-84.91511,29.7833],[-84.93837,29.75021],[-84.96401,29.74242],[-84.96884,29.72708],[-84.99326,29.71496],[-85.03721,29.71107],[-85.10168,29.71875],[-85.13598,29.71218],[-85.145,29.70276],[-85.13394,29.69139],[-85.07431,29.67398],[-85.07163,29.632],[-85.01364,29.61351],[-84.90153,29.66788],[-84.8027,29.69898],[-84.70172,29.77038],[-84.69374,29.76785],[-84.69246,29.75923],[-84.77695,29.69219],[-84.87673,29.65576],[-84.98371,29.60424],[-85.0494,29.58695],[-85.08423,29.61516],[-85.14101,29.63404],[-85.22201,29.67798],[-85.29074,29.68408],[-85.31921,29.68149],[-85.34771,29.66719],[-85.36942,29.68105],[-85.40318,29.73672],[-85.422,29.82759],[-85.4147,29.8551],[-85.40694,29.86797],[-85.39371,29.86266],[-85.40247,29.8029],[-85.37576,29.72199],[-85.35839,29.69334],[-85.34175,29.68818],[-85.32341,29.69783],[-85.306,29.7252],[-85.30236,29.80938],[-85.31455,29.82228],[-85.31143,29.83235],[-85.33978,29.85445],[-85.36373,29.89891],[-85.40505,29.93849],[-85.50915,29.97147],[-85.57191,30.02644],[-85.58824,30.05554],[-85.69681,30.09689],[-85.77541,30.15629],[-85.9226,30.23802],[-86.08996,30.30357],[-86.22256,30.34359],[-86.41208,30.38035],[-86.63295,30.3963],[-86.75091,30.39188],[-86.90968,30.37242],[-87.20625,30.32094],[-87.26783,30.31548],[-87.29542,30.3235],[-87.51832,30.28044],[-87.50941,30.29219],[-87.4669,30.30226],[-87.46414,30.3118],[-87.48567,30.30894],[-87.49616,30.31799],[-87.45228,30.3441],[-87.45138,30.3672],[-87.42958,30.40649],[-87.40349,30.41019],[-87.3666,30.43664],[-87.37078,30.44686],[-87.39989,30.45099],[-87.42509,30.46559],[-87.43559,30.48049],[-87.43119,30.49579],[-87.44771,30.51045],[-87.43545,30.54913],[-87.41866,30.56182],[-87.39732,30.60871],[-87.39619,30.65044],[-87.40697,30.67515],[-87.46635,30.70082],[-87.48123,30.71649],[-87.50233,30.72157],[-87.53262,30.74347],[-87.54505,30.77864],[-87.61593,30.83467],[-87.63484,30.86611]]]]}},{"type":"Feature","properties":{"STATEFP":"26","GEOID":"26"},"geometry":{"type":"MultiPolygon","coordinates":[[[[-83.45224,43.85635],[-83.42936,43.85941],[-83.43182,43.84514],[-83.44859,43.84287],[-83.45224,43.85635]]],[[[-84.00966,46.10133],[-83.98768,46.09829],[-83.97401,46.08155],[-83.97345,46.06529],[-84.01263,46.08728],[-84.00966,46.10133]]],[[[-84.58269,45.96312],[-84.57496,45.97065],[-84.56393,45.96641],[-84.56749,45.9477],[-84.58269,45.96312]]],[[[-84.59734,45.83433],[-84.53839,45.80784],[-84.51444,45.81012],[-84.43247,45.78673],[-84.42083,45.7998],[-84.4083,45.79957],[-84.40321,45.78439],[-84.35631,45.76949],[-84.37225,45.74578],[-84.40585,45.72242],[-84.48413,45.73071],[-84.50089,45.73726],[-84.5093,45.75434],[-84.5499,45.78986],[-84.58195,45.80263],[-84.61131,45.82857],[-84.59734,45.83433]]],[[[-84.63986,45.97834],[-84.63286,45.98487],[-84.61067,45.96554],[-84.63286,45.95101],[-84.64018,45.95837],[-84.63986,45.97834]]],[[[-84.65134,45.86284],[-84.6418,45.88549],[-84.62252,45.87753],[-84.60292,45.85164],[-84.62386,45.84658],[-84.65134,45.86284]]],[[[-85.37713,45.8128],[-85.36095,45.81755],[-85.35143,45.79566],[-85.35905,45.77663],[-85.37713,45.76901],[-85.39426,45.77853],[-85.37713,45.8128]]],[[[-85.52445,45.82979],[-85.45021,45.79668],[-85.45021,45.77645],[-85.46258,45.76586],[-85.50726,45.77824],[-85.53201,45.79817],[-85.52445,45.82979]]],[[[-85.63002,45.59817],[-85.61985,45.62455],[-85.60452,45.63926],[-85.60488,45.68193],[-85.57231,45.71145],[-85.56644,45.76022],[-85.53562,45.75039],[-85.50127,45.75442],[-85.49766,45.74625],[-85.51568,45.73578],[-85.49878,45.72629],[-85.49415,45.70538],[-85.5061,45.68115],[-85.49025,45.65212],[-85.49135,45.60966],[-85.53027,45.58925],[-85.53406,45.5782],[-85.56163,45.57221],[-85.61805,45.58265],[-85.63002,45.59817]]],[[[-85.70181,45.73613],[-85.68885,45.74724],[-85.65187,45.74314],[-85.64935,45.72255],[-85.67219,45.69663],[-85.69687,45.69725],[-85.70181,45.73613]]],[[[-85.79296,45.48198],[-85.77537,45.49015],[-85.77157,45.46057],[-85.78679,45.4722],[-85.79296,45.48198]]],[[[-85.88301,45.44348],[-85.83489,45.42836],[-85.82595,45.4043],[-85.83352,45.37817],[-85.87339,45.42148],[-85.88301,45.44348]]],[[[-86.06502,45.14027],[-86.04443,45.15958],[-85.98941,45.15107],[-85.9768,45.13836],[-85.98409,45.08707],[-85.97688,45.06266],[-85.99736,45.05593],[-86.05865,45.10078],[-86.06502,45.14027]]],[[[-86.15669,45.01053],[-86.1381,45.04304],[-86.11791,45.04848],[-86.08532,45.04073],[-86.0856,45.0309],[-86.10031,45.02624],[-86.09354,45.00784],[-86.13366,44.99687],[-86.15482,45.00239],[-86.15669,45.01053]]],[[[-86.69239,45.61713],[-86.66575,45.60624],[-86.62619,45.57358],[-86.62202,45.55633],[-86.63689,45.54205],[-86.64879,45.54324],[-86.66128,45.57418],[-86.71233,45.61094],[-86.69239,45.61713]]],[[[-86.78665,45.51456],[-86.76977,45.51625],[-86.75047,45.48414],[-86.76374,45.47399],[-86.78281,45.48678],[-86.79027,45.50189],[-86.78665,45.51456]]],[[[-86.82483,41.76024],[-86.67936,41.84479],[-86.5979,41.91829],[-86.48522,42.11824],[-86.40415,42.19638],[-86.35622,42.25417],[-86.29717,42.35821],[-86.24971,42.48021],[-86.22561,42.59477],[-86.22905,42.63769],[-86.21602,42.66441],[-86.20683,42.71942],[-86.21074,42.85913],[-86.2263,42.98828],[-86.25465,43.08341],[-86.40783,43.33844],[-86.47928,43.51534],[-86.5385,43.6175],[-86.54079,43.64459],[-86.52918,43.67789],[-86.46155,43.74668],[-86.44512,43.77156],[-86.43104,43.81598],[-86.43391,43.85561],[-86.46314,43.97098],[-86.50883,44.03276],[-86.5147,44.05812],[-86.50045,44.07561],[-86.42111,44.12948],[-86.36285,44.20811],[-86.34379,44.24961],[-86.26871,44.34532],[-86.24808,44.42095],[-86.24891,44.483],[-86.2207,44.56674],[-86.22545,44.59459],[-86.25903,44.66365],[-86.255,44.69194],[-86.23248,44.70605],[-86.16027,44.72819],[-86.12113,44.72797],[-86.08919,44.7415],[-86.07351,44.7698],[-86.06597,44.82152],[-86.07247,44.88479],[-86.06674,44.90568],[-86.03833,44.9157],[-86.02151,44.90277],[-85.99254,44.90003],[-85.98022,44.90614],[-85.9316,44.96879],[-85.89763,44.96201],[-85.86985,44.93903],[-85.8074,44.94981],[-85.78044,44.97793],[-85.77139,45.01518],[-85.74644,45.05123],[-85.69572,45.07646],[-85.65602,45.14579],[-85.61864,45.18677],[-85.60696,45.17848],[-85.58599,45.18038],[-85.55107,45.21074],[-85.5405,45.21017],[-85.52673,45.18932],[-85.53146,45.17725],[-85.5639,45.15436],[-85.5998,45.14929],[-85.61432,45.12756],[-85.5832,45.0713],[-85.56488,45.05938],[-85.56436,45.04355],[-85.57686,45.04189],[-85.5905,45.05161],[-85.59965,45.02175],[-85.62983,45.00248],[-85.64932,44.97407],[-85.63351,44.96684],[-85.6043,44.99098],[-85.60203,44.92674],[-85.6255,44.92111],[-85.64546,44.88365],[-85.65236,44.84909],[-85.637,44.79008],[-85.64078,44.77556],[-85.62798,44.76751],[-85.59357,44.76878],[-85.58172,44.80778],[-85.53293,44.87319],[-85.53065,44.88976],[-85.53727,44.89582],[-85.55952,44.88811],[-85.56451,44.89525],[-85.53355,44.92576],[-85.52003,44.974],[-85.4926,44.98983],[-85.4752,44.99105],[-85.46494,44.96106],[-85.48574,44.95363],[-85.48862,44.90171],[-85.50218,44.8558],[-85.55589,44.81826],[-85.56049,44.78968],[-85.57657,44.76021],[-85.55433,44.74874],[-85.52722,44.74824],[-85.50477,44.76808],[-85.50925,44.78733],[-85.49959,44.80384],[-85.46292,44.82507],[-85.3958,44.93102],[-85.37829,44.99859],[-85.38066,45.04632],[-85.36641,45.06902],[-85.36691,45.11694],[-85.38673,45.1895],[-85.38859,45.23524],[-85.37159,45.27083],[-85.30765,45.31314],[-85.263,45.31951],[-85.1967,45.36064],[-85.14365,45.37037],[-85.03281,45.36125],[-84.95912,45.37597],[-84.91585,45.39312],[-84.91296,45.40978],[-84.92201,45.42191],[-84.98095,45.42938],[-84.99497,45.4234],[-85.04094,45.4367],[-85.06957,45.45924],[-85.08839,45.47693],[-85.10925,45.52163],[-85.11864,45.57518],[-85.07491,45.62924],[-85.00703,45.65636],[-84.94376,45.71029],[-84.94213,45.72846],[-84.97595,45.75145],[-84.97526,45.75862],[-84.93831,45.75989],[-84.9104,45.75001],[-84.86698,45.75207],[-84.84098,45.74475],[-84.79956,45.74713],[-84.78137,45.76108],[-84.7798,45.76965],[-84.79315,45.78046],[-84.77277,45.7893],[-84.75157,45.78273],[-84.72619,45.7869],[-84.716,45.76617],[-84.57363,45.71038],[-84.46168,45.6524],[-84.44235,45.65477],[-84.42749,45.6692],[-84.3764,45.65557],[-84.32954,45.66438],[-84.21527,45.63477],[-84.12887,45.56228],[-84.12231,45.52379],[-84.09591,45.4973],[-84.05614,45.48935],[-84.02881,45.49723],[-83.93926,45.49319],[-83.90947,45.48578],[-83.84154,45.43529],[-83.80662,45.41916],[-83.72182,45.4133],[-83.59927,45.35256],[-83.57036,45.3472],[-83.53831,45.35817],[-83.52026,45.34724],[-83.48708,45.34365],[-83.4822,45.33037],[-83.46744,45.33151],[-83.42239,45.29077],[-83.3851,45.27419],[-83.39057,45.25337],[-83.41148,45.25404],[-83.41241,45.23891],[-83.38165,45.20336],[-83.36368,45.16647],[-83.34868,45.16152],[-83.33782,45.14712],[-83.31612,45.14196],[-83.31601,45.12407],[-83.30178,45.09388],[-83.31657,45.07886],[-83.30928,45.06612],[-83.31394,45.05339],[-83.27704,45.04477],[-83.2659,45.02684],[-83.34026,45.04154],[-83.36747,45.06227],[-83.36519,45.07285],[-83.38039,45.07714],[-83.44205,45.05106],[-83.45352,45.02862],[-83.43654,45.0056],[-83.46116,45.00077],[-83.4622,44.9939],[-83.44606,44.98131],[-83.44372,44.95225],[-83.43303,44.93289],[-83.4046,44.91876],[-83.39396,44.90306],[-83.3205,44.88057],[-83.32124,44.85296],[-83.30065,44.82983],[-83.2973,44.74613],[-83.27339,44.7139],[-83.28944,44.65297],[-83.31452,44.60872],[-83.30847,44.5399],[-83.32682,44.44441],[-83.32165,44.4045],[-83.33376,44.37249],[-83.33253,44.34046],[-83.34374,44.32976],[-83.37361,44.32778],[-83.4143,44.29454],[-83.42969,44.26971],[-83.44273,44.26536],[-83.46305,44.27884],[-83.50039,44.27661],[-83.53771,44.24817],[-83.56828,44.15561],[-83.57307,44.1013],[-83.59136,44.07924],[-83.58409,44.05675],[-83.65012,44.0524],[-83.67965,44.03637],[-83.68789,44.02071],[-83.68011,43.9942],[-83.68551,43.9901],[-83.72876,44.00344],[-83.7473,44.00275],[-83.76377,43.98516],[-83.83667,43.9966],[-83.85046,43.98668],[-83.85613,43.97263],[-83.87613,43.96137],[-83.89091,43.92331],[-83.90739,43.91806],[-83.92129,43.85828],[-83.92634,43.7874],[-83.94305,43.76445],[-83.95678,43.76101],[-83.95435,43.75065],[-83.9393,43.71537],[-83.89708,43.66402],[-83.85208,43.64492],[-83.83738,43.65038],[-83.75848,43.62595],[-83.71237,43.60771],[-83.69238,43.58886],[-83.67053,43.58809],[-83.53985,43.70864],[-83.52843,43.71428],[-83.51485,43.70951],[-83.51399,43.69763],[-83.4966,43.69739],[-83.43072,43.78506],[-83.39839,43.81216],[-83.39111,43.84807],[-83.3637,43.85448],[-83.3277,43.88097],[-83.32744,43.90058],[-83.40081,43.90703],[-83.40055,43.91861],[-83.31866,43.91762],[-83.28231,43.93803],[-83.26153,43.97353],[-83.18062,43.98211],[-83.10782,44.00324],[-83.06603,44.00337],[-83.04658,44.01571],[-83.0246,44.04517],[-82.99073,44.04885],[-82.96744,44.06614],[-82.94737,44.06219],[-82.91598,44.0705],[-82.88983,44.05095],[-82.79321,44.02325],[-82.7832,44.00937],[-82.74626,43.99604],[-82.70984,43.94823],[-82.67864,43.88373],[-82.65545,43.86788],[-82.64317,43.85247],[-82.64778,43.84268],[-82.63364,43.83122],[-82.61222,43.73977],[-82.59791,43.59002],[-82.58565,43.54397],[-82.53952,43.43754],[-82.52309,43.22536],[-82.50888,43.19675],[-82.48604,43.10249],[-82.41594,43.00556],[-82.42455,42.99339],[-82.41296,42.97704],[-82.41674,42.96661],[-82.45503,42.92687],[-82.46991,42.88746],[-82.46896,42.85231],[-82.48204,42.80863],[-82.46748,42.76191],[-82.51053,42.66517],[-82.50993,42.63729],[-82.52483,42.60598],[-82.58998,42.55098],[-82.63306,42.55684],[-82.66683,42.53485],[-82.68844,42.55979],[-82.67859,42.5821],[-82.71323,42.59861],[-82.67695,42.6135],[-82.6825,42.62587],[-82.63264,42.64055],[-82.62382,42.65396],[-82.626,42.66787],[-82.65324,42.67223],[-82.67429,42.68705],[-82.70096,42.68955],[-82.75332,42.66973],[-82.76558,42.65572],[-82.79732,42.65403],[-82.81352,42.64083],[-82.81902,42.61633],[-82.78902,42.60343],[-82.78139,42.56782],[-82.83422,42.56785],[-82.87442,42.52354],[-82.88392,42.47184],[-82.87035,42.45089],[-82.89401,42.38944],[-82.91911,42.37444],[-82.9292,42.3511],[-83.06412,42.31774],[-83.09652,42.29014],[-83.12802,42.23884],[-83.13392,42.17474],[-83.12132,42.12574],[-83.13242,42.09146],[-83.18521,42.08425],[-83.19172,42.07449],[-83.18148,42.0193],[-83.18725,42.00757],[-83.20865,42.00504],[-83.2169,41.98856],[-83.2492,41.9724],[-83.26952,41.93904],[-83.29598,41.94474],[-83.31586,41.93589],[-83.34156,41.87996],[-83.36619,41.8655],[-83.37244,41.87448],[-83.38196,41.87088],[-83.4096,41.83033],[-83.43961,41.81316],[-83.44336,41.78912],[-83.42408,41.74074],[-83.45383,41.73265],[-84.80608,41.69609],[-84.80588,41.76022],[-86.82483,41.76024]]],[[[-87.6523,47.41621],[-87.62367,47.42628],[-87.58622,47.41834],[-87.60034,47.40771],[-87.6523,47.41621]]],[[[-89.2552,47.8761],[-89.17915,47.93503],[-88.94089,48.01959],[-88.91503,48.02068],[-88.83571,48.05675],[-88.78756,48.06303],[-88.77208,48.0705],[-88.76426,48.08519],[-88.68443,48.11579],[-88.65691,48.13923],[-88.54703,48.17489],[-88.52475,48.16529],[-88.50109,48.16818],[-88.48204,48.17992],[-88.4226,48.19098],[-88.41824,48.18037],[-88.41988,48.17073],[-88.4597,48.15855],[-88.56694,48.09372],[-88.57805,48.08437],[-88.57392,48.06886],[-88.57978,48.05867],[-88.67007,48.01145],[-88.89918,47.9533],[-89.00307,47.90854],[-89.00486,47.89643],[-88.95347,47.8905],[-88.8997,47.90245],[-88.91166,47.89134],[-89.15774,47.82402],[-89.19017,47.8316],[-89.20181,47.85024],[-89.23453,47.85172],[-89.22851,47.85804],[-89.2552,47.8761]]],[[[-90.41814,46.56609],[-90.32763,46.60774],[-90.30661,46.60274],[-90.16403,46.64552],[-90.02839,46.67439],[-89.91847,46.74032],[-89.84865,46.79571],[-89.79066,46.81847],[-89.67337,46.83323],[-89.61933,46.81889],[-89.51394,46.84184],[-89.47154,46.83736],[-89.41515,46.84398],[-89.22791,46.91295],[-89.1287,46.9926],[-89.08674,46.9853],[-89.02893,47.00114],[-88.99842,46.99531],[-88.9728,47.0021],[-88.92449,47.04216],[-88.88914,47.10057],[-88.84818,47.11507],[-88.81483,47.1414],[-88.76435,47.15576],[-88.72969,47.18583],[-88.67239,47.21914],[-88.574,47.24599],[-88.50078,47.2935],[-88.45926,47.3399],[-88.41867,47.37119],[-88.2852,47.42239],[-88.23916,47.42997],[-88.21782,47.44874],[-88.04029,47.476],[-87.80118,47.4733],[-87.71594,47.43982],[-87.71242,47.4014],[-87.75138,47.40507],[-87.81537,47.38479],[-87.8567,47.39539],[-87.95706,47.38726],[-87.9656,47.36865],[-87.93879,47.34678],[-87.94336,47.3359],[-87.9686,47.33258],[-88.01648,47.30627],[-88.06009,47.2958],[-88.16306,47.21628],[-88.21236,47.20942],[-88.22899,47.19904],[-88.24201,47.17477],[-88.24266,47.15843],[-88.23216,47.14597],[-88.24763,47.13598],[-88.26297,47.14517],[-88.2817,47.13821],[-88.29762,47.09851],[-88.34995,47.07638],[-88.36762,47.01921],[-88.41115,46.97798],[-88.4439,46.97225],[-88.4554,46.92332],[-88.47586,46.88604],[-88.48375,46.83173],[-88.46235,46.78671],[-88.4821,46.78262],[-88.49648,46.75649],[-88.47639,46.74949],[-88.455,46.75934],[-88.43384,46.7935],[-88.38112,46.83684],[-88.39727,46.8531],[-88.39478,46.86418],[-88.35094,46.85668],[-88.24444,46.92961],[-88.14369,46.96666],[-88.13288,46.9622],[-88.15011,46.94363],[-88.24266,46.88508],[-88.28342,46.82299],[-88.2677,46.8217],[-88.24195,46.86006],[-88.1752,46.90458],[-88.08187,46.92046],[-88.0043,46.90698],[-87.90034,46.90969],[-87.84619,46.8839],[-87.81679,46.89115],[-87.77693,46.87673],[-87.7768,46.86682],[-87.76599,46.86132],[-87.74101,46.86525],[-87.72736,46.82766],[-87.69459,46.82718],[-87.68067,46.8425],[-87.67202,46.82041],[-87.6333,46.81211],[-87.59531,46.78295],[-87.58275,46.73053],[-87.52331,46.68849],[-87.52444,46.67759],[-87.50302,46.6475],[-87.46797,46.63562],[-87.46411,46.61481],[-87.45137,46.60592],[-87.38396,46.59307],[-87.38165,46.58006],[-87.39283,46.57085],[-87.37561,46.54714],[-87.3903,46.54258],[-87.39399,46.53318],[-87.36677,46.5073],[-87.31076,46.49202],[-87.25873,46.48826],[-87.17507,46.49755],[-87.12744,46.49401],[-87.00872,46.53272],[-86.97696,46.52658],[-86.96453,46.51655],[-86.94708,46.47206],[-86.90374,46.46614],[-86.88909,46.4585],[-86.88392,46.44151],[-86.85011,46.43411],[-86.81603,46.43789],[-86.80356,46.46667],[-86.7879,46.47773],[-86.76852,46.47907],[-86.73593,46.47523],[-86.69814,46.43862],[-86.68641,46.45497],[-86.68382,46.49808],[-86.70193,46.51157],[-86.70933,46.54391],[-86.67818,46.56104],[-86.65287,46.56056],[-86.62738,46.53371],[-86.64639,46.48578],[-86.62744,46.47754],[-86.60939,46.49298],[-86.60904,46.47024],[-86.58617,46.46332],[-86.49505,46.52487],[-86.46931,46.55142],[-86.43717,46.54896],[-86.34989,46.57803],[-86.16168,46.66947],[-86.13829,46.67294],[-86.11986,46.65726],[-86.09984,46.65461],[-85.87791,46.69091],[-85.75061,46.67737],[-85.50951,46.67579],[-85.25686,46.75338],[-85.17304,46.76363],[-85.06356,46.75786],[-84.9895,46.7724],[-84.95401,46.77136],[-85.00762,46.72834],[-85.02751,46.69745],[-85.03706,46.60099],[-85.02549,46.5464],[-85.05613,46.52652],[-85.04985,46.50396],[-85.0256,46.48303],[-84.96946,46.47629],[-84.93715,46.48925],[-84.92193,46.46996],[-84.86145,46.46993],[-84.84391,46.44866],[-84.82949,46.44407],[-84.76915,46.45352],[-84.67842,46.48769],[-84.63102,46.48487],[-84.59187,46.44532],[-84.60422,46.43177],[-84.59626,46.41514],[-84.58331,46.41351],[-84.50372,46.43919],[-84.47185,46.43429],[-84.45553,46.4539],[-84.46332,46.46744],[-84.44515,46.48902],[-84.42027,46.50108],[-84.3436,46.50771],[-84.27581,46.49282],[-84.25443,46.50082],[-84.22613,46.53392],[-84.19373,46.53992],[-84.17743,46.52692],[-84.12892,46.53012],[-84.11123,46.50412],[-84.14617,46.41852],[-84.13891,46.37222],[-84.10625,46.32196],[-84.11963,46.31501],[-84.11556,46.26823],[-84.09777,46.25651],[-84.11817,46.23397],[-84.14715,46.22418],[-84.15949,46.23323],[-84.21949,46.23199],[-84.24916,46.20646],[-84.25142,46.17589],[-84.221,46.16306],[-84.19667,46.16615],[-84.1773,46.18399],[-84.12502,46.18021],[-84.09582,46.14773],[-84.06038,46.14614],[-84.02654,46.13165],[-84.03104,46.12319],[-84.06133,46.11348],[-84.07174,46.09244],[-83.98953,46.03282],[-83.94393,46.03146],[-83.93117,46.01787],[-83.90858,46.01147],[-83.90054,45.99892],[-83.86823,45.99507],[-83.8454,46.02568],[-83.83015,46.02232],[-83.8182,46.00243],[-83.79406,45.9958],[-83.76528,46.01836],[-83.77379,46.05147],[-83.79655,46.05669],[-83.81252,46.07347],[-83.82404,46.10364],[-83.81583,46.10853],[-83.77182,46.091],[-83.72817,46.09096],[-83.71979,46.10103],[-83.70386,46.10337],[-83.63498,46.10395],[-83.58132,46.08961],[-83.57257,46.0699],[-83.5472,46.04787],[-83.53291,46.01133],[-83.48064,45.99616],[-83.47322,45.98442],[-83.51724,45.92361],[-83.56184,45.91256],[-83.65766,45.94546],[-83.6877,45.93539],[-83.76885,45.93207],[-83.80104,45.93758],[-83.80815,45.94569],[-83.8355,45.94184],[-83.84087,45.95273],[-83.88106,45.96818],[-83.92126,45.95808],[-83.98514,45.96713],[-84.01757,45.95905],[-84.09039,45.96726],[-84.11117,45.97868],[-84.17225,45.96607],[-84.23817,45.9676],[-84.25495,45.95607],[-84.33002,45.95625],[-84.37643,45.93196],[-84.42869,45.95837],[-84.44314,45.97786],[-84.46313,45.96892],[-84.48044,45.97776],[-84.48401,45.98825],[-84.5072,45.99117],[-84.51412,45.98724],[-84.51407,45.97129],[-84.53239,45.96945],[-84.53343,46.00572],[-84.5444,46.02286],[-84.56389,46.03246],[-84.60906,46.02642],[-84.65657,46.05265],[-84.67584,46.04601],[-84.69273,46.02702],[-84.68525,45.97345],[-84.72304,45.96728],[-84.73885,45.94579],[-84.73304,45.93284],[-84.71361,45.92037],[-84.734,45.90703],[-84.72128,45.87391],[-84.70118,45.85309],[-84.72084,45.84811],[-84.72573,45.83705],[-84.74698,45.8356],[-84.8314,45.87204],[-84.84224,45.89819],[-84.91748,45.93067],[-84.93713,45.95595],[-85.01399,46.01077],[-85.1029,46.03249],[-85.14083,46.0496],[-85.19752,46.04488],[-85.22251,46.06069],[-85.26638,46.06578],[-85.33591,46.0926],[-85.38139,46.08204],[-85.41206,46.10144],[-85.44193,46.09579],[-85.44699,46.08516],[-85.5001,46.09694],[-85.54086,46.07958],[-85.60379,46.03036],[-85.66397,45.96701],[-85.6972,45.96016],[-85.81044,45.98009],[-85.8424,45.96525],[-85.8932,45.96725],[-85.92274,45.94829],[-85.92602,45.9321],[-85.91377,45.91944],[-85.99887,45.95097],[-86.07207,45.96531],[-86.12357,45.96475],[-86.15941,45.95376],[-86.20825,45.96298],[-86.23361,45.9458],[-86.27801,45.94206],[-86.32423,45.90608],[-86.33262,45.85181],[-86.34913,45.83416],[-86.35166,45.79813],[-86.36992,45.78925],[-86.41597,45.79379],[-86.42842,45.78559],[-86.43966,45.76067],[-86.47905,45.75742],[-86.48603,45.74661],[-86.51457,45.75234],[-86.52517,45.7208],[-86.53726,45.70836],[-86.57063,45.71641],[-86.58094,45.71192],[-86.58753,45.66646],[-86.61131,45.66973],[-86.62794,45.65929],[-86.61689,45.6068],[-86.68721,45.63425],[-86.69527,45.64818],[-86.70804,45.6492],[-86.71819,45.67732],[-86.70518,45.6909],[-86.6891,45.68786],[-86.66568,45.70222],[-86.67148,45.72053],[-86.63314,45.74765],[-86.63102,45.78202],[-86.58339,45.77824],[-86.57686,45.80147],[-86.55721,45.80817],[-86.55519,45.8317],[-86.53883,45.84008],[-86.52822,45.85697],[-86.52957,45.87497],[-86.54146,45.89023],[-86.5833,45.89878],[-86.60329,45.87663],[-86.62574,45.8683],[-86.63317,45.86007],[-86.63248,45.84331],[-86.646,45.83389],[-86.72111,45.84543],[-86.74964,45.8678],[-86.78208,45.86019],[-86.78226,45.82995],[-86.77328,45.81139],[-86.80148,45.78003],[-86.82152,45.77036],[-86.82181,45.75716],[-86.83866,45.74183],[-86.83875,45.72231],[-86.94416,45.69583],[-86.96428,45.67276],[-86.96976,45.6919],[-86.98459,45.70581],[-86.97522,45.75313],[-86.98844,45.81062],[-87.00508,45.83172],[-87.03144,45.83724],[-87.05744,45.81248],[-87.0643,45.75883],[-87.05291,45.74798],[-87.07044,45.71878],[-87.05953,45.7085],[-87.09546,45.70104],[-87.11164,45.6859],[-87.17224,45.66179],[-87.19685,45.63627],[-87.26349,45.55203],[-87.30612,45.47551],[-87.33315,45.44721],[-87.32775,45.42531],[-87.3925,45.36903],[-87.39997,45.34932],[-87.43168,45.31638],[-87.43891,45.2934],[-87.6008,45.14684],[-87.61202,45.12338],[-87.59188,45.09469],[-87.65713,45.10757],[-87.68169,45.14199],[-87.73627,45.1726],[-87.74079,45.2003],[-87.72604,45.21115],[-87.71007,45.25973],[-87.68618,45.29944],[-87.64777,45.34056],[-87.66192,45.37135],[-87.684,45.3865],[-87.70086,45.38734],[-87.7636,45.34877],[-87.85004,45.34625],[-87.88255,45.36435],[-87.84958,45.40812],[-87.8617,45.43447],[-87.81461,45.46314],[-87.79277,45.49997],[-87.81146,45.54353],[-87.82607,45.55714],[-87.82382,45.5655],[-87.78832,45.5705],[-87.77711,45.58922],[-87.77951,45.61186],[-87.8245,45.65382],[-87.81897,45.66331],[-87.78321,45.67282],[-87.78223,45.68305],[-87.80532,45.69625],[-87.81258,45.71135],[-87.85548,45.72694],[-87.86221,45.74502],[-87.8769,45.75438],[-87.96416,45.76004],[-87.98125,45.76836],[-87.98262,45.78294],[-87.99588,45.79543],[-88.07637,45.78161],[-88.13183,45.81131],[-88.13507,45.82169],[-88.07561,45.86775],[-88.07959,45.87901],[-88.09729,45.88432],[-88.10632,45.9164],[-88.18829,45.95128],[-88.22803,45.94756],[-88.25673,45.96207],[-88.28827,45.95274],[-88.32274,45.9586],[-88.37513,45.98927],[-88.4155,45.97525],[-88.46554,46.00068],[-88.4929,45.99288],[-88.5146,46.01993],[-88.58287,46.01001],[-88.60765,46.01492],[-88.62082,45.98843],[-88.64975,45.9883],[-88.66345,45.99215],[-88.67913,46.01354],[-88.71949,46.01608],[-88.73068,46.02654],[-88.77305,46.01979],[-88.79326,46.03272],[-88.81417,46.02075],[-89.09164,46.13845],[-90.12049,46.33685],[-90.11857,46.35862],[-90.15741,46.40909],[-90.16672,46.43972],[-90.17786,46.44137],[-90.17858,46.4546],[-90.21517,46.49954],[-90.23527,46.50783],[-90.2712,46.50651],[-90.2762,46.52414],[-90.31466,46.51617],[-90.31086,46.53936],[-90.33189,46.55328],[-90.34113,46.55284],[-90.34887,46.54118],[-90.39332,46.53261],[-90.41814,46.56609]]]]}},{"type":"Feature","properties":{"STATEFP":"02","GEOID":"02"},"geometry":{"type":"MultiPolygon","coordinates":[[[[-170.83336,52.59998],[-170.81794,52.63627],[-170.72772,52.67998],[-170.67155,52.69808],[-170.63375,52.69747],[-170.57991,52.68203],[-170.55952,52.66791],[-170.56361,52.64071],[-170.60386,52.60173],[-170.65904,52.59381],[-170.67445,52.60339],[-170.69649,52.59836],[-170.73582,52.58082],[-170.7885,52.54024],[-170.84194,52.55817],[-170.83336,52.59998]]],[[[-171.15158,52.58454],[-171.11807,52.57616],[-171.11712,52.55752],[-171.14931,52.55017],[-171.17677,52.55868],[-171.15158,52.58454]]],[[[-171.31266,52.4935],[-171.29139,52.51481],[-171.25205,52.52995],[-171.19464,52.49804],[-171.21456,52.4633],[-171.25232,52.44947],[-171.30417,52.44995],[-171.31266,52.4935]]],[[[-171.84038,63.54772],[-171.83368,63.58007],[-171.74398,63.6549],[-171.75434,63.71896],[-171.73321,63.72033],[-171.72575,63.73474],[-171.7434,63.78297],[-171.73818,63.78471],[-171.6733,63.78807],[-171.64396,63.77079],[-171.63825,63.74954],[-171.65291,63.73922],[-171.64669,63.72942],[-171.65263,63.70852],[-171.64003,63.69343],[-171.60944,63.67983],[-171.38168,63.63065],[-170.95082,63.57013],[-170.89758,63.57468],[-170.69816,63.64678],[-170.48819,63.69672],[-170.37387,63.68732],[-170.31584,63.69192],[-170.28199,63.68502],[-170.17641,63.62549],[-170.09583,63.6127],[-170.04092,63.52341],[-170.04711,63.49014],[-170.00794,63.47543],[-169.85708,63.44197],[-169.64317,63.4278],[-169.57989,63.40287],[-169.55437,63.37716],[-169.52052,63.36594],[-169.31297,63.35334],[-169.2676,63.34399],[-168.99924,63.34125],[-168.68515,63.29643],[-168.78324,63.18413],[-168.85875,63.14696],[-168.98302,63.16967],[-169.10581,63.1788],[-169.26204,63.16994],[-169.37567,63.15127],[-169.43675,63.11358],[-169.51365,63.08472],[-169.56113,63.05518],[-169.57697,63.02703],[-169.56802,62.97688],[-169.63831,62.93753],[-169.75725,62.96009],[-169.73494,62.97662],[-169.78847,63.04301],[-169.82991,63.07855],[-169.88123,63.10585],[-169.94406,63.13236],[-170.02121,63.1495],[-170.0534,63.16886],[-170.1013,63.1793],[-170.15407,63.1864],[-170.19369,63.17743],[-170.26303,63.17915],[-170.28139,63.18682],[-170.28565,63.19457],[-170.27772,63.20882],[-170.30363,63.23869],[-170.36481,63.2856],[-170.55895,63.35499],[-170.86541,63.41423],[-170.96748,63.42373],[-171.10085,63.42342],[-171.26925,63.38539],[-171.28716,63.37664],[-171.29032,63.35538],[-171.33309,63.33539],[-171.43332,63.30758],[-171.46445,63.30691],[-171.56226,63.33459],[-171.73932,63.36611],[-171.82487,63.43714],[-171.84998,63.48504],[-171.84038,63.54772]]],[[[-172.62026,52.29875],[-172.56805,52.34942],[-172.44818,52.39144],[-172.40524,52.38944],[-172.32644,52.36647],[-172.30239,52.34236],[-172.30145,52.32995],[-172.31313,52.3207],[-172.41442,52.27674],[-172.5281,52.25434],[-172.61684,52.25532],[-172.63315,52.26622],[-172.62026,52.29875]]],[[[-173.0638,60.50259],[-173.04502,60.51406],[-173.04788,60.5413],[-173.04074,60.56187],[-172.99392,60.57752],[-172.95114,60.60623],[-172.91264,60.60413],[-172.9269,60.55451],[-172.88483,60.50797],[-172.7648,60.44742],[-172.59177,60.39345],[-172.51357,60.38112],[-172.44726,60.383],[-172.42444,60.39263],[-172.38095,60.38276],[-172.33959,60.35621],[-172.21885,60.31174],[-172.25426,60.29738],[-172.29396,60.29537],[-172.32604,60.32763],[-172.38594,60.33528],[-172.50953,60.33445],[-172.60555,60.31951],[-172.63027,60.33492],[-172.72297,60.35903],[-172.75957,60.38464],[-172.90788,60.45422],[-172.93236,60.47636],[-173.0638,60.50259]]],[[[-173.09082,60.69895],[-173.07464,60.70466],[-173.06322,60.69514],[-173.05941,60.65516],[-173.04133,60.63042],[-173.04514,60.6228],[-173.11557,60.65897],[-173.09082,60.69895]]],[[[-174.04845,52.13291],[-173.98424,52.12785],[-173.92162,52.13296],[-173.87456,52.14814],[-173.89073,52.12547],[-173.81828,52.10536],[-173.80234,52.10639],[-173.77164,52.13165],[-173.72127,52.13021],[-173.60245,52.15377],[-173.59056,52.14539],[-173.55726,52.14288],[-173.52992,52.15936],[-173.51376,52.15251],[-173.53491,52.12859],[-173.51417,52.10835],[-173.49702,52.10364],[-173.46788,52.11642],[-173.37523,52.10823],[-173.3575,52.09613],[-173.27347,52.10932],[-173.23829,52.10044],[-173.1245,52.10942],[-173.10737,52.09928],[-172.95852,52.09365],[-172.96075,52.08702],[-173.03317,52.07461],[-173.10793,52.07883],[-173.15558,52.05967],[-173.3137,52.0587],[-173.39397,52.02867],[-173.42344,52.04227],[-173.47953,52.02619],[-173.51305,52.02531],[-173.54838,52.02931],[-173.61201,52.05115],[-173.79957,52.05365],[-173.83156,52.04076],[-173.90107,52.04944],[-173.93724,52.05751],[-173.93556,52.06473],[-173.97133,52.09943],[-174.01134,52.09886],[-174.04675,52.1224],[-174.04845,52.13291]]],[[[-175.32707,52.02703],[-175.13263,52.05922],[-175.09287,52.03479],[-175.04434,52.05752],[-175.03325,52.07617],[-175.00021,52.07793],[-174.99231,52.0586],[-174.9805,52.06147],[-174.96218,52.08202],[-174.9223,52.09158],[-174.92755,52.10142],[-174.90541,52.11651],[-174.87852,52.10261],[-174.8431,52.10275],[-174.83972,52.09134],[-174.74423,52.09837],[-174.75112,52.11735],[-174.7152,52.12738],[-174.6917,52.1067],[-174.65629,52.10796],[-174.60487,52.12212],[-174.59782,52.14143],[-174.5684,52.13843],[-174.55467,52.1604],[-174.56478,52.17504],[-174.55349,52.18014],[-174.52708,52.17472],[-174.46519,52.18071],[-174.41529,52.16938],[-174.40546,52.18356],[-174.4578,52.20283],[-174.46296,52.21303],[-174.45375,52.21882],[-174.29904,52.21467],[-174.24985,52.24369],[-174.25583,52.27415],[-174.32347,52.28399],[-174.36875,52.28041],[-174.45155,52.30556],[-174.45366,52.31937],[-174.43285,52.328],[-174.35862,52.31419],[-174.33106,52.32847],[-174.3177,52.34487],[-174.33049,52.36644],[-174.32494,52.3781],[-174.18535,52.41779],[-174.15577,52.41604],[-174.06825,52.39033],[-173.9852,52.3176],[-173.98792,52.29534],[-174.06045,52.22533],[-174.17768,52.23364],[-174.19862,52.21924],[-174.1901,52.19032],[-174.13522,52.16851],[-174.08281,52.13207],[-174.0891,52.10725],[-174.10216,52.10453],[-174.11437,52.11711],[-174.14226,52.12545],[-174.16857,52.11071],[-174.20635,52.11655],[-174.21847,52.10488],[-174.21812,52.09341],[-174.27828,52.08949],[-174.30295,52.11133],[-174.33442,52.1152],[-174.38266,52.08166],[-174.41504,52.02838],[-174.45365,52.04923],[-174.50782,52.05495],[-174.50882,52.04862],[-174.55628,52.03673],[-174.59364,52.04525],[-174.61594,52.03267],[-174.73659,52.00731],[-174.78319,52.03229],[-174.88555,52.043],[-174.96791,52.0372],[-175.01475,52.02058],[-175.01481,52.007],[-175.09551,52.0008],[-175.15567,52.01151],[-175.21174,52.006],[-175.27485,52.01862],[-175.32332,52.00749],[-175.34162,52.02159],[-175.32707,52.02703]]],[[[-175.50991,51.98242],[-175.45045,51.99666],[-175.42813,51.9903],[-175.42486,51.97233],[-175.5043,51.96851],[-175.50991,51.98242]]],[[[-175.53991,52.18344],[-175.51565,52.19216],[-175.48383,52.16757],[-175.49874,52.15539],[-175.52301,52.15653],[-175.53893,52.17128],[-175.53991,52.18344]]],[[[-175.74236,51.96663],[-175.72418,51.97505],[-175.58097,51.97246],[-175.57761,51.94957],[-175.64403,51.95262],[-175.72276,51.93176],[-175.74534,51.94678],[-175.74236,51.96663]]],[[[-175.95442,51.983],[-175.91254,51.99538],[-175.81451,51.99442],[-175.78501,51.93922],[-175.76026,51.92494],[-175.76026,51.91733],[-175.81546,51.92114],[-175.864,51.94398],[-175.87828,51.96397],[-175.94871,51.97539],[-175.95442,51.983]]],[[[-176.20025,52.07873],[-176.18255,52.10071],[-176.14951,52.11757],[-176.05598,52.10947],[-176.03649,52.08647],[-176.0069,52.07442],[-176.00868,52.05316],[-175.97493,52.04096],[-175.98147,52.02831],[-176.04469,52.00834],[-175.99395,51.96011],[-176.00286,51.94517],[-176.03828,51.93051],[-176.10364,51.92912],[-176.16864,51.94803],[-176.15664,51.99678],[-176.18302,51.9989],[-176.21119,52.06471],[-176.20025,52.07873]]],[[[-176.23625,51.82596],[-176.21754,51.87463],[-176.20607,51.88309],[-176.17387,51.88245],[-176.14091,51.85956],[-176.09914,51.85553],[-176.08044,51.85857],[-176.07223,51.86794],[-176.11145,51.88975],[-175.99265,51.91266],[-175.97156,51.88863],[-175.95755,51.89346],[-175.95325,51.88138],[-175.96304,51.84625],[-175.98374,51.85235],[-176.04789,51.84631],[-176.01653,51.83049],[-175.99846,51.80154],[-176.10209,51.82586],[-176.09496,51.79162],[-176.13962,51.80239],[-176.14064,51.78358],[-176.15819,51.7689],[-176.18647,51.78853],[-176.18314,51.8071],[-176.21696,51.81271],[-176.23625,51.82596]]],[[[-176.99132,51.62905],[-176.97625,51.6664],[-176.93087,51.6972],[-176.89697,51.70042],[-176.871,51.72941],[-176.88202,51.76663],[-176.90503,51.77153],[-176.91807,51.788],[-176.91102,51.8076],[-176.8562,51.81837],[-176.79016,51.81722],[-176.76248,51.86788],[-176.81043,51.92709],[-176.78956,51.95721],[-176.77402,51.9659],[-176.72078,51.96952],[-176.65648,51.95231],[-176.6036,51.99706],[-176.57997,52.00324],[-176.5544,51.99066],[-176.54487,51.92724],[-176.55466,51.90983],[-176.56627,51.9147],[-176.6161,51.90301],[-176.62546,51.85982],[-176.57638,51.84228],[-176.5176,51.83956],[-176.39806,51.86784],[-176.29073,51.87214],[-176.26649,51.81772],[-176.26824,51.7855],[-176.28992,51.74168],[-176.34376,51.73152],[-176.42546,51.73977],[-176.46705,51.72667],[-176.47413,51.74721],[-176.50817,51.72969],[-176.52077,51.70281],[-176.58293,51.69182],[-176.63164,51.6572],[-176.656,51.65831],[-176.66718,51.67585],[-176.71306,51.68333],[-176.73591,51.66215],[-176.72232,51.64585],[-176.71542,51.62042],[-176.75182,51.63502],[-176.809,51.61624],[-176.82625,51.64093],[-176.81444,51.66025],[-176.83751,51.68274],[-176.86306,51.68492],[-176.93095,51.59247],[-176.98433,51.60213],[-176.99132,51.62905]]],[[[-177.4649,51.91352],[-177.44676,51.92738],[-177.41813,51.92127],[-177.41008,51.89909],[-177.45898,51.88423],[-177.47916,51.89804],[-177.4649,51.91352]]],[[[-177.70526,51.70724],[-177.63998,51.73606],[-177.5552,51.72113],[-177.51559,51.72498],[-177.4612,51.75072],[-177.28148,51.78408],[-177.23818,51.79852],[-177.20568,51.82064],[-177.19976,51.92482],[-177.18127,51.94317],[-177.09927,51.93612],[-177.04509,51.89861],[-177.08101,51.8555],[-177.12862,51.83384],[-177.13698,51.81449],[-177.13096,51.76277],[-177.12058,51.73982],[-177.14568,51.70729],[-177.27512,51.68051],[-177.3165,51.69035],[-177.32298,51.71142],[-177.34278,51.7214],[-177.39076,51.73353],[-177.41768,51.73087],[-177.49,51.70511],[-177.57097,51.69822],[-177.61675,51.70398],[-177.63152,51.69684],[-177.64052,51.67208],[-177.63588,51.65954],[-177.65139,51.6536],[-177.67095,51.66398],[-177.70526,51.70724]]],[[[-178.22462,51.88067],[-178.19709,51.90546],[-178.14533,51.91722],[-178.00234,51.90997],[-177.96372,51.91792],[-177.91327,51.87975],[-177.92157,51.85388],[-177.87496,51.8498],[-177.85976,51.82694],[-177.79654,51.84059],[-177.73491,51.82585],[-177.69171,51.84398],[-177.61451,51.85303],[-177.64921,51.82073],[-177.79772,51.7933],[-177.79631,51.77083],[-177.84227,51.73248],[-177.84242,51.72264],[-177.827,51.70597],[-177.84141,51.68956],[-177.86796,51.67937],[-177.89942,51.69256],[-177.91881,51.67439],[-177.92902,51.65052],[-177.90308,51.6065],[-177.90919,51.59667],[-177.94496,51.61154],[-177.96385,51.65023],[-178.01304,51.62921],[-178.06982,51.67068],[-178.0863,51.66362],[-178.11786,51.67783],[-178.10429,51.70154],[-178.02182,51.70691],[-177.95644,51.72286],[-177.94665,51.75268],[-177.957,51.77254],[-177.99527,51.78153],[-178.03934,51.77893],[-178.05934,51.78683],[-178.08607,51.80805],[-178.21512,51.8578],[-178.22782,51.87353],[-178.22462,51.88067]]],[[[-178.68129,51.60895],[-178.63845,51.61181],[-178.57659,51.6061],[-178.56707,51.59848],[-178.57659,51.58325],[-178.67367,51.58896],[-178.68414,51.60229],[-178.68129,51.60895]]],[[[-178.85736,51.57659],[-178.76123,51.56231],[-178.73554,51.55089],[-178.73459,51.54233],[-178.82596,51.54709],[-178.85736,51.57659]]],[[[-178.87012,51.79526],[-178.85825,51.82097],[-178.81125,51.83902],[-178.74828,51.80994],[-178.73335,51.78395],[-178.75041,51.75775],[-178.80816,51.74708],[-178.87302,51.78262],[-178.87012,51.79526]]],[[[-178.99209,51.38131],[-178.97778,51.39893],[-178.96432,51.40249],[-178.92687,51.38364],[-178.90888,51.34058],[-178.95434,51.33925],[-178.96517,51.32268],[-178.99068,51.31165],[-178.99209,51.38131]]],[[[-179.13724,51.28601],[-179.1135,51.3008],[-179.09466,51.30123],[-179.07547,51.28462],[-179.07232,51.25096],[-179.09762,51.22613],[-179.12686,51.21986],[-179.1362,51.22922],[-179.14734,51.27678],[-179.13724,51.28601]]],[[[179.48246,51.98283],[179.52674,51.98116],[179.57105,52.01111],[179.63685,52.02571],[179.66333,52.02294],[179.77392,51.97069],[179.77847,51.96222],[179.74301,51.91175],[179.65588,51.87622],[179.61436,51.87177],[179.52187,51.89677],[179.48463,51.92127],[179.47557,51.93746],[179.48246,51.98283]]],[[[178.62554,51.6373],[178.64551,51.65763],[178.66401,51.66193],[178.6899,51.64442],[178.73802,51.63273],[178.80413,51.63503],[178.90391,51.61491],[178.91914,51.60555],[178.92083,51.58614],[179.0029,51.55249],[179.0768,51.49852],[179.14366,51.46944],[179.19108,51.46294],[179.21803,51.43894],[179.23625,51.40961],[179.38622,51.4044],[179.46758,51.37163],[179.39947,51.35943],[179.36679,51.37184],[179.26162,51.35769],[179.22047,51.37667],[179.21819,51.38738],[179.2065,51.39328],[179.06035,51.45488],[178.95163,51.54196],[178.84363,51.57864],[178.78506,51.57187],[178.70605,51.59318],[178.63402,51.62398],[178.62554,51.6373]]],[[[178.44696,51.97822],[178.47859,51.98755],[178.55261,51.97397],[178.5916,51.95265],[178.59025,51.94546],[178.5394,51.90325],[178.50249,51.89964],[178.46804,51.93163],[178.44696,51.97822]]],[[[178.23693,51.82821],[178.3103,51.81999],[178.33563,51.80703],[178.38074,51.76391],[178.30856,51.7757],[178.23693,51.82821]]],[[[178.09461,52.03329],[178.11914,52.05166],[178.14169,52.05103],[178.17996,52.03325],[178.19096,52.00355],[178.17447,51.99168],[178.13255,51.98698],[178.10587,51.99836],[178.09461,52.03329]]],[[[177.20332,51.89656],[177.27269,51.92005],[177.29131,51.91943],[177.34558,51.96301],[177.41348,51.97972],[177.48371,51.98488],[177.49744,51.99333],[177.50532,52.03877],[177.5634,52.12196],[177.60267,52.13732],[177.66161,52.11275],[177.67595,52.09217],[177.65945,52.06944],[177.63255,52.06484],[177.60164,52.01638],[177.53273,51.97007],[177.54353,51.95618],[177.60754,51.95472],[177.61062,51.93671],[177.601,51.92225],[177.56051,51.91636],[177.40954,51.93082],[177.37393,51.91976],[177.34882,51.90447],[177.32678,51.87364],[177.33423,51.86677],[177.33402,51.84444],[177.31177,51.82597],[177.27337,51.85712],[177.204,51.88053],[177.20332,51.89656]]],[[[175.87435,52.371],[175.90673,52.37565],[175.96652,52.35973],[175.94418,52.33644],[175.91129,52.33483],[175.87332,52.36114],[175.87435,52.371]]],[[[174.06919,52.73489],[174.09665,52.74348],[174.13315,52.73379],[174.15925,52.70739],[174.10941,52.70856],[174.07184,52.71829],[174.06919,52.73489]]],[[[173.95407,52.75141],[174.00365,52.74428],[174.0217,52.73029],[174.00483,52.71986],[173.9726,52.72942],[173.95407,52.75141]]],[[[173.86744,52.77513],[173.89745,52.77178],[173.94004,52.75186],[173.93293,52.74665],[173.89475,52.75078],[173.86165,52.77358],[173.86744,52.77513]]],[[[173.3561,52.40556],[173.38006,52.43184],[173.44011,52.45366],[173.47624,52.44191],[173.5301,52.44997],[173.55,52.46707],[173.5453,52.476],[173.58755,52.47678],[173.62388,52.50695],[173.7728,52.50991],[173.70774,52.47738],[173.6916,52.44593],[173.71232,52.42103],[173.7257,52.35658],[173.64479,52.3576],[173.60677,52.37825],[173.58879,52.40097],[173.48384,52.38349],[173.3561,52.40556]]],[[[172.46167,52.92716],[172.64327,53.00498],[172.74657,53.01075],[173.10725,52.99323],[173.15965,52.97416],[173.21175,52.93949],[173.25133,52.94436],[173.2954,52.92699],[173.42168,52.84548],[173.42767,52.83076],[173.30233,52.82329],[173.22405,52.8564],[173.18795,52.8315],[173.1669,52.79523],[173.14268,52.78625],[172.99847,52.79698],[172.90363,52.76167],[172.80939,52.78929],[172.76337,52.82366],[172.76669,52.86267],[172.75424,52.87749],[172.64037,52.92544],[172.513,52.90518],[172.46902,52.91134],[172.46167,52.92716]]],[[[-131.24119,55.09255],[-131.20728,55.11218],[-131.19063,55.10801],[-131.17457,55.08779],[-131.19003,55.06697],[-131.19003,55.04317],[-131.21323,55.04496],[-131.24,55.06161],[-131.24654,55.07292],[-131.24119,55.09255]]],[[[-131.48662,54.95039],[-131.40974,54.97115],[-131.24891,54.99719],[-131.24602,54.98956],[-131.25742,54.97901],[-131.24277,54.92964],[-131.1952,54.91977],[-131.26605,54.85937],[-131.35323,54.85901],[-131.4691,54.91315],[-131.4915,54.93039],[-131.48662,54.95039]]],[[[-131.62195,54.94653],[-131.52916,55.00219],[-131.50444,54.9951],[-131.50007,54.98092],[-131.52041,54.958],[-131.59457,54.93113],[-131.62195,54.94653]]],[[[-131.64628,55.03558],[-131.62074,55.04926],[-131.58939,55.08894],[-131.6053,55.10744],[-131.59498,55.1255],[-131.57777,55.13109],[-131.5586,55.12551],[-131.54809,55.14314],[-131.59845,55.17957],[-131.60738,55.24044],[-131.58907,55.27395],[-131.56956,55.28411],[-131.48225,55.25411],[-131.4627,55.22344],[-131.39769,55.21092],[-131.34141,55.16566],[-131.36232,55.1559],[-131.35057,55.06704],[-131.35631,55.04121],[-131.38857,55.01222],[-131.48499,55.01045],[-131.53214,55.03795],[-131.60566,55.0044],[-131.64628,55.03558]]],[[[-131.87057,55.36455],[-131.8543,55.42107],[-131.83322,55.42201],[-131.71614,55.34957],[-131.66674,55.32749],[-131.64724,55.30614],[-131.65813,55.29251],[-131.68864,55.28211],[-131.69449,55.22374],[-131.71847,55.2001],[-131.74833,55.12859],[-131.82959,55.19192],[-131.85084,55.27436],[-131.86216,55.28928],[-131.87057,55.36455]]],[[[-132.48988,56.50344],[-132.47515,56.5446],[-132.44829,56.54369],[-132.44401,56.51931],[-132.46471,56.50215],[-132.48727,56.49714],[-132.48988,56.50344]]],[[[-132.56232,56.37939],[-132.55518,56.40378],[-132.50224,56.4365],[-132.47844,56.43828],[-132.40468,56.40557],[-132.40706,56.38653],[-132.49451,56.355],[-132.52008,56.35381],[-132.55935,56.36511],[-132.56232,56.37939]]],[[[-132.65274,56.4829],[-132.61526,56.50907],[-132.58136,56.51145],[-132.54685,56.5519],[-132.52068,56.56202],[-132.52128,56.54119],[-132.53853,56.51324],[-132.57303,56.48825],[-132.5766,56.45613],[-132.58612,56.44899],[-132.5998,56.44899],[-132.65096,56.47457],[-132.65274,56.4829]]],[[[-133.02549,56.22957],[-132.99899,56.27513],[-132.97855,56.27849],[-132.96049,56.2713],[-132.96286,56.2544],[-132.9309,56.22838],[-132.88407,56.17159],[-132.87849,56.14274],[-132.84925,56.1126],[-132.85674,56.10637],[-132.88419,56.1128],[-132.89643,56.09974],[-132.97178,56.1524],[-133.00268,56.15571],[-133.01266,56.18635],[-133.00434,56.19719],[-133.02549,56.22957]]],[[[-133.06944,56.35643],[-133.04571,56.37145],[-133.00657,56.41588],[-133.01082,56.42426],[-133.00236,56.43066],[-132.92766,56.45686],[-132.87192,56.45704],[-132.81926,56.43951],[-132.78286,56.45153],[-132.71606,56.45486],[-132.63433,56.42217],[-132.62061,56.3912],[-132.66218,56.36913],[-132.68411,56.34567],[-132.65547,56.30376],[-132.66208,56.27479],[-132.84372,56.23893],[-132.87758,56.24032],[-132.94076,56.27354],[-132.96108,56.29617],[-133.04538,56.32078],[-133.06756,56.33357],[-133.06944,56.35643]]],[[[-133.31865,55.42646],[-133.29307,55.4449],[-133.24311,55.44966],[-133.2318,55.43895],[-133.25084,55.4098],[-133.28653,55.40207],[-133.30676,55.40088],[-133.3252,55.41396],[-133.31865,55.42646]]],[[[-133.5621,54.86927],[-133.5311,54.86869],[-133.51448,54.83985],[-133.51333,54.80298],[-133.49624,54.75856],[-133.5087,54.74656],[-133.54851,54.78372],[-133.5621,54.86927]]],[[[-133.65582,55.62562],[-133.62492,55.64547],[-133.61993,55.69775],[-133.54815,55.67189],[-133.55219,55.65204],[-133.54577,55.64453],[-133.62278,55.58252],[-133.65558,55.61099],[-133.65582,55.62562]]],[[[-133.72736,55.60401],[-133.7145,55.61437],[-133.69266,55.58279],[-133.71595,55.58131],[-133.72855,55.59313],[-133.72736,55.60401]]],[[[-133.78905,55.45789],[-133.75913,55.53737],[-133.73303,55.55876],[-133.61562,55.55078],[-133.58433,55.53971],[-133.59016,55.50724],[-133.63298,55.49166],[-133.6442,55.47082],[-133.63867,55.4589],[-133.61837,55.45705],[-133.5737,55.47208],[-133.54409,55.49178],[-133.54232,55.50708],[-133.52565,55.5291],[-133.48096,55.51274],[-133.44367,55.51864],[-133.45458,55.53242],[-133.44266,55.55301],[-133.4135,55.57038],[-133.34485,55.56933],[-133.28532,55.53531],[-133.28192,55.52449],[-133.30575,55.48412],[-133.35899,55.45383],[-133.39651,55.47317],[-133.42652,55.4667],[-133.47405,55.43715],[-133.4653,55.42337],[-133.41665,55.42215],[-133.41158,55.40668],[-133.41938,55.38611],[-133.49703,55.36816],[-133.57681,55.3248],[-133.59581,55.29377],[-133.61278,55.23974],[-133.63451,55.25004],[-133.69094,55.3087],[-133.68916,55.32028],[-133.63301,55.3613],[-133.62242,55.39647],[-133.63629,55.42842],[-133.73908,55.47232],[-133.78905,55.45789]]],[[[-133.81636,55.96402],[-133.77785,55.98288],[-133.68421,56.07551],[-133.65924,56.08382],[-133.55897,56.08466],[-133.55231,56.09633],[-133.63312,56.10786],[-133.64382,56.12774],[-133.63574,56.14774],[-133.58154,56.1292],[-133.55801,56.14284],[-133.55041,56.15833],[-133.55445,56.16719],[-133.60864,56.19074],[-133.67947,56.21176],[-133.6721,56.22273],[-133.64619,56.22419],[-133.62813,56.23661],[-133.65689,56.28123],[-133.66422,56.3105],[-133.65642,56.32691],[-133.64318,56.32446],[-133.62492,56.34391],[-133.58212,56.35251],[-133.41837,56.33213],[-133.23535,56.32428],[-133.19701,56.33302],[-133.16321,56.31744],[-133.09498,56.25058],[-133.07823,56.2468],[-133.04098,56.18454],[-133.05999,56.15076],[-133.05552,56.12526],[-133.00767,56.12012],[-132.98984,56.10972],[-132.9896,56.08957],[-132.97724,56.07272],[-132.96191,56.06125],[-132.93209,56.06072],[-132.92341,56.04313],[-132.9273,56.03446],[-132.89767,56.02017],[-132.88288,56.03277],[-132.84557,56.03616],[-132.83759,56.02433],[-132.61846,55.91148],[-132.59208,55.87715],[-132.5434,55.84593],[-132.4707,55.78216],[-132.46253,55.67385],[-132.44886,55.66734],[-132.38251,55.66534],[-132.35856,55.64876],[-132.32928,55.57894],[-132.30112,55.55096],[-132.18877,55.50844],[-132.14606,55.47035],[-132.14294,55.45794],[-132.17861,55.45283],[-132.24733,55.49295],[-132.5148,55.57677],[-132.54454,55.56665],[-132.52551,55.55],[-132.60879,55.48635],[-132.60403,55.47683],[-132.56833,55.4798],[-132.51956,55.52025],[-132.4916,55.5036],[-132.40832,55.51252],[-132.38869,55.48099],[-132.3643,55.48337],[-132.28859,55.45137],[-132.28127,55.44419],[-132.30333,55.43827],[-132.41934,55.43205],[-132.39078,55.40174],[-132.25806,55.41614],[-132.22596,55.37492],[-132.16686,55.36304],[-132.1264,55.28842],[-132.09853,55.28056],[-132.10953,55.26024],[-132.14274,55.23821],[-132.21491,55.2457],[-132.22996,55.23808],[-132.20743,55.21827],[-132.12737,55.19957],[-132.10438,55.2009],[-132.08813,55.20652],[-132.0751,55.22239],[-132.07592,55.24628],[-132.03712,55.27514],[-131.99591,55.25905],[-131.9774,55.18095],[-131.98881,55.16546],[-132.03901,55.14407],[-132.03898,55.12501],[-132.01693,55.12097],[-132.039,55.08696],[-132.09402,55.03945],[-132.19761,55.00516],[-132.19258,54.98965],[-132.14326,54.98463],[-132.03922,55.03677],[-132.00045,55.03571],[-131.98459,55.02798],[-131.98289,54.85307],[-131.9659,54.83554],[-131.95791,54.79124],[-132.02975,54.70119],[-132.14228,54.69167],[-132.16518,54.69405],[-132.19957,54.71544],[-132.25609,54.73462],[-132.2796,54.72823],[-132.2818,54.71529],[-132.30794,54.71871],[-132.32255,54.74396],[-132.36639,54.7512],[-132.37104,54.7829],[-132.42903,54.78592],[-132.49101,54.77558],[-132.50937,54.78126],[-132.44781,54.8266],[-132.351,54.81818],[-132.33266,54.82632],[-132.3449,54.85192],[-132.41644,54.88748],[-132.48458,54.8993],[-132.55839,54.93261],[-132.60979,54.96573],[-132.6099,54.99152],[-132.575,54.99832],[-132.5418,55.09776],[-132.5505,55.11425],[-132.59457,55.10538],[-132.6243,55.05616],[-132.63331,55.05495],[-132.63787,55.0736],[-132.62452,55.11442],[-132.58113,55.16608],[-132.60522,55.19406],[-132.62012,55.19962],[-132.63793,55.18608],[-132.62964,55.17423],[-132.63576,55.15251],[-132.73565,55.13422],[-132.68401,55.0456],[-132.69292,55.02506],[-132.74885,54.99601],[-132.91641,55.04447],[-132.93117,55.07415],[-132.90936,55.08128],[-132.86983,55.1241],[-132.89428,55.16937],[-132.93545,55.2099],[-132.98217,55.21588],[-133.00816,55.2057],[-133.04075,55.23297],[-133.04394,55.24857],[-133.10471,55.2638],[-133.11929,55.2514],[-133.07338,55.18449],[-133.01227,55.12806],[-132.99086,55.07911],[-132.9904,55.06673],[-133.01974,55.04837],[-133.01418,55.0355],[-132.95951,55.02105],[-132.90971,54.92359],[-132.91465,54.91401],[-132.82834,54.86875],[-132.80453,54.87094],[-132.80374,54.89721],[-132.81739,54.92364],[-132.80078,54.93378],[-132.73093,54.93948],[-132.65,54.90439],[-132.62861,54.88332],[-132.62556,54.8075],[-132.61485,54.77717],[-132.63903,54.75325],[-132.68116,54.7737],[-132.7012,54.79845],[-132.70115,54.81101],[-132.72354,54.82513],[-132.75978,54.817],[-132.72201,54.76326],[-132.67587,54.67281],[-132.77573,54.67484],[-132.8696,54.70242],[-132.8656,54.72891],[-132.89155,54.76819],[-132.90952,54.78052],[-132.95025,54.78833],[-133.12394,54.94006],[-133.15976,54.95876],[-133.16479,54.97691],[-133.15733,55.00037],[-133.16893,55.03089],[-133.21042,55.04027],[-133.2397,55.09242],[-133.2181,55.10104],[-133.1287,55.10143],[-133.23192,55.12778],[-133.21509,55.13688],[-133.23691,55.18333],[-133.22379,55.22932],[-133.25448,55.23115],[-133.32302,55.20703],[-133.34126,55.2057],[-133.35372,55.22122],[-133.37661,55.22829],[-133.41526,55.21216],[-133.44107,55.21165],[-133.45378,55.2185],[-133.47194,55.24753],[-133.47287,55.26787],[-133.45975,55.30678],[-133.43635,55.33016],[-133.39537,55.34175],[-133.33236,55.34536],[-133.31349,55.33156],[-133.2924,55.29138],[-133.24434,55.29187],[-133.23357,55.30882],[-133.27927,55.33326],[-133.27844,55.34918],[-133.26907,55.35934],[-133.20879,55.38424],[-133.15776,55.37191],[-133.0779,55.41039],[-133.18343,55.4922],[-133.16513,55.50243],[-133.13329,55.50251],[-133.13241,55.51358],[-133.1908,55.53083],[-133.18961,55.55853],[-133.15657,55.56359],[-133.17676,55.58672],[-133.26304,55.56879],[-133.29416,55.58868],[-133.43818,55.64386],[-133.45248,55.6682],[-133.39449,55.66688],[-133.40423,55.69446],[-133.42729,55.71027],[-133.41655,55.73965],[-133.49143,55.76408],[-133.51263,55.7559],[-133.49088,55.72658],[-133.49244,55.70652],[-133.52739,55.69511],[-133.5545,55.69835],[-133.64332,55.72904],[-133.70056,55.77862],[-133.70115,55.78516],[-133.65594,55.82323],[-133.62263,55.83096],[-133.556,55.83513],[-133.42206,55.78882],[-133.34792,55.80394],[-133.32366,55.81863],[-133.35296,55.83732],[-133.38409,55.87677],[-133.44702,55.89049],[-133.49099,55.87356],[-133.52141,55.87822],[-133.52284,55.88742],[-133.49598,55.91314],[-133.50187,55.94934],[-133.47689,56.00407],[-133.49505,56.01709],[-133.54104,55.97732],[-133.63812,55.92098],[-133.70015,55.89948],[-133.67242,55.88099],[-133.67115,55.86322],[-133.68256,55.85041],[-133.71881,55.89324],[-133.79993,55.92535],[-133.81696,55.95213],[-133.81636,55.96402]]],[[[-133.88269,57.30065],[-133.82843,57.32201],[-133.7864,57.31153],[-133.77803,57.29436],[-133.84089,57.27107],[-133.87567,57.26761],[-133.88269,57.30065]]],[[[-133.9435,55.91245],[-133.89185,55.93668],[-133.8641,55.93629],[-133.85429,55.93158],[-133.8403,55.88677],[-133.86104,55.84884],[-133.89471,55.84564],[-133.92933,55.86954],[-133.94562,55.89622],[-133.9435,55.91245]]],[[[-134.36696,55.91054],[-134.33606,55.92661],[-134.26666,55.92959],[-134.26238,55.89255],[-134.15222,55.92092],[-134.13736,55.93465],[-134.1395,55.95168],[-134.12269,55.98552],[-134.09981,55.98414],[-134.11668,55.94476],[-134.11806,55.91464],[-134.13054,55.89751],[-134.20825,55.87671],[-134.28245,55.82867],[-134.31419,55.82679],[-134.34442,55.8432],[-134.34543,55.85669],[-134.31704,55.86856],[-134.36696,55.91054]]],[[[-134.41521,56.84795],[-134.35365,56.89315],[-134.29637,56.9073],[-134.27046,56.93558],[-134.15328,56.9348],[-134.1471,56.95697],[-134.04775,56.923],[-134.00663,56.85159],[-133.94294,56.80555],[-133.83337,56.80321],[-133.8008,56.78525],[-133.76532,56.80749],[-133.79536,56.82459],[-133.86904,56.84594],[-133.91636,56.91445],[-133.90363,56.92727],[-133.92145,56.96151],[-134.04922,57.0292],[-134.03398,57.06328],[-134.00886,57.07458],[-133.88796,57.09774],[-133.70292,57.06521],[-133.61391,57.05798],[-133.34422,57.00183],[-133.30832,57.01476],[-133.10461,57.0057],[-132.98137,56.92738],[-132.94708,56.87096],[-132.93526,56.82294],[-132.90321,56.80361],[-132.82056,56.79379],[-132.76296,56.75323],[-132.74171,56.72428],[-132.74321,56.71372],[-132.62279,56.66871],[-132.61926,56.66078],[-132.6282,56.64564],[-132.59518,56.61331],[-132.54646,56.60656],[-132.5397,56.5932],[-132.54128,56.58457],[-132.61083,56.55625],[-132.65091,56.55213],[-132.72419,56.51537],[-132.79663,56.49647],[-132.87428,56.50911],[-132.98691,56.51078],[-133.13831,56.53292],[-133.14248,56.5197],[-133.12473,56.51144],[-133.12224,56.49202],[-133.161,56.46026],[-133.20358,56.44766],[-133.3485,56.46957],[-133.37189,56.49369],[-133.4018,56.49636],[-133.4178,56.49415],[-133.46063,56.45412],[-133.53297,56.43475],[-133.65547,56.44228],[-133.66309,56.44807],[-133.67584,56.52271],[-133.71453,56.55003],[-133.82101,56.49523],[-133.77656,56.47016],[-133.7806,56.39249],[-133.86397,56.39067],[-133.87163,56.3638],[-133.84762,56.35132],[-133.83455,56.3198],[-133.87662,56.27588],[-133.88114,56.2232],[-133.90301,56.20086],[-133.94199,56.1801],[-133.92773,56.14595],[-133.96052,56.09136],[-133.99689,56.08221],[-134.08745,56.09494],[-134.10789,56.08062],[-134.11193,56.04519],[-134.13712,56.00641],[-134.1897,56.02268],[-134.23409,56.06709],[-134.25929,56.12145],[-134.26262,56.21513],[-134.29946,56.28961],[-134.2928,56.35406],[-134.24313,56.39578],[-134.25192,56.44455],[-134.22411,56.47502],[-134.19797,56.53103],[-134.24194,56.55553],[-134.32013,56.55448],[-134.30112,56.62032],[-134.3218,56.6445],[-134.37627,56.66861],[-134.40166,56.733],[-134.39667,56.76975],[-134.41853,56.82233],[-134.41521,56.84795]]],[[[-134.9605,58.40376],[-134.9559,58.4103],[-134.80612,58.32128],[-134.80239,58.30107],[-134.77935,58.28128],[-134.72986,58.27351],[-134.69996,58.16149],[-134.63143,58.1622],[-134.55924,58.19512],[-134.51964,58.17577],[-134.44666,58.17358],[-134.37144,58.14897],[-134.32736,58.14388],[-134.2597,58.15771],[-134.17747,58.15964],[-134.16633,58.13256],[-134.19272,58.10768],[-134.18937,58.08344],[-134.09865,58.01875],[-134.08757,57.99647],[-134.10112,57.98407],[-133.99995,57.91481],[-133.99598,57.89563],[-133.96379,57.85463],[-133.90487,57.80741],[-133.90989,57.78063],[-133.89685,57.68552],[-133.83742,57.63849],[-133.82167,57.63389],[-133.80829,57.6096],[-133.81164,57.57236],[-133.84084,57.57686],[-133.86311,57.6237],[-133.91133,57.66356],[-133.97009,57.69534],[-133.99496,57.71982],[-134.01073,57.75939],[-134.01314,57.78939],[-134.03082,57.81865],[-134.09863,57.85055],[-134.12134,57.87124],[-134.13215,57.89619],[-134.17661,57.90973],[-134.20235,57.90633],[-134.20687,57.8959],[-134.10541,57.79597],[-134.1009,57.77678],[-134.14634,57.76026],[-134.1277,57.73922],[-134.02017,57.65673],[-133.93598,57.61441],[-133.94342,57.56155],[-133.92056,57.53009],[-133.88627,57.505],[-133.85737,57.46396],[-133.92754,57.46957],[-133.92553,57.45665],[-133.87033,57.3813],[-133.87066,57.35829],[-133.96849,57.30394],[-133.9835,57.30284],[-134.03456,57.32764],[-134.09489,57.3264],[-134.10059,57.32174],[-134.0805,57.29768],[-134.11032,57.24995],[-134.15539,57.208],[-134.19363,57.18488],[-134.29276,57.13705],[-134.37836,57.11502],[-134.3708,57.09992],[-134.38605,57.08739],[-134.48117,57.04601],[-134.48429,57.03648],[-134.49772,57.03119],[-134.56569,57.02374],[-134.60141,57.03381],[-134.63457,57.10986],[-134.64677,57.22633],[-134.60503,57.273],[-134.51728,57.31457],[-134.54339,57.33741],[-134.57411,57.34117],[-134.57851,57.40029],[-134.52759,57.40533],[-134.52787,57.38987],[-134.48602,57.37249],[-134.46403,57.39218],[-134.60756,57.51304],[-134.59598,57.53411],[-134.61118,57.56314],[-134.67444,57.61441],[-134.70052,57.69597],[-134.7318,57.72192],[-134.72879,57.75664],[-134.70902,57.7805],[-134.70587,57.82893],[-134.72708,57.8771],[-134.74611,57.89853],[-134.75883,57.98021],[-134.77702,58.00468],[-134.7968,58.05886],[-134.78377,58.08229],[-134.78493,58.09679],[-134.85722,58.17629],[-134.88586,58.18403],[-134.91486,58.21493],[-134.94833,58.28132],[-134.96919,58.36754],[-134.9605,58.40376]]],[[[-135.02857,58.51989],[-134.90365,58.48123],[-134.8513,58.43126],[-134.80609,58.37415],[-134.8406,58.36999],[-134.91873,58.468],[-134.956,58.46993],[-135.00418,58.4848],[-135.03214,58.51395],[-135.02857,58.51989]]],[[[-135.34933,59.02003],[-135.3303,59.01242],[-135.29603,58.95912],[-135.29863,58.91926],[-135.31602,58.92486],[-135.33411,58.94389],[-135.35314,59.01052],[-135.34933,59.02003]]],[[[-135.69512,57.36308],[-135.65961,57.37391],[-135.63956,57.37188],[-135.62802,57.38339],[-135.63365,57.3991],[-135.55455,57.42664],[-135.56223,57.44272],[-135.53422,57.45025],[-135.53207,57.48112],[-135.54879,57.50898],[-135.52604,57.5097],[-135.41921,57.56416],[-135.3476,57.55023],[-135.29449,57.51084],[-135.30846,57.4952],[-135.29778,57.48372],[-135.20912,57.48875],[-135.16102,57.46071],[-135.16806,57.45421],[-135.14595,57.43905],[-135.06505,57.41897],[-134.92652,57.42227],[-134.84948,57.40967],[-134.80635,57.34189],[-134.81277,57.29977],[-134.82936,57.2941],[-134.88478,57.33],[-134.95127,57.32866],[-134.95501,57.30943],[-134.87954,57.28818],[-134.84177,57.24859],[-134.73788,57.00993],[-134.74014,56.94848],[-134.69574,56.90079],[-134.6991,56.85086],[-134.66343,56.80469],[-134.634,56.72872],[-134.6198,56.66589],[-134.61596,56.63729],[-134.62694,56.55387],[-134.63973,56.53883],[-134.67105,56.5412],[-134.66384,56.50318],[-134.64531,56.47221],[-134.63401,56.31584],[-134.63467,56.26583],[-134.66815,56.16703],[-134.70501,56.17572],[-134.80616,56.23553],[-134.83941,56.3094],[-134.91591,56.36055],[-134.9457,56.38971],[-135.02378,56.49998],[-135.05824,56.52945],[-135.05676,56.57061],[-135.04505,56.58339],[-135.00525,56.60225],[-134.98588,56.59584],[-134.96716,56.60303],[-134.97939,56.62768],[-135.02975,56.62892],[-135.06569,56.60785],[-135.11871,56.59773],[-135.14776,56.65193],[-135.17583,56.67788],[-135.21583,56.66534],[-135.22414,56.68786],[-135.27491,56.70163],[-135.30508,56.72638],[-135.31808,56.74869],[-135.28161,56.75853],[-135.28088,56.76836],[-135.31016,56.77809],[-135.36224,56.75874],[-135.39868,56.7792],[-135.46718,56.77141],[-135.50631,56.78141],[-135.53527,56.82614],[-135.57342,56.86338],[-135.50687,56.86598],[-135.46753,56.84142],[-135.43224,56.85207],[-135.44792,56.88923],[-135.44234,56.94235],[-135.37757,56.98861],[-135.35345,57.0209],[-135.45791,57.07017],[-135.49308,57.09454],[-135.47716,57.11533],[-135.4097,57.14886],[-135.42275,57.16772],[-135.37244,57.19806],[-135.37758,57.2063],[-135.37202,57.228],[-135.35871,57.24378],[-135.40609,57.25168],[-135.44907,57.2481],[-135.47768,57.25682],[-135.55257,57.23319],[-135.6023,57.28571],[-135.60178,57.30077],[-135.67469,57.33675],[-135.69512,57.36308]]],[[[-135.72791,58.36544],[-135.66985,58.38067],[-135.63178,58.38067],[-135.60227,58.37496],[-135.5385,58.33784],[-135.54421,58.33023],[-135.64986,58.32452],[-135.6965,58.33594],[-135.72791,58.36544]]],[[[-135.85245,57.24094],[-135.85317,57.26742],[-135.83772,57.28207],[-135.85816,57.32136],[-135.84818,57.33855],[-135.76071,57.34663],[-135.6386,57.29286],[-135.58388,57.22975],[-135.54133,57.21302],[-135.4788,57.23896],[-135.39873,57.23068],[-135.4118,57.20346],[-135.45173,57.17645],[-135.45577,57.16008],[-135.54133,57.1477],[-135.57223,57.12629],[-135.57104,57.09261],[-135.60052,57.07168],[-135.60456,57.04583],[-135.63046,57.02644],[-135.63688,57.00987],[-135.6799,57.01466],[-135.8256,56.98903],[-135.85602,56.99564],[-135.84461,57.08357],[-135.80611,57.10939],[-135.75501,57.12397],[-135.74003,57.14629],[-135.75358,57.16717],[-135.83225,57.17065],[-135.82346,57.19564],[-135.87052,57.22164],[-135.85245,57.24094]]],[[[-136.15359,58.59697],[-136.14598,58.60744],[-136.12314,58.60934],[-136.10029,58.59601],[-136.08887,58.56556],[-136.09649,58.55889],[-136.15359,58.59697]]],[[[-136.15615,58.28389],[-136.11867,58.30352],[-136.04789,58.31898],[-136.03301,58.31125],[-136.03539,58.27318],[-136.09429,58.25712],[-136.12522,58.26188],[-136.15615,58.28389]]],[[[-136.57329,57.92684],[-136.55625,58.07702],[-136.53871,58.09348],[-136.50012,58.10479],[-136.46927,58.09687],[-136.42045,58.13186],[-136.36554,58.14885],[-136.35484,58.19228],[-136.37328,58.23213],[-136.40481,58.26723],[-136.40005,58.27199],[-136.28405,58.26961],[-136.28389,58.22369],[-136.23925,58.17191],[-136.19985,58.18087],[-136.16211,58.21872],[-136.13901,58.22439],[-136.03616,58.21921],[-136.03303,58.20546],[-135.97639,58.20203],[-135.91418,58.24407],[-135.82356,58.28298],[-135.78338,58.28671],[-135.7351,58.24021],[-135.5892,58.21368],[-135.49791,58.16888],[-135.54071,58.10175],[-135.58682,58.08167],[-135.65137,58.03648],[-135.63849,57.99451],[-135.62158,57.98462],[-135.58175,57.99757],[-135.56431,58.01501],[-135.56343,58.04349],[-135.49674,58.08621],[-135.45144,58.13435],[-135.41178,58.14547],[-135.2758,58.09702],[-135.1089,58.08827],[-135.08483,58.08087],[-135.0707,58.06124],[-134.97718,58.04994],[-134.95084,58.03699],[-134.91285,57.97929],[-134.9264,57.92192],[-135.00495,57.88434],[-135.14067,57.92611],[-135.17371,57.9194],[-135.16522,57.90152],[-135.14672,57.89166],[-135.06572,57.86945],[-134.95455,57.81578],[-134.94944,57.80503],[-135.02337,57.78054],[-135.06842,57.77459],[-135.08851,57.78529],[-135.11501,57.77826],[-135.09842,57.7549],[-135.02484,57.74299],[-134.97812,57.76313],[-134.92973,57.7592],[-134.91479,57.70582],[-134.91817,57.68227],[-134.86743,57.62344],[-134.82489,57.50007],[-134.83712,57.48276],[-134.90268,57.45935],[-135.02515,57.45432],[-135.08434,57.46467],[-135.13406,57.49768],[-135.24285,57.5463],[-135.57161,57.6744],[-135.6507,57.65252],[-135.68495,57.67751],[-135.71232,57.67265],[-135.69742,57.64971],[-135.6609,57.6292],[-135.59278,57.60247],[-135.54614,57.61383],[-135.51101,57.59591],[-135.58748,57.56883],[-135.58848,57.55208],[-135.56565,57.54719],[-135.58051,57.51695],[-135.56681,57.4857],[-135.59714,57.44265],[-135.7114,57.36776],[-135.76802,57.38343],[-135.84381,57.3909],[-135.89213,57.40805],[-135.90082,57.41818],[-135.89698,57.44072],[-135.94377,57.45878],[-136.01453,57.50623],[-136.04755,57.51376],[-136.05551,57.53367],[-136.08807,57.55529],[-136.08574,57.57759],[-136.12063,57.5913],[-136.16306,57.55886],[-136.19027,57.5804],[-136.22961,57.59537],[-136.23817,57.62599],[-136.26669,57.66377],[-136.25082,57.68483],[-136.31463,57.7587],[-136.30468,57.77105],[-136.30943,57.77947],[-136.37238,57.83259],[-136.45883,57.8539],[-136.48426,57.89646],[-136.5342,57.91394],[-136.55765,57.91213],[-136.57205,57.91847],[-136.57329,57.92684]]],[[[-146.0116,60.39623],[-145.95313,60.40786],[-145.74445,60.38543],[-145.75443,60.35934],[-145.8312,60.35029],[-145.91011,60.37638],[-146.0116,60.39623]]],[[[-147.32108,60.8802],[-147.2263,60.91042],[-147.1934,60.90295],[-147.11534,60.91194],[-147.07179,60.89383],[-147.08964,60.87469],[-147.1418,60.85399],[-147.21775,60.86974],[-147.32564,60.87715],[-147.32108,60.8802]]],[[[-147.50001,60.65385],[-147.48383,60.68336],[-147.48764,60.72809],[-147.39531,60.74332],[-147.38389,60.74142],[-147.3087,60.66527],[-147.34867,60.6272],[-147.45432,60.61959],[-147.48383,60.61864],[-147.50001,60.65385]]],[[[-147.50572,60.25315],[-147.4962,60.26552],[-147.34106,60.3055],[-147.34011,60.27504],[-147.48383,60.2246],[-147.49906,60.23507],[-147.50572,60.25315]]],[[[-147.92924,59.78388],[-147.89763,59.80193],[-147.91332,59.83718],[-147.88717,59.86225],[-147.85508,59.87192],[-147.80517,59.87323],[-147.80066,59.89434],[-147.81492,59.90876],[-147.80612,59.92091],[-147.77617,59.93044],[-147.74005,59.95508],[-147.71248,59.95199],[-147.68182,59.96175],[-147.67991,59.97638],[-147.70725,59.98292],[-147.69536,59.99671],[-147.58817,60.02581],[-147.55513,60.05181],[-147.48525,60.07434],[-147.40135,60.11641],[-147.37497,60.14659],[-147.37426,60.16031],[-147.33148,60.18443],[-147.31983,60.21774],[-147.22595,60.25491],[-147.20028,60.2766],[-147.23331,60.28956],[-147.20004,60.35029],[-147.10235,60.38002],[-147.08548,60.36874],[-147.10093,60.35652],[-147.08904,60.34288],[-147.00205,60.34429],[-147.00657,60.33229],[-147.06242,60.30087],[-147.02891,60.28638],[-146.94572,60.30993],[-146.92314,60.30946],[-146.91649,60.29097],[-146.9557,60.25915],[-147.08999,60.19247],[-147.17912,60.1583],[-147.35334,60.04706],[-147.3764,60.01619],[-147.36927,59.99374],[-147.38329,59.97828],[-147.33979,59.9621],[-147.37259,59.95294],[-147.42108,59.96615],[-147.48169,59.94366],[-147.50165,59.92687],[-147.47028,59.90673],[-147.44366,59.90316],[-147.39185,59.87776],[-147.41181,59.86404],[-147.46149,59.84166],[-147.54277,59.83503],[-147.56797,59.85115],[-147.62394,59.84828],[-147.65127,59.83312],[-147.64604,59.81783],[-147.68241,59.79894],[-147.7145,59.80385],[-147.76512,59.79595],[-147.83239,59.77012],[-147.87647,59.76389],[-147.92924,59.78388]]],[[[-147.95053,60.24379],[-147.79282,60.47619],[-147.77827,60.48401],[-147.76583,60.47651],[-147.77933,60.45708],[-147.75086,60.44098],[-147.71531,60.44792],[-147.70916,60.45188],[-147.72664,60.47222],[-147.72182,60.50863],[-147.61384,60.56591],[-147.56637,60.58085],[-147.55539,60.57406],[-147.55171,60.55961],[-147.56578,60.53471],[-147.60776,60.50692],[-147.62384,60.46588],[-147.61997,60.43682],[-147.69077,60.40505],[-147.68189,60.38817],[-147.63008,60.38955],[-147.61891,60.36885],[-147.67113,60.30893],[-147.7036,60.28559],[-147.69861,60.24555],[-147.70473,60.22787],[-147.76068,60.1564],[-147.78358,60.16107],[-147.84568,60.19543],[-147.82799,60.20063],[-147.82896,60.20744],[-147.90899,60.22436],[-147.94516,60.22232],[-147.95623,60.22867],[-147.95053,60.24379]]],[[[-148.02026,60.72495],[-147.96542,60.752],[-147.95204,60.74188],[-147.90602,60.73551],[-147.8461,60.69451],[-147.86807,60.67083],[-147.93293,60.65571],[-147.97068,60.6738],[-148.02026,60.72495]]],[[[-150.2421,61.13784],[-150.22021,61.17019],[-150.16405,61.174],[-150.15834,61.16734],[-150.15834,61.16068],[-150.1907,61.13974],[-150.22877,61.12356],[-150.26589,61.12736],[-150.2421,61.13784]]],[[[-150.77224,59.33301],[-150.67135,59.41011],[-150.6171,59.39488],[-150.60949,59.38631],[-150.61805,59.35586],[-150.65042,59.34348],[-150.68087,59.30541],[-150.7218,59.29209],[-150.77319,59.30827],[-150.77224,59.33301]]],[[[-151.52882,59.14759],[-151.43339,59.13552],[-151.43173,59.11765],[-151.44504,59.10508],[-151.52632,59.13436],[-151.52882,59.14759]]],[[[-151.71814,59.13225],[-151.68771,59.12973],[-151.63839,59.11741],[-151.66237,59.08973],[-151.71373,59.10112],[-151.72657,59.11509],[-151.71814,59.13225]]],[[[-151.86062,59.16593],[-151.82425,59.17804],[-151.79953,59.17707],[-151.79027,59.16422],[-151.79454,59.14533],[-151.80869,59.13491],[-151.88308,59.15618],[-151.86062,59.16593]]],[[[-151.8885,58.21942],[-151.86232,58.25749],[-151.81711,58.26344],[-151.79094,58.24679],[-151.7957,58.2111],[-151.81711,58.18373],[-151.86232,58.16826],[-151.87184,58.16945],[-151.89087,58.19325],[-151.8885,58.21942]]],[[[-152.07452,58.92494],[-152.0631,58.94683],[-152.03169,58.94873],[-151.95555,58.91447],[-152.07452,58.91256],[-152.07452,58.92494]]],[[[-152.08285,60.34595],[-152.07238,60.36118],[-152.01242,60.40401],[-151.98006,60.41448],[-151.95246,60.51061],[-151.93057,60.51632],[-151.83919,60.48586],[-151.89535,60.46016],[-151.89154,60.44018],[-151.94008,60.43066],[-151.97435,60.38878],[-151.95626,60.36784],[-152.07999,60.34119],[-152.08285,60.34595]]],[[[-152.29853,57.38248],[-152.29092,57.39491],[-152.2536,57.38402],[-152.26105,57.36733],[-152.31207,57.36275],[-152.29853,57.38248]]],[[[-152.35625,58.91542],[-152.31247,58.9316],[-152.30771,58.96206],[-152.24204,58.93826],[-152.17827,58.94683],[-152.15447,58.94302],[-152.15923,58.93445],[-152.2763,58.90685],[-152.34293,58.9059],[-152.35625,58.91542]]],[[[-152.63964,60.16511],[-152.61966,60.18319],[-152.57873,60.16987],[-152.56731,60.15845],[-152.55018,60.11371],[-152.55303,60.09849],[-152.56065,60.09468],[-152.63298,60.14893],[-152.63964,60.16511]]],[[[-153.41834,58.06405],[-153.31613,58.14039],[-153.28187,58.14755],[-153.26264,58.1451],[-153.19912,58.102],[-153.1564,58.09009],[-153.14874,58.10612],[-153.16761,58.12782],[-153.22371,58.16212],[-153.2028,58.20808],[-153.1701,58.2167],[-153.06085,58.1945],[-153.00058,58.21177],[-153.00698,58.22185],[-153.06168,58.23565],[-153.10184,58.25794],[-153.04432,58.30634],[-152.94127,58.27961],[-152.87886,58.28853],[-152.86981,58.30491],[-152.91245,58.30719],[-152.93644,58.33492],[-152.89541,58.34531],[-152.82196,58.3285],[-152.77405,58.36683],[-152.83923,58.37248],[-152.88886,58.40938],[-152.81221,58.40346],[-152.77451,58.41972],[-152.73385,58.46066],[-152.68994,58.45986],[-152.61095,58.47577],[-152.60053,58.49495],[-152.62279,58.49419],[-152.65367,58.50657],[-152.666,58.56449],[-152.61613,58.60185],[-152.56771,58.6213],[-152.55042,58.611],[-152.54501,58.59425],[-152.50282,58.59345],[-152.45382,58.61852],[-152.35471,58.63828],[-152.32984,58.6321],[-152.33721,58.5891],[-152.37232,58.53117],[-152.41827,58.51524],[-152.50552,58.44188],[-152.51248,58.42735],[-152.49399,58.35468],[-152.47681,58.35095],[-152.36468,58.36461],[-152.34486,58.39163],[-152.35872,58.41559],[-152.35609,58.42347],[-152.32806,58.43437],[-152.27951,58.41587],[-152.22783,58.37642],[-152.23472,58.36202],[-152.22496,58.35737],[-152.20095,58.35533],[-152.12534,58.3964],[-152.08925,58.36764],[-152.13829,58.29571],[-152.14652,58.24912],[-152.11657,58.24854],[-152.10796,58.26053],[-152.10763,58.28024],[-152.08234,58.30994],[-151.98617,58.35041],[-151.96382,58.329],[-151.97205,58.2307],[-151.98613,58.21377],[-152.08108,58.15427],[-152.1122,58.14856],[-152.19483,58.17413],[-152.22317,58.19479],[-152.22444,58.20237],[-152.2037,58.21205],[-152.23383,58.24333],[-152.28063,58.24234],[-152.31142,58.22111],[-152.26511,58.13573],[-152.27361,58.12563],[-152.34352,58.11917],[-152.48267,58.12981],[-152.51479,58.11432],[-152.53039,58.08777],[-152.54153,58.08367],[-152.55724,58.08646],[-152.56959,58.1148],[-152.55988,58.17094],[-152.58422,58.18748],[-152.59751,58.17969],[-152.63121,58.08192],[-152.6568,58.06105],[-152.7713,58.04688],[-152.76247,58.01446],[-152.81904,57.99557],[-152.87184,57.99927],[-152.94755,57.98352],[-152.98241,57.9847],[-153.20253,58.03012],[-153.21812,58.04391],[-153.2897,58.05033],[-153.36557,58.03905],[-153.41834,58.06405]]],[[[-153.56002,59.39131],[-153.51053,59.39131],[-153.41249,59.4151],[-153.3906,59.41225],[-153.34777,59.37799],[-153.34301,59.35609],[-153.36586,59.33706],[-153.41344,59.32278],[-153.51529,59.32088],[-153.54669,59.33135],[-153.57334,59.37132],[-153.56002,59.39131]]],[[[-153.61741,56.89668],[-153.60244,56.90759],[-153.55847,56.91433],[-153.5442,56.90927],[-153.57486,56.89188],[-153.60362,56.88734],[-153.61741,56.89668]]],[[[-154.15935,56.69216],[-154.12079,56.70835],[-154.09604,56.70549],[-154.04655,56.73024],[-154.0218,56.71501],[-154.01704,56.68931],[-154.15315,56.6817],[-154.15935,56.69216]]],[[[-154.36236,56.54251],[-154.31091,56.58545],[-154.24423,56.60919],[-154.22376,56.61295],[-154.18482,56.60377],[-154.10324,56.61769],[-154.09001,56.6148],[-154.07519,56.58375],[-154.04157,56.55621],[-154.00927,56.55145],[-153.87876,56.56593],[-153.86846,56.55149],[-153.88768,56.53364],[-153.95296,56.50717],[-154.12024,56.50184],[-154.16399,56.50784],[-154.23246,56.49105],[-154.3431,56.51017],[-154.36138,56.52564],[-154.36236,56.54251]]],[[[-154.77966,57.36633],[-154.72904,57.36249],[-154.70765,57.38069],[-154.69331,57.44608],[-154.62968,57.5102],[-154.54092,57.53962],[-154.52206,57.57779],[-154.46833,57.57034],[-154.34424,57.6309],[-154.22566,57.66137],[-154.19696,57.66464],[-154.08613,57.64905],[-154.03159,57.66085],[-153.99457,57.65691],[-153.98258,57.64825],[-153.9822,57.55316],[-153.97111,57.53944],[-153.92926,57.53325],[-153.92218,57.49904],[-153.88889,57.50468],[-153.8691,57.55184],[-153.81314,57.58858],[-153.87776,57.62953],[-153.87429,57.64611],[-153.85854,57.65114],[-153.66726,57.63901],[-153.64869,57.65413],[-153.67672,57.66966],[-153.86289,57.70694],[-153.93028,57.69679],[-153.93522,57.81305],[-153.82339,57.86501],[-153.75505,57.88356],[-153.72118,57.89061],[-153.6488,57.8801],[-153.57136,57.8321],[-153.55082,57.78689],[-153.55423,57.72245],[-153.51521,57.7165],[-153.4934,57.72832],[-153.46989,57.76654],[-153.46246,57.79529],[-153.48038,57.81466],[-153.48735,57.83427],[-153.47946,57.84202],[-153.40672,57.82866],[-153.35358,57.80973],[-153.34341,57.81087],[-153.32487,57.83105],[-153.32814,57.84985],[-153.39581,57.85877],[-153.44641,57.87503],[-153.51202,57.90916],[-153.53652,57.93077],[-153.51335,57.96875],[-153.46942,57.97728],[-153.45264,57.96351],[-153.26815,57.88874],[-153.23695,57.89182],[-153.12728,57.85675],[-153.08942,57.86523],[-153.19862,57.92992],[-153.27033,57.95857],[-153.29901,57.98563],[-153.29776,57.99643],[-153.23473,57.99697],[-153.12949,57.94655],[-153.06385,57.95978],[-152.8762,57.93245],[-152.85628,57.94738],[-152.85279,57.97458],[-152.72252,57.98736],[-152.73977,57.9448],[-152.75198,57.93347],[-152.8233,57.89093],[-152.90263,57.83015],[-152.91633,57.77122],[-152.90431,57.75082],[-152.8745,57.73796],[-152.85034,57.74004],[-152.85,57.82146],[-152.82254,57.8432],[-152.79021,57.85806],[-152.73253,57.81625],[-152.71589,57.85548],[-152.65386,57.88354],[-152.63538,57.91861],[-152.5877,57.92696],[-152.58598,57.9081],[-152.54966,57.90014],[-152.48767,57.94197],[-152.47034,57.9621],[-152.42141,57.97568],[-152.41162,57.96928],[-152.43742,57.93698],[-152.3241,57.9166],[-152.33321,57.90255],[-152.36478,57.88392],[-152.41498,57.90223],[-152.44824,57.90261],[-152.46851,57.88862],[-152.44612,57.86913],[-152.40144,57.85737],[-152.43365,57.82431],[-152.42933,57.82011],[-152.41742,57.81546],[-152.35115,57.83477],[-152.32428,57.82444],[-152.3097,57.79017],[-152.21225,57.79143],[-152.29876,57.74592],[-152.35723,57.77392],[-152.38108,57.77674],[-152.44379,57.77614],[-152.471,57.76347],[-152.49706,57.73439],[-152.44018,57.72664],[-152.4649,57.70264],[-152.46768,57.68139],[-152.44303,57.66805],[-152.39857,57.68721],[-152.37529,57.67495],[-152.42895,57.64216],[-152.46776,57.59822],[-152.42606,57.59336],[-152.38714,57.61243],[-152.36341,57.64164],[-152.33846,57.65334],[-152.31397,57.63642],[-152.32273,57.6234],[-152.15239,57.61948],[-152.164,57.58461],[-152.25964,57.52716],[-152.29147,57.5171],[-152.32368,57.46786],[-152.32613,57.44151],[-152.31492,57.43241],[-152.33941,57.42269],[-152.41647,57.43529],[-152.47488,57.4342],[-152.44993,57.45582],[-152.48178,57.46784],[-152.517,57.43218],[-152.57053,57.44891],[-152.60038,57.46883],[-152.68441,57.4666],[-152.71677,57.47847],[-152.72285,57.49409],[-152.74308,57.50571],[-152.79891,57.49426],[-152.8862,57.5107],[-152.91388,57.50297],[-152.89017,57.48671],[-152.91174,57.47078],[-152.81667,57.47192],[-152.76268,57.45756],[-152.67325,57.41325],[-152.62038,57.4016],[-152.60115,57.38217],[-152.60652,57.36366],[-152.63044,57.32267],[-152.6957,57.28132],[-152.71201,57.27812],[-152.71613,57.30566],[-152.75012,57.30887],[-152.81819,57.26537],[-152.88638,57.29134],[-152.90069,57.30298],[-152.90905,57.32422],[-153.00852,57.33973],[-153.07929,57.32196],[-153.11628,57.29731],[-153.09613,57.28687],[-153.01599,57.30023],[-152.97091,57.28262],[-152.94346,57.25696],[-152.99774,57.23118],[-153.05697,57.21476],[-153.12548,57.21184],[-153.20172,57.22168],[-153.21511,57.21336],[-153.2138,57.20506],[-153.166,57.18064],[-153.12386,57.17545],[-153.07398,57.18709],[-152.94933,57.18735],[-152.88032,57.1648],[-152.8698,57.15085],[-152.91137,57.12681],[-152.99725,57.11949],[-153.11867,57.09103],[-153.14636,57.10088],[-153.18001,57.09452],[-153.22095,57.06824],[-153.2212,57.06037],[-153.20538,57.05615],[-153.20022,57.04204],[-153.23528,57.0074],[-153.31258,56.99149],[-153.34871,57.00837],[-153.32093,57.03684],[-153.32426,57.04331],[-153.36524,57.07208],[-153.39692,57.0604],[-153.40261,57.07009],[-153.40426,57.08051],[-153.38039,57.12047],[-153.28401,57.17387],[-153.28635,57.18429],[-153.31014,57.19443],[-153.36818,57.18534],[-153.36652,57.17671],[-153.48652,57.08591],[-153.49885,57.06536],[-153.57701,57.09318],[-153.6545,57.0846],[-153.67598,57.06983],[-153.67574,57.05478],[-153.60129,57.05666],[-153.58083,57.04905],[-153.54343,56.99524],[-153.55676,56.96886],[-153.60066,56.94263],[-153.69275,56.92562],[-153.68752,56.865],[-153.69941,56.85538],[-153.77647,56.83031],[-153.82134,56.8416],[-153.90215,56.77121],[-153.97178,56.74486],[-154.01621,56.74347],[-154.02261,56.75595],[-154.05052,56.76352],[-154.10656,56.74557],[-154.14874,56.74568],[-154.12543,56.7833],[-154.06742,56.8453],[-154.0305,56.85505],[-153.93599,56.91577],[-153.84867,56.94235],[-153.83631,56.96024],[-153.85699,56.97488],[-153.93478,56.95893],[-153.97687,56.95514],[-153.97974,56.96219],[-153.96323,56.99935],[-153.88746,57.08696],[-153.85889,57.08884],[-153.80479,57.11316],[-153.77671,57.14286],[-153.77909,57.15882],[-153.80629,57.15742],[-153.86171,57.11922],[-153.98279,57.06628],[-154.02429,57.01661],[-154.07662,56.97059],[-154.12349,56.95617],[-154.16336,56.91978],[-154.21211,56.90975],[-154.23177,56.87229],[-154.30571,56.84687],[-154.29842,56.86318],[-154.3,56.89225],[-154.31289,56.91867],[-154.40749,56.96833],[-154.5247,56.99162],[-154.51521,57.07798],[-154.52984,57.16888],[-154.53955,57.19635],[-154.57434,57.23992],[-154.61372,57.2678],[-154.69186,57.28411],[-154.74016,57.27652],[-154.79205,57.2867],[-154.74309,57.31477],[-154.75803,57.32992],[-154.79654,57.34621],[-154.77966,57.36633]]],[[[-154.80611,56.43418],[-154.70614,56.52127],[-154.52463,56.60392],[-154.44996,56.60036],[-154.40229,56.58054],[-154.40401,56.57229],[-154.39129,56.55793],[-154.43679,56.53456],[-154.63359,56.47182],[-154.74289,56.40168],[-154.77577,56.40407],[-154.79991,56.41939],[-154.80611,56.43418]]],[[[-155.74905,55.82566],[-155.65673,55.86087],[-155.63769,55.89419],[-155.59105,55.91227],[-155.56821,55.90751],[-155.56345,55.88562],[-155.58439,55.8485],[-155.5644,55.80948],[-155.56631,55.78949],[-155.591,55.76172],[-155.71859,55.77236],[-155.74905,55.82566]]],[[[-156.75074,56.03712],[-156.73363,56.07759],[-156.683,56.09881],[-156.64854,56.07892],[-156.63404,56.048],[-156.67373,56.02689],[-156.67296,56.00671],[-156.68181,55.99434],[-156.75074,56.03712]]],[[[-156.80418,56.19665],[-156.79561,56.21568],[-156.77182,56.2271],[-156.75944,56.15667],[-156.77182,56.15001],[-156.79622,56.15586],[-156.80418,56.19665]]],[[[-157.32611,56.54037],[-157.2501,56.58214],[-157.14664,56.58365],[-157.07738,56.57903],[-156.9729,56.5365],[-156.98609,56.53275],[-157.05338,56.55042],[-157.11319,56.55266],[-157.16878,56.53021],[-157.32606,56.52517],[-157.32611,56.54037]]],[[[-157.90101,56.34812],[-157.83248,56.37001],[-157.80773,56.35764],[-157.79631,56.32052],[-157.82677,56.311],[-157.90196,56.34241],[-157.90101,56.34812]]],[[[-158.89776,55.8263],[-158.86921,55.88056],[-158.80068,55.89102],[-158.75024,55.8758],[-158.7036,55.84153],[-158.7017,55.83201],[-158.71121,55.8244],[-158.7312,55.8263],[-158.80544,55.85771],[-158.84542,55.8539],[-158.8654,55.82726],[-158.83685,55.81488],[-158.84066,55.80822],[-158.8892,55.81012],[-158.89776,55.8263]]],[[[-159.14523,55.87675],[-159.09669,55.85486],[-159.08622,55.83487],[-159.13476,55.82821],[-159.1833,55.84439],[-159.14523,55.87675]]],[[[-159.32073,54.89727],[-159.31273,54.91869],[-159.32436,54.92833],[-159.2787,54.94851],[-159.20286,54.9255],[-159.21263,54.89607],[-159.23607,54.87648],[-159.27235,54.8642],[-159.30968,54.86581],[-159.32787,54.88475],[-159.32073,54.89727]]],[[[-159.38413,55.74921],[-159.35557,55.80727],[-159.32131,55.81583],[-159.27562,55.77396],[-159.27943,55.76253],[-159.30893,55.75016],[-159.35283,55.74642],[-159.3946,55.71494],[-159.38413,55.74921]]],[[[-159.45955,54.94865],[-159.45125,54.97528],[-159.41679,55.0003],[-159.41799,55.02201],[-159.45543,55.03581],[-159.45531,55.06145],[-159.34528,55.0594],[-159.33177,54.9746],[-159.42661,54.94227],[-159.45955,54.94865]]],[[[-159.60239,54.81403],[-159.58716,54.82735],[-159.56812,54.82545],[-159.51006,54.78928],[-159.51387,54.75977],[-159.59763,54.75597],[-159.58716,54.77596],[-159.60239,54.81403]]],[[[-159.66222,55.19007],[-159.59852,55.17256],[-159.58189,55.21435],[-159.5192,55.25369],[-159.5032,55.23499],[-159.50527,55.22227],[-159.53346,55.18476],[-159.4995,55.17399],[-159.49477,55.13605],[-159.5303,55.10619],[-159.53363,55.08399],[-159.48498,55.05405],[-159.50967,55.04141],[-159.53546,55.05873],[-159.57236,55.06012],[-159.57737,55.04259],[-159.59782,55.047],[-159.63523,55.03729],[-159.64403,55.0426],[-159.67031,55.18234],[-159.66222,55.19007]]],[[[-159.81844,54.82069],[-159.76895,54.8264],[-159.7423,54.84258],[-159.69471,54.83497],[-159.70327,54.81688],[-159.74325,54.81307],[-159.77466,54.79404],[-159.80226,54.8007],[-159.82035,54.81498],[-159.81844,54.82069]]],[[[-159.84714,55.05566],[-159.81695,55.08845],[-159.7157,55.1291],[-159.70762,55.12095],[-159.71594,55.09335],[-159.75278,55.06614],[-159.79651,55.06042],[-159.81363,55.02747],[-159.81149,55.01629],[-159.83074,55.01084],[-159.85879,55.04027],[-159.84714,55.05566]]],[[[-160.11272,55.33351],[-160.06227,55.34303],[-160.02705,55.324],[-160.02896,55.31353],[-160.04639,55.30711],[-160.10416,55.31353],[-160.11272,55.33351]]],[[[-160.25081,54.92982],[-160.22341,54.93912],[-160.13217,55.01374],[-160.07787,55.0376],[-160.09429,55.053],[-160.13342,55.04395],[-160.17437,55.05258],[-160.19139,55.10857],[-160.18726,55.11838],[-160.10986,55.16078],[-160.0596,55.13366],[-160.05564,55.11158],[-160.01222,55.12295],[-160.00413,55.13448],[-160.06147,55.20038],[-160.02526,55.20391],[-159.9835,55.18038],[-159.95435,55.18929],[-159.88917,55.28714],[-159.87969,55.29018],[-159.84862,55.26755],[-159.84462,55.24383],[-159.8553,55.23038],[-159.88652,55.22915],[-159.89533,55.21787],[-159.90536,55.16469],[-159.885,55.1456],[-159.86089,55.14934],[-159.86079,55.17709],[-159.81642,55.17805],[-159.83089,55.12647],[-159.85544,55.10076],[-159.86858,55.09489],[-159.90661,55.11254],[-159.94758,55.10522],[-159.95113,55.06664],[-160.05209,55.00578],[-160.11578,54.98508],[-160.18347,54.91568],[-160.18164,54.90299],[-160.20083,54.87528],[-160.22697,54.86407],[-160.25476,54.89597],[-160.25081,54.92982]]],[[[-160.31736,58.69431],[-160.30025,58.72949],[-160.28124,58.71888],[-160.2539,58.67467],[-160.24867,58.65848],[-160.25533,58.64649],[-160.27529,58.63634],[-160.31736,58.69431]]],[[[-160.34761,55.42619],[-160.32324,55.44463],[-160.26057,55.46367],[-160.13703,55.45071],[-160.14799,55.37758],[-160.20361,55.39174],[-160.32113,55.39368],[-160.34953,55.42048],[-160.34761,55.42619]]],[[[-160.43715,58.68419],[-160.42313,58.73036],[-160.40673,58.74997],[-160.38582,58.72949],[-160.38178,58.7116],[-160.43002,58.67826],[-160.43715,58.68419]]],[[[-160.85662,55.31849],[-160.79715,55.38152],[-160.7103,55.40308],[-160.66593,55.39903],[-160.64923,55.38878],[-160.65101,55.34365],[-160.61426,55.34802],[-160.56738,55.39008],[-160.51751,55.37938],[-160.51896,55.36155],[-160.42566,55.33888],[-160.36176,55.36323],[-160.34437,55.36296],[-160.32646,55.35319],[-160.30655,55.30327],[-160.34122,55.2518],[-160.3726,55.25991],[-160.39042,55.28658],[-160.4419,55.29826],[-160.47549,55.28923],[-160.51815,55.3091],[-160.52695,55.31904],[-160.50693,55.32773],[-160.53494,55.34354],[-160.56443,55.3325],[-160.58067,55.3072],[-160.56593,55.27314],[-160.52762,55.25637],[-160.48617,55.19362],[-160.48651,55.18195],[-160.52523,55.12987],[-160.65558,55.16026],[-160.67587,55.17362],[-160.69029,55.21047],[-160.75659,55.19514],[-160.7942,55.1344],[-160.82138,55.11785],[-160.80756,55.16816],[-160.84192,55.20444],[-160.84122,55.29396],[-160.85662,55.31849]]],[[[-161.0842,58.58989],[-161.07849,58.63558],[-161.05659,58.7022],[-160.91859,58.74694],[-160.84339,58.75169],[-160.70063,58.81737],[-160.68445,58.81546],[-160.88052,58.58132],[-160.96142,58.55372],[-161.07563,58.54992],[-161.0842,58.58989]]],[[[-161.42601,55.21656],[-161.39936,55.22418],[-161.32987,55.21942],[-161.32987,55.16326],[-161.34415,55.1585],[-161.40983,55.18039],[-161.43933,55.19848],[-161.42601,55.21656]]],[[[-161.69346,55.21751],[-161.68489,55.23274],[-161.65634,55.24417],[-161.61731,55.24131],[-161.54022,55.25844],[-161.52785,55.25083],[-161.56021,55.20705],[-161.62969,55.19658],[-161.69155,55.19848],[-161.69346,55.21751]]],[[[-161.90361,55.11695],[-161.90069,55.14214],[-161.88894,55.16072],[-161.82784,55.17847],[-161.73781,55.16193],[-161.6971,55.13713],[-161.60863,55.11691],[-161.57052,55.10049],[-161.5499,55.08256],[-161.55036,55.06573],[-161.56504,55.05887],[-161.59107,55.06082],[-161.60636,55.07026],[-161.5983,55.08134],[-161.65492,55.10324],[-161.73792,55.05405],[-161.76417,55.05951],[-161.79161,55.07731],[-161.81498,55.09864],[-161.81987,55.11397],[-161.83925,55.11811],[-161.87886,55.08554],[-161.92437,55.10993],[-161.90361,55.11695]]],[[[-162.43547,54.92925],[-162.32681,54.98533],[-162.26674,54.98213],[-162.23567,54.9626],[-162.23296,54.89098],[-162.27532,54.84557],[-162.32109,54.82793],[-162.34931,54.83605],[-162.41737,54.87749],[-162.43547,54.92925]]],[[[-162.68263,63.58407],[-162.61462,63.62183],[-162.54139,63.63573],[-162.49818,63.62207],[-162.45193,63.62127],[-162.4303,63.62575],[-162.42421,63.63621],[-162.4012,63.63437],[-162.37424,63.62642],[-162.34189,63.59406],[-162.34518,63.55179],[-162.37799,63.54381],[-162.47003,63.5475],[-162.56201,63.5371],[-162.61495,63.5406],[-162.68097,63.55686],[-162.70756,63.57761],[-162.68263,63.58407]]],[[[-162.83488,54.45048],[-162.82917,54.49468],[-162.7997,54.49178],[-162.58532,54.44799],[-162.55656,54.42519],[-162.51853,54.4144],[-162.42512,54.4144],[-162.36142,54.39019],[-162.38875,54.36762],[-162.43106,54.37109],[-162.46695,54.34269],[-162.54681,54.37704],[-162.60861,54.36915],[-162.69584,54.3877],[-162.71984,54.40098],[-162.76452,54.38825],[-162.76025,54.37219],[-162.78378,54.37621],[-162.86174,54.42477],[-162.83488,54.45048]]],[[[-163.17007,55.42878],[-163.13396,55.43501],[-163.12036,55.42855],[-163.11734,55.40252],[-163.13849,55.39565],[-163.1606,55.40283],[-163.17419,55.41569],[-163.17007,55.42878]]],[[[-164.86519,54.20696],[-164.82418,54.22553],[-164.7637,54.22315],[-164.76441,54.20981],[-164.81765,54.18214],[-164.83964,54.17866],[-164.88313,54.19619],[-164.86519,54.20696]]],[[[-165.22087,54.10157],[-165.19875,54.11647],[-165.14098,54.13108],[-165.02307,54.12192],[-165.00791,54.13493],[-164.93777,54.13668],[-164.92131,54.12857],[-164.91969,54.11608],[-164.95317,54.07806],[-165.04432,54.06663],[-165.20341,54.08775],[-165.22087,54.10157]]],[[[-165.48337,54.07504],[-165.27105,54.09566],[-165.23436,54.06542],[-165.24583,54.05611],[-165.28267,54.05705],[-165.28767,54.03835],[-165.31666,54.04993],[-165.33684,54.07013],[-165.45818,54.06631],[-165.48337,54.07504]]],[[[-165.57502,54.04156],[-165.5156,54.06667],[-165.50015,54.04895],[-165.48066,54.04421],[-165.50799,54.03067],[-165.55577,54.02355],[-165.57502,54.04156]]],[[[-165.68411,54.24991],[-165.63638,54.29757],[-165.61557,54.29745],[-165.58651,54.28436],[-165.52347,54.29989],[-165.47845,54.29533],[-165.47998,54.28184],[-165.55758,54.25414],[-165.55325,54.2396],[-165.51278,54.21293],[-165.40538,54.21284],[-165.38372,54.19673],[-165.39998,54.17774],[-165.47619,54.1827],[-165.54922,54.1122],[-165.57565,54.10862],[-165.62973,54.13256],[-165.63708,54.19944],[-165.5798,54.22957],[-165.61208,54.24654],[-165.62561,54.23376],[-165.66938,54.22904],[-165.68146,54.23691],[-165.68411,54.24991]]],[[[-166.1014,54.14415],[-166.08203,54.17518],[-165.9832,54.22118],[-165.94463,54.22086],[-165.86819,54.21488],[-165.86587,54.20001],[-165.88046,54.18365],[-165.86352,54.16616],[-165.83242,54.16133],[-165.79378,54.18343],[-165.79052,54.17176],[-165.74261,54.15835],[-165.7142,54.12082],[-165.66732,54.13212],[-165.65557,54.1191],[-165.67148,54.09624],[-165.76717,54.06594],[-165.81075,54.07476],[-165.87513,54.03642],[-165.89726,54.06063],[-165.93024,54.06655],[-165.98442,54.06172],[-166.04644,54.04419],[-166.11224,54.12253],[-166.1014,54.14415]]],[[[-166.19711,53.9848],[-166.17237,53.99812],[-166.10574,53.98861],[-166.07528,53.96957],[-166.15238,53.95529],[-166.19045,53.96005],[-166.19711,53.9848]]],[[[-167.44286,60.20935],[-167.39669,60.21008],[-167.3176,60.23154],[-167.20328,60.23337],[-167.11284,60.23148],[-167.03369,60.21372],[-166.95122,60.22234],[-166.9183,60.20232],[-166.87124,60.2133],[-166.8426,60.21047],[-166.80588,60.23608],[-166.83582,60.26875],[-166.71354,60.32734],[-166.58258,60.31781],[-166.57224,60.32811],[-166.57984,60.34975],[-166.51484,60.37302],[-166.49036,60.38947],[-166.37187,60.35516],[-166.28512,60.3823],[-166.20372,60.39023],[-166.14976,60.4367],[-166.12778,60.4174],[-166.11922,60.38635],[-166.09521,60.35116],[-166.06919,60.34116],[-166.08095,60.32275],[-165.98493,60.31428],[-165.88309,60.34337],[-165.77684,60.3269],[-165.7671,60.31219],[-165.71921,60.30998],[-165.67987,60.29243],[-165.67856,60.2707],[-165.69413,60.25301],[-165.71778,60.25012],[-165.72253,60.23647],[-165.69639,60.22585],[-165.68355,60.19834],[-165.71113,60.1812],[-165.72348,60.16382],[-165.70518,60.15282],[-165.67809,60.15472],[-165.66264,60.09848],[-165.70922,60.066],[-165.6807,60.0539],[-165.67357,60.02993],[-165.63388,60.0196],[-165.65266,59.98716],[-165.62651,59.96979],[-165.55188,59.97872],[-165.56947,59.95718],[-165.5911,59.94981],[-165.58254,59.93457],[-165.56638,59.92802],[-165.5823,59.90824],[-165.67714,59.89906],[-165.70661,59.88356],[-165.72705,59.89906],[-165.839,59.89048],[-165.8611,59.86102],[-165.93026,59.87724],[-166.02605,59.86149],[-166.10995,59.82758],[-166.12516,59.81229],[-166.08428,59.77606],[-166.09735,59.75703],[-166.19041,59.75021],[-166.20681,59.75942],[-166.20871,59.77462],[-166.27217,59.81146],[-166.34312,59.82612],[-166.36213,59.8386],[-166.44377,59.85323],[-166.48798,59.84434],[-166.61395,59.84833],[-166.66553,59.87817],[-166.76298,59.89331],[-166.86114,59.94317],[-166.98782,59.97904],[-167.10108,59.98808],[-167.17084,60.0128],[-167.24416,60.05791],[-167.33329,60.06663],[-167.34351,60.12629],[-167.40174,60.17645],[-167.45569,60.20758],[-167.44286,60.20935]]],[[[-167.85233,53.3156],[-167.79093,53.33552],[-167.69448,53.38803],[-167.65311,53.39228],[-167.62209,53.38533],[-167.48825,53.42],[-167.47333,53.438],[-167.45737,53.44279],[-167.39398,53.43975],[-167.35562,53.4245],[-167.33279,53.43311],[-167.343,53.45549],[-167.30652,53.44147],[-167.30129,53.46601],[-167.27883,53.47857],[-167.19997,53.46304],[-167.18268,53.49064],[-167.18803,53.52407],[-167.10231,53.51508],[-167.10582,53.54051],[-167.13569,53.55123],[-167.1632,53.61381],[-167.10784,53.63306],[-167.09138,53.63344],[-167.07008,53.61986],[-167.00964,53.63534],[-167.01786,53.64861],[-167.07182,53.66556],[-167.05769,53.69886],[-167.02239,53.71547],[-166.89498,53.71775],[-166.85902,53.67444],[-166.86177,53.65923],[-166.83273,53.65738],[-166.80587,53.66573],[-166.83235,53.69069],[-166.83246,53.70799],[-166.77999,53.71913],[-166.78732,53.73458],[-166.96068,53.77684],[-167.01686,53.75494],[-167.14197,53.82693],[-167.14099,53.86677],[-167.05817,53.92978],[-167.03125,53.9452],[-166.93045,53.97609],[-166.81864,53.9932],[-166.74609,54.01694],[-166.72892,54.00311],[-166.67664,54.01742],[-166.64463,54.01449],[-166.59995,53.98369],[-166.58739,53.95983],[-166.62198,53.95374],[-166.64679,53.92379],[-166.619,53.89351],[-166.57509,53.87924],[-166.56055,53.87877],[-166.55176,53.90323],[-166.53596,53.918],[-166.50839,53.92395],[-166.48785,53.89545],[-166.4437,53.90973],[-166.43515,53.92041],[-166.43708,53.95564],[-166.37369,54.01003],[-166.35461,53.99904],[-166.35993,53.97714],[-166.3199,53.96013],[-166.27941,53.98253],[-166.21096,53.93356],[-166.21121,53.91233],[-166.23651,53.88134],[-166.352,53.85853],[-166.3892,53.83234],[-166.4049,53.80935],[-166.54744,53.7494],[-166.55208,53.7285],[-166.54053,53.71593],[-166.46911,53.73593],[-166.42047,53.76209],[-166.2126,53.81713],[-166.21233,53.82777],[-166.19875,53.8361],[-166.11992,53.85505],[-166.09415,53.8392],[-166.11132,53.77686],[-166.1667,53.7334],[-166.26297,53.70371],[-166.28327,53.68422],[-166.44491,53.64065],[-166.46758,53.64657],[-166.55398,53.62345],[-166.52871,53.61095],[-166.50898,53.5838],[-166.56591,53.58309],[-166.58101,53.53045],[-166.63959,53.54509],[-166.63638,53.52312],[-166.65623,53.48712],[-166.71248,53.49844],[-166.74305,53.51482],[-166.77265,53.49637],[-166.74381,53.4834],[-166.74916,53.44094],[-166.78906,53.4531],[-166.80822,53.43471],[-166.86312,53.44388],[-166.87809,53.42988],[-166.95908,53.45575],[-166.96438,53.43252],[-166.99433,53.4292],[-167.04821,53.44884],[-167.05003,53.43307],[-167.11201,53.41678],[-167.13413,53.42645],[-167.29183,53.3641],[-167.30813,53.33433],[-167.38698,53.34067],[-167.4428,53.32102],[-167.48821,53.26912],[-167.51547,53.26788],[-167.58918,53.2887],[-167.6099,53.2853],[-167.62217,53.25036],[-167.79898,53.28476],[-167.85151,53.30867],[-167.85233,53.3156]]],[[[-168.09771,64.96903],[-168.07487,64.98045],[-168.04917,64.98235],[-168.05023,64.96123],[-168.08058,64.95856],[-168.09771,64.96903]]],[[[-168.12893,65.65574],[-168.10371,65.68555],[-167.97989,65.72797],[-167.53964,65.82084],[-167.31493,65.88504],[-166.82768,66.05128],[-166.52616,66.14185],[-165.80503,66.33331],[-165.18708,66.46515],[-164.71101,66.54254],[-164.40072,66.58111],[-164.09455,66.59228],[-163.82417,66.59168],[-163.66896,66.57591],[-163.60396,66.55809],[-163.75298,66.54858],[-163.75116,66.52876],[-163.72718,66.51639],[-163.73025,66.49137],[-163.76197,66.45487],[-163.84422,66.41898],[-163.87311,66.38902],[-163.8731,66.32855],[-163.83982,66.30408],[-163.82998,66.2804],[-163.84311,66.25987],[-163.90481,66.2303],[-163.9559,66.21717],[-164.07877,66.20176],[-164.09271,66.18454],[-164.0075,66.17939],[-163.91655,66.19049],[-163.87831,66.16028],[-163.8474,66.12211],[-163.77247,66.08192],[-163.76751,66.0608],[-163.62392,66.05828],[-163.54011,66.06992],[-163.49585,66.08539],[-163.34476,66.08494],[-163.28777,66.06923],[-163.14673,66.05949],[-162.99747,66.07685],[-162.75071,66.09016],[-162.63599,66.04037],[-162.53075,66.04506],[-162.45767,66.05858],[-162.42373,66.04898],[-162.41345,66.03508],[-162.37215,66.02799],[-162.26967,66.0421],[-162.13952,66.07882],[-162.12179,66.06739],[-162.0257,66.06283],[-161.95004,66.0403],[-161.83802,66.02258],[-161.81709,66.03309],[-161.77554,66.07373],[-161.6653,66.12218],[-161.62701,66.15319],[-161.61394,66.17669],[-161.54843,66.23991],[-161.48454,66.26243],[-161.34119,66.2551],[-161.32078,66.22359],[-161.26365,66.21415],[-161.19897,66.21095],[-161.08734,66.23421],[-160.99397,66.23444],[-160.99854,66.25494],[-161.06103,66.2838],[-161.08916,66.31514],[-161.12951,66.33625],[-161.52555,66.39705],[-161.6944,66.39617],[-161.81754,66.36082],[-161.91295,66.34444],[-161.91631,66.34948],[-161.8809,66.39876],[-161.86339,66.44078],[-161.86416,66.4882],[-161.87488,66.51145],[-162.02904,66.5865],[-162.09145,66.60596],[-162.14038,66.66474],[-162.22863,66.70977],[-162.34977,66.72671],[-162.48235,66.73026],[-162.50142,66.7425],[-162.51262,66.77773],[-162.6267,66.85957],[-162.62305,66.87432],[-162.60105,66.89845],[-162.50366,66.91354],[-162.49979,66.93372],[-162.4667,66.951],[-162.44486,66.92506],[-162.40899,66.91886],[-162.32298,66.94321],[-162.29008,66.93126],[-162.27177,66.90414],[-162.22868,66.86662],[-162.15757,66.83117],[-162.1173,66.79848],[-162.07371,66.78332],[-162.01362,66.77941],[-162.01146,66.75906],[-162.02962,66.73458],[-162.08151,66.69305],[-162.06604,66.67926],[-162.07801,66.66405],[-162.06907,66.6457],[-161.96886,66.60261],[-161.76537,66.49693],[-161.57413,66.43857],[-161.43531,66.45416],[-161.32635,66.47837],[-161.2798,66.50518],[-161.29321,66.52059],[-161.4836,66.52563],[-161.49499,66.53444],[-161.48287,66.54372],[-161.4904,66.56084],[-161.54176,66.58138],[-161.69313,66.62056],[-161.88167,66.7168],[-161.84608,66.76156],[-161.86642,66.77766],[-161.86154,66.79708],[-161.84626,66.81365],[-161.82417,66.81789],[-161.78549,66.84655],[-161.78222,66.85996],[-161.79438,66.88193],[-161.71959,66.9169],[-161.69215,66.94503],[-161.68628,66.96137],[-161.56668,66.93478],[-161.48917,66.93695],[-161.48538,66.96082],[-161.53053,66.98495],[-161.62216,67.00815],[-161.69739,67.01085],[-161.71171,67.00104],[-161.79917,67.0475],[-161.85019,67.05219],[-162.12318,67.02579],[-162.21163,67.00671],[-162.23923,66.99381],[-162.36112,66.99404],[-162.50172,66.97716],[-162.62269,66.99222],[-162.69305,67.02861],[-162.75508,67.01525],[-162.83139,67.03494],[-162.83371,67.00931],[-162.81683,66.99949],[-162.84298,66.99118],[-162.97529,67.0246],[-163.09785,67.04119],[-163.4952,67.0875],[-163.66595,67.10012],[-163.74474,67.12639],[-163.73746,67.18475],[-163.75859,67.25644],[-163.82218,67.34981],[-163.87878,67.41612],[-164.00703,67.5357],[-164.07951,67.58586],[-164.14438,67.61723],[-164.53394,67.72561],[-164.9073,67.86784],[-165.12957,67.94183],[-165.3132,68.01688],[-165.49355,68.05928],[-165.87209,68.11005],[-165.97497,68.14091],[-166.04417,68.20073],[-166.13549,68.24217],[-166.23705,68.27311],[-166.52796,68.3263],[-166.68927,68.34248],[-166.83897,68.33719],[-166.79607,68.35407],[-166.70614,68.37178],[-166.37756,68.42241],[-166.34238,68.43397],[-166.30596,68.46154],[-166.29534,68.5109],[-166.22611,68.57619],[-166.22976,68.61377],[-166.21364,68.66432],[-166.19983,68.67856],[-166.18779,68.77871],[-166.2225,68.86044],[-166.22419,68.87318],[-166.21443,68.87952],[-165.57248,68.85295],[-165.32704,68.85811],[-164.65532,68.90936],[-164.25316,68.93094],[-163.97368,68.98504],[-163.82745,69.04063],[-163.65586,69.09057],[-163.53531,69.14166],[-163.45269,69.19463],[-163.26688,69.29091],[-163.20235,69.3438],[-163.16939,69.38524],[-163.1426,69.45295],[-163.14875,69.45861],[-163.15126,69.61263],[-163.14289,69.63759],[-163.10752,69.67592],[-163.04252,69.77868],[-163.00967,69.8127],[-162.82618,69.90272],[-162.70746,69.97049],[-162.44582,70.14],[-162.34242,70.19016],[-162.04628,70.2807],[-161.87927,70.32927],[-161.53408,70.29901],[-161.30008,70.29338],[-161.04125,70.33076],[-160.81279,70.3767],[-160.48006,70.46597],[-160.21483,70.55909],[-160.05673,70.63283],[-159.64838,70.79437],[-159.52868,70.82085],[-159.17181,70.8751],[-159.14932,70.83423],[-159.11497,70.8174],[-159.06612,70.81752],[-158.94961,70.79677],[-158.65786,70.78606],[-158.52264,70.79251],[-158.46243,70.80287],[-158.41048,70.79924],[-158.37572,70.80694],[-158.3663,70.81971],[-158.15772,70.82081],[-158.0324,70.83226],[-157.841,70.86102],[-157.70878,70.89139],[-157.421,70.9768],[-157.24908,71.05254],[-157.07249,71.15452],[-156.80965,71.28689],[-156.64561,71.33801],[-156.56865,71.35256],[-156.56151,71.31681],[-156.5245,71.29447],[-156.35674,71.26127],[-156.2142,71.25939],[-156.07441,71.24249],[-156.0292,71.20321],[-156.04461,71.1847],[-156.01857,71.17204],[-155.95796,71.18621],[-155.9202,71.20716],[-155.88418,71.19006],[-155.7608,71.19466],[-155.56692,71.16514],[-155.56177,71.12846],[-155.51112,71.09035],[-155.51064,71.08115],[-155.53335,71.06768],[-155.70549,71.02015],[-155.76207,70.98564],[-155.83088,70.96558],[-155.97841,70.9622],[-155.99568,70.9478],[-155.97926,70.91852],[-156.01477,70.90313],[-156.01351,70.89598],[-155.95407,70.89302],[-155.92496,70.85272],[-155.93541,70.83736],[-155.86874,70.8294],[-155.64352,70.82421],[-155.54303,70.84717],[-155.5042,70.8603],[-155.48798,70.8753],[-155.49304,70.91737],[-155.51329,70.94058],[-155.45499,70.94749],[-155.40422,70.96748],[-155.34387,71.00445],[-155.26004,71.01523],[-155.25618,71.00476],[-155.19225,70.97406],[-155.16173,70.99572],[-155.16394,71.0138],[-155.177,71.02745],[-155.27599,71.07046],[-155.15052,71.11205],[-155.12032,71.07342],[-155.07536,71.07204],[-155.06143,71.092],[-155.06456,71.10801],[-155.08578,71.12757],[-155.06076,71.14542],[-155.03174,71.14647],[-154.77733,71.08323],[-154.58113,71.00732],[-154.56759,70.98993],[-154.60829,70.96172],[-154.60835,70.90891],[-154.60269,70.86789],[-154.57246,70.82594],[-154.50187,70.82176],[-154.3526,70.83483],[-154.2608,70.81516],[-154.22331,70.79523],[-154.23917,70.77687],[-154.18186,70.76833],[-154.06998,70.7937],[-153.99558,70.82188],[-153.95137,70.85403],[-153.93292,70.87868],[-153.89048,70.88572],[-153.48599,70.88587],[-153.35911,70.89829],[-153.23848,70.92247],[-153.04921,70.9131],[-153.03307,70.9008],[-152.90424,70.88388],[-152.84328,70.89839],[-152.78101,70.88139],[-152.6031,70.88181],[-152.38437,70.85418],[-152.22305,70.82459],[-152.18865,70.79814],[-152.28376,70.7856],[-152.37081,70.73007],[-152.37727,70.71468],[-152.47153,70.68884],[-152.46051,70.64611],[-152.42077,70.60898],[-152.36574,70.60124],[-152.33261,70.61287],[-152.26405,70.59265],[-152.07866,70.5845],[-152.06068,70.57493],[-152.06575,70.56307],[-151.97579,70.56321],[-151.8167,70.5457],[-151.71821,70.55529],[-151.69516,70.54967],[-151.72271,70.54161],[-151.76025,70.51671],[-151.72858,70.49537],[-151.91921,70.47269],[-151.94638,70.45252],[-151.87612,70.43076],[-151.55465,70.4359],[-151.2976,70.40075],[-151.24624,70.37246],[-151.1471,70.37677],[-151.13334,70.39161],[-151.0858,70.40238],[-151.0467,70.42789],[-150.95067,70.45956],[-150.90376,70.46091],[-150.85525,70.45174],[-150.78633,70.46327],[-150.74236,70.46128],[-150.69839,70.44777],[-150.66511,70.46327],[-150.66154,70.47757],[-150.51894,70.48313],[-150.49636,70.47122],[-150.41436,70.45969],[-150.37536,70.43853],[-150.38702,70.42827],[-150.36088,70.40915],[-150.21185,70.4323],[-150.10439,70.43209],[-149.8667,70.51077],[-149.81092,70.49048],[-149.66117,70.5092],[-149.56528,70.49645],[-149.46176,70.51827],[-149.41873,70.49226],[-149.31447,70.49532],[-149.17915,70.4857],[-149.08208,70.46489],[-148.95944,70.42394],[-148.85807,70.42292],[-148.78958,70.40275],[-148.72808,70.41303],[-148.69677,70.42916],[-148.61057,70.42259],[-148.47704,70.35907],[-148.46454,70.34016],[-148.47703,70.32087],[-148.46615,70.31361],[-148.41125,70.30263],[-148.35144,70.30445],[-148.20348,70.34819],[-148.23079,70.32374],[-148.22795,70.30286],[-148.2015,70.29411],[-148.13968,70.32212],[-148.13821,70.33775],[-148.10723,70.3428],[-148.07686,70.32751],[-147.9615,70.3142],[-147.86372,70.29332],[-147.81764,70.27694],[-147.7651,70.21981],[-147.68172,70.19995],[-147.50527,70.20038],[-147.38527,70.18526],[-147.35014,70.18768],[-147.24412,70.21896],[-147.21921,70.17883],[-147.18212,70.16035],[-146.99111,70.14761],[-146.88577,70.18592],[-146.73402,70.17548],[-146.50813,70.18604],[-146.30956,70.17891],[-146.17267,70.16589],[-146.09683,70.14515],[-146.00641,70.1404],[-145.87292,70.14883],[-145.8583,70.166],[-145.79039,70.14857],[-145.76044,70.12611],[-145.62331,70.08437],[-145.50568,70.07453],[-145.46951,70.05914],[-145.46886,70.04834],[-145.43483,70.03699],[-145.24717,70.01789],[-145.17507,69.99171],[-144.99013,69.97768],[-144.95364,69.95926],[-144.86762,69.97227],[-144.85454,69.98636],[-144.73898,69.97011],[-144.61867,69.96931],[-144.51226,70.00448],[-144.48858,70.02388],[-144.45542,70.03524],[-144.28536,70.04072],[-144.25185,70.058],[-144.17223,70.0631],[-144.12921,70.07955],[-143.95059,70.09999],[-143.88749,70.1206],[-143.82616,70.10755],[-143.77376,70.11422],[-143.77055,70.12565],[-143.61998,70.13458],[-143.57767,70.14633],[-143.4252,70.12493],[-143.25312,70.15226],[-143.22127,70.13676],[-142.93956,70.07438],[-142.74681,70.04253],[-142.49804,69.97361],[-142.40996,69.93365],[-142.40437,69.91651],[-142.27216,69.90704],[-141.95872,69.82338],[-141.71337,69.7895],[-141.5282,69.73602],[-141.43084,69.69514],[-141.21046,69.68419],[-141.11923,69.67353],[-141.00267,69.64561],[-141.00198,60.30637],[-140.52042,60.21982],[-140.45821,60.30808],[-139.98109,60.18197],[-139.69298,60.33522],[-139.07482,60.35251],[-139.07213,60.31943],[-139.19885,60.0883],[-139.05367,59.99484],[-138.70738,59.90633],[-138.66865,59.80966],[-138.6262,59.76858],[-137.60736,59.2438],[-137.54213,59.10643],[-137.5,58.98539],[-137.52529,58.90687],[-137.44738,58.90951],[-137.26475,59.00235],[-136.8639,59.13847],[-136.82663,59.15839],[-136.58152,59.16491],[-136.48914,59.25854],[-136.49576,59.27513],[-136.46925,59.28408],[-136.47716,59.46582],[-136.36189,59.45053],[-136.30502,59.46452],[-136.2385,59.52433],[-136.23983,59.55941],[-136.35394,59.59983],[-136.1929,59.64003],[-135.95264,59.66217],[-135.47916,59.79804],[-135.36011,59.73761],[-135.23367,59.69614],[-135.21984,59.66278],[-135.15759,59.62572],[-135.11783,59.62307],[-135.0289,59.56366],[-135.02756,59.47474],[-135.07728,59.45177],[-135.10102,59.42753],[-134.98974,59.38713],[-135.03053,59.34635],[-134.9599,59.28093],[-134.70072,59.24901],[-134.67912,59.19228],[-134.56557,59.13112],[-134.4834,59.1316],[-134.44712,59.08922],[-134.38188,59.03876],[-134.40715,58.97921],[-134.31373,58.96222],[-134.33646,58.92341],[-134.25807,58.86104],[-133.84051,58.72944],[-133.70712,58.61227],[-133.55781,58.52313],[-133.3773,58.43055],[-133.4615,58.38772],[-133.35647,58.28692],[-133.18406,58.16251],[-133.07642,57.99976],[-132.86932,57.84294],[-132.75681,57.70509],[-132.65812,57.61949],[-132.55369,57.49651],[-132.36298,57.34201],[-132.24792,57.21125],[-132.36898,57.09151],[-132.04519,57.04506],[-132.12357,56.87365],[-131.87288,56.806],[-131.90107,56.75368],[-131.86067,56.70298],[-131.83533,56.5992],[-131.58107,56.61223],[-131.46905,56.55164],[-131.17347,56.44952],[-131.08783,56.40625],[-130.78198,56.36684],[-130.62331,56.26688],[-130.54053,56.24745],[-130.46787,56.24305],[-130.42493,56.14138],[-130.35103,56.1287],[-130.24623,56.09642],[-130.1038,56.1228],[-130.00349,56.00807],[-130.01768,55.91195],[-130.00378,55.90744],[-130.08349,55.82171],[-130.12476,55.80564],[-130.15241,55.76629],[-130.14776,55.7149],[-130.11166,55.6829],[-130.1279,55.58103],[-130.08985,55.49798],[-130.04122,55.45173],[-130.02111,55.33792],[-129.97665,55.30037],[-129.97417,55.28192],[-130.10284,55.1926],[-130.18089,55.09125],[-130.18756,55.06284],[-130.27333,54.97396],[-130.34026,54.92213],[-130.45939,54.84846],[-130.5682,54.79215],[-130.62887,54.78272],[-130.65904,54.76306],[-130.63372,54.74407],[-130.68565,54.71866],[-130.73742,54.75355],[-130.74723,54.7726],[-130.73321,54.77961],[-130.7363,54.7948],[-130.77361,54.82084],[-130.78744,54.8229],[-130.79212,54.78478],[-130.85497,54.76634],[-130.91594,54.78962],[-130.9471,54.82605],[-130.94103,54.84159],[-130.9604,54.93368],[-130.9491,54.96785],[-131.01206,54.99624],[-130.98373,55.06895],[-130.98416,55.08441],[-131.01322,55.09007],[-131.0523,55.11816],[-131.08558,55.15823],[-131.09381,55.19134],[-130.9853,55.24729],[-130.95296,55.27309],[-130.95157,55.29165],[-130.92507,55.30071],[-130.86492,55.29837],[-130.88215,55.35883],[-130.92299,55.43511],[-130.8813,55.49558],[-130.87052,55.53377],[-130.90187,55.69738],[-130.93902,55.75483],[-130.98477,55.79935],[-131.09396,55.89567],[-131.17141,55.94295],[-131.21648,55.98434],[-131.23694,55.98229],[-131.24595,55.9659],[-131.2417,55.95507],[-131.15683,55.90115],[-131.07014,55.82855],[-131.04097,55.76284],[-130.96599,55.68897],[-130.94683,55.65072],[-130.92765,55.57659],[-130.94518,55.55773],[-130.97892,55.55083],[-130.9871,55.53987],[-130.99438,55.4724],[-130.96959,55.39328],[-130.9475,55.38082],[-130.92817,55.33943],[-130.9466,55.3224],[-130.96833,55.31663],[-130.96409,55.33266],[-131.00059,55.39801],[-131.02904,55.40839],[-131.03419,55.37936],[-131.01988,55.3479],[-131.03136,55.28478],[-131.16049,55.19748],[-131.21123,55.19238],[-131.23552,55.19757],[-131.26309,55.20832],[-131.29716,55.23505],[-131.3027,55.25022],[-131.23043,55.2978],[-131.1916,55.36053],[-131.19749,55.39105],[-131.2921,55.38395],[-131.28702,55.35826],[-131.26461,55.34564],[-131.25446,55.3297],[-131.28499,55.28644],[-131.40293,55.23806],[-131.4245,55.23876],[-131.4756,55.30326],[-131.46297,55.31265],[-131.47198,55.32339],[-131.50981,55.33231],[-131.5282,55.29535],[-131.55004,55.29339],[-131.63903,55.33948],[-131.69874,55.35487],[-131.73244,55.37755],[-131.74183,55.39807],[-131.84416,55.45674],[-131.84168,55.52675],[-131.79372,55.54168],[-131.73305,55.54856],[-131.65417,55.59243],[-131.67147,55.60657],[-131.70109,55.61368],[-131.72632,55.63593],[-131.70115,55.69696],[-131.73341,55.73083],[-131.71931,55.7491],[-131.64963,55.76873],[-131.64029,55.78527],[-131.65312,55.79574],[-131.67821,55.79984],[-131.70526,55.78994],[-131.71374,55.85326],[-131.68904,55.87549],[-131.68951,55.89023],[-131.72038,55.89466],[-131.77674,55.87878],[-131.83696,55.87547],[-131.81631,55.83745],[-131.77703,55.82326],[-131.77125,55.81003],[-131.82616,55.71858],[-131.82889,55.66715],[-131.89741,55.60391],[-131.93932,55.62384],[-131.96312,55.61526],[-131.93669,55.53515],[-131.97179,55.49828],[-132.0605,55.54303],[-132.14838,55.56248],[-132.18321,55.58813],[-132.19865,55.61572],[-132.19787,55.63397],[-132.22417,55.70177],[-132.28359,55.76177],[-132.26507,55.76217],[-132.22965,55.74049],[-132.19048,55.7425],[-132.18316,55.80083],[-132.11336,55.81272],[-132.08605,55.83244],[-132.0418,55.9588],[-132.07034,56.04673],[-132.03337,56.09557],[-132.0113,56.07736],[-131.97029,56.11404],[-131.93573,56.17721],[-131.9434,56.19256],[-131.99389,56.19335],[-132.01813,56.18315],[-132.03485,56.13343],[-132.06099,56.12935],[-132.10402,56.10811],[-132.17695,56.05571],[-132.1297,55.95786],[-132.13547,55.94163],[-132.1702,55.91923],[-132.22424,55.93042],[-132.27996,55.92484],[-132.32049,55.88765],[-132.3198,55.87435],[-132.30931,55.86506],[-132.32324,55.85188],[-132.3723,55.85036],[-132.3973,55.87887],[-132.39708,55.90555],[-132.3733,55.91771],[-132.38364,55.93682],[-132.44983,55.95619],[-132.46528,56.01854],[-132.4818,56.03063],[-132.4928,56.06644],[-132.52208,56.07704],[-132.54514,56.05366],[-132.57368,56.0707],[-132.59553,56.06846],[-132.60872,56.05214],[-132.59315,56.03229],[-132.59423,56.02186],[-132.60765,56.01077],[-132.64008,56.03319],[-132.7087,56.11212],[-132.7234,56.14581],[-132.71834,56.2177],[-132.68989,56.23874],[-132.64425,56.23281],[-132.60149,56.24007],[-132.57502,56.29647],[-132.52936,56.33855],[-132.43163,56.35216],[-132.40368,56.33481],[-132.38177,56.31076],[-132.38279,56.2992],[-132.36397,56.28713],[-132.35871,56.2908],[-132.34068,56.34175],[-132.36113,56.38063],[-132.39427,56.48558],[-132.38938,56.49137],[-132.25339,56.44954],[-132.23393,56.41674],[-132.242,56.41366],[-132.23847,56.39871],[-132.19927,56.37105],[-132.17935,56.39082],[-132.20857,56.45712],[-132.25961,56.48763],[-132.29047,56.48702],[-132.35756,56.52901],[-132.36709,56.57458],[-132.40836,56.58507],[-132.45079,56.5641],[-132.48465,56.56582],[-132.46612,56.58389],[-132.48584,56.60601],[-132.57069,56.63308],[-132.58115,56.6596],[-132.58709,56.68246],[-132.54289,56.7019],[-132.56665,56.73855],[-132.55676,56.75724],[-132.63746,56.78091],[-132.7704,56.83749],[-132.79209,56.85615],[-132.79273,56.87167],[-132.81789,56.8969],[-132.87034,56.92568],[-132.91197,56.96665],[-132.91897,56.99367],[-132.89239,56.99302],[-132.85364,57.00534],[-132.81368,57.03022],[-132.83222,57.07041],[-132.85328,57.08008],[-132.87012,57.07842],[-132.91649,57.04009],[-132.98431,57.05485],[-132.99394,57.03235],[-133.02505,57.05732],[-133.07648,57.08173],[-133.18807,57.08897],[-133.20873,57.1097],[-133.20666,57.12383],[-133.22466,57.13652],[-133.24741,57.1368],[-133.32236,57.11273],[-133.5172,57.17778],[-133.54482,57.24257],[-133.52284,57.27858],[-133.48974,57.30519],[-133.45594,57.30397],[-133.44244,57.28998],[-133.42595,57.28599],[-133.30757,57.29005],[-133.28705,57.30292],[-133.27483,57.33062],[-133.35472,57.33325],[-133.46827,57.36422],[-133.476,57.38039],[-133.46118,57.39458],[-133.52514,57.49034],[-133.51675,57.54391],[-133.4882,57.55139],[-133.47809,57.56173],[-133.48122,57.57147],[-133.50598,57.57846],[-133.56548,57.56309],[-133.62076,57.57892],[-133.67645,57.62519],[-133.68096,57.64827],[-133.65453,57.71369],[-133.58221,57.71509],[-133.52224,57.68366],[-133.40498,57.66378],[-133.18886,57.58907],[-133.17906,57.58715],[-133.16246,57.5998],[-133.25113,57.64997],[-133.29106,57.66536],[-133.32253,57.66583],[-133.54503,57.76797],[-133.55989,57.77746],[-133.5561,57.78883],[-133.56979,57.85936],[-133.61018,57.86065],[-133.6313,57.84677],[-133.642,57.81121],[-133.63558,57.7999],[-133.63968,57.79036],[-133.67743,57.78659],[-133.70914,57.79274],[-133.84878,57.93544],[-134.0496,58.06203],[-134.08767,58.18195],[-134.05429,58.23848],[-134.06071,58.28249],[-134.01175,58.29361],[-133.96683,58.31783],[-133.99249,58.35202],[-134.01341,58.40399],[-134.0405,58.40199],[-134.07188,58.32957],[-134.14366,58.30385],[-134.14471,58.26748],[-134.10278,58.24874],[-134.1313,58.23235],[-134.14668,58.19908],[-134.18501,58.20844],[-134.26239,58.19093],[-134.3524,58.20049],[-134.40487,58.21908],[-134.48235,58.22984],[-134.50688,58.21651],[-134.6312,58.24745],[-134.77635,58.39735],[-134.79241,58.49194],[-134.94172,58.6121],[-134.98872,58.67932],[-134.92051,58.68053],[-134.94167,58.78292],[-134.96068,58.83007],[-134.99776,58.81986],[-135.02723,58.78218],[-135.02262,58.73226],[-135.15112,58.84588],[-135.18012,58.99787],[-135.20858,59.07682],[-135.28396,59.19253],[-135.39661,59.29243],[-135.52779,59.32363],[-135.54442,59.31005],[-135.49115,59.28218],[-135.44453,59.27769],[-135.4296,59.24272],[-135.36809,59.20891],[-135.29579,59.09637],[-135.30138,59.08229],[-135.35085,59.10578],[-135.4074,59.16976],[-135.47336,59.226],[-135.55298,59.25687],[-135.63236,59.26598],[-135.48405,59.18645],[-135.45696,59.13455],[-135.43723,59.1132],[-135.38803,59.10502],[-135.37641,59.089],[-135.39502,59.04288],[-135.37884,59.02003],[-135.39944,59.00542],[-135.38931,58.99053],[-135.39312,58.97149],[-135.36742,58.92961],[-135.32364,58.90963],[-135.32262,58.90066],[-135.33995,58.88896],[-135.28466,58.81811],[-135.2432,58.78311],[-135.23388,58.73549],[-135.14232,58.61637],[-135.13752,58.57784],[-135.15906,58.59553],[-135.18636,58.59777],[-135.18937,58.57624],[-135.08898,58.42302],[-135.05807,58.34945],[-135.04906,58.30929],[-135.05349,58.2905],[-135.06977,58.30269],[-135.09581,58.29723],[-135.1077,58.26503],[-135.05623,58.18988],[-135.15905,58.21018],[-135.22028,58.23558],[-135.2772,58.23363],[-135.30651,58.24292],[-135.34487,58.27079],[-135.39826,58.32769],[-135.43306,58.3999],[-135.5124,58.38576],[-135.55607,58.40774],[-135.63043,58.42858],[-135.72805,58.39707],[-135.91792,58.38124],[-135.9203,58.38908],[-135.89726,58.41613],[-135.89717,58.45],[-135.91611,58.46386],[-135.93993,58.4516],[-135.98756,58.46442],[-135.99953,58.48028],[-135.89315,58.51393],[-135.89509,58.53408],[-135.914,58.54058],[-135.92857,58.57292],[-135.91219,58.6188],[-136.01223,58.71225],[-136.01167,58.74328],[-136.0896,58.81573],[-136.04528,58.83607],[-136.05035,58.91343],[-136.12031,58.96842],[-136.14531,58.97671],[-136.16365,58.9732],[-136.1503,58.94711],[-136.12449,58.92454],[-136.107,58.86444],[-136.15077,58.75727],[-136.21366,58.75115],[-136.24734,58.75294],[-136.39732,58.81302],[-136.49372,58.83896],[-136.52816,58.92848],[-136.52652,58.95452],[-136.5449,58.96731],[-136.57216,58.95729],[-136.58629,58.90936],[-136.6305,58.89026],[-136.6769,58.89497],[-136.72499,58.92351],[-136.78291,58.93666],[-136.80283,58.92312],[-136.84099,58.91974],[-136.86001,58.932],[-136.85782,58.94287],[-136.87783,58.96239],[-136.91853,58.94722],[-136.916,58.93838],[-136.93484,58.91634],[-136.92864,58.90013],[-136.76793,58.87061],[-136.74451,58.87663],[-136.58343,58.83883],[-136.46326,58.78161],[-136.35679,58.69258],[-136.35422,58.6843],[-136.37277,58.66741],[-136.44983,58.63782],[-136.48239,58.61674],[-136.45944,58.60788],[-136.38333,58.62999],[-136.34283,58.64503],[-136.31719,58.67123],[-136.24637,58.66318],[-136.22997,58.67525],[-136.2176,58.67239],[-136.19421,58.58173],[-136.14503,58.55461],[-136.13265,58.53177],[-136.10029,58.51464],[-136.1003,58.50067],[-136.07459,58.4699],[-136.04182,58.38016],[-136.11193,58.34253],[-136.27677,58.31389],[-136.30512,58.32869],[-136.27393,58.36341],[-136.33673,58.37757],[-136.38204,58.36269],[-136.36042,58.34408],[-136.35711,58.32884],[-136.37646,58.29863],[-136.54478,58.31667],[-136.57047,58.31095],[-136.5857,58.29668],[-136.56983,58.2687],[-136.56796,58.24515],[-136.5972,58.21501],[-136.65864,58.20732],[-136.70125,58.21942],[-136.73089,58.2565],[-136.71709,58.27351],[-136.73022,58.28615],[-136.78433,58.2905],[-136.85761,58.31636],[-136.84899,58.32899],[-136.94666,58.39319],[-137.01841,58.40914],[-137.1118,58.39259],[-137.18003,58.42994],[-137.29579,58.46618],[-137.56822,58.58799],[-137.6088,58.60123],[-137.63289,58.59998],[-137.67169,58.61552],[-137.68081,58.62183],[-137.67686,58.64677],[-137.68763,58.66499],[-137.79504,58.72485],[-137.92816,58.78053],[-137.94496,58.80465],[-137.92762,58.82719],[-137.92461,58.84393],[-137.93259,58.86849],[-137.952,58.88603],[-138.06633,58.95713],[-138.22432,59.03222],[-138.28913,59.05417],[-138.6367,59.13059],[-138.8475,59.22483],[-139.42017,59.37976],[-139.74648,59.50341],[-139.85557,59.53666],[-139.86131,59.54668],[-139.83782,59.56198],[-139.80716,59.55433],[-139.78507,59.56404],[-139.79817,59.58524],[-139.72583,59.63854],[-139.64017,59.62616],[-139.67631,59.61125],[-139.67241,59.60289],[-139.65458,59.59801],[-139.62312,59.59591],[-139.58713,59.60596],[-139.58253,59.61354],[-139.59349,59.62432],[-139.58579,59.64276],[-139.51818,59.68781],[-139.51052,59.70263],[-139.58878,59.70897],[-139.59544,59.71849],[-139.57831,59.73467],[-139.58211,59.77464],[-139.63446,59.87458],[-139.6259,59.90408],[-139.60591,59.90504],[-139.52746,59.94005],[-139.53162,59.96018],[-139.54517,59.96892],[-139.4887,59.99503],[-139.52259,60.0203],[-139.5359,60.04321],[-139.55967,60.04167],[-139.58534,60.00462],[-139.60506,59.99963],[-139.61243,59.94887],[-139.6608,59.93339],[-139.70101,59.9304],[-139.75528,59.88793],[-139.77596,59.8684],[-139.77144,59.84549],[-139.78023,59.8265],[-140.16266,59.74061],[-140.20639,59.71689],[-140.30598,59.69285],[-140.64895,59.7112],[-140.89067,59.74199],[-141.42313,59.87733],[-141.46807,59.89837],[-141.48521,59.92502],[-141.41858,59.91646],[-141.29961,59.9374],[-141.29104,59.96785],[-141.25931,59.99838],[-141.28533,60.01544],[-141.2895,60.03425],[-141.37561,60.11071],[-141.36675,60.14719],[-141.38005,60.1589],[-141.40359,60.15571],[-141.43852,60.13252],[-141.54928,60.17025],[-141.55261,60.15358],[-141.52813,60.12731],[-141.46728,60.08384],[-141.39812,60.05312],[-141.36814,60.02401],[-141.40145,60.00592],[-141.59538,59.96191],[-141.73624,59.96191],[-141.96618,60.01913],[-142.10006,60.02677],[-142.53753,60.08395],[-142.80985,60.09522],[-142.90886,60.09033],[-143.13562,60.06208],[-143.62415,60.03726],[-143.89703,59.98594],[-144.03504,60.0202],[-144.19589,59.99736],[-144.42432,59.89457],[-144.45097,59.87172],[-144.59088,59.79558],[-144.60135,59.79748],[-144.56708,59.85174],[-144.43955,59.94025],[-144.21683,60.04019],[-144.05254,60.04176],[-144.04873,60.05927],[-144.1103,60.09894],[-144.28536,60.14013],[-144.31201,60.16202],[-144.34963,60.14601],[-144.32387,60.12347],[-144.32847,60.10848],[-144.34891,60.09118],[-144.44194,60.16307],[-144.48476,60.16963],[-144.53489,60.18942],[-144.55816,60.1778],[-144.59626,60.18167],[-144.6549,60.20488],[-144.90889,60.22129],[-144.92933,60.22825],[-144.87725,60.24459],[-144.73895,60.26505],[-144.89282,60.29282],[-144.91402,60.28093],[-144.95785,60.28815],[-144.96617,60.30923],[-144.85546,60.41689],[-144.83406,60.44375],[-144.84866,60.45519],[-144.88734,60.45605],[-144.93369,60.4257],[-145.03949,60.40607],[-145.04155,60.35713],[-145.11389,60.30098],[-145.13673,60.29622],[-145.25475,60.31145],[-145.50546,60.39427],[-145.51046,60.40899],[-145.50235,60.42081],[-145.59416,60.45183],[-145.73594,60.47466],[-145.85347,60.44563],[-145.9469,60.4554],[-145.96106,60.46502],[-145.9144,60.49235],[-145.80239,60.52017],[-145.71289,60.58325],[-145.73649,60.59521],[-145.76405,60.59159],[-145.82066,60.55005],[-146.10971,60.47035],[-146.21679,60.45023],[-146.31735,60.46061],[-146.35533,60.44935],[-146.3501,60.40778],[-146.12703,60.43082],[-146.1262,60.42429],[-146.09465,60.4103],[-146.08813,60.36499],[-146.14755,60.36722],[-146.24667,60.33512],[-146.31369,60.34053],[-146.39326,60.32748],[-146.4908,60.29494],[-146.60769,60.24118],[-146.65085,60.24298],[-146.68952,60.27128],[-146.69355,60.28459],[-146.68187,60.29225],[-146.59538,60.3212],[-146.57201,60.32176],[-146.52459,60.35067],[-146.57584,60.35727],[-146.62461,60.34141],[-146.65629,60.34046],[-146.71755,60.3496],[-146.72551,60.35994],[-146.72148,60.39642],[-146.61084,60.48561],[-146.52925,60.49213],[-146.50584,60.47696],[-146.45544,60.46532],[-146.3684,60.48067],[-146.31676,60.4975],[-146.29008,60.51569],[-146.15629,60.5263],[-145.95174,60.57678],[-145.84463,60.58651],[-145.80081,60.594],[-145.79514,60.60112],[-145.83272,60.61485],[-145.89818,60.61365],[-145.89754,60.65121],[-145.84174,60.68589],[-145.84494,60.69017],[-145.89961,60.67112],[-145.93746,60.63049],[-146.00615,60.61685],[-145.99959,60.64083],[-145.96913,60.66824],[-145.89956,60.70564],[-145.90168,60.71537],[-146.0168,60.66722],[-146.14763,60.63141],[-146.25347,60.62232],[-146.26354,60.63193],[-146.27065,60.64804],[-146.04413,60.74364],[-146.0491,60.76377],[-146.06495,60.77694],[-146.16062,60.72638],[-146.19942,60.73436],[-146.2005,60.74308],[-146.20914,60.74439],[-146.22865,60.73564],[-146.23991,60.71689],[-146.3038,60.71321],[-146.3177,60.72112],[-146.31268,60.7344],[-146.34697,60.73575],[-146.38729,60.7146],[-146.40327,60.69308],[-146.47454,60.68154],[-146.53279,60.68975],[-146.64946,60.68344],[-146.66815,60.69276],[-146.70399,60.7419],[-146.6054,60.75861],[-146.56713,60.7512],[-146.50107,60.77211],[-146.35901,60.78619],[-146.25581,60.80996],[-146.18356,60.84697],[-146.17229,60.86282],[-146.18858,60.86937],[-146.26297,60.86779],[-146.2906,60.84269],[-146.33382,60.82192],[-146.39477,60.81227],[-146.55097,60.8094],[-146.62082,60.86902],[-146.66476,60.87085],[-146.71853,60.83567],[-146.71515,60.82039],[-146.72524,60.81212],[-146.80101,60.80516],[-146.81941,60.81635],[-146.8167,60.85563],[-146.77455,60.87622],[-146.7574,60.87845],[-146.72762,60.86627],[-146.69809,60.87253],[-146.71168,60.89646],[-146.73642,60.9103],[-146.74715,60.93545],[-146.74594,60.95758],[-146.70175,60.98701],[-146.65383,61.04775],[-146.66191,61.06078],[-146.64221,61.07502],[-146.60795,61.08549],[-146.26245,61.09025],[-146.25674,61.09881],[-146.28815,61.12261],[-146.40141,61.12546],[-146.42425,61.13308],[-146.49373,61.12261],[-146.61366,61.1188],[-146.64602,61.10357],[-146.69095,61.06408],[-146.78413,61.04294],[-146.84851,61.00059],[-146.86236,60.97618],[-146.88025,60.96516],[-146.97347,60.93483],[-147.05615,60.94547],[-146.98252,60.97561],[-146.97765,60.99601],[-146.99928,61.01393],[-147.00011,61.0411],[-147.01901,61.07285],[-147.04622,61.09439],[-147.06203,61.11863],[-147.02352,61.12827],[-146.99809,61.14422],[-147.07522,61.15322],[-147.10956,61.14869],[-147.12786,61.13291],[-147.10315,61.11478],[-147.1325,61.08917],[-147.10842,61.07846],[-147.08722,61.03552],[-147.09526,61.01019],[-147.13728,60.98097],[-147.14504,60.96349],[-147.13597,60.94625],[-147.18165,60.9331],[-147.22121,60.95312],[-147.22688,60.96216],[-147.21997,60.9695],[-147.22201,60.98354],[-147.27404,60.9746],[-147.28083,60.91696],[-147.37848,60.87785],[-147.45197,60.89422],[-147.4538,60.94147],[-147.47349,60.95755],[-147.49194,60.958],[-147.50767,60.92724],[-147.49421,60.91238],[-147.51782,60.89482],[-147.55015,60.90801],[-147.53443,61.03109],[-147.50272,61.07206],[-147.51417,61.09613],[-147.5586,61.0998],[-147.55762,61.0814],[-147.6192,60.97004],[-147.58771,60.87446],[-147.6028,60.84998],[-147.66899,60.84156],[-147.67769,60.86996],[-147.66336,60.87495],[-147.66625,60.88377],[-147.73079,60.91126],[-147.76124,60.91323],[-147.78751,60.87351],[-147.76736,60.85354],[-147.75061,60.85214],[-147.72982,60.81825],[-147.74365,60.81389],[-147.77755,60.81102],[-147.9138,60.82515],[-147.92084,60.81244],[-148.03435,60.7832],[-148.14475,60.79709],[-148.1487,60.8287],[-148.10224,60.89935],[-148.06553,60.93796],[-147.95102,61.02921],[-147.94996,61.07454],[-147.77241,61.18032],[-147.76151,61.21445],[-147.71583,61.24967],[-147.72629,61.2668],[-147.79387,61.23159],[-147.81767,61.20684],[-147.97757,61.10214],[-147.99946,61.08406],[-148.00361,61.0538],[-148.0659,61.00398],[-148.09049,61.00511],[-148.12552,61.0707],[-148.14942,61.07667],[-148.16637,61.06928],[-148.16485,61.04266],[-148.17805,60.99961],[-148.21935,60.95357],[-148.24206,60.93774],[-148.26598,60.93633],[-148.28164,60.91779],[-148.29487,60.86275],[-148.31011,60.83774],[-148.35086,60.80399],[-148.38991,60.80562],[-148.42695,60.82711],[-148.45052,60.79641],[-148.43148,60.77184],[-148.39636,60.7797],[-148.3668,60.76583],[-148.36571,60.74097],[-148.38449,60.68775],[-148.37441,60.67264],[-148.34828,60.68033],[-148.32675,60.70954],[-148.26992,60.75739],[-148.23015,60.76414],[-148.14806,60.75854],[-148.10738,60.73977],[-148.09413,60.66153],[-148.14299,60.62263],[-148.23036,60.59506],[-148.23822,60.60021],[-148.25525,60.59512],[-148.33364,60.53046],[-148.34678,60.48873],[-148.32938,60.47618],[-148.25582,60.49341],[-148.23895,60.52144],[-148.19243,60.55737],[-148.10314,60.59803],[-148.08677,60.59552],[-147.97942,60.51915],[-147.96401,60.50275],[-147.97765,60.48094],[-147.94211,60.44403],[-148.02599,60.27903],[-148.11626,60.27952],[-148.15053,60.29621],[-148.15063,60.32418],[-148.19307,60.3391],[-148.21732,60.33159],[-148.21555,60.30101],[-148.31302,60.26308],[-148.31055,60.24846],[-148.21179,60.26026],[-148.12849,60.2369],[-147.91014,60.13106],[-147.85144,60.07906],[-147.81555,60.05771],[-147.85928,60.0145],[-147.87045,59.99133],[-147.91823,59.96898],[-148.0392,59.93887],[-148.10124,59.95279],[-148.14901,59.93768],[-148.25406,59.93236],[-148.22055,59.97635],[-148.31396,60.03386],[-148.28295,60.08505],[-148.30386,60.11804],[-148.34474,60.13911],[-148.37742,60.11674],[-148.36566,60.08653],[-148.40131,60.03071],[-148.40167,59.97784],[-148.44457,59.94262],[-148.48046,59.95815],[-148.51159,60.00209],[-148.54522,59.99496],[-148.54808,59.96802],[-148.56877,59.94455],[-148.63478,59.91575],[-148.6757,59.92264],[-148.6895,59.9447],[-148.75759,59.95869],[-148.80132,59.95279],[-148.82307,59.93095],[-148.85956,59.9244],[-148.9146,59.96894],[-148.96402,59.97243],[-149.01179,59.95077],[-149.04162,59.96814],[-149.08987,59.95553],[-149.12326,59.96856],[-149.12207,59.9795],[-149.03722,60.04282],[-149.07074,60.0554],[-149.16581,60.02204],[-149.20241,59.98872],[-149.22107,59.93875],[-149.27062,59.87207],[-149.37659,59.83588],[-149.41153,59.85104],[-149.35892,59.89902],[-149.35048,59.93518],[-149.31459,59.97106],[-149.36569,60.11857],[-149.42428,60.12284],[-149.44306,60.0985],[-149.43724,60.02923],[-149.40883,60.01343],[-149.39053,59.98384],[-149.42713,59.98063],[-149.46421,59.91856],[-149.48026,59.92875],[-149.5231,59.92763],[-149.55477,59.91058],[-149.55308,59.89026],[-149.57271,59.85232],[-149.61015,59.83775],[-149.59553,59.79772],[-149.50676,59.77093],[-149.52779,59.70685],[-149.62631,59.73441],[-149.66872,59.84348],[-149.64033,59.87559],[-149.64223,59.89461],[-149.67848,59.94274],[-149.71487,59.9536],[-149.74135,59.94756],[-149.71711,59.90295],[-149.74636,59.86088],[-149.73894,59.73224],[-149.72814,59.69279],[-149.74622,59.63759],[-149.79191,59.66138],[-149.84267,59.7013],[-149.84931,59.73807],[-149.90422,59.76227],[-150.0283,59.78865],[-150.04285,59.77227],[-150.01556,59.75408],[-149.92896,59.72324],[-149.91944,59.69184],[-149.93372,59.66899],[-150.25352,59.48625],[-150.29635,59.45579],[-150.29711,59.42475],[-150.35361,59.41599],[-150.38534,59.34196],[-150.43014,59.34336],[-150.44022,59.40402],[-150.31695,59.58528],[-150.31867,59.61043],[-150.35549,59.59841],[-150.41245,59.55463],[-150.43152,59.51429],[-150.47874,59.4585],[-150.4989,59.4563],[-150.52154,59.46792],[-150.51629,59.48678],[-150.53612,59.49846],[-150.55024,59.52703],[-150.53306,59.56308],[-150.54773,59.59033],[-150.57582,59.57943],[-150.60223,59.54589],[-150.63954,59.54715],[-150.63158,59.52157],[-150.58464,59.49451],[-150.58118,59.44523],[-150.60116,59.42566],[-150.65005,59.42088],[-150.70086,59.43295],[-150.73996,59.42521],[-150.745,59.40073],[-150.76985,59.37297],[-150.83463,59.35198],[-150.87745,59.31812],[-150.9116,59.31161],[-150.88782,59.26792],[-150.94221,59.23314],[-150.97516,59.23614],[-151.0012,59.22415],[-151.00881,59.24579],[-150.99681,59.25774],[-150.99906,59.27108],[-151.0231,59.26904],[-151.0461,59.29936],[-151.05776,59.30172],[-151.0719,59.28106],[-151.10564,59.26314],[-151.1024,59.22871],[-151.10756,59.21779],[-151.12625,59.20992],[-151.18625,59.20281],[-151.20605,59.21932],[-151.26164,59.2203],[-151.28054,59.23048],[-151.30572,59.20954],[-151.37961,59.24202],[-151.4072,59.27935],[-151.44921,59.24846],[-151.52513,59.22495],[-151.49959,59.20784],[-151.50266,59.19507],[-151.57466,59.19533],[-151.58035,59.16523],[-151.73907,59.15601],[-151.76491,59.17551],[-151.7613,59.22133],[-151.83834,59.20914],[-151.87436,59.21193],[-151.91568,59.22752],[-151.90511,59.24708],[-151.92505,59.25443],[-151.95928,59.24762],[-151.97875,59.25378],[-151.99162,59.31362],[-151.96313,59.34496],[-151.90302,59.36045],[-151.8871,59.38253],[-151.90802,59.39527],[-151.88651,59.42103],[-151.77087,59.44792],[-151.72849,59.43968],[-151.69473,59.46837],[-151.63447,59.48244],[-151.59525,59.47598],[-151.57133,59.48354],[-151.54942,59.47113],[-151.51872,59.48443],[-151.52989,59.50386],[-151.51634,59.52352],[-151.47332,59.53843],[-151.43636,59.53033],[-151.43458,59.544],[-151.3994,59.54135],[-151.27748,59.59432],[-151.23231,59.59769],[-151.16426,59.58701],[-151.15825,59.59414],[-151.18803,59.60869],[-151.20546,59.63028],[-151.20319,59.64599],[-151.12612,59.66834],[-151.11649,59.69613],[-151.09825,59.70944],[-151.01889,59.75659],[-150.92731,59.79343],[-150.983,59.78354],[-151.02776,59.7962],[-151.06376,59.79315],[-151.32981,59.68364],[-151.42484,59.67052],[-151.43661,59.66636],[-151.44867,59.64817],[-151.50382,59.63366],[-151.64306,59.64697],[-151.68649,59.66086],[-151.82914,59.72015],[-151.85933,59.74957],[-151.86771,59.77841],[-151.81362,59.8443],[-151.80306,59.87853],[-151.75769,59.91764],[-151.7029,60.03225],[-151.60688,60.09956],[-151.51789,60.14501],[-151.4217,60.21293],[-151.38792,60.26707],[-151.37728,60.36552],[-151.29978,60.38548],[-151.28397,60.4522],[-151.28099,60.51263],[-151.26446,60.54326],[-151.33041,60.58054],[-151.35015,60.63466],[-151.40445,60.695],[-151.40927,60.72056],[-151.27964,60.74768],[-151.26138,60.75777],[-151.26132,60.7698],[-151.2529,60.77399],[-151.03701,60.79365],[-150.70581,60.93779],[-150.67844,60.95827],[-150.37717,61.03914],[-150.34171,61.0242],[-150.28637,60.9667],[-150.19413,60.90134],[-150.13994,60.90192],[-150.10928,60.89036],[-150.04582,60.88712],[-150.02347,60.86884],[-149.99947,60.86398],[-149.97237,60.8929],[-149.94516,60.90351],[-149.87519,60.96024],[-149.83558,60.96885],[-149.77026,60.96761],[-149.63942,60.92865],[-149.57133,60.93701],[-149.34576,60.89608],[-149.11162,60.87895],[-149.0049,60.83168],[-148.99741,60.83967],[-149.00846,60.85478],[-149.08725,60.90926],[-149.19252,60.93986],[-149.32722,60.92796],[-149.51041,60.98174],[-149.59608,60.98079],[-149.73969,61.01696],[-149.78439,61.03815],[-149.83192,61.0762],[-149.91567,61.10143],[-149.96916,61.13254],[-150.07545,61.15627],[-150.00994,61.20364],[-149.92444,61.21112],[-149.81118,61.31772],[-149.73028,61.33295],[-149.70172,61.3853],[-149.61241,61.39462],[-149.5758,61.4077],[-149.53742,61.40776],[-149.42951,61.44716],[-149.43142,61.4681],[-149.47901,61.4681],[-149.54278,61.49],[-149.61467,61.49324],[-149.76797,61.43834],[-149.80832,61.39577],[-149.87685,61.38435],[-149.9183,61.32347],[-149.91968,61.26347],[-149.98587,61.23752],[-150.07479,61.2535],[-150.20489,61.25955],[-150.46881,61.24463],[-150.56167,61.28149],[-150.60696,61.27773],[-150.6558,61.29817],[-150.6799,61.26589],[-150.71129,61.25109],[-150.8959,61.20891],[-150.94194,61.20995],[-150.96011,61.19404],[-151.0249,61.17839],[-151.07278,61.14167],[-151.12736,61.0769],[-151.16661,61.0464],[-151.29362,61.03572],[-151.349,61.01],[-151.4803,61.0109],[-151.621,60.95745],[-151.67952,60.92249],[-151.71391,60.91655],[-151.73602,60.89151],[-151.80026,60.85367],[-151.78739,60.82231],[-151.7038,60.73238],[-151.71044,60.71266],[-151.74432,60.7124],[-151.86018,60.75328],[-151.86496,60.75046],[-151.84861,60.73398],[-151.91691,60.71792],[-152.02194,60.67336],[-152.0581,60.64671],[-152.09998,60.59437],[-152.13616,60.57847],[-152.19508,60.56967],[-152.30922,60.50638],[-152.33137,60.47353],[-152.32582,60.43481],[-152.30195,60.41433],[-152.2342,60.39389],[-152.31585,60.35907],[-152.37148,60.35018],[-152.39201,60.30211],[-152.41128,60.28786],[-152.48179,60.27468],[-152.52821,60.25135],[-152.55675,60.22422],[-152.62465,60.21869],[-152.6704,60.24432],[-152.74703,60.23331],[-152.74339,60.22432],[-152.75488,60.2029],[-152.73425,60.1748],[-152.67809,60.1635],[-152.67418,60.15173],[-152.68637,60.13772],[-152.59678,60.10107],[-152.56912,60.07175],[-152.57515,60.04826],[-152.6086,60.02543],[-152.61165,60.00852],[-152.6794,59.96805],[-152.70643,59.91528],[-152.79358,59.89672],[-152.81006,59.87832],[-152.95066,59.87676],[-153.01998,59.88623],[-153.14475,59.85983],[-153.21286,59.86278],[-153.2858,59.82053],[-153.27854,59.81092],[-153.25774,59.81081],[-153.23656,59.82187],[-153.19735,59.82483],[-153.14437,59.80762],[-153.11359,59.81563],[-153.08852,59.83338],[-153.00908,59.83064],[-152.99213,59.81003],[-152.99447,59.79126],[-153.05156,59.69156],[-153.12174,59.67801],[-153.15502,59.65434],[-153.21416,59.63427],[-153.25341,59.63842],[-153.27517,59.6673],[-153.28653,59.67025],[-153.31512,59.6649],[-153.2982,59.63634],[-153.30884,59.62571],[-153.34294,59.62131],[-153.3816,59.63803],[-153.40942,59.63633],[-153.4181,59.64215],[-153.41551,59.65092],[-153.38489,59.66719],[-153.37478,59.73159],[-153.45497,59.7921],[-153.45855,59.76447],[-153.44121,59.70132],[-153.46456,59.65171],[-153.4761,59.64273],[-153.54247,59.63024],[-153.58652,59.65154],[-153.61074,59.62834],[-153.59219,59.61084],[-153.55829,59.60579],[-153.55316,59.59705],[-153.57783,59.55599],[-153.76148,59.54341],[-153.76624,59.52234],[-153.73385,59.50575],[-153.69903,59.4636],[-153.72755,59.43535],[-153.80712,59.41947],[-153.8622,59.42412],[-153.89658,59.41849],[-153.94554,59.38606],[-153.95989,59.39685],[-153.99,59.39678],[-154.00721,59.38253],[-154.05215,59.38714],[-154.0878,59.36797],[-154.11767,59.36551],[-154.12139,59.3531],[-154.10301,59.34272],[-154.0337,59.344],[-154.03081,59.32704],[-154.11358,59.29963],[-154.13684,59.26267],[-154.14119,59.2166],[-154.13058,59.2105],[-154.17294,59.1725],[-154.26329,59.13846],[-154.25123,59.11124],[-154.22724,59.12541],[-154.17367,59.1202],[-154.16641,59.09058],[-154.19742,59.06115],[-154.15983,59.0106],[-154.15821,59.01785],[-154.10828,59.03683],[-154.06349,59.07214],[-154.00855,59.0729],[-153.85024,59.05292],[-153.80278,59.07222],[-153.75094,59.05284],[-153.7462,59.0652],[-153.70416,59.07578],[-153.61607,59.00674],[-153.52352,58.97922],[-153.47994,58.99529],[-153.43814,58.96991],[-153.39848,58.96606],[-153.38877,58.94534],[-153.36537,58.92775],[-153.33478,58.92052],[-153.30243,58.87121],[-153.28616,58.86308],[-153.26741,58.86722],[-153.25225,58.85585],[-153.35096,58.84355],[-153.36939,58.82126],[-153.38513,58.76617],[-153.42664,58.72113],[-153.445,58.70931],[-153.47776,58.71277],[-153.55265,58.68718],[-153.57754,58.67053],[-153.59163,58.64008],[-153.60126,58.63463],[-153.6776,58.6116],[-153.89715,58.60624],[-153.91913,58.51666],[-153.90959,58.51456],[-153.93047,58.49748],[-153.96037,58.48783],[-154.00192,58.49235],[-154.06512,58.48643],[-154.07523,58.45811],[-154.05576,58.41878],[-154.04001,58.4043],[-154.00731,58.40219],[-153.98542,58.39088],[-153.99932,58.37637],[-154.09725,58.34532],[-154.168,58.35838],[-154.17716,58.32147],[-154.14907,58.31454],[-154.10341,58.28016],[-154.14528,58.21093],[-154.17765,58.18983],[-154.21975,58.18463],[-154.24187,58.15633],[-154.21008,58.13606],[-154.26903,58.12877],[-154.29116,58.13568],[-154.34045,58.09092],[-154.42657,58.1449],[-154.46012,58.14607],[-154.46644,58.14233],[-154.4521,58.12158],[-154.44921,58.09322],[-154.46293,58.05835],[-154.50125,58.05011],[-154.53937,58.05589],[-154.58155,58.01929],[-154.64397,58.03315],[-154.65062,58.04539],[-154.64622,58.06014],[-154.66889,58.06527],[-154.71616,58.05526],[-154.72898,58.03845],[-154.73073,58.02184],[-154.77472,58.00217],[-154.81952,58.00349],[-154.82823,58.01885],[-154.87656,58.02772],[-154.99043,58.01342],[-155.11865,57.95392],[-155.06181,57.90433],[-155.06815,57.88377],[-155.08214,57.87225],[-155.23793,57.82713],[-155.33815,57.82538],[-155.33494,57.78069],[-155.28469,57.75739],[-155.29165,57.73581],[-155.30581,57.72405],[-155.37861,57.71077],[-155.50653,57.76097],[-155.54568,57.78677],[-155.59686,57.78354],[-155.61719,57.76971],[-155.63532,57.71544],[-155.62637,57.69362],[-155.6152,57.68807],[-155.62991,57.65638],[-155.72417,57.63345],[-155.73551,57.59415],[-155.73278,57.54973],[-155.87786,57.54717],[-155.91526,57.53533],[-155.96789,57.54443],[-156.01082,57.57138],[-156.03381,57.56988],[-156.04403,57.56446],[-156.04858,57.50081],[-156.03672,57.47094],[-156.0144,57.45529],[-156.02187,57.43966],[-156.09167,57.43983],[-156.13748,57.47173],[-156.19574,57.48006],[-156.21088,57.47441],[-156.21149,57.45947],[-156.22689,57.44067],[-156.33943,57.41764],[-156.48163,57.3387],[-156.53354,57.32853],[-156.55124,57.2908],[-156.53868,57.28304],[-156.5073,57.28116],[-156.33643,57.33608],[-156.32191,57.29337],[-156.34294,57.24806],[-156.37651,57.25228],[-156.39942,57.24163],[-156.40149,57.23317],[-156.39875,57.21476],[-156.38859,57.20662],[-156.3413,57.19186],[-156.3344,57.1823],[-156.36852,57.14999],[-156.43511,57.12743],[-156.4565,57.10604],[-156.44461,57.10009],[-156.4416,57.08516],[-156.53559,57.04791],[-156.56283,57.02031],[-156.54767,57.00463],[-156.55052,56.98461],[-156.67138,56.99606],[-156.73062,56.97984],[-156.75364,56.99123],[-156.7869,56.96504],[-156.79731,56.91172],[-156.82598,56.89767],[-156.83932,56.90185],[-156.87632,56.94283],[-156.88537,56.95328],[-156.88289,56.96258],[-156.9188,56.96358],[-156.93569,56.95487],[-156.93563,56.92009],[-157.01567,56.89849],[-157.07345,56.83834],[-157.15949,56.83348],[-157.16327,56.82354],[-157.14099,56.80228],[-157.14028,56.79087],[-157.16137,56.77413],[-157.18364,56.76908],[-157.20172,56.76751],[-157.28376,56.80077],[-157.29828,56.81857],[-157.37877,56.8617],[-157.43693,56.85852],[-157.47241,56.83336],[-157.45762,56.80429],[-157.41856,56.79982],[-157.41344,56.76919],[-157.51748,56.76084],[-157.54486,56.73895],[-157.5638,56.70343],[-157.54229,56.67532],[-157.50759,56.66717],[-157.47915,56.67008],[-157.45216,56.64322],[-157.4665,56.62327],[-157.53649,56.61532],[-157.60523,56.62132],[-157.67459,56.60951],[-157.70538,56.62878],[-157.7368,56.67562],[-157.7637,56.67925],[-157.84813,56.65355],[-157.91854,56.64314],[-157.98339,56.59945],[-158.04201,56.59674],[-158.08575,56.57335],[-158.07436,56.55416],[-158.00553,56.55344],[-157.91117,56.57479],[-157.83842,56.56076],[-157.81783,56.51421],[-157.82307,56.50198],[-157.87207,56.47397],[-158.02762,56.51178],[-158.11228,56.52132],[-158.13173,56.50194],[-158.1116,56.49011],[-158.12744,56.46081],[-158.24614,56.46612],[-158.2847,56.48109],[-158.3288,56.48421],[-158.40295,56.45519],[-158.49884,56.38011],[-158.50204,56.36518],[-158.48955,56.34186],[-158.43279,56.34351],[-158.39734,56.32892],[-158.32256,56.32524],[-158.20739,56.29435],[-158.20308,56.28383],[-158.21654,56.26945],[-158.25333,56.25312],[-158.33451,56.23294],[-158.33976,56.21781],[-158.26479,56.2096],[-158.17493,56.23623],[-158.11272,56.24029],[-158.1178,56.23074],[-158.31413,56.1637],[-158.37432,56.13452],[-158.396,56.10983],[-158.39832,56.06296],[-158.42445,56.0689],[-158.43864,56.09367],[-158.43223,56.10288],[-158.46181,56.10664],[-158.47526,56.0934],[-158.47271,56.08758],[-158.44841,56.05528],[-158.41789,56.0368],[-158.40772,56.01452],[-158.43147,55.99445],[-158.4457,55.99758],[-158.46733,56.02722],[-158.50197,56.02517],[-158.49511,55.98921],[-158.50984,55.97962],[-158.59562,56.04525],[-158.59419,56.11044],[-158.57466,56.11864],[-158.6004,56.13044],[-158.65974,56.09855],[-158.66682,56.07841],[-158.66091,56.03493],[-158.64322,56.02341],[-158.63669,56.00501],[-158.65321,55.95862],[-158.67325,55.95148],[-158.74856,55.95936],[-158.72957,56.00285],[-158.74731,56.00991],[-158.85413,56.00334],[-158.9094,55.93489],[-159.13875,55.90932],[-159.37484,55.87152],[-159.4001,55.85236],[-159.40938,55.81043],[-159.40433,55.79699],[-159.41151,55.78891],[-159.43479,55.79291],[-159.47022,55.82891],[-159.47197,55.84351],[-159.45395,55.89682],[-159.49388,55.90011],[-159.53441,55.8813],[-159.49802,55.8553],[-159.4944,55.7658],[-159.50377,55.74788],[-159.55143,55.71154],[-159.53012,55.66539],[-159.54512,55.64652],[-159.61777,55.5958],[-159.72933,55.56965],[-159.7445,55.60002],[-159.7352,55.61093],[-159.63962,55.61792],[-159.62677,55.62941],[-159.64466,55.65247],[-159.6792,55.6559],[-159.67676,55.73736],[-159.67319,55.75096],[-159.62748,55.80325],[-159.60215,55.805],[-159.64374,55.83042],[-159.71282,55.84639],[-159.81107,55.85657],[-159.83898,55.85241],[-159.85846,55.84179],[-159.84736,55.80253],[-159.86248,55.78763],[-159.89232,55.7851],[-159.93709,55.80331],[-160.02628,55.7923],[-160.05253,55.76643],[-160.05844,55.72173],[-160.18571,55.65864],[-160.27983,55.64138],[-160.42185,55.6627],[-160.42973,55.65805],[-160.43302,55.63998],[-160.39259,55.60277],[-160.43586,55.57369],[-160.4643,55.53324],[-160.46275,55.50665],[-160.50135,55.47852],[-160.53665,55.47494],[-160.55417,55.52296],[-160.58008,55.56439],[-160.59577,55.57554],[-160.61531,55.57552],[-160.66697,55.54442],[-160.70688,55.55607],[-160.7371,55.55545],[-160.76624,55.54756],[-160.77143,55.52943],[-160.66012,55.51848],[-160.6463,55.49285],[-160.65152,55.47417],[-160.66692,55.45978],[-160.79599,55.45495],[-160.83673,55.47313],[-160.84341,55.48978],[-160.82177,55.50622],[-160.82827,55.51611],[-160.86538,55.52697],[-160.90963,55.52414],[-160.94427,55.50782],[-160.97655,55.47274],[-160.98272,55.45433],[-161.01366,55.431],[-161.23154,55.35745],[-161.32532,55.35986],[-161.31199,55.37284],[-161.31495,55.37923],[-161.34608,55.38578],[-161.4452,55.3681],[-161.46039,55.35907],[-161.50766,55.36279],[-161.51421,55.38525],[-161.49612,55.39697],[-161.48459,55.41799],[-161.47147,55.47859],[-161.47711,55.48519],[-161.3761,55.56979],[-161.35569,55.60638],[-161.36338,55.61848],[-161.41624,55.63232],[-161.48206,55.63398],[-161.58705,55.62006],[-161.61293,55.60616],[-161.69886,55.5194],[-161.69672,55.42331],[-161.6865,55.40804],[-161.82754,55.28787],[-161.85342,55.27763],[-161.87561,55.24992],[-161.87808,55.2236],[-161.90341,55.20494],[-161.97879,55.23613],[-162.02964,55.23949],[-162.04569,55.23277],[-162.00171,55.16924],[-161.96697,55.15483],[-161.94988,55.12669],[-161.96087,55.10673],[-162.05328,55.07421],[-162.11874,55.10291],[-162.13188,55.12278],[-162.11903,55.14112],[-162.12637,55.15341],[-162.14108,55.15734],[-162.17743,55.1544],[-162.21819,55.1189],[-162.22353,55.10221],[-162.18925,55.06026],[-162.21933,55.02898],[-162.26775,55.02155],[-162.30038,55.04293],[-162.41351,55.03656],[-162.47136,55.05193],[-162.5121,55.08623],[-162.52099,55.11542],[-162.46096,55.12584],[-162.4168,55.1041],[-162.40619,55.1205],[-162.44518,55.15152],[-162.48098,55.16127],[-162.49447,55.18391],[-162.51044,55.25018],[-162.58487,55.29839],[-162.6261,55.30409],[-162.66196,55.29429],[-162.6824,55.27645],[-162.71808,55.21991],[-162.69231,55.19731],[-162.63879,55.19477],[-162.57977,55.13694],[-162.58553,55.1286],[-162.60445,55.12603],[-162.61892,55.0971],[-162.59981,55.05481],[-162.56929,55.01587],[-162.56929,54.97124],[-162.58797,54.97201],[-162.64647,54.99716],[-162.68813,54.99613],[-162.7204,54.98022],[-162.7072,54.97202],[-162.70845,54.95848],[-162.77098,54.93274],[-162.84547,54.92699],[-162.91368,54.95027],[-162.97063,55.00104],[-162.95783,55.03183],[-163.00155,55.08004],[-163.07901,55.11165],[-163.18843,55.0909],[-163.22509,55.04968],[-163.21902,55.03028],[-163.17483,55.0131],[-163.14862,55.01402],[-163.06701,54.9793],[-163.05047,54.96907],[-163.03606,54.94254],[-163.2144,54.84749],[-163.29981,54.82923],[-163.37321,54.80084],[-163.37281,54.79094],[-163.34266,54.7651],[-163.31326,54.7533],[-163.22839,54.75351],[-163.18429,54.77491],[-163.14409,54.7615],[-163.10756,54.73275],[-163.07998,54.68562],[-163.05723,54.6881],[-163.05097,54.67226],[-163.05909,54.66107],[-163.15271,54.6659],[-163.12901,54.68333],[-163.12644,54.69503],[-163.19495,54.69902],[-163.20878,54.69314],[-163.21365,54.6772],[-163.22318,54.6769],[-163.24742,54.69228],[-163.28063,54.69537],[-163.318,54.71994],[-163.34044,54.74887],[-163.36463,54.74946],[-163.39197,54.74198],[-163.42838,54.71482],[-163.41,54.69366],[-163.42437,54.65621],[-163.48886,54.65511],[-163.57238,54.62321],[-163.58597,54.61164],[-163.67084,54.62783],[-163.80359,54.6365],[-164.08489,54.62013],[-164.23247,54.58549],[-164.25759,54.57272],[-164.33754,54.52426],[-164.33653,54.48098],[-164.3527,54.46502],[-164.41682,54.43171],[-164.64046,54.39117],[-164.78936,54.40201],[-164.84493,54.41758],[-164.87607,54.44349],[-164.91006,54.50754],[-164.94464,54.5329],[-164.94879,54.57988],[-164.91876,54.60531],[-164.74182,54.64544],[-164.70946,54.66152],[-164.5769,54.82456],[-164.56155,54.85083],[-164.56405,54.87554],[-164.48678,54.92244],[-164.4273,54.93285],[-164.37344,54.91535],[-164.34353,54.89414],[-164.20707,54.92758],[-164.16434,54.95353],[-164.1192,54.96942],[-164.0868,54.9634],[-164.03071,54.96982],[-163.96473,54.99734],[-163.8947,55.03912],[-163.85426,55.0378],[-163.77409,55.05578],[-163.64683,55.04447],[-163.53296,55.04888],[-163.52711,55.04087],[-163.53464,55.02531],[-163.53009,55.01666],[-163.44285,54.96988],[-163.41804,54.9385],[-163.39829,54.90237],[-163.41469,54.85609],[-163.3914,54.85533],[-163.33423,54.87295],[-163.31888,54.88012],[-163.31916,54.89903],[-163.34773,54.92509],[-163.33839,54.95619],[-163.31459,54.95886],[-163.29907,54.93749],[-163.23371,54.93053],[-163.2349,54.945],[-163.28677,54.96703],[-163.28077,55.03296],[-163.30596,55.06958],[-163.31069,55.10561],[-163.31873,55.11081],[-163.31465,55.12631],[-163.20087,55.16606],[-163.10501,55.18398],[-163.07049,55.17411],[-162.95718,55.17127],[-162.88229,55.18325],[-162.84014,55.22404],[-162.84317,55.24256],[-162.85184,55.24732],[-162.86948,55.24809],[-162.88089,55.23956],[-162.90164,55.24765],[-162.88178,55.27378],[-162.85271,55.28051],[-162.84677,55.26751],[-162.82324,55.27902],[-162.79804,55.31096],[-162.76619,55.31515],[-162.73182,55.30783],[-162.69061,55.34044],[-162.7025,55.35395],[-162.67639,55.35407],[-162.64165,55.39258],[-162.62905,55.3653],[-162.57486,55.34787],[-162.51944,55.3696],[-162.50118,55.38974],[-162.50475,55.41174],[-162.51646,55.41402],[-162.52067,55.42766],[-162.50817,55.44229],[-162.51021,55.45449],[-162.51877,55.46096],[-162.58366,55.44344],[-162.59126,55.45274],[-162.49263,55.51173],[-162.38401,55.58984],[-162.26451,55.68862],[-162.14663,55.73335],[-162.06338,55.78612],[-161.99451,55.79783],[-161.89896,55.83346],[-161.80125,55.89317],[-161.71228,55.90423],[-161.57728,55.93715],[-161.38056,55.96562],[-161.19609,56.00617],[-161.02079,56.01041],[-160.99744,56.02144],[-160.82736,56.02656],[-160.80676,56.01835],[-160.86164,55.99649],[-160.86547,55.95508],[-160.81817,55.95335],[-160.80101,55.90226],[-160.82752,55.91067],[-160.93036,55.89569],[-160.93154,55.87249],[-160.95156,55.85277],[-160.94084,55.82253],[-160.93059,55.81436],[-160.80601,55.73824],[-160.76523,55.75717],[-160.6681,55.72356],[-160.65556,55.73004],[-160.66304,55.74549],[-160.7577,55.78584],[-160.76916,55.85827],[-160.79189,55.87269],[-160.79322,55.88596],[-160.69759,55.8624],[-160.63909,55.8583],[-160.50843,55.86938],[-160.49468,55.86419],[-160.47789,55.8411],[-160.46854,55.79067],[-160.38588,55.79644],[-160.34288,55.77817],[-160.27738,55.76586],[-160.26457,55.77572],[-160.26893,55.78428],[-160.31783,55.81898],[-160.27253,55.83167],[-160.22255,55.83207],[-160.2418,55.85035],[-160.32564,55.86786],[-160.42074,55.90862],[-160.53576,55.93962],[-160.52636,55.98243],[-160.53454,55.9895],[-160.55197,55.99179],[-160.57645,55.97929],[-160.58957,55.98305],[-160.48221,56.08523],[-160.45142,56.12556],[-160.38309,56.25135],[-160.34025,56.29127],[-160.2746,56.31715],[-160.14625,56.40018],[-160.08259,56.41109],[-159.97676,56.45395],[-159.82805,56.54393],[-159.53496,56.62653],[-159.38877,56.69048],[-159.27989,56.71567],[-159.03835,56.80601],[-158.95747,56.85118],[-158.91073,56.8148],[-158.85329,56.79262],[-158.78359,56.78075],[-158.74453,56.79511],[-158.67418,56.79706],[-158.65635,56.81001],[-158.65754,56.83154],[-158.64681,56.84699],[-158.69355,56.88813],[-158.68618,56.91155],[-158.69979,56.92736],[-158.67929,56.98862],[-158.6453,57.03184],[-158.54025,57.12511],[-158.39312,57.23692],[-158.30709,57.28956],[-158.22988,57.32153],[-158.08379,57.35718],[-158.06004,57.38746],[-158.01054,57.40146],[-157.93162,57.47621],[-157.88116,57.48912],[-157.7725,57.54706],[-157.67889,57.56389],[-157.68483,57.55775],[-157.68042,57.53773],[-157.64939,57.50033],[-157.58691,57.48716],[-157.57347,57.52273],[-157.59964,57.60795],[-157.6522,57.61479],[-157.69129,57.61113],[-157.71064,57.63995],[-157.70378,57.72177],[-157.67106,57.77287],[-157.64223,57.86878],[-157.5966,58.08867],[-157.58364,58.12431],[-157.55656,58.14845],[-157.53333,58.16034],[-157.39735,58.17338],[-157.35232,58.2191],[-157.37451,58.23212],[-157.40792,58.21187],[-157.42333,58.21136],[-157.54156,58.27188],[-157.55634,58.30375],[-157.55686,58.33071],[-157.53618,58.3916],[-157.48811,58.47171],[-157.46088,58.49969],[-157.3972,58.52733],[-157.38026,58.5244],[-157.35849,58.53388],[-157.25146,58.62079],[-157.07791,58.7081],[-157.05178,58.71192],[-157.06193,58.7261],[-157.06259,58.75713],[-156.99355,58.8368],[-156.99747,58.85635],[-157.01609,58.86349],[-157.01239,58.87589],[-156.96665,58.90407],[-156.97595,58.9409],[-156.96324,58.96264],[-156.92926,58.97379],[-156.94589,58.9834],[-156.99968,58.97335],[-157.03921,58.94592],[-157.04063,58.91339],[-157.07058,58.88782],[-157.11687,58.86753],[-157.21571,58.84153],[-157.35313,58.81773],[-157.42953,58.79107],[-157.48406,58.78596],[-157.53265,58.77264],[-157.5506,58.75451],[-157.69647,58.72998],[-157.8554,58.67828],[-158.03659,58.63425],[-158.14031,58.61502],[-158.19028,58.61371],[-158.27304,58.63347],[-158.32704,58.65984],[-158.35148,58.72769],[-158.40048,58.76118],[-158.53852,58.78839],[-158.56483,58.80271],[-158.5595,58.84182],[-158.52033,58.8571],[-158.48702,58.99987],[-158.52984,58.99797],[-158.61968,58.91105],[-158.71744,58.87246],[-158.74531,58.8741],[-158.76775,58.86426],[-158.79079,58.80842],[-158.7698,58.77414],[-158.77125,58.76511],[-158.80096,58.73284],[-158.84823,58.72274],[-158.86121,58.69558],[-158.82785,58.62643],[-158.76913,58.54865],[-158.70405,58.48276],[-158.79532,58.40803],[-158.88093,58.39067],[-159.06335,58.42314],[-159.24229,58.61907],[-159.39066,58.76236],[-159.50177,58.8243],[-159.55635,58.83741],[-159.64355,58.84506],[-159.58981,58.89036],[-159.58697,58.90031],[-159.61612,58.9316],[-159.65736,58.93871],[-159.73293,58.93074],[-159.75375,58.85572],[-159.80878,58.86154],[-159.79292,58.82397],[-159.80631,58.80559],[-159.90839,58.7799],[-159.99567,58.8483],[-159.98535,58.87046],[-160.05405,58.887],[-160.09311,58.8608],[-160.15053,58.86606],[-160.15448,58.91687],[-160.23279,58.90113],[-160.28635,58.94501],[-160.32292,58.95395],[-160.25659,58.99448],[-160.31778,59.07048],[-160.47658,59.02605],[-160.64178,58.96449],[-160.75307,58.91043],[-160.82349,58.82914],[-160.872,58.87847],[-161.0011,58.84969],[-161.33798,58.74291],[-161.37271,58.70796],[-161.37231,58.66617],[-161.52135,58.63314],[-161.55054,58.61116],[-161.62645,58.60258],[-161.68291,58.56467],[-161.752,58.55184],[-161.7663,58.59922],[-161.87122,58.63748],[-162.06627,58.6208],[-162.17172,58.64844],[-161.99464,58.68883],[-161.93916,58.65561],[-161.87721,58.66614],[-161.85906,58.70864],[-161.7695,58.77494],[-161.75662,58.82648],[-161.78695,58.89971],[-161.78398,58.96942],[-161.84138,59.03315],[-161.82177,59.05058],[-161.8787,59.06811],[-161.98196,59.151],[-162.05636,59.27105],[-162.032,59.28853],[-161.9929,59.33839],[-161.95594,59.35232],[-161.95119,59.38072],[-161.87703,59.40015],[-161.84899,59.43249],[-161.81441,59.43709],[-161.79038,59.4682],[-161.73831,59.46701],[-161.70253,59.49091],[-161.75798,59.55715],[-161.82047,59.59498],[-161.87394,59.64949],[-161.88552,59.69839],[-161.91116,59.74174],[-162.09236,59.8811],[-162.10877,59.92011],[-162.10071,59.94467],[-162.10856,59.95386],[-162.17176,59.98416],[-162.22837,60.05631],[-162.26826,60.06919],[-162.27375,60.08668],[-162.33685,60.12879],[-162.37224,60.16701],[-162.45128,60.17437],[-162.49097,60.14267],[-162.4981,60.11509],[-162.49561,60.07895],[-162.47676,60.04769],[-162.50365,59.99923],[-162.5473,59.98088],[-162.62257,59.97181],[-162.7075,59.99027],[-162.74268,59.98468],[-162.73745,59.97225],[-162.74672,59.96184],[-162.80851,59.93393],[-162.90418,59.91913],[-163.086,59.86101],[-163.34903,59.81989],[-163.66261,59.79571],[-163.9308,59.80385],[-164.07984,59.82803],[-164.13339,59.84561],[-164.16032,59.86468],[-164.20181,59.91612],[-164.20984,59.94287],[-164.17871,59.96181],[-164.12543,59.96463],[-164.11508,59.97317],[-164.13181,59.99118],[-164.1916,60.0245],[-164.30297,60.05423],[-164.33611,60.05553],[-164.38547,60.07719],[-164.49856,60.17055],[-164.49432,60.18483],[-164.50568,60.1943],[-164.55834,60.20704],[-164.6195,60.23494],[-164.64633,60.2533],[-164.6531,60.2679],[-164.69889,60.2963],[-164.77723,60.29383],[-164.85036,60.30362],[-164.96268,60.33966],[-165.05758,60.38629],[-165.13289,60.43887],[-165.12073,60.4512],[-165.04907,60.46152],[-164.99787,60.48046],[-164.96144,60.50839],[-164.95679,60.52784],[-164.97128,60.53956],[-165.05744,60.54463],[-165.19045,60.498],[-165.24444,60.4963],[-165.37756,60.51316],[-165.42035,60.55069],[-165.38105,60.57799],[-165.26872,60.57949],[-165.17862,60.62393],[-165.14718,60.65116],[-165.06315,60.68865],[-165.02754,60.68601],[-164.99167,60.69884],[-164.96659,60.71744],[-164.97184,60.72973],[-165.03207,60.76002],[-165.04258,60.78443],[-164.97766,60.79036],[-164.92418,60.80933],[-164.93931,60.82346],[-165.02143,60.81509],[-165.03018,60.83805],[-165.00368,60.87558],[-164.94596,60.92106],[-164.91754,60.92814],[-164.9039,60.94221],[-164.96486,60.94538],[-165.03204,60.90399],[-165.13243,60.92246],[-165.17247,60.94033],[-165.19496,60.97991],[-165.11568,61.0161],[-165.02026,61.01115],[-164.96153,61.02417],[-164.9511,61.03102],[-164.95238,61.06929],[-164.9935,61.07239],[-165.01127,61.05198],[-165.11978,61.07864],[-165.17532,61.12093],[-165.16586,61.13657],[-165.16886,61.14491],[-165.24378,61.15162],[-165.2897,61.18171],[-165.30798,61.18182],[-165.32555,61.16931],[-165.36393,61.11077],[-165.36832,61.084],[-165.38544,61.07957],[-165.55514,61.09267],[-165.59068,61.11117],[-165.62704,61.16715],[-165.62128,61.19237],[-165.63405,61.23756],[-165.62059,61.26859],[-165.62332,61.27843],[-165.66289,61.29457],[-165.78744,61.31006],[-165.83137,61.30672],[-165.8796,61.33504],[-165.91545,61.38769],[-165.91861,61.41909],[-165.76723,61.45695],[-165.7485,61.47645],[-165.74635,61.4893],[-165.75432,61.4987],[-165.80763,61.52917],[-165.86567,61.53505],[-165.9125,61.5562],[-165.96403,61.55592],[-165.99954,61.53972],[-166.07552,61.53267],[-166.08868,61.52289],[-166.0754,61.49298],[-166.10827,61.49247],[-166.14958,61.51329],[-166.18269,61.58848],[-166.15898,61.70044],[-166.14376,61.72435],[-166.13302,61.72192],[-166.13941,61.63231],[-165.80993,61.67303],[-165.81,61.68936],[-165.85679,61.69073],[-165.99385,61.7231],[-166.09208,61.80073],[-166.09431,61.81386],[-165.95526,61.83241],[-165.75841,61.82544],[-165.73044,61.84208],[-165.63952,61.84701],[-165.6293,61.86136],[-165.68254,61.89407],[-165.74353,61.96253],[-165.7598,62.00191],[-165.76049,62.03884],[-165.7479,62.07359],[-165.67204,62.13989],[-165.33772,62.35903],[-165.26927,62.42735],[-165.09616,62.52245],[-165.076,62.58204],[-165.01318,62.6401],[-164.93674,62.66895],[-164.86952,62.66597],[-164.8377,62.68527],[-164.87777,62.79777],[-164.83632,62.85217],[-164.78386,62.94615],[-164.71684,63.00626],[-164.58373,63.05846],[-164.5802,63.07013],[-164.61162,63.07767],[-164.64119,63.07268],[-164.64489,63.07927],[-164.63394,63.09782],[-164.42345,63.21198],[-164.20947,63.25147],[-164.03656,63.2612],[-163.88506,63.22231],[-163.73265,63.21326],[-163.70398,63.18811],[-163.61627,63.14121],[-163.59012,63.14609],[-163.52994,63.1354],[-163.50722,63.11368],[-163.41768,63.08387],[-163.3162,63.03776],[-163.13085,63.04939],[-163.0405,63.06215],[-162.9983,63.08929],[-162.84456,63.15419],[-162.83493,63.16462],[-162.83917,63.193],[-162.82112,63.2056],[-162.76954,63.21707],[-162.72408,63.21462],[-162.66261,63.22991],[-162.43706,63.37784],[-162.42874,63.40105],[-162.38462,63.4358],[-162.27109,63.48771],[-162.26783,63.49508],[-162.30147,63.53735],[-162.29673,63.54011],[-162.25241,63.54175],[-162.12325,63.51281],[-162.07316,63.51377],[-162.04169,63.48965],[-162.05054,63.47059],[-162.02555,63.44754],[-161.8399,63.44731],[-161.67653,63.465],[-161.58377,63.44786],[-161.55308,63.44922],[-161.31018,63.47131],[-161.13676,63.50453],[-161.10272,63.5478],[-160.92488,63.64481],[-160.7833,63.75289],[-160.76556,63.77355],[-160.76629,63.83519],[-160.8108,63.90465],[-160.85198,63.95441],[-160.89246,63.98594],[-160.93374,64.04973],[-160.95164,64.09007],[-160.95642,64.19173],[-160.94686,64.20416],[-160.97604,64.23576],[-161.22894,64.37075],[-161.26352,64.39817],[-161.31367,64.40087],[-161.41038,64.42211],[-161.46303,64.42007],[-161.49293,64.40785],[-161.5049,64.42307],[-161.46905,64.50657],[-161.38862,64.53278],[-161.37357,64.53503],[-161.32134,64.51386],[-161.19803,64.49663],[-161.07803,64.49409],[-161.0151,64.50212],[-161.01714,64.51712],[-161.05306,64.5285],[-161.04915,64.54095],[-160.94049,64.55],[-160.80205,64.61035],[-160.79161,64.62305],[-160.7834,64.71716],[-160.86957,64.7838],[-160.93597,64.82237],[-161.07972,64.86955],[-161.13306,64.89822],[-161.14965,64.91199],[-161.14572,64.92053],[-161.17601,64.92716],[-161.1952,64.91818],[-161.19859,64.8944],[-161.21376,64.88332],[-161.29305,64.85324],[-161.35787,64.80592],[-161.36748,64.77891],[-161.41349,64.76272],[-161.51821,64.75325],[-161.63029,64.77129],[-161.66726,64.78898],[-161.90243,64.70385],[-162.16852,64.68029],[-162.21662,64.65621],[-162.23448,64.61934],[-162.54,64.53093],[-162.61422,64.4707],[-162.60302,64.44867],[-162.63224,64.38573],[-162.71922,64.35997],[-162.79017,64.32518],[-162.80539,64.33602],[-162.81,64.35265],[-162.80035,64.3747],[-162.80227,64.39533],[-162.85856,64.47486],[-162.85756,64.49978],[-162.94078,64.54242],[-162.96925,64.54687],[-163.04262,64.54005],[-163.04929,64.54926],[-163.0274,64.55973],[-163.02835,64.56924],[-163.06071,64.58828],[-163.14257,64.60922],[-163.17398,64.63968],[-163.21776,64.63206],[-163.31198,64.58828],[-163.30913,64.57115],[-163.25488,64.54926],[-163.17873,64.54355],[-163.11972,64.51023],[-163.03323,64.51931],[-163.02716,64.47795],[-163.09149,64.43774],[-163.10746,64.40919],[-163.15079,64.39725],[-163.17534,64.39933],[-163.22921,64.43002],[-163.25303,64.4695],[-163.35093,64.50586],[-163.45148,64.53482],[-163.65194,64.5673],[-163.87577,64.57294],[-163.97435,64.55137],[-164.14706,64.56455],[-164.30727,64.56149],[-164.49133,64.52982],[-164.80775,64.44943],[-165.00196,64.43392],[-165.41344,64.49794],[-166.18955,64.5758],[-166.23694,64.58356],[-166.3924,64.63816],[-166.41393,64.65123],[-166.47471,64.71927],[-166.4838,64.73342],[-166.47898,64.79704],[-166.43052,64.80772],[-166.41703,64.81874],[-166.4073,64.83428],[-166.41562,64.87193],[-166.53052,64.93711],[-166.69081,64.98537],[-166.70528,64.99985],[-166.68876,65.01803],[-166.69645,65.03586],[-166.73279,65.0535],[-166.8604,65.09087],[-166.91192,65.12596],[-166.90669,65.13632],[-166.88668,65.13876],[-166.81679,65.11709],[-166.75555,65.11059],[-166.63841,65.11359],[-166.63445,65.12587],[-166.50957,65.15272],[-166.46419,65.17709],[-166.46005,65.1899],[-166.4753,65.22433],[-166.38627,65.25414],[-166.34719,65.27634],[-166.36062,65.28863],[-166.4394,65.31906],[-166.51864,65.33582],[-166.57273,65.33816],[-166.62599,65.32512],[-166.67972,65.32686],[-166.796,65.33718],[-167.02678,65.38197],[-167.39846,65.40026],[-167.47402,65.41274],[-167.71089,65.49852],[-167.84184,65.53025],[-167.85123,65.53818],[-168.0752,65.57636],[-168.09905,65.59224],[-168.1,65.61097],[-168.12704,65.62658],[-168.13466,65.64084],[-168.12893,65.65574]]],[[[-168.95277,65.75891],[-168.90223,65.76967],[-168.89322,65.7447],[-168.93122,65.73894],[-168.95139,65.74932],[-168.95277,65.75891]]],[[[-169.05424,52.86327],[-168.95898,52.88605],[-168.97313,52.91611],[-168.95946,52.93674],[-168.89804,52.93714],[-168.86108,52.96805],[-168.87069,52.99636],[-168.86106,53.01638],[-168.78524,53.04504],[-168.75969,53.08146],[-168.76854,53.09368],[-168.80203,53.10823],[-168.8049,53.12002],[-168.79233,53.15572],[-168.76333,53.18281],[-168.59973,53.27363],[-168.5394,53.25167],[-168.49096,53.26401],[-168.44508,53.26533],[-168.36652,53.25202],[-168.34399,53.26215],[-168.37122,53.31658],[-168.42052,53.32274],[-168.43502,53.33552],[-168.40653,53.34639],[-168.38511,53.38846],[-168.40959,53.41071],[-168.34213,53.47599],[-168.29579,53.48906],[-168.23832,53.5219],[-168.20044,53.53408],[-168.00462,53.56605],[-167.96272,53.55407],[-167.96504,53.53891],[-167.93898,53.52691],[-167.78916,53.51933],[-167.78807,53.49241],[-167.85834,53.43791],[-167.83952,53.41033],[-167.84233,53.38649],[-167.85222,53.37829],[-167.9591,53.34179],[-168.03976,53.30428],[-168.27074,53.24281],[-168.34168,53.18591],[-168.34447,53.15521],[-168.37315,53.12889],[-168.39238,53.12361],[-168.44286,53.08556],[-168.4571,53.05584],[-168.5274,53.02859],[-168.55319,53.0333],[-168.58781,53.02717],[-168.62526,52.99821],[-168.68847,52.9664],[-168.74185,52.95144],[-168.75553,52.90751],[-168.78595,52.90464],[-168.80885,52.9261],[-168.907,52.88401],[-169.10246,52.82435],[-169.05424,52.86327]]],[[[-169.26813,52.7724],[-169.16398,52.81465],[-169.15305,52.80127],[-169.17037,52.77666],[-169.197,52.76455],[-169.26176,52.7549],[-169.26813,52.7724]]],[[[-169.76274,52.97805],[-169.74254,53.02407],[-169.68003,53.03507],[-169.66358,53.02126],[-169.66608,52.99707],[-169.69827,52.95827],[-169.72174,52.94712],[-169.7411,52.95151],[-169.76274,52.97805]]],[[[-169.78966,56.61822],[-169.61155,56.60692],[-169.52866,56.61218],[-169.47155,56.59886],[-169.58262,56.53694],[-169.65014,56.54423],[-169.66775,56.55454],[-169.68364,56.58334],[-169.75575,56.59192],[-169.78966,56.61822]]],[[[-169.77553,53.07922],[-169.76258,53.0805],[-169.74071,53.06358],[-169.74808,53.04629],[-169.7993,53.05708],[-169.77553,53.07922]]],[[[-170.00422,52.84674],[-169.97535,52.85888],[-169.90563,52.85324],[-169.86021,52.85838],[-169.87001,52.87478],[-169.85218,52.8818],[-169.81814,52.87845],[-169.7735,52.89445],[-169.70474,52.88627],[-169.66651,52.86435],[-169.7041,52.79394],[-169.70387,52.77712],[-169.72978,52.77439],[-169.75014,52.79058],[-169.83823,52.81728],[-169.87987,52.81609],[-169.89708,52.80213],[-169.96288,52.78988],[-169.99542,52.80468],[-170.01249,52.83116],[-170.00422,52.84674]]],[[[-170.11285,52.90204],[-170.08399,52.92364],[-170.04656,52.92385],[-169.99598,52.90238],[-170.00237,52.88024],[-170.05027,52.85743],[-170.09533,52.87085],[-170.11319,52.89108],[-170.11285,52.90204]]],[[[-170.18568,52.72301],[-170.17068,52.78492],[-170.12871,52.78742],[-170.05344,52.76908],[-170.05536,52.74589],[-170.07773,52.72042],[-170.17065,52.71736],[-170.18568,52.72301]]],[[[-170.42355,57.16933],[-170.42041,57.19176],[-170.39012,57.20625],[-170.31171,57.21912],[-170.26766,57.21065],[-170.16165,57.22966],[-170.15081,57.22317],[-170.17085,57.1811],[-170.28632,57.12817],[-170.29079,57.14505],[-170.30396,57.15491],[-170.42187,57.1612],[-170.42355,57.16933]]]]}},{"type":"Feature","properties":{"STATEFP":"30","GEOID":"30"},"geometry":{"type":"Polygon","coordinates":[[[-116.04905,48.48102],[-116.04909,49.00085],[-104.04869,48.99959],[-104.04166,47.86228],[-104.04682,46.0002],[-104.03914,44.99852],[-105.91338,45.00094],[-105.92818,44.99365],[-106.26359,44.99379],[-107.35144,45.00141],[-109.08301,44.99961],[-109.10344,45.0059],[-110.1101,45.00391],[-110.1995,44.99619],[-110.3627,45.00059],[-110.40293,44.99381],[-110.55243,44.99224],[-110.70527,44.99232],[-110.78501,45.00295],[-111.0552,45.00132],[-111.05243,44.47841],[-111.1087,44.48786],[-111.12838,44.49973],[-111.13862,44.51685],[-111.13236,44.53278],[-111.17375,44.54933],[-111.18666,44.57099],[-111.22462,44.57625],[-111.23759,44.60878],[-111.22405,44.62317],[-111.25257,44.65086],[-111.26919,44.64704],[-111.27685,44.6554],[-111.26864,44.66805],[-111.32356,44.72424],[-111.3357,44.73265],[-111.35566,44.72737],[-111.3849,44.7549],[-111.3977,44.74651],[-111.39847,44.72311],[-111.41416,44.71051],[-111.43868,44.72032],[-111.48923,44.70472],[-111.48479,44.68735],[-111.46961,44.67785],[-111.47307,44.66525],[-111.49491,44.6448],[-111.51264,44.63915],[-111.50547,44.62522],[-111.52113,44.6153],[-111.52424,44.60409],[-111.51781,44.58217],[-111.50464,44.57476],[-111.50528,44.56197],[-111.46908,44.55181],[-111.47157,44.54059],[-111.51601,44.53753],[-111.54653,44.55687],[-111.58565,44.56261],[-111.6143,44.54876],[-111.70411,44.55998],[-111.71537,44.54331],[-111.80627,44.52208],[-111.80781,44.51149],[-111.82138,44.50906],[-111.8704,44.5638],[-111.94783,44.55655],[-111.98072,44.53645],[-112.0326,44.54641],[-112.03683,44.53009],[-112.0689,44.53687],[-112.10665,44.5206],[-112.13635,44.53968],[-112.16449,44.54144],[-112.18383,44.53284],[-112.22159,44.54329],[-112.23001,44.56253],[-112.24268,44.56786],[-112.28608,44.56824],[-112.31279,44.55331],[-112.31909,44.53888],[-112.3541,44.53541],[-112.35882,44.48605],[-112.38728,44.44783],[-112.4731,44.4798],[-112.5002,44.46282],[-112.54188,44.48374],[-112.58409,44.48114],[-112.60175,44.49079],[-112.66438,44.48622],[-112.719,44.50411],[-112.77603,44.48411],[-112.82808,44.44224],[-112.83593,44.42242],[-112.8125,44.39205],[-112.81313,44.37787],[-112.84475,44.35799],[-112.85529,44.35974],[-112.88166,44.38009],[-112.8847,44.39814],[-112.95144,44.41797],[-113.00343,44.45058],[-113.00674,44.47149],[-113.02604,44.49679],[-113.00709,44.52573],[-113.04224,44.54192],[-113.04599,44.55074],[-113.0374,44.56413],[-113.08237,44.59546],[-113.07365,44.6137],[-113.05666,44.61843],[-113.04924,44.62915],[-113.06548,44.64914],[-113.07047,44.67943],[-113.09795,44.69725],[-113.10203,44.7288],[-113.13471,44.75253],[-113.13134,44.77261],[-113.1637,44.77869],[-113.19425,44.80192],[-113.23862,44.81391],[-113.24706,44.82272],[-113.34159,44.78462],[-113.35393,44.79151],[-113.34599,44.80038],[-113.35595,44.81957],[-113.37695,44.83317],[-113.42219,44.84014],[-113.45706,44.87394],[-113.49864,44.94208],[-113.44367,44.95966],[-113.44678,44.99831],[-113.43762,45.00674],[-113.45186,45.05902],[-113.47885,45.06227],[-113.52029,45.0898],[-113.50597,45.10803],[-113.50976,45.11474],[-113.54939,45.11287],[-113.57456,45.12818],[-113.56939,45.14076],[-113.59452,45.1658],[-113.58978,45.17676],[-113.5994,45.19088],[-113.63678,45.21275],[-113.65692,45.24121],[-113.68484,45.25348],[-113.69193,45.26496],[-113.68925,45.28332],[-113.73862,45.32951],[-113.73298,45.38994],[-113.77415,45.40655],[-113.77693,45.4154],[-113.76422,45.42225],[-113.78405,45.45472],[-113.76014,45.48634],[-113.76788,45.51899],[-113.83445,45.5205],[-113.81976,45.5661],[-113.80147,45.58455],[-113.80662,45.60192],[-113.86129,45.62343],[-113.8859,45.61679],[-113.90458,45.62178],[-113.89709,45.64126],[-113.93143,45.67304],[-113.93836,45.69581],[-113.96079,45.68996],[-113.98655,45.70433],[-114.01552,45.6959],[-114.02042,45.68099],[-114.01486,45.65378],[-114.06751,45.62748],[-114.08168,45.6111],[-114.08647,45.59095],[-114.12221,45.58403],[-114.13514,45.55723],[-114.17993,45.5512],[-114.19269,45.53637],[-114.24801,45.54565],[-114.24771,45.52405],[-114.27061,45.48589],[-114.33311,45.45909],[-114.34491,45.45969],[-114.36061,45.47389],[-114.36841,45.49249],[-114.41569,45.50952],[-114.43888,45.53585],[-114.45665,45.54375],[-114.46043,45.56105],[-114.49807,45.55524],[-114.52597,45.57054],[-114.5494,45.56036],[-114.55893,45.56548],[-114.55814,45.58487],[-114.53802,45.6066],[-114.56354,45.63718],[-114.50754,45.65872],[-114.49923,45.67938],[-114.50766,45.68978],[-114.49531,45.70309],[-114.51088,45.72499],[-114.54466,45.74216],[-114.54597,45.75632],[-114.56606,45.77363],[-114.54458,45.79122],[-114.52951,45.81927],[-114.5144,45.82713],[-114.51478,45.84079],[-114.44325,45.86179],[-114.40918,45.85306],[-114.38813,45.88211],[-114.39495,45.90123],[-114.41306,45.91125],[-114.43105,45.93551],[-114.4046,45.95567],[-114.41178,45.97765],[-114.4561,45.9949],[-114.47839,45.99253],[-114.48665,46.00036],[-114.4737,46.01638],[-114.48013,46.0301],[-114.50621,46.03061],[-114.50473,46.0401],[-114.46745,46.06616],[-114.45994,46.09687],[-114.47431,46.11228],[-114.52067,46.12744],[-114.52484,46.14203],[-114.51066,46.16614],[-114.47822,46.16065],[-114.44582,46.1737],[-114.44593,46.22099],[-114.4518,46.24102],[-114.46815,46.24857],[-114.47037,46.26709],[-114.44122,46.27357],[-114.42548,46.28767],[-114.43337,46.30527],[-114.41365,46.33572],[-114.41057,46.36044],[-114.42235,46.38687],[-114.38742,46.40987],[-114.38317,46.43159],[-114.37278,46.4359],[-114.38314,46.45053],[-114.38294,46.46617],[-114.39996,46.47695],[-114.40329,46.49818],[-114.35242,46.50749],[-114.34196,46.51945],[-114.3491,46.52928],[-114.34708,46.55062],[-114.33123,46.57755],[-114.34228,46.58856],[-114.32241,46.61084],[-114.32445,46.65335],[-114.35948,46.66885],[-114.42432,46.66042],[-114.45313,46.64904],[-114.46447,46.63373],[-114.54403,46.64761],[-114.5803,46.6346],[-114.61066,46.63756],[-114.61461,46.65503],[-114.63578,46.65948],[-114.64144,46.67949],[-114.62354,46.69093],[-114.62212,46.70824],[-114.64665,46.73025],[-114.69576,46.7401],[-114.7161,46.71426],[-114.74056,46.71166],[-114.7501,46.69791],[-114.76601,46.69702],[-114.78746,46.71494],[-114.76707,46.7386],[-114.76535,46.75791],[-114.78899,46.77956],[-114.82961,46.78297],[-114.86478,46.81417],[-114.89059,46.80369],[-114.89957,46.8226],[-114.9268,46.83344],[-114.92996,46.8552],[-114.94826,46.86001],[-114.93294,46.87533],[-114.9367,46.89715],[-114.9244,46.91785],[-114.9606,46.93001],[-115.00127,46.9719],[-115.02839,46.97566],[-115.04786,46.96953],[-115.08804,47.04588],[-115.10436,47.04778],[-115.12854,47.067],[-115.14368,47.10104],[-115.17217,47.10715],[-115.20289,47.13976],[-115.24311,47.15073],[-115.26242,47.18169],[-115.30039,47.18791],[-115.292,47.20963],[-115.29878,47.2255],[-115.32443,47.24575],[-115.3193,47.2544],[-115.33915,47.26226],[-115.40734,47.26414],[-115.42063,47.27595],[-115.45293,47.27743],[-115.4687,47.28629],[-115.48038,47.28164],[-115.52875,47.30268],[-115.53978,47.32764],[-115.55047,47.33426],[-115.54891,47.34703],[-115.57643,47.35709],[-115.57699,47.3666],[-115.61714,47.38229],[-115.64241,47.37765],[-115.6573,47.40021],[-115.71308,47.41595],[-115.72107,47.42481],[-115.75922,47.42376],[-115.74756,47.44193],[-115.71809,47.4519],[-115.64901,47.45622],[-115.62949,47.47961],[-115.66002,47.47805],[-115.66729,47.48823],[-115.68543,47.4846],[-115.71079,47.51628],[-115.70988,47.52355],[-115.69592,47.52794],[-115.75238,47.54339],[-115.75514,47.55153],[-115.70504,47.58053],[-115.69284,47.59939],[-115.69444,47.62376],[-115.72986,47.64192],[-115.73616,47.65453],[-115.72277,47.69531],[-115.75882,47.719],[-115.77369,47.71771],[-115.78339,47.72908],[-115.78148,47.74391],[-115.79688,47.75646],[-115.83165,47.75556],[-115.84738,47.785],[-115.85176,47.82694],[-115.87104,47.83521],[-115.88141,47.84944],[-115.9014,47.8431],[-115.91597,47.85345],[-116.03039,47.97262],[-116.04911,47.97684],[-116.04905,48.48102]]]}}]}