fips,state_fips,county_name,state_name,annual_total_change,annual_natural_change,annual_births,annual_deaths,annual_net_migration_total,annual_international_migration,annual_domestic_migration,cumulative_total_change,cumulative_natural_change,cumulative_births,cumulative_deaths,cumulative_net_migration_total,cumulative_international_migration,cumulative_domestic_migration
01001,01,Autauga County,Alabama,444,131,730,599,311,66,245,3115,421,3781,3360,2644,359,2285
01003,01,Baldwin County,Alabama,6109,-272,2477,2749,6416,404,6012,35983,-1926,12900,14826,37768,3245,34523
01005,01,Barbour County,Alabama,87,-52,267,319,139,66,73,-618,-388,1403,1791,-190,268,-458
01007,01,Bibb County,Alabama,37,-59,239,298,95,23,72,-23,-294,1273,1567,268,73,195
01009,01,Blount County,Alabama,-17,-90,680,770,69,-12,81,1031,-751,3514,4265,1727,145,1582
01011,01,Bullock County,Alabama,-83,-58,100,158,-26,7,-33,-577,-246,534,780,-317,60,-377
01013,01,Butler County,Alabama,-176,-109,190,299,-68,14,-82,-944,-520,1056,1576,-425,69,-494
01015,01,Calhoun County,Alabama,-469,-442,1247,1689,-32,37,-69,-605,-2493,6750,9243,1831,334,1497
01017,01,Chambers County,Alabama,-56,-98,402,500,40,49,-9,-443,-639,2111,2750,181,759,-578
01019,01,Cherokee County,Alabama,325,-213,198,411,537,26,511,1432,-1103,1153,2256,2495,125,2370
01021,01,Chilton County,Alabama,344,17,608,591,327,137,190,2702,-165,3025,3190,2821,593,2228
01023,01,Choctaw County,Alabama,-186,-105,89,194,-81,-3,-78,-763,-427,624,1051,-334,3,-337
01025,01,Clarke County,Alabama,-113,-91,251,342,-23,3,-26,-1072,-525,1421,1946,-546,14,-560
01027,01,Clay County,Alabama,-5,-52,153,205,47,-2,49,-33,-351,806,1157,317,-1,318
01029,01,Cleburne County,Alabama,132,-92,160,252,227,-5,232,918,-381,894,1275,1276,13,1263
01031,01,Coffee County,Alabama,471,39,651,612,435,84,351,3486,83,3529,3446,3371,779,2592
01033,01,Colbert County,Alabama,401,-134,665,799,538,124,414,2243,-886,3434,4320,3103,484,2619
01035,01,Conecuh County,Alabama,-146,-125,108,233,-20,4,-24,-698,-546,618,1164,-152,27,-179
01037,01,Coosa County,Alabama,-123,-98,69,167,-23,-3,-20,-231,-467,423,890,246,-9,255
01039,01,Covington County,Alabama,-19,-155,445,600,134,0,134,383,-1112,2305,3417,1471,62,1409
01041,01,Crenshaw County,Alabama,36,-24,186,210,60,34,26,-29,-271,893,1164,245,127,118
01043,01,Cullman County,Alabama,1238,-125,1061,1186,1370,48,1322,6161,-1117,5360,6477,7287,298,6989
01045,01,Dale County,Alabama,-112,32,644,612,-143,13,-156,585,80,3474,3394,477,252,225
01047,01,Dallas County,Alabama,-444,-88,425,513,-353,81,-434,-3325,-756,2270,3026,-2558,332,-2890
01049,01,DeKalb County,Alabama,504,-14,850,864,516,210,306,2465,-706,4351,5057,3139,1122,2017
01051,01,Elmore County,Alabama,526,-51,920,971,579,13,566,3601,-413,4820,5233,3997,260,3737
01053,01,Escambia County,Alabama,-8,-139,398,537,133,-9,142,-102,-802,2224,3026,684,21,663
01055,01,Etowah County,Alabama,411,-294,1166,1460,701,72,629,463,-2508,6094,8602,2896,588,2308
01057,01,Fayette County,Alabama,-49,-89,165,254,39,-4,43,-454,-525,903,1428,68,-9,77
01059,01,Franklin County,Alabama,260,0,432,432,259,141,118,331,-166,2215,2381,483,897,-414
01061,01,Geneva County,Alabama,223,-140,302,442,366,42,324,896,-871,1549,2420,1745,240,1505
01063,01,Greene County,Alabama,-69,-44,81,125,-26,-1,-25,-665,-228,461,689,-439,-1,-438
01065,01,Hale County,Alabama,48,2,199,197,46,0,46,409,-121,1060,1181,519,2,517
01067,01,Henry County,Alabama,160,-76,183,259,237,27,210,1250,-430,929,1359,1682,87,1595
01069,01,Houston County,Alabama,611,21,1295,1274,581,132,449,3114,-433,6807,7240,3454,944,2510
01071,01,Jackson County,Alabama,346,-214,577,791,565,28,537,1712,-1561,2965,4526,3238,211,3027
01073,01,Jefferson County,Alabama,-843,323,7978,7655,-1173,1802,-2975,-8588,-1272,41549,42821,-7408,9772,-17180
01075,01,Lamar County,Alabama,34,-68,142,210,104,-2,106,-379,-393,807,1200,27,-3,30
01077,01,Lauderdale County,Alabama,-163,-336,930,1266,165,53,112,3569,-1916,4896,6812,5497,385,5112
01079,01,Lawrence County,Alabama,192,-98,357,455,291,3,288,772,-721,1906,2627,1464,49,1415
01081,01,Lee County,Alabama,2099,539,1877,1338,1533,844,689,15544,2752,9985,7233,12636,4579,8057
01083,01,Limestone County,Alabama,3877,222,1322,1100,3697,65,3632,19365,632,6484,5852,18629,887,17742
01085,01,Lowndes County,Alabama,-158,-77,114,191,-79,1,-80,-957,-371,615,986,-572,16,-588
01087,01,Macon County,Alabama,-143,-31,172,203,-110,26,-136,-1399,-416,880,1296,-958,126,-1084
01089,01,Madison County,Alabama,10445,659,4565,3906,9872,1153,8719,45358,2779,23475,20696,42495,6334,36161
01091,01,Marengo County,Alabama,-159,-123,186,309,-35,28,-63,-1010,-561,1088,1649,-436,125,-561
01093,01,Marion County,Alabama,-261,-121,329,450,-138,12,-150,-246,-782,1685,2467,529,81,448
01095,01,Marshall County,Alabama,677,177,1475,1298,490,267,223,5932,673,7821,7148,5141,2233,2908
01097,01,Mobile County,Alabama,-535,127,5048,4921,-676,320,-996,-3154,-496,26617,27113,-2680,2477,-5157
01099,01,Monroe County,Alabama,-124,-74,213,287,-50,4,-54,-807,-475,1148,1623,-337,17,-354
01101,01,Montgomery County,Alabama,2,426,2800,2374,-427,864,-1291,-3062,1896,15345,13449,-4905,4621,-9526
01103,01,Morgan County,Alabama,235,35,1515,1480,193,232,-39,3044,-669,7749,8418,3637,1620,2017
01105,01,Perry County,Alabama,-201,-78,73,151,-121,15,-136,-1087,-330,459,789,-779,42,-821
01107,01,Pickens County,Alabama,-248,-85,190,275,-162,7,-169,-906,-574,966,1540,-319,77,-396
01109,01,Pike County,Alabama,489,14,373,359,477,93,384,685,-121,1935,2056,796,423,373
01111,01,Randolph County,Alabama,97,-104,241,345,201,2,199,1192,-514,1316,1830,1700,63,1637
01113,01,Russell County,Alabama,-61,-228,518,746,166,26,140,-272,-332,3678,4010,87,262,-175
01115,01,St. Clair County,Alabama,1160,-96,1060,1156,1258,11,1247,6702,-940,5381,6321,7579,136,7443
01117,01,Shelby County,Alabama,2746,565,2391,1826,2181,464,1717,15521,2454,12284,9830,13153,2866,10287
01119,01,Sumter County,Alabama,-41,-54,98,152,15,2,13,-759,-220,626,846,-503,49,-552
01121,01,Talladega County,Alabama,122,-255,832,1087,376,41,335,-534,-1645,4543,6188,1173,262,911
01123,01,Tallapoosa County,Alabama,61,-188,405,593,248,22,226,-362,-1190,2125,3315,814,193,621
01125,01,Tuscaloosa County,Alabama,488,561,2512,1951,-96,663,-759,13235,2053,13143,11090,12270,2970,9300
01127,01,Walker County,Alabama,23,-308,805,1113,332,65,267,-211,-2088,4132,6220,1851,401,1450
01129,01,Washington County,Alabama,-150,-51,169,220,-96,-1,-95,-569,-232,945,1177,-329,1,-330
01131,01,Wilcox County,Alabama,-224,-55,110,165,-168,5,-173,-936,-278,606,884,-665,39,-704
01133,01,Winston County,Alabama,-41,-105,267,372,64,13,51,272,-722,1327,2049,991,126,865
02013,02,Aleutians East Borough,Alaska,15,-3,11,14,16,73,-57,60,-4,67,71,52,325,-273
02016,02,Aleutians West Census Area,Alaska,67,-2,17,19,66,118,-52,8,15,115,100,-4,565,-569
02020,02,Anchorage Municipality,Alaska,-214,1365,3572,2207,-1581,1136,-2717,-4087,7067,18957,11890,-11134,5693,-16827
02050,02,Bethel Census Area,Alaska,26,247,377,130,-221,8,-229,-274,1308,2077,769,-1601,153,-1754
02060,02,Bristol Bay Borough,Alaska,-18,-4,8,12,-12,17,-29,6,-1,46,47,6,50,-44
02063,02,Chugach Census Area,Alaska,-31,8,44,36,-40,1,-41,-554,92,349,257,-647,31,-678
02066,02,Copper River Census Area,Alaska,-17,0,34,34,-16,1,-17,52,24,143,119,27,0,27
02068,02,Denali Borough,Alaska,26,6,14,8,20,0,20,-7,50,90,40,-55,22,-77
02070,02,Dillingham Census Area,Alaska,-106,16,65,49,-120,10,-130,-374,121,385,264,-491,47,-538
02090,02,Fairbanks North Star Borough,Alaska,-652,620,1252,632,-1261,186,-1447,-1693,3747,7049,3302,-5392,929,-6321
02100,02,Haines Borough,Alaska,0,-4,13,17,4,1,3,-16,-3,96,99,-13,15,-28
02105,02,Hoonah-Angoon Census Area,Alaska,-23,-6,21,27,-19,0,-19,-90,-21,110,131,-75,6,-81
02110,02,Juneau City and Borough,Alaska,23,71,291,220,-52,97,-149,-646,337,1498,1161,-992,363,-1355
02122,02,Kenai Peninsula Borough,Alaska,505,115,582,467,392,21,371,3154,629,3298,2669,2523,147,2376
02130,02,Ketchikan Gateway Borough,Alaska,-100,10,123,113,-110,36,-146,-405,85,675,590,-489,152,-641
02150,02,Kodiak Island Borough,Alaska,-18,45,132,87,-64,79,-143,-711,322,768,446,-1033,418,-1451
02158,02,Kusilvak Census Area,Alaska,-24,146,216,70,-169,0,-169,-432,790,1169,379,-1231,1,-1232
02164,02,Lake and Peninsula Borough,Alaska,47,9,21,12,38,5,33,-115,41,111,70,-156,14,-170
02170,02,Matanuska-Susitna Borough,Alaska,1412,490,1323,833,922,38,884,11593,2571,7077,4506,9059,264,8795
02180,02,Nome Census Area,Alaska,25,85,174,89,-57,17,-74,-216,454,929,475,-670,52,-722
02185,02,North Slope Borough,Alaska,-36,48,115,67,-87,25,-112,-450,304,651,347,-765,125,-890
02188,02,Northwest Arctic Borough,Alaska,-55,63,130,67,-118,-1,-117,-699,364,747,383,-1062,-5,-1057
02195,02,Petersburg Borough,Alaska,-24,0,25,25,-23,10,-33,-2,7,152,145,-6,70,-76
02198,02,Prince of Wales-Hyder Census Area,Alaska,41,-13,51,64,55,7,48,19,-36,320,356,51,20,31
02220,02,Sitka City and Borough,Alaska,-65,16,89,73,-81,26,-107,-135,83,443,360,-209,109,-318
02230,02,Skagway Municipality,Alaska,8,-5,4,9,14,5,9,-136,-10,34,44,-125,19,-144
02240,02,Southeast Fairbanks Census Area,Alaska,33,30,93,63,2,26,-24,461,217,524,307,246,120,126
02275,02,Wrangell City and Borough,Alaska,-31,-15,14,29,-13,4,-17,-118,-46,92,138,-70,10,-80
02282,02,Yakutat City and Borough,Alaska,-9,-4,3,7,-5,0,-5,10,-4,21,25,18,2,16
02290,02,Yukon-Koyukuk Census Area,Alaska,-72,-26,53,79,-46,13,-59,-316,-98,301,399,-218,97,-315
04001,04,Apache County,Arizona,-250,-138,771,909,-116,88,-204,-1600,-1412,3990,5402,-222,363,-585
04003,04,Cochise County,Arizona,1133,-316,1244,1560,1453,68,1385,892,-2131,6502,8633,2983,978,2005
04005,04,Coconino County,Arizona,-290,245,1321,1076,-553,326,-879,-743,1066,6873,5807,-1807,1650,-3457
04007,04,Gila County,Arizona,-325,-434,452,886,113,-23,136,533,-2510,2397,4907,3056,28,3028
04009,04,Graham County,Arizona,-82,116,464,348,-195,33,-228,1619,463,2471,2008,1081,141,940
04011,04,Greenlee County,Arizona,-22,24,103,79,-47,31,-78,-252,126,574,448,-369,143,-512
04012,04,La Paz County,Arizona,41,-216,160,376,252,70,182,157,-1207,825,2032,1324,393,931
04013,04,Maricopa County,Arizona,35411,11904,50787,38883,23073,22132,941,264256,51454,263323,211869,213387,117913,95474
04015,04,Mohave County,Arizona,1840,-2247,1685,3932,4096,-79,4175,14841,-12640,9019,21659,27421,422,26999
04017,04,Navajo County,Arizona,383,-110,1260,1370,492,96,396,3234,-1692,6538,8230,4924,396,4528
04019,04,Pima County,Arizona,1229,-1721,9984,11705,2889,3239,-350,31254,-10627,52268,62895,41221,18320,22901
04021,04,Pinal County,Arizona,23654,1265,5428,4163,22473,1158,21315,113387,3910,26865,22955,109506,9845,99661
04023,04,Santa Cruz County,Arizona,255,248,607,359,6,167,-161,2351,937,3016,2079,1398,1499,-101
04025,04,Yavapai County,Arizona,1356,-1960,1786,3746,3353,75,3278,16342,-10803,9155,19958,27466,1220,26246
04027,04,Yuma County,Arizona,3061,989,2874,1885,2037,838,1199,19443,4307,15064,10757,14907,10339,4568
05001,05,Arkansas County,Arkansas,-256,-77,198,275,-179,-3,-176,-1310,-517,1033,1550,-776,14,-790
05003,05,Ashley County,Arkansas,-193,-94,164,258,-99,4,-103,-1229,-553,965,1518,-655,11,-666
05005,05,Baxter County,Arkansas,123,-476,359,835,599,-26,625,1348,-2648,1832,4480,3995,-38,4033
05007,05,Benton County,Arkansas,10553,1672,3949,2277,8926,1591,7335,48221,7726,20116,12390,40385,7711,32674
05009,05,Boone County,Arkansas,97,-183,424,607,282,-4,286,1256,-928,2137,3065,2194,19,2175
05011,05,Bradley County,Arkansas,-169,-26,116,142,-141,-9,-132,-724,-215,598,813,-506,42,-548
05013,05,Calhoun County,Arkansas,-45,-37,46,83,-8,0,-8,-111,-192,248,440,85,-1,86
05015,05,Carroll County,Arkansas,174,-42,329,371,218,4,214,1002,-265,1713,1978,1255,252,1003
05017,05,Chicot County,Arkansas,-215,-87,85,172,-126,-6,-120,-1101,-466,471,937,-641,-10,-631
05019,05,Clark County,Arkansas,-14,-52,226,278,36,-12,48,-521,-274,1224,1498,-252,-8,-244
05021,05,Clay County,Arkansas,-26,-107,139,246,81,3,78,-501,-543,783,1326,52,10,42
05023,05,Cleburne County,Arkansas,31,-195,231,426,224,1,223,955,-1099,1174,2273,2037,9,2028
05025,05,Cleveland County,Arkansas,-151,-52,73,125,-99,3,-102,-325,-276,383,659,-51,8,-59
05027,05,Columbia County,Arkansas,-120,-59,232,291,-62,2,-64,-906,-348,1296,1644,-544,65,-609
05029,05,Conway County,Arkansas,5,-101,220,321,106,1,105,683,-497,1131,1628,1178,73,1105
05031,05,Craighead County,Arkansas,579,464,1575,1111,103,167,-64,5715,1958,8014,6056,3719,737,2982
05033,05,Crawford County,Arkansas,401,-102,673,775,502,90,412,2517,-588,3632,4220,3055,550,2505
05035,05,Crittenden County,Arkansas,-579,-37,581,618,-536,19,-555,-1951,-29,3325,3354,-1881,206,-2087
05037,05,Cross County,Arkansas,-118,-56,176,232,-60,142,-202,-648,-352,947,1299,-291,368,-659
05039,05,Dallas County,Arkansas,-98,-39,68,107,-59,-2,-57,-468,-266,325,591,-199,-8,-191
05041,05,Desha County,Arkansas,-321,-44,115,159,-273,-7,-266,-1409,-281,592,873,-1124,14,-1138
05043,05,Drew County,Arkansas,66,-28,199,227,93,13,80,-299,-182,1049,1231,-117,72,-189
05045,05,Faulkner County,Arkansas,1812,362,1504,1142,1448,116,1332,10479,1685,7797,6112,8691,999,7692
05047,05,Franklin County,Arkansas,123,-68,202,270,192,-10,202,631,-402,1011,1413,1020,-12,1032
05049,05,Fulton County,Arkansas,-62,-118,123,241,58,-3,61,420,-605,622,1227,1009,-3,1012
05051,05,Garland County,Arkansas,-215,-652,975,1627,432,52,380,-479,-3568,5120,8688,3092,533,2559
05053,05,Grant County,Arkansas,159,-30,208,238,190,4,186,797,-267,1052,1319,1062,31,1031
05055,05,Greene County,Arkansas,391,44,615,571,347,-1,348,1682,-42,3009,3051,1728,53,1675
05057,05,Hempstead County,Arkansas,-174,-77,216,293,-96,14,-110,-992,-223,1296,1519,-758,154,-912
05059,05,Hot Spring County,Arkansas,157,-190,311,501,350,-11,361,402,-1060,1606,2666,1451,4,1447
05061,05,Howard County,Arkansas,-190,-55,126,181,-131,10,-141,-482,-157,806,963,-327,88,-415
05063,05,Independence County,Arkansas,216,-7,484,491,224,-1,225,853,-245,2425,2670,1109,168,941
05065,05,Izard County,Arkansas,106,-94,129,223,201,-8,209,826,-597,629,1226,1442,-16,1458
05067,05,Jackson County,Arkansas,103,-76,164,240,179,10,169,-14,-494,834,1328,476,35,441
05069,05,Jefferson County,Arkansas,-618,-189,695,884,-427,56,-483,-4267,-1156,3787,4943,-3089,368,-3457
05071,05,Johnson County,Arkansas,-22,-41,292,333,20,28,-8,478,-217,1548,1765,706,181,525
05073,05,Lafayette County,Arkansas,-168,-56,54,110,-111,0,-111,-418,-265,312,577,-144,36,-180
05075,05,Lawrence County,Arkansas,73,-110,198,308,186,4,182,48,-482,992,1474,550,27,523
05077,05,Lee County,Arkansas,-109,-57,77,134,-53,-1,-52,-620,-317,427,744,-299,18,-317
05079,05,Lincoln County,Arkansas,-98,-70,105,175,-29,-5,-24,-176,-381,540,921,218,-4,222
05081,05,Little River County,Arkansas,64,-83,105,188,149,-1,150,-266,-365,659,1024,115,-3,118
05083,05,Logan County,Arkansas,102,-88,224,312,190,-5,195,501,-546,1229,1775,1036,14,1022
05085,05,Lonoke County,Arkansas,274,33,854,821,233,2,231,2645,125,4487,4362,2498,244,2254
05087,05,Madison County,Arkansas,348,32,238,206,319,1,318,1881,30,1172,1142,1837,103,1734
05089,05,Marion County,Arkansas,18,-155,112,267,175,5,170,772,-875,642,1517,1633,11,1622
05091,05,Miller County,Arkansas,-3,-166,391,557,160,-38,198,-239,-576,2489,3065,320,-34,354
05093,05,Mississippi County,Arkansas,-346,-23,493,516,-324,84,-408,-2853,-335,2682,3017,-2486,269,-2755
05095,05,Monroe County,Arkansas,-125,-59,64,123,-65,8,-73,-550,-301,381,682,-240,24,-264
05097,05,Montgomery County,Arkansas,24,-41,92,133,66,1,65,100,-332,449,781,450,10,440
05099,05,Nevada County,Arkansas,-84,-41,82,123,-43,-2,-41,-372,-246,422,668,-120,-7,-113
05101,05,Newton County,Arkansas,-16,-25,77,102,10,-3,13,-198,-254,367,621,60,-5,65
05103,05,Ouachita County,Arkansas,-125,-79,281,360,-47,-3,-44,-919,-560,1393,1953,-362,19,-381
05105,05,Perry County,Arkansas,38,-31,109,140,68,2,66,293,-215,525,740,493,22,471
05107,05,Phillips County,Arkansas,-300,-69,201,270,-228,57,-285,-2259,-391,1092,1483,-1851,183,-2034
05109,05,Pike County,Arkansas,-91,-69,110,179,-22,10,-32,-201,-319,585,904,119,49,70
05111,05,Poinsett County,Arkansas,165,-70,282,352,240,-6,246,-480,-506,1520,2026,27,61,-34
05113,05,Polk County,Arkansas,51,-103,206,309,156,-5,161,265,-598,1081,1679,862,28,834
05115,05,Pope County,Arkansas,310,13,680,667,295,25,270,1588,-56,3637,3693,1608,336,1272
05117,05,Prairie County,Arkansas,-40,-46,77,123,7,8,-1,-360,-332,391,723,-21,19,-40
05119,05,Pulaski County,Arkansas,1217,541,4807,4266,651,1246,-595,5501,2503,25627,23124,2903,6634,-3731
05121,05,Randolph County,Arkansas,-68,-47,236,283,-23,2,-25,303,-233,1245,1478,549,86,463
05123,05,St. Francis County,Arkansas,-139,5,277,272,-142,53,-195,-1292,-136,1478,1614,-1151,217,-1368
05125,05,Saline County,Arkansas,1519,-46,1407,1453,1569,210,1359,9864,-403,7235,7638,10199,1277,8922
05127,05,Scott County,Arkansas,99,-53,106,159,154,-1,155,133,-288,599,887,418,4,414
05129,05,Searcy County,Arkansas,4,-57,70,127,62,1,61,15,-307,389,696,325,4,321
05131,05,Sebastian County,Arkansas,318,57,1560,1503,250,180,70,2842,-121,8147,8268,2875,1319,1556
05133,05,Sevier County,Arkansas,-89,1,185,184,-91,-6,-85,-82,74,1097,1023,-150,113,-263
05135,05,Sharp County,Arkansas,20,-142,165,307,163,-2,165,852,-688,908,1596,1546,7,1539
05137,05,Stone County,Arkansas,-28,-119,110,229,91,-11,102,347,-596,605,1201,931,-29,960
05139,05,Union County,Arkansas,-195,-61,473,534,-134,33,-167,-2133,-599,2408,3007,-1537,217,-1754
05141,05,Van Buren County,Arkansas,11,-118,146,264,128,-2,130,441,-689,752,1441,1098,31,1067
05143,05,Washington County,Arkansas,3843,1359,3346,1987,2451,1363,1088,25366,6491,16996,10505,18737,7337,11400
05145,05,White County,Arkansas,957,-116,899,1015,1080,11,1069,3260,-867,4583,5450,4044,216,3828
05147,05,Woodruff County,Arkansas,-83,-52,61,113,-29,0,-29,-560,-249,324,573,-308,0,-308
05149,05,Yell County,Arkansas,-147,-64,232,296,-82,28,-110,-306,-303,1247,1550,-2,234,-236
06001,06,Alameda County,California,6,5593,16073,10480,-5587,10373,-15960,-45616,29794,86962,57168,-74335,70599,-144934
06003,06,Alpine County,California,-43,-11,3,14,-32,1,-33,-135,-74,29,103,-59,9,-68
06005,06,Amador County,California,-98,-202,303,505,105,24,81,1389,-1137,1614,2751,2566,142,2424
06007,06,Butte County,California,625,-232,1985,2217,833,329,504,-2418,-1890,10462,12352,-215,1677,-1892
06009,06,Calaveras County,California,109,-176,366,542,291,4,287,1320,-1081,1939,3020,2453,102,2351
06011,06,Colusa County,California,-180,51,247,196,-233,-46,-187,1,377,1398,1021,-399,144,-543
06013,06,Contra Costa County,California,536,2868,11195,8327,-2390,4331,-6721,4035,14796,60359,45563,-11964,32655,-44619
06015,06,Del Norte County,California,-549,-157,232,389,-390,-20,-370,-1339,-628,1359,1987,-767,-12,-755
06017,06,El Dorado County,California,-48,-356,1400,1756,307,167,140,1134,-1796,7773,9569,3070,1249,1821
06019,06,Fresno County,California,1758,5384,13109,7725,-3687,861,-4548,26795,26718,70910,44192,-512,24215,-24727
06021,06,Glenn County,California,-179,17,319,302,-195,17,-212,-769,159,1800,1641,-936,319,-1255
06023,06,Humboldt County,California,-677,-421,1028,1449,-261,35,-296,-4815,-1983,5987,7970,-2819,491,-3310
06025,06,Imperial County,California,-1360,1054,2278,1224,-2401,-173,-2228,1706,4641,12281,7640,-2970,4133,-7103
06027,06,Inyo County,California,-144,-101,129,230,-43,11,-54,-862,-453,782,1235,-412,57,-469
06029,06,Kern County,California,2420,4322,11588,7266,-2000,628,-2628,17841,22905,63530,40625,-4942,12907,-17849
06031,06,Kings County,California,208,1083,2042,959,-877,205,-1082,1847,5360,10994,5634,-3580,1745,-5325
06033,06,Lake County,California,-108,-348,600,948,241,36,205,-390,-1552,3432,4984,1228,491,737
06035,06,Lassen County,California,-476,-21,230,251,-451,51,-502,-4612,-110,1446,1556,-4618,224,-4842
06037,06,Los Angeles County,California,-53934,22581,91048,68467,-76146,29325,-105471,-322480,97483,491647,394164,-413525,279571,-693096
06039,06,Madera County,California,1795,963,2172,1209,830,-33,863,11669,4200,11159,6959,7562,1590,5972
06041,06,Marin County,California,-2010,28,2172,2144,-2026,738,-2764,-8618,227,11570,11343,-8920,6230,-15150
06043,06,Mariposa County,California,-30,-73,149,222,43,36,7,-215,-415,779,1194,200,215,-15
06045,06,Mendocino County,California,-817,-152,746,898,-661,80,-741,-3463,-900,4254,5154,-2608,958,-3566
06047,06,Merced County,California,453,1591,3625,2034,-1165,145,-1310,14803,8276,19666,11390,6457,4543,1914
06049,06,Modoc County,California,-109,-86,50,136,-24,25,-49,-281,-319,389,708,39,137,-98
06051,06,Mono County,California,-187,38,111,73,-225,11,-236,-694,263,613,350,-991,276,-1267
06053,06,Monterey County,California,282,2440,5277,2837,-2176,521,-2697,-7293,13055,28599,15544,-20835,6939,-27774
06055,06,Napa County,California,-166,-7,1242,1249,-167,46,-213,-5074,-377,6364,6741,-4730,1580,-6310
06057,06,Nevada County,California,-235,-387,753,1140,149,39,110,-323,-1996,4138,6134,1849,363,1486
06059,06,Orange County,California,-8520,7721,29899,22178,-16196,9161,-25357,-37772,36400,159088,122688,-74117,74388,-148505
06061,06,Placer County,California,7802,50,3743,3693,7823,749,7074,37314,-213,19627,19840,37715,5624,32091
06063,06,Plumas County,California,-190,-133,119,252,-59,19,-78,-1211,-583,761,1344,-623,110,-733
06065,06,Riverside County,California,15804,7080,26329,19249,8568,810,7758,124954,31639,141093,109454,92865,29824,63041
06067,06,Sacramento County,California,8563,4381,17345,12964,4086,7583,-3497,33433,23081,93642,70561,9029,52502,-43473
06069,06,San Benito County,California,997,343,751,408,660,-20,680,5877,1865,4154,2289,4104,305,3799
06071,06,San Bernardino County,California,5327,8780,24759,15979,-3739,1222,-4961,42438,41662,134777,93115,-888,31181,-32069
06073,06,San Diego County,California,-5294,12462,35413,22951,-17744,6132,-23876,-16400,62921,191090,128169,-77354,57980,-135334
06075,06,San Francisco County,California,5134,574,6845,6271,4530,4667,-137,-52471,3776,37500,33724,-50262,33435,-83697
06077,06,San Joaquin County,California,6666,3401,9506,6105,3176,2735,441,44581,16691,50869,34178,27893,21859,6034
06079,06,San Luis Obispo County,California,214,-164,2452,2616,367,86,281,-73,-1008,12768,13776,808,1820,-1012
06081,06,San Mateo County,California,2941,2279,7131,4852,627,4737,-4110,-20940,12212,38516,26304,-32120,34607,-66727
06083,06,Santa Barbara County,California,-1016,2151,5482,3331,-3156,688,-3844,-6149,10709,28862,18153,-16448,8016,-24464
06085,06,Santa Clara County,California,6481,7608,18209,10601,-1117,18658,-19775,-21883,40266,98480,58214,-59186,116450,-175636
06087,06,Santa Cruz County,California,-2565,78,2009,1931,-2630,71,-2701,-13311,1118,11345,10227,-13980,2019,-15999
06089,06,Shasta County,California,256,-493,1783,2276,749,205,544,-804,-3464,9482,12946,2725,1265,1460
06091,06,Sierra County,California,-23,-26,18,44,4,0,4,-134,-126,102,228,-2,10,-12
06093,06,Siskiyou County,California,-477,-281,320,601,-198,19,-217,-2063,-1408,1976,3384,-646,139,-785
06095,06,Solano County,California,300,750,4605,3855,-474,790,-1264,1820,4580,25069,20489,-2712,8428,-11140
06097,06,Sonoma County,California,1081,50,4329,4279,988,474,514,-2416,-137,23174,23311,-2112,6335,-8447
06099,06,Stanislaus County,California,347,2007,6693,4686,-1701,724,-2425,4435,10115,36582,26467,-6054,9060,-15114
06101,06,Sutter County,California,-146,322,1205,883,-470,284,-754,-845,1544,6410,4866,-2441,2661,-5102
06103,06,Tehama County,California,-102,-17,731,748,-89,-35,-54,-1247,-448,3880,4328,-790,277,-1067
06105,06,Trinity County,California,23,-71,90,161,96,-1,97,-396,-392,516,908,12,-11,23
06107,06,Tulare County,California,1295,3204,6641,3437,-1956,-208,-1748,12028,15274,34926,19652,-3719,4405,-8124
06109,06,Tuolumne County,California,-1025,-253,439,692,-766,9,-775,-2452,-1697,2286,3983,-805,114,-919
06111,06,Ventura County,California,-2580,1786,8348,6562,-4387,604,-4991,-13507,8951,44433,35482,-22939,9104,-32043
06113,06,Yolo County,California,1150,488,1893,1405,647,1304,-657,6539,2320,10044,7724,3721,7678,-3957
06115,06,Yuba County,California,1250,355,1073,718,900,44,856,7118,2113,5928,3815,4984,678,4306
08001,08,Adams County,Colorado,5411,3356,6730,3374,1976,1593,383,35088,14545,33349,18804,20049,17253,2796
08003,08,Alamosa County,Colorado,-3,-2,175,177,0,15,-15,310,40,984,944,274,155,119
08005,08,Arapahoe County,Colorado,-1940,3332,8005,4673,-5238,4621,-9859,18735,15242,40295,25053,2983,34941,-31958
08007,08,Archuleta County,Colorado,172,-33,111,144,209,11,198,950,-162,577,739,1122,54,1068
08009,08,Baca County,Colorado,-39,-18,37,55,-21,12,-33,-159,-144,187,331,-17,42,-59
08011,08,Bent County,Colorado,-29,-35,39,74,6,-2,8,73,-189,208,397,278,-4,282
08013,08,Boulder County,Colorado,-925,244,2388,2144,-1184,1064,-2248,-2201,1379,12698,11319,-3300,6850,-10150
08014,08,Broomfield County,Colorado,771,174,685,511,588,302,286,5071,782,3415,2633,4288,1418,2870
08015,08,Chaffee County,Colorado,35,-22,173,195,56,1,55,1356,-177,845,1022,1471,57,1414
08017,08,Cheyenne County,Colorado,21,-2,19,21,24,-1,25,-36,-34,94,128,1,27,-26
08019,08,Clear Creek County,Colorado,-29,-12,54,66,-16,-1,-15,-370,-89,262,351,-263,10,-273
08021,08,Conejos County,Colorado,5,-2,102,104,8,-4,12,65,-48,533,581,122,-7,129
08023,08,Costilla County,Colorado,6,-33,33,66,39,-2,41,185,-125,178,303,314,-3,317
08025,08,Crowley County,Colorado,29,-23,29,52,55,3,52,-250,-176,148,324,-31,5,-36
08027,08,Custer County,Colorado,23,7,55,48,16,1,15,883,-36,247,283,922,6,916
08029,08,Delta County,Colorado,-116,-121,306,427,5,6,-1,975,-895,1512,2407,1890,90,1800
08031,08,Denver County,Colorado,-978,4197,9287,5090,-5152,2871,-8023,25104,19508,47187,27679,5940,29751,-23811
08033,08,Dolores County,Colorado,14,-11,18,29,25,-1,26,141,-72,94,166,208,-1,209
08035,08,Douglas County,Colorado,6345,2065,4121,2056,4265,935,3330,41403,9446,20175,10729,32201,4711,27490
08037,08,Eagle County,Colorado,-344,284,471,187,-635,27,-662,-1430,1639,2598,959,-3188,1093,-4281
08039,08,Elbert County,Colorado,1190,57,272,215,1153,-3,1156,4484,250,1339,1089,4276,17,4259
08041,08,El Paso County,Colorado,4684,3405,9351,5946,1201,1037,164,25254,15958,48122,32164,8980,7773,1207
08043,08,Fremont County,Colorado,35,-290,349,639,327,-2,329,1102,-1629,1884,3513,2647,51,2596
08045,08,Garfield County,Colorado,-346,337,753,416,-681,89,-770,1788,1675,3851,2176,88,1467,-1379
08047,08,Gilpin County,Colorado,118,18,47,29,101,0,101,270,55,234,179,215,41,174
08049,08,Grand County,Colorado,213,58,146,88,153,47,106,782,193,688,495,584,291,293
08051,08,Gunnison County,Colorado,32,52,146,94,-24,8,-32,518,257,717,460,271,170,101
08053,08,Hinsdale County,Colorado,0,0,8,8,0,0,0,-31,-11,26,37,-17,0,-17
08055,08,Huerfano County,Colorado,18,-86,43,129,106,-2,108,199,-461,234,695,660,-3,663
08057,08,Jackson County,Colorado,-66,-2,10,12,-63,1,-64,-169,-21,46,67,-150,11,-161
08059,08,Jefferson County,Colorado,92,795,5667,4872,-748,1156,-1904,-2478,2046,28791,26745,-4719,7657,-12376
08061,08,Kiowa County,Colorado,9,2,21,19,7,2,5,-34,-16,91,107,-23,7,-30
08063,08,Kit Carson County,Colorado,42,-10,76,86,53,23,30,-12,-31,437,468,27,113,-86
08065,08,Lake County,Colorado,81,55,90,35,24,-2,26,120,238,457,219,-119,98,-217
08067,08,La Plata County,Colorado,-32,1,429,428,-36,-11,-25,1263,-5,2271,2276,1200,167,1033
08069,08,Larimer County,Colorado,3092,471,3136,2665,2614,564,2050,18223,1637,15902,14265,16237,3719,12518
08071,08,Las Animas County,Colorado,-120,-96,117,213,-24,25,-49,-162,-534,626,1160,366,107,259
08073,08,Lincoln County,Colorado,43,0,54,54,44,-2,46,-33,-44,266,310,22,6,16
08075,08,Logan County,Colorado,-36,-85,183,268,49,39,10,-878,-454,978,1432,-370,152,-522
08077,08,Mesa County,Colorado,1445,-161,1564,1725,1600,-38,1638,7135,-1738,7774,9512,8786,491,8295
08079,08,Mineral County,Colorado,-14,-6,7,13,-8,0,-8,45,-28,32,60,78,0,78
08081,08,Moffat County,Colorado,-182,58,166,108,-237,-14,-223,-171,112,776,664,-276,96,-372
08083,08,Montezuma County,Colorado,-16,-106,242,348,90,41,49,830,-525,1297,1822,1363,238,1125
08085,08,Montrose County,Colorado,-96,-152,407,559,53,39,14,1907,-889,2044,2933,2795,552,2243
08087,08,Morgan County,Colorado,-10,183,453,270,-193,55,-248,1196,646,2201,1555,566,1224,-658
08089,08,Otero County,Colorado,-205,-93,196,289,-110,9,-119,-1002,-512,1016,1528,-508,36,-544
08091,08,Ouray County,Colorado,92,-9,29,38,102,9,93,386,-40,153,193,438,43,395
08093,08,Park County,Colorado,-35,19,155,136,-57,6,-63,917,54,759,705,860,52,808
08095,08,Phillips County,Colorado,-34,-2,56,58,-32,17,-49,-114,-75,284,359,-40,110,-150
08097,08,Pitkin County,Colorado,-141,49,123,74,-193,5,-198,-737,290,669,379,-1091,318,-1409
08099,08,Prowers County,Colorado,-20,12,154,142,-33,34,-67,-113,10,802,792,-130,210,-340
08101,08,Pueblo County,Colorado,-885,-349,1727,2076,-535,113,-648,1110,-2787,8935,11722,3890,886,3004
08103,08,Rio Blanco County,Colorado,-109,-2,51,53,-106,8,-114,155,-23,290,313,180,222,-42
08105,08,Rio Grande County,Colorado,-56,-26,112,138,-31,-6,-25,-452,-186,609,795,-268,-12,-256
08107,08,Routt County,Colorado,-142,85,228,143,-232,57,-289,500,370,1101,731,113,515,-402
08109,08,Saguache County,Colorado,46,-7,67,74,54,0,54,359,-46,342,388,414,6,408
08111,08,San Juan County,Colorado,-8,-2,3,5,-6,-3,-3,109,-8,24,32,113,-4,117
08113,08,San Miguel County,Colorado,-65,27,63,36,-93,10,-103,-315,108,286,178,-432,72,-504
08115,08,Sedgwick County,Colorado,-24,-22,20,42,-2,3,-5,-157,-138,92,230,-18,9,-27
08117,08,Summit County,Colorado,-126,188,267,79,-320,128,-448,228,915,1347,432,-745,1366,-2111
08119,08,Teller County,Colorado,13,-45,187,232,56,25,31,48,-320,940,1260,376,147,229
08121,08,Washington County,Colorado,-16,-7,49,56,-10,4,-14,-84,-89,244,333,5,34,-29
08123,08,Weld County,Colorado,7146,2915,5181,2266,4228,371,3857,49445,12883,25095,12212,36285,4874,31411
08125,08,Yuma County,Colorado,23,34,137,103,-11,63,-74,-89,148,697,549,-246,441,-687
09110,09,Capitol Planning Region,Connecticut,4921,230,9196,8966,4636,4741,-105,16429,-1249,48599,49848,20349,27816,-7467
09120,09,Greater Bridgeport Planning Region,Connecticut,1306,974,3427,2453,317,2361,-2044,11897,4387,17949,13562,7329,16394,-9065
09130,09,Lower Connecticut River Valley Planning Region,Connecticut,264,-324,1431,1755,576,379,197,3085,-2051,7350,9401,5427,2332,3095
09140,09,Naugatuck Valley Planning Region,Connecticut,1869,140,4315,4175,1707,1532,175,13201,-503,22712,23215,13872,9896,3976
09150,09,Northeastern Connecticut Planning Region,Connecticut,469,-81,850,931,547,101,446,2782,-805,4463,5268,3567,550,3017
09160,09,Northwest Hills Planning Region,Connecticut,410,-241,914,1155,656,289,367,2227,-1646,4743,6389,3971,1547,2424
09170,09,South Central Connecticut Planning Region,Connecticut,1203,113,5538,5425,1064,2736,-1672,7995,-901,29238,30139,10078,17291,-7213
09180,09,Southeastern Connecticut Planning Region,Connecticut,844,-176,2577,2753,1000,642,358,3548,-1832,13533,15365,5684,4490,1194
09190,09,Western Connecticut Planning Region,Connecticut,2761,1648,6452,4804,1086,4753,-3667,19582,7210,33774,26564,11947,29827,-17880
10001,10,Kent County,Delaware,1910,145,2165,2020,1747,354,1393,12937,142,11190,11048,12762,2034,10728
10003,10,New Castle County,Delaware,2012,312,5759,5447,1655,2480,-825,17304,2237,31597,29360,14823,13328,1495
10005,10,Sussex County,Delaware,5907,-1011,2404,3415,6926,639,6287,39761,-5529,12267,17796,45314,4325,40989
11001,11,District of Columbia,District of Columbia,2335,2516,7336,4820,-213,3915,-4128,4101,14157,42326,28169,-6501,27402,-33903
12001,12,Alachua County,Florida,582,321,2617,2296,251,1464,-1213,11550,1208,13516,12308,10433,8258,2175
12003,12,Baker County,Florida,226,57,387,330,168,13,155,1478,189,1945,1756,1205,257,948
12005,12,Bay County,Florida,4337,260,2227,1967,4085,1075,3010,29253,-277,11047,11324,29335,6559,22776
12007,12,Bradford County,Florida,153,-7,330,337,160,22,138,7,-256,1631,1887,194,52,142
12009,12,Brevard County,Florida,7728,-2807,5398,8205,10630,1227,9403,57366,-17683,27199,44882,74786,8548,66238
12011,12,Broward County,Florida,-372,4422,20395,15973,-4573,24944,-29517,68941,16711,106664,89953,52629,149028,-96399
12013,12,Calhoun County,Florida,69,-102,106,208,170,5,165,-352,-538,617,1155,201,49,152
12015,12,Charlotte County,Florida,5756,-2042,1065,3107,7916,516,7400,30389,-11419,5511,16930,42140,3072,39068
12017,12,Citrus County,Florida,1845,-1971,1108,3079,3850,40,3810,17823,-11505,5495,17000,29280,492,28788
12019,12,Clay County,Florida,2315,130,2321,2191,2202,225,1977,21344,-492,11805,12297,21721,2164,19557
12021,12,Collier County,Florida,409,-625,3556,4181,1095,3432,-2337,41368,-4801,17754,22555,46709,23442,23267
12023,12,Columbia County,Florida,373,-221,735,956,587,84,503,4391,-1459,3880,5339,5626,794,4832
12027,12,DeSoto County,Florida,189,-58,374,432,246,135,111,3099,-305,1981,2286,3356,987,2369
12029,12,Dixie County,Florida,168,-156,158,314,326,-3,329,1281,-702,824,1526,1964,29,1935
12031,12,Duval County,Florida,8231,3315,12962,9647,4854,4753,101,67394,13093,66333,53240,53252,35963,17289
12033,12,Escambia County,Florida,1462,-147,3717,3864,1594,545,1049,11929,-2272,19391,21663,14159,5051,9108
12035,12,Flagler County,Florida,4076,-855,872,1727,4977,117,4860,24982,-4778,4415,9193,29705,1453,28252
12037,12,Franklin County,Florida,75,-82,84,166,158,15,143,579,-449,462,911,997,94,903
12039,12,Gadsden County,Florida,29,-102,474,576,129,139,-10,475,-638,2483,3121,1199,799,400
12041,12,Gilchrist County,Florida,357,-14,209,223,371,60,311,2628,-203,1068,1271,2795,378,2417
12043,12,Glades County,Florida,84,-81,74,155,165,35,130,1142,-463,367,830,1603,278,1325
12045,12,Gulf County,Florida,47,-86,119,205,133,-2,135,1745,-578,603,1181,2237,66,2171
12047,12,Hamilton County,Florida,-57,-80,122,202,24,0,24,176,-294,765,1059,543,16,527
12049,12,Hardee County,Florida,-175,61,357,296,-232,63,-295,606,244,1851,1607,343,461,-118
12051,12,Hendry County,Florida,1635,320,677,357,1319,458,861,8653,1089,3120,2031,7459,3274,4185
12053,12,Hernando County,Florida,4129,-1313,1764,3077,5511,305,5206,27191,-8312,8816,17128,35487,2051,33436
12055,12,Highlands County,Florida,1230,-820,876,1696,2061,334,1727,9888,-5349,4418,9767,15209,1932,13277
12057,12,Hillsborough County,Florida,2917,5000,17100,12100,-1999,13621,-15620,114342,21742,89012,67270,92196,82116,10080
12059,12,Holmes County,Florida,-5,-100,219,319,93,-4,97,458,-682,1043,1725,1101,6,1095
12061,12,Indian River County,Florida,1239,-1236,1256,2492,2490,280,2210,13005,-6957,6524,13481,20055,2440,17615
12063,12,Jackson County,Florida,-308,-171,555,726,-134,-2,-132,2311,-1301,2582,3883,3484,218,3266
12065,12,Jefferson County,Florida,62,-63,123,186,127,6,121,1495,-382,671,1053,1830,116,1714
12067,12,Lafayette County,Florida,69,-6,85,91,72,43,29,564,-144,408,552,695,131,564
12069,12,Lake County,Florida,12614,-1096,3915,5011,13742,1512,12230,72109,-8227,19388,27615,79757,8580,71177
12071,12,Lee County,Florida,13940,-477,7958,8435,14515,5912,8603,114780,-7146,39249,46395,122027,38538,83489
12073,12,Leon County,Florida,336,467,2741,2274,-143,1136,-1279,6843,1982,14528,12546,5012,6183,-1171
12075,12,Levy County,Florida,876,-242,474,716,1129,42,1087,5608,-1445,2263,3708,7042,398,6644
12077,12,Liberty County,Florida,58,2,88,86,57,0,57,55,-37,423,460,137,34,103
12079,12,Madison County,Florida,115,-104,189,293,223,-2,225,789,-607,986,1593,1393,100,1293
12081,12,Manatee County,Florida,9244,-899,4026,4925,10211,1793,8418,68489,-6547,19819,26366,74772,13262,61510
12083,12,Marion County,Florida,14665,-2508,3693,6201,17301,1330,15971,66768,-14889,18787,33676,81051,7582,73469
12085,12,Martin County,Florida,1070,-1046,1273,2319,2136,465,1671,7840,-5757,6647,12404,13639,3146,10493
12086,12,Miami-Dade County,Florida,-10115,8749,30011,21262,-18050,54204,-72254,100267,29653,152300,122647,70728,348819,-278091
12087,12,Monroe County,Florida,-1609,-25,705,730,-1572,359,-1931,-2465,-363,3676,4039,-2141,4060,-6201
12089,12,Nassau County,Florida,2387,-148,926,1074,2543,-35,2578,16520,-1314,4586,5900,17783,194,17589
12091,12,Okaloosa County,Florida,1705,411,2557,2146,1271,1094,177,10143,1841,13519,11678,8111,6591,1520
12093,12,Okeechobee County,Florida,267,6,573,567,259,95,164,2964,-182,2882,3064,3100,545,2555
12095,12,Orange County,Florida,7014,7198,16650,9452,-41,20230,-20271,98092,33357,85486,52129,64479,120289,-55810
12097,12,Osceola County,Florida,15842,2112,5097,2985,13775,6503,7272,93071,9090,25555,16465,83696,39448,44248
12099,12,Palm Beach County,Florida,1578,-593,15217,15810,2349,14302,-11953,83535,-9390,78128,87518,93289,92513,776
12101,12,Pasco County,Florida,18326,-1405,5948,7353,19929,1851,18078,112607,-10424,29241,39665,122804,10391,112413
12103,12,Pinellas County,Florida,-11834,-5188,7144,12332,-6567,2636,-9203,-10527,-30340,37928,68268,19788,16949,2839
12105,12,Polk County,Florida,23356,1087,9437,8350,22474,3722,18752,149748,906,46631,45725,148426,23284,125142
12107,12,Putnam County,Florida,561,-367,812,1179,931,113,818,4413,-2264,4242,6506,6613,693,5920
12109,12,St. Johns County,Florida,12994,126,2612,2486,13009,460,12549,72902,-468,12889,13357,74045,3491,70554
12111,12,St. Lucie County,Florida,10857,-280,3795,4075,11214,1353,9861,73223,-3127,18709,21836,76169,9881,66288
12113,12,Santa Rosa County,Florida,3644,129,2027,1898,3537,172,3365,23121,103,10423,10320,22994,1085,21909
12115,12,Sarasota County,Florida,3969,-3259,3061,6320,7341,1288,6053,45950,-19622,15325,34947,66314,9897,56417
12117,12,Seminole County,Florida,2220,657,4456,3799,1524,2540,-1016,21028,2381,23476,21095,18218,15363,2855
12119,12,Sumter County,Florida,3511,-2071,584,2655,5649,16,5633,28020,-11109,2868,13977,38704,596,38108
12121,12,Suwannee County,Florida,346,-268,445,713,613,85,528,4688,-1530,2286,3816,6084,633,5451
12123,12,Taylor County,Florida,-479,-129,208,337,-346,96,-442,-589,-630,1114,1744,76,427,-351
12125,12,Union County,Florida,485,-102,183,285,589,-5,594,105,-602,846,1448,825,22,803
12127,12,Volusia County,Florida,5466,-2859,5110,7969,8364,1330,7034,53030,-17865,25956,43821,70747,8174,62573
12129,12,Wakulla County,Florida,967,-16,350,366,991,2,989,4326,-215,1796,2011,4464,62,4402
12131,12,Walton County,Florida,3192,130,994,864,3105,115,2990,17983,342,4903,4561,17719,1387,16332
12133,12,Washington County,Florida,237,-66,290,356,303,15,288,1374,-562,1373,1935,1882,136,1746
13001,13,Appling County,Georgia,315,11,206,195,307,52,255,653,-137,1056,1193,791,295,496
13003,13,Atkinson County,Georgia,-35,54,145,91,-87,27,-114,171,160,722,562,2,284,-282
13005,13,Bacon County,Georgia,17,0,154,154,17,-2,19,-73,-83,759,842,1,5,-4
13007,13,Baker County,Georgia,6,-22,25,47,28,19,9,-149,-134,114,248,-12,57,-69
13009,13,Baldwin County,Georgia,176,-126,385,511,297,70,227,234,-818,2052,2870,995,314,681
13011,13,Banks County,Georgia,761,61,267,206,709,-13,722,3190,141,1304,1163,3016,96,2920
13013,13,Barrow County,Georgia,2804,504,1328,824,2314,147,2167,16198,2190,6516,4326,13944,1170,12774
13015,13,Bartow County,Georgia,2876,256,1392,1136,2639,101,2538,11928,783,7077,6294,11065,824,10241
13017,13,Ben Hill County,Georgia,66,-11,211,222,75,17,58,-93,-278,1087,1365,178,81,97
13019,13,Berrien County,Georgia,149,7,239,232,143,-5,148,777,-115,1212,1327,864,22,842
13021,13,Bibb County,Georgia,196,69,1952,1883,117,232,-115,198,-177,10604,10781,423,1392,-969
13023,13,Bleckley County,Georgia,213,-16,150,166,229,-1,230,280,-224,720,944,520,0,520
13025,13,Brantley County,Georgia,242,-37,184,221,277,3,274,912,-280,988,1268,1178,69,1109
13027,13,Brooks County,Georgia,-189,-97,153,250,-88,54,-142,-203,-472,783,1255,275,240,35
13029,13,Bryan County,Georgia,982,225,616,391,762,101,661,7321,1297,3261,1964,6077,478,5599
13031,13,Bulloch County,Georgia,1351,235,892,657,1117,108,1009,7311,975,4581,3606,6119,500,5619
13033,13,Burke County,Georgia,43,-55,237,292,94,-3,97,-189,-229,1302,1531,43,5,38
13035,13,Butts County,Georgia,78,-50,277,327,126,-4,130,1786,-284,1506,1790,2081,70,2011
13037,13,Calhoun County,Georgia,-29,-16,56,72,-14,-1,-13,-160,-95,275,370,-63,8,-71
13039,13,Camden County,Georgia,1078,278,765,487,794,29,765,5374,1270,3810,2540,4025,134,3891
13043,13,Candler County,Georgia,111,-23,125,148,134,-4,138,272,-240,703,943,506,21,485
13045,13,Carroll County,Georgia,1543,212,1621,1409,1332,245,1087,11904,1042,8458,7416,10627,1566,9061
13047,13,Catoosa County,Georgia,269,-220,515,735,485,19,466,1749,-980,3160,4140,2686,102,2584
13049,13,Charlton County,Georgia,89,-31,132,163,121,-9,130,610,-232,632,864,857,-13,870
13051,13,Chatham County,Georgia,2250,659,3563,2904,1611,1561,50,16594,2933,18755,15822,13180,8797,4383
13053,13,Chattahoochee County,Georgia,74,123,159,36,-48,48,-96,-1103,669,875,206,-1753,175,-1928
13055,13,Chattooga County,Georgia,39,-175,241,416,214,38,176,325,-861,1296,2157,1164,202,962
13057,13,Cherokee County,Georgia,5243,1060,3112,2052,4169,884,3285,32658,4185,15249,11064,28445,4782,23663
13059,13,Clarke County,Georgia,-829,477,1383,906,-1281,803,-2084,1251,2250,7063,4813,-991,3683,-4674
13061,13,Clay County,Georgia,20,-16,25,41,38,0,38,-31,-104,129,233,80,9,71
13063,13,Clayton County,Georgia,238,1319,3328,2009,-1105,915,-2020,-1935,6132,17722,11590,-8274,6161,-14435
13065,13,Clinch County,Georgia,13,19,92,73,-4,26,-30,98,22,482,460,77,106,-29
13067,13,Cobb County,Georgia,4466,3710,8750,5040,705,4965,-4260,27257,18299,46053,27754,8832,27733,-18901
13069,13,Coffee County,Georgia,289,115,558,443,171,60,111,1318,343,2930,2587,948,604,344
13071,13,Colquitt County,Georgia,432,71,616,545,356,368,-12,1534,107,3158,3051,1421,1712,-291
13073,13,Columbia County,Georgia,1926,497,1664,1167,1422,443,979,13170,2378,8834,6456,10791,1901,8890
13075,13,Cook County,Georgia,237,23,233,210,214,58,156,1000,-23,1163,1186,1005,336,669
13077,13,Coweta County,Georgia,2062,373,1692,1319,1685,341,1344,14081,1394,8630,7236,12656,1766,10890
13079,13,Crawford County,Georgia,-64,-96,81,177,31,6,25,75,-550,392,942,615,17,598
13081,13,Crisp County,Georgia,-207,-69,234,303,-139,23,-162,-894,-446,1218,1664,-449,99,-548
13083,13,Dade County,Georgia,11,-70,135,205,82,-3,85,-86,-418,737,1155,336,10,326
13085,13,Dawson County,Georgia,1420,86,416,330,1345,44,1301,8568,287,1936,1649,8247,220,8027
13087,13,Decatur County,Georgia,-31,-36,329,365,2,16,-14,-47,-276,1730,2006,231,108,123
13089,13,DeKalb County,Georgia,1810,4296,9600,5304,-2412,5775,-8187,9936,22229,51330,29101,-11956,32695,-44651
13091,13,Dodge County,Georgia,-32,-56,207,263,23,17,6,-342,-528,1012,1540,169,91,78
13093,13,Dooly County,Georgia,-40,-18,105,123,-22,38,-60,-57,-263,511,774,180,233,-53
13095,13,Dougherty County,Georgia,-112,50,1096,1046,-165,124,-289,-3180,-101,5803,5904,-2834,642,-3476
13097,13,Douglas County,Georgia,2233,568,1724,1156,1676,217,1459,9932,2581,8897,6316,7246,1525,5721
13099,13,Early County,Georgia,-11,-19,148,167,8,0,8,-397,-275,654,929,-103,-1,-102
13101,13,Echols County,Georgia,-3,10,47,37,-14,22,-36,-16,39,230,191,-60,93,-153
13103,13,Effingham County,Georgia,1046,235,816,581,812,72,740,9608,1183,4319,3136,8323,375,7948
13105,13,Elbert County,Georgia,-106,-120,202,322,12,26,-14,440,-598,1122,1720,1009,133,876
13107,13,Emanuel County,Georgia,-89,-9,293,302,-81,6,-87,385,-236,1540,1776,604,105,499
13109,13,Evans County,Georgia,82,3,153,150,78,17,61,253,-53,735,788,302,84,218
13111,13,Fannin County,Georgia,147,-257,192,449,410,-9,419,780,-1369,976,2345,2198,8,2190
13113,13,Fayette County,Georgia,405,-171,911,1082,585,323,262,5963,-1029,4771,5800,7055,1719,5336
13115,13,Floyd County,Georgia,180,-107,1124,1231,279,113,166,2789,-1074,5845,6919,3709,1042,2667
13117,13,Forsyth County,Georgia,4008,886,2382,1496,3124,1465,1659,31520,4039,12216,8177,27750,6761,20989
13119,13,Franklin County,Georgia,614,51,367,316,567,28,539,2521,-100,1692,1792,2551,192,2359
13121,13,Fulton County,Georgia,8323,4803,12501,7698,3406,6463,-3057,32232,22382,64539,42157,10010,32359,-22349
13123,13,Gilmer County,Georgia,403,-72,348,420,477,41,436,2551,-664,1636,2300,3240,277,2963
13125,13,Glascock County,Georgia,89,12,45,33,79,-2,81,255,-20,200,220,275,-2,277
13127,13,Glynn County,Georgia,547,-153,896,1049,699,127,572,3099,-1107,4599,5706,4151,1239,2912
13129,13,Gordon County,Georgia,713,28,670,642,682,40,642,4150,-218,3448,3666,4328,579,3749
13131,13,Grady County,Georgia,102,30,321,291,70,59,11,356,-98,1544,1642,469,365,104
13133,13,Greene County,Georgia,302,-133,157,290,436,0,436,2452,-687,764,1451,3133,109,3024
13135,13,Gwinnett County,Georgia,8235,5865,11246,5381,2308,9700,-7392,60714,28416,57670,29254,31883,52581,-20698
13137,13,Habersham County,Georgia,664,-16,524,540,683,118,565,4389,-282,2710,2992,4636,781,3855
13139,13,Hall County,Georgia,3023,1072,2836,1764,1925,876,1049,23755,4228,14164,9936,19267,6340,12927
13141,13,Hancock County,Georgia,-52,-66,46,112,14,-1,15,-53,-456,272,728,385,8,377
13143,13,Haralson County,Georgia,657,-51,376,427,715,8,707,3138,-378,1924,2302,3497,28,3469
13145,13,Harris County,Georgia,315,-41,286,327,360,26,334,2606,-242,1518,1760,2864,152,2712
13147,13,Hart County,Georgia,490,-104,253,357,598,63,535,2809,-646,1318,1964,3409,205,3204
13149,13,Heard County,Georgia,35,-31,120,151,65,-2,67,739,-240,588,828,964,-2,966
13151,13,Henry County,Georgia,4950,817,2781,1964,4178,455,3723,24236,3878,14704,10826,20352,2481,17871
13153,13,Houston County,Georgia,3310,522,2038,1516,2807,369,2438,14584,2192,10434,8242,12406,1819,10587
13155,13,Irwin County,Georgia,-135,-39,85,124,-94,-2,-92,-644,-255,480,735,-393,10,-403
13157,13,Jackson County,Georgia,4963,398,1134,736,4616,117,4499,23320,1418,5546,4128,21890,991,20899
13159,13,Jasper County,Georgia,440,6,188,182,436,17,419,3033,-65,911,976,3085,77,3008
13161,13,Jeff Davis County,Georgia,-62,-10,174,184,-53,1,-54,440,-153,889,1042,590,96,494
13163,13,Jefferson County,Georgia,-148,-57,173,230,-90,18,-108,-701,-468,888,1356,-234,98,-332
13165,13,Jenkins County,Georgia,-10,-18,90,108,8,-4,12,169,-175,464,639,349,13,336
13167,13,Johnson County,Georgia,92,-20,100,120,113,0,113,125,-202,497,699,301,7,294
13169,13,Jones County,Georgia,90,-17,271,288,107,-1,108,840,-391,1257,1648,1209,35,1174
13171,13,Lamar County,Georgia,302,-21,255,276,323,7,316,2436,-234,1214,1448,2577,40,2537
13173,13,Lanier County,Georgia,236,17,112,95,222,53,169,750,71,602,531,690,250,440
13175,13,Laurens County,Georgia,456,7,645,638,449,196,253,1465,-413,3254,3667,1842,603,1239
13177,13,Lee County,Georgia,157,51,331,280,103,57,46,1018,94,1639,1545,911,218,693
13179,13,Liberty County,Georgia,776,850,1359,509,-78,131,-209,5036,4453,7178,2725,582,734,-152
13181,13,Lincoln County,Georgia,87,-40,78,118,127,10,117,423,-209,404,613,629,29,600
13183,13,Long County,Georgia,1064,178,304,126,897,42,855,5407,761,1450,689,4594,130,4464
13185,13,Lowndes County,Georgia,482,494,1569,1075,-26,107,-133,4608,2285,8282,5997,2214,701,1513
13187,13,Lumpkin County,Georgia,232,-68,300,368,297,44,253,2692,-396,1600,1996,2985,282,2703
13189,13,McDuffie County,Georgia,-103,-49,233,282,-55,1,-56,12,-228,1298,1526,222,22,200
13191,13,McIntosh County,Georgia,172,-74,116,190,247,-1,248,1019,-448,552,1000,1451,7,1444
13193,13,Macon County,Georgia,-99,-38,119,157,-62,24,-86,-322,-261,635,896,-57,129,-186
13195,13,Madison County,Georgia,152,34,413,379,113,50,63,2803,125,2100,1975,2657,208,2449
13197,13,Marion County,Georgia,60,-45,79,124,106,24,82,173,-224,395,619,405,99,306
13199,13,Meriwether County,Georgia,164,-65,212,277,229,9,220,899,-530,1116,1646,1422,31,1391
13201,13,Miller County,Georgia,5,-32,60,92,38,-1,39,-190,-249,292,541,66,5,61
13205,13,Mitchell County,Georgia,122,-72,228,300,195,11,184,-1300,-391,1200,1591,-906,67,-973
13207,13,Monroe County,Georgia,537,-70,277,347,612,34,578,4064,-520,1366,1886,4554,113,4441
13209,13,Montgomery County,Georgia,38,-1,99,100,40,5,35,35,-85,521,606,117,42,75
13211,13,Morgan County,Georgia,141,-9,223,232,150,18,132,2000,-165,1133,1298,2161,90,2071
13213,13,Murray County,Georgia,208,-21,460,481,226,40,186,1638,-327,2299,2626,1907,236,1671
13215,13,Muscogee County,Georgia,99,434,2583,2149,-346,263,-609,-4743,1865,13876,12011,-6759,2204,-8963
13217,13,Newton County,Georgia,1905,307,1411,1104,1606,305,1301,13030,1028,7065,6037,11962,1511,10451
13219,13,Oconee County,Georgia,369,-48,322,370,421,58,363,3110,-165,1727,1892,3334,276,3058
13221,13,Oglethorpe County,Georgia,297,-23,153,176,323,11,312,1588,-163,772,935,1755,89,1666
13223,13,Paulding County,Georgia,3063,644,1884,1240,2410,441,1969,22366,2983,9672,6689,19310,2224,17086
13225,13,Peach County,Georgia,366,22,390,368,344,36,308,1887,-69,1949,2018,1925,188,1737
13227,13,Pickens County,Georgia,576,-109,325,434,687,18,669,3942,-709,1637,2346,4598,106,4492
13229,13,Pierce County,Georgia,171,-40,219,259,212,-6,218,1051,-257,1216,1473,1303,-8,1311
13231,13,Pike County,Georgia,150,-13,205,218,161,9,152,2044,-175,1072,1247,2224,37,2187
13233,13,Polk County,Georgia,711,71,627,556,645,55,590,2667,95,3167,3072,2549,419,2130
13235,13,Pulaski County,Georgia,14,-72,90,162,86,9,77,316,-318,510,828,607,47,560
13237,13,Putnam County,Georgia,188,-91,215,306,282,101,181,1679,-616,1095,1711,2324,407,1917
13239,13,Quitman County,Georgia,-55,-14,19,33,-41,0,-41,17,-110,97,207,125,0,125
13241,13,Rabun County,Georgia,80,-133,121,254,213,72,141,878,-627,735,1362,1504,282,1222
13243,13,Randolph County,Georgia,-14,-39,55,94,25,2,23,-263,-234,307,541,-35,17,-52
13245,13,Richmond County,Georgia,15,403,2743,2340,-393,274,-667,-43,1722,14575,12853,-1890,1516,-3406
13247,13,Rockdale County,Georgia,1014,128,984,856,888,209,679,4929,412,5112,4700,4437,1108,3329
13249,13,Schley County,Georgia,70,3,48,45,68,0,68,45,5,265,260,45,1,44
13251,13,Screven County,Georgia,20,-41,174,215,61,10,51,347,-256,874,1130,593,32,561
13253,13,Seminole County,Georgia,-86,-50,105,155,-35,7,-42,14,-291,505,796,303,21,282
13255,13,Spalding County,Georgia,464,-77,801,878,538,139,399,3478,-703,4286,4989,4048,615,3433
13257,13,Stephens County,Georgia,294,-108,314,422,406,14,392,1074,-639,1620,2259,1693,115,1578
13259,13,Stewart County,Georgia,-5,-36,39,75,30,4,26,-682,-208,198,406,-478,248,-726
13261,13,Sumter County,Georgia,-304,-20,360,380,-280,16,-296,-813,-227,1846,2073,-543,206,-749
13263,13,Talbot County,Georgia,-45,-56,47,103,12,0,12,-29,-285,238,523,251,0,251
13265,13,Taliaferro County,Georgia,35,-18,12,30,54,0,54,104,-97,71,168,201,0,201
13267,13,Tattnall County,Georgia,-14,8,279,271,-23,-11,-12,91,-50,1470,1520,142,81,61
13269,13,Taylor County,Georgia,19,-9,91,100,29,11,18,3,-153,431,584,150,38,112
13271,13,Telfair County,Georgia,72,-27,131,158,100,-8,108,-1276,-243,684,927,-1112,54,-1166
13273,13,Terrell County,Georgia,-120,-19,111,130,-99,0,-99,-527,-216,511,727,-306,5,-311
13275,13,Thomas County,Georgia,125,-9,608,617,130,41,89,573,-364,2978,3342,906,175,731
13277,13,Tift County,Georgia,233,167,627,460,67,94,-27,902,352,2976,2624,523,403,120
13279,13,Toombs County,Georgia,41,37,372,335,2,109,-107,521,20,2002,1982,502,484,18
13281,13,Towns County,Georgia,117,-158,74,232,274,11,263,797,-762,453,1215,1597,49,1548
13283,13,Treutlen County,Georgia,69,-18,60,78,87,-1,88,64,-145,349,494,209,-1,210
13285,13,Troup County,Georgia,624,104,940,836,518,230,288,3421,209,4804,4595,3161,1511,1650
13287,13,Turner County,Georgia,-40,-16,117,133,-25,11,-36,-24,-127,588,715,95,51,44
13289,13,Twiggs County,Georgia,-82,-98,48,146,16,-2,18,-431,-543,253,796,105,-2,107
13291,13,Union County,Georgia,251,-246,164,410,499,28,471,3227,-1322,862,2184,4553,121,4432
13293,13,Upson County,Georgia,96,-98,336,434,195,7,188,796,-711,1718,2429,1455,16,1439
13295,13,Walker County,Georgia,526,-322,577,899,853,-5,858,2585,-1377,3594,4971,3942,127,3815
13297,13,Walton County,Georgia,2418,273,1352,1079,2161,148,2013,16098,705,6580,5875,15323,819,14504
13299,13,Ware County,Georgia,369,-49,470,519,417,86,331,657,-480,2471,2951,1139,436,703
13301,13,Warren County,Georgia,83,-21,48,69,106,1,105,58,-168,262,430,227,10,217
13303,13,Washington County,Georgia,-229,-123,154,277,-106,29,-135,-537,-564,933,1497,23,85,-62
13305,13,Wayne County,Georgia,379,-76,374,450,457,50,407,2340,-539,1852,2391,2800,294,2506
13307,13,Webster County,Georgia,38,11,32,21,27,24,3,20,-12,122,134,31,78,-47
13309,13,Wheeler County,Georgia,245,-5,67,72,253,-1,254,91,-59,341,400,123,-1,124
13311,13,White County,Georgia,192,-108,277,385,296,36,260,1805,-692,1417,2109,2477,133,2344
13313,13,Whitfield County,Georgia,654,287,1292,1005,356,280,76,3342,1108,6605,5497,2230,2117,113
13315,13,Wilcox County,Georgia,-94,-50,72,122,-45,-4,-41,30,-318,395,713,348,-7,355
13317,13,Wilkes County,Georgia,-14,-70,94,164,56,8,48,-24,-390,491,881,355,69,286
13319,13,Wilkinson County,Georgia,-46,-22,108,130,-23,1,-24,-223,-219,570,789,-6,8,-14
13321,13,Worth County,Georgia,-122,-107,189,296,-17,0,-17,-714,-541,999,1540,-175,11,-186
15001,15,Hawaii County,Hawaii,993,30,1970,1940,961,673,288,9411,112,10620,10508,9345,3291,6054
15003,15,Honolulu County,Hawaii,-1439,1864,10391,8527,-3251,3431,-6682,-27801,11083,56591,45508,-38460,17684,-56144
15005,15,Kalawao County,Hawaii,0,0,0,0,0,0,0,2,1,1,0,1,0,1
15007,15,Kauai County,Hawaii,-40,34,702,668,-78,178,-256,105,483,3912,3429,-398,917,-1315
15009,15,Maui County,Hawaii,-1646,96,1568,1472,-1740,486,-2226,-4164,1133,8565,7432,-5411,2587,-7998
16001,16,Ada County,Idaho,10916,1629,5549,3920,9307,779,8528,51175,6260,27050,20790,45659,6959,38700
16003,16,Adams County,Idaho,3,-3,51,54,6,4,2,635,-81,210,291,727,16,711
16005,16,Bannock County,Idaho,622,270,1108,838,344,96,248,4568,1082,5663,4581,3476,768,2708
16007,16,Bear Lake County,Idaho,24,-19,58,77,44,0,44,360,-25,365,390,389,38,351
16009,16,Benewah County,Idaho,22,-35,104,139,58,8,50,973,-211,523,734,1188,18,1170
16011,16,Bingham County,Idaho,187,255,692,437,-71,-27,-44,3166,1010,3458,2448,2123,98,2025
16013,16,Blaine County,Idaho,-184,38,200,162,-222,92,-314,1246,205,1014,809,1067,1296,-229
16015,16,Boise County,Idaho,39,-24,49,73,64,10,54,933,-104,282,386,1060,122,938
16017,16,Bonner County,Idaho,770,-65,491,556,844,30,814,7306,-519,2391,2910,7893,293,7600
16019,16,Bonneville County,Idaho,1978,764,1796,1032,1217,10,1207,11812,3870,9406,5536,8038,635,7403
16021,16,Boundary County,Idaho,141,-2,162,164,146,-3,149,1938,-17,823,840,1959,168,1791
16023,16,Butte County,Idaho,57,-12,24,36,70,0,70,210,-47,152,199,262,1,261
16025,16,Camas County,Idaho,29,14,19,5,17,2,15,244,41,74,33,209,42,167
16027,16,Canyon County,Idaho,7679,1611,3597,1986,6107,423,5684,44016,7100,17780,10680,37188,4389,32799
16029,16,Caribou County,Idaho,30,5,97,92,24,15,9,225,26,479,453,196,55,141
16031,16,Cassia County,Idaho,187,182,419,237,4,93,-89,1709,780,2031,1251,931,921,10
16033,16,Clark County,Idaho,1,0,8,8,1,0,1,-5,22,62,40,-28,9,-37
16035,16,Clearwater County,Idaho,-31,-74,77,151,46,0,46,383,-381,366,747,775,12,763
16037,16,Custer County,Idaho,54,-18,27,45,74,2,72,359,-114,161,275,484,15,469
16039,16,Elmore County,Idaho,-110,181,421,240,-286,48,-334,800,935,2225,1290,-137,536,-673
16041,16,Franklin County,Idaho,227,83,200,117,144,-5,149,1693,481,1122,641,1210,58,1152
16043,16,Fremont County,Idaho,-138,64,191,127,-201,5,-206,821,245,967,722,559,99,460
16045,16,Gem County,Idaho,323,-43,204,247,367,118,249,2645,-313,1052,1365,2968,757,2211
16047,16,Gooding County,Idaho,47,46,205,159,-1,69,-70,846,163,1058,895,687,508,179
16049,16,Idaho County,Idaho,1,-57,172,229,58,10,48,1329,-366,840,1206,1703,54,1649
16051,16,Jefferson County,Idaho,441,212,421,209,228,4,224,4406,1106,2262,1156,3296,236,3060
16053,16,Jerome County,Idaho,74,156,382,226,-84,22,-106,2121,757,1926,1169,1353,935,418
16055,16,Kootenai County,Idaho,3466,469,2156,1687,3022,-139,3161,20498,1048,10381,9333,19911,-138,20049
16057,16,Latah County,Idaho,104,210,461,251,-106,126,-232,2321,907,2332,1425,1422,966,456
16059,16,Lemhi County,Idaho,66,-50,68,118,118,-1,119,502,-315,335,650,831,9,822
16061,16,Lewis County,Idaho,-9,-29,31,60,20,0,20,171,-150,170,320,330,4,326
16063,16,Lincoln County,Idaho,-28,19,76,57,-47,2,-49,474,102,359,257,381,149,232
16065,16,Madison County,Idaho,224,819,1038,219,-589,186,-775,2259,4506,5646,1140,-2278,1426,-3704
16067,16,Minidoka County,Idaho,184,86,308,222,98,-11,109,1327,396,1547,1151,937,268,669
16069,16,Nez Perce County,Idaho,11,-153,483,636,161,-10,171,816,-951,2278,3229,1765,103,1662
16071,16,Oneida County,Idaho,69,33,87,54,36,0,36,520,88,365,277,426,0,426
16073,16,Owyhee County,Idaho,-103,32,157,125,-132,17,-149,749,94,784,690,671,143,528
16075,16,Payette County,Idaho,145,42,332,290,100,-15,115,2446,109,1666,1557,2354,50,2304
16077,16,Power County,Idaho,-87,32,98,66,-117,19,-136,369,148,516,368,220,214,6
16079,16,Shoshone County,Idaho,104,-50,156,206,155,9,146,963,-340,782,1122,1309,28,1281
16081,16,Teton County,Idaho,149,85,142,57,63,14,49,1617,421,721,300,1219,330,889
16083,16,Twin Falls County,Idaho,1072,252,1199,947,816,127,689,7489,875,5992,5117,6650,1267,5383
16085,16,Valley County,Idaho,14,12,88,76,1,-5,6,1088,-10,457,467,1124,13,1111
16087,16,Washington County,Idaho,91,-67,91,158,159,24,135,1087,-323,526,849,1423,276,1147
17001,17,Adams County,Illinois,51,-67,694,761,116,-1,117,-1478,-649,3702,4351,-836,69,-905
17003,17,Alexander County,Illinois,-41,-44,30,74,2,0,2,-669,-265,213,478,-401,0,-401
17005,17,Bond County,Illinois,359,-41,143,184,404,3,401,60,-277,745,1022,338,32,306
17007,17,Boone County,Illinois,42,51,520,469,-7,-4,-3,122,210,2740,2530,-60,273,-333
17009,17,Brown County,Illinois,-37,-7,48,55,-28,-1,-27,156,-33,271,304,208,1,207
17011,17,Bureau County,Illinois,-9,-112,302,414,102,1,101,-759,-672,1638,2310,-81,144,-225
17013,17,Calhoun County,Illinois,-10,2,49,47,-13,0,-13,-130,-90,237,327,-39,0,-39
17015,17,Carroll County,Illinois,-49,-72,137,209,24,-2,26,-301,-478,675,1153,191,12,179
17017,17,Cass County,Illinois,-67,-19,138,157,-48,98,-146,-574,17,793,776,-586,544,-1130
17019,17,Champaign County,Illinois,794,470,1925,1455,331,2578,-2247,3527,2506,10505,7999,837,12388,-11551
17021,17,Christian County,Illinois,1,-79,325,404,78,-8,86,-598,-645,1672,2317,44,-1,45
17023,17,Clark County,Illinois,-27,-98,126,224,71,22,49,-373,-368,790,1158,0,62,-62
17025,17,Clay County,Illinois,-52,-36,140,176,-16,-1,-15,-496,-192,774,966,-307,-2,-305
17027,17,Clinton County,Illinois,40,-17,378,395,55,18,37,224,35,2052,2017,180,195,-15
17029,17,Coles County,Illinois,34,-32,453,485,67,81,-14,-580,-469,2390,2859,-136,436,-572
17031,17,Cook County,Illinois,5834,9144,50997,41853,-3554,27590,-31144,-84385,36980,275303,238323,-121088,199241,-320329
17033,17,Crawford County,Illinois,27,-35,197,232,62,-2,64,-7,-235,1028,1263,235,9,226
17035,17,Cumberland County,Illinois,-70,-21,108,129,-48,0,-48,-242,-113,579,692,-118,6,-124
17037,17,DeKalb County,Illinois,1214,162,973,811,1051,192,859,1313,811,5243,4432,347,1404,-1057
17039,17,De Witt County,Illinois,-126,-95,134,229,-30,-3,-27,-389,-400,762,1162,20,-3,23
17041,17,Douglas County,Illinois,32,48,281,233,-16,50,-66,134,187,1430,1243,-57,195,-252
17043,17,DuPage County,Illinois,1647,2873,9597,6724,-1271,4583,-5854,1269,13534,50475,36941,-12921,29738,-42659
17045,17,Edgar County,Illinois,-59,-139,139,278,81,13,68,-551,-591,846,1437,54,35,19
17047,17,Edwards County,Illinois,-89,-25,42,67,-65,1,-66,-345,-147,263,410,-193,9,-202
17049,17,Effingham County,Illinois,-22,18,391,373,-43,12,-55,-146,95,2181,2086,-244,205,-449
17051,17,Fayette County,Illinois,-164,-71,205,276,-94,2,-96,-699,-280,1132,1412,-393,26,-419
17053,17,Ford County,Illinois,-110,-94,136,230,-16,37,-53,-316,-443,737,1180,116,189,-73
17055,17,Franklin County,Illinois,-38,-161,397,558,122,13,109,-885,-1062,2070,3132,190,47,143
17057,17,Fulton County,Illinois,94,-215,278,493,313,4,309,-780,-1153,1518,2671,384,22,362
17059,17,Gallatin County,Illinois,-67,-54,27,81,-13,-1,-12,-326,-252,198,450,-73,0,-73
17061,17,Greene County,Illinois,-80,-76,115,191,-6,2,-8,-662,-398,601,999,-265,4,-269
17063,17,Grundy County,Illinois,331,17,501,484,311,32,279,1493,34,2711,2677,1471,259,1212
17065,17,Hamilton County,Illinois,-2,-17,85,102,16,-4,20,-133,-150,425,575,18,-7,25
17067,17,Hancock County,Illinois,-133,-80,157,237,-54,9,-63,-838,-404,860,1264,-428,40,-468
17069,17,Hardin County,Illinois,-13,-14,34,48,0,-2,2,-71,-168,172,340,101,-6,107
17071,17,Henderson County,Illinois,-47,-25,69,94,-21,0,-21,-408,-198,314,512,-214,2,-216
17073,17,Henry County,Illinois,-98,-74,509,583,-24,-3,-21,-1189,-675,2494,3169,-507,28,-535
17075,17,Iroquois County,Illinois,-72,-120,250,370,51,6,45,-916,-752,1340,2092,-167,69,-236
17077,17,Jackson County,Illinois,-181,-35,525,560,-143,271,-414,-846,-215,2844,3059,-669,1238,-1907
17079,17,Jasper County,Illinois,-17,-57,91,148,41,5,36,-267,-212,494,706,-48,29,-77
17081,17,Jefferson County,Illinois,35,-79,392,471,115,10,105,-968,-541,2114,2655,-433,63,-496
17083,17,Jersey County,Illinois,5,-116,161,277,121,5,116,-356,-612,921,1533,251,60,191
17085,17,Jo Daviess County,Illinois,-62,-82,193,275,20,1,19,-481,-566,902,1468,98,29,69
17087,17,Johnson County,Illinois,16,-41,96,137,58,5,53,59,-245,560,805,318,27,291
17089,17,Kane County,Illinois,2327,1808,5562,3754,486,860,-374,9048,8763,29220,20457,-58,9955,-10013
17091,17,Kankakee County,Illinois,-289,-153,1067,1220,-142,92,-234,-2123,-921,5778,6699,-1283,1006,-2289
17093,17,Kendall County,Illinois,2345,782,1480,698,1567,291,1276,13594,3997,7856,3859,9584,1656,7928
17095,17,Knox County,Illinois,-197,-233,431,664,33,120,-87,-2209,-1324,2453,3777,-913,719,-1632
17097,17,Lake County,Illinois,849,1330,6424,5094,-506,2670,-3176,4945,6949,34721,27772,-2557,17448,-20005
17099,17,LaSalle County,Illinois,-102,-287,1054,1341,178,58,120,-1872,-1662,5669,7331,-209,588,-797
17101,17,Lawrence County,Illinois,23,-77,99,176,100,6,94,-1511,-368,615,983,-1290,31,-1321
17103,17,Lee County,Illinois,63,-137,268,405,200,22,178,-1238,-655,1534,2189,-640,119,-759
17105,17,Livingston County,Illinois,-127,-116,347,463,-12,4,-16,-783,-582,1916,2498,-212,128,-340
17107,17,Logan County,Illinois,-37,-97,263,360,59,12,47,-806,-617,1298,1915,-141,64,-205
17109,17,McDonough County,Illinois,-199,-106,236,342,-92,38,-130,-1338,-474,1300,1774,-903,184,-1087
17111,17,McHenry County,Illinois,2021,406,2984,2578,1611,117,1494,7446,2313,15867,13554,5024,1656,3368
17113,17,McLean County,Illinois,-93,318,1634,1316,-413,669,-1082,193,1415,8642,7227,-1337,3549,-4886
17115,17,Macon County,Illinois,-649,-334,1025,1359,-319,143,-462,-4695,-1517,5839,7356,-3184,836,-4020
17117,17,Macoupin County,Illinois,-169,-212,376,588,41,19,22,-1296,-1232,2082,3314,-78,96,-174
17119,17,Madison County,Illinois,-207,-651,2411,3062,431,115,316,-2873,-3408,13590,16998,423,1039,-616
17121,17,Marion County,Illinois,-119,-121,398,519,0,-2,2,-1358,-757,2223,2980,-603,43,-646
17123,17,Marshall County,Illinois,-98,-59,130,189,-38,1,-39,-277,-347,617,964,74,11,63
17125,17,Mason County,Illinois,-78,-107,108,215,31,4,27,-671,-535,591,1126,-126,16,-142
17127,17,Massac County,Illinois,-114,-133,86,219,18,-8,26,-674,-604,598,1202,-63,-23,-40
17129,17,Menard County,Illinois,-61,-41,119,160,-20,1,-21,-434,-155,639,794,-273,12,-285
17131,17,Mercer County,Illinois,-63,-51,166,217,-11,2,-13,-472,-381,747,1128,-85,6,-91
17133,17,Monroe County,Illinois,-265,-173,213,386,-93,-7,-86,-116,-481,1456,1937,364,-6,370
17135,17,Montgomery County,Illinois,239,-92,247,339,333,-2,335,-251,-681,1319,2000,446,11,435
17137,17,Morgan County,Illinois,-124,-117,284,401,-10,-2,-8,-1052,-670,1617,2287,-396,51,-447
17139,17,Moultrie County,Illinois,-71,0,184,184,-71,2,-73,-159,-104,922,1026,-61,20,-81
17141,17,Ogle County,Illinois,125,-60,523,583,185,18,167,-451,-371,2706,3077,-70,186,-256
17143,17,Peoria County,Illinois,12,72,1960,1888,-66,672,-738,-3455,191,10733,10542,-3686,3633,-7319
17145,17,Perry County,Illinois,-216,-68,171,239,-148,3,-151,-778,-440,938,1378,-343,40,-383
17147,17,Piatt County,Illinois,149,-48,170,218,199,17,182,107,-212,859,1071,313,44,269
17149,17,Pike County,Illinois,-55,-54,145,199,-2,8,-10,-497,-341,826,1167,-160,48,-208
17151,17,Pope County,Illinois,-45,-38,21,59,-7,-1,-6,-94,-195,121,316,100,-2,102
17153,17,Pulaski County,Illinois,-63,-31,61,92,-32,-4,-28,-386,-193,311,504,-185,-5,-180
17155,17,Putnam County,Illinois,2,-15,59,74,17,0,17,-12,-58,279,337,49,0,49
17157,17,Randolph County,Illinois,51,-126,256,382,177,85,92,-244,-595,1506,2101,345,371,-26
17159,17,Richland County,Illinois,-149,-98,132,230,-52,18,-70,-608,-487,773,1260,-131,60,-191
17161,17,Rock Island County,Illinois,278,176,1881,1705,94,515,-421,-2800,-734,8580,9314,-2050,2958,-5008
17163,17,St. Clair County,Illinois,-667,-501,2187,2688,-183,210,-393,-6909,-1953,13159,15112,-4987,1457,-6444
17165,17,Saline County,Illinois,-58,-159,219,378,100,-2,102,-1049,-782,1230,2012,-256,24,-280
17167,17,Sangamon County,Illinois,134,-153,2008,2161,279,378,-99,-2235,-842,10625,11467,-1601,1832,-3433
17169,17,Schuyler County,Illinois,-66,-36,55,91,-30,2,-32,-239,-202,309,511,-31,21,-52
17171,17,Scott County,Illinois,-23,-12,49,61,-11,2,-13,-210,-96,240,336,-110,5,-115
17173,17,Shelby County,Illinois,22,-86,201,287,110,0,110,-415,-459,1068,1527,54,11,43
17175,17,Stark County,Illinois,50,-8,66,74,59,8,51,-76,-92,330,422,21,27,-6
17177,17,Stephenson County,Illinois,-202,-210,416,626,6,23,-17,-1476,-991,2353,3344,-479,356,-835
17179,17,Tazewell County,Illinois,67,-269,1287,1556,334,9,325,-1507,-1828,6697,8525,355,170,185
17181,17,Union County,Illinois,-176,-118,147,265,-57,26,-83,-694,-543,833,1376,-140,119,-259
17183,17,Vermilion County,Illinois,-197,-187,791,978,-15,0,-15,-2942,-1407,4219,5626,-1530,120,-1650
17185,17,Wabash County,Illinois,-119,-67,77,144,-53,14,-67,-454,-290,509,799,-163,74,-237
17187,17,Warren County,Illinois,106,-12,178,190,120,38,82,-622,-70,1014,1084,-572,200,-772
17189,17,Washington County,Illinois,-15,-17,129,146,0,0,0,-201,-157,688,845,-40,2,-42
17191,17,Wayne County,Illinois,-1,-64,162,226,64,68,-4,-307,-379,889,1268,80,276,-196
17193,17,White County,Illinois,-199,-107,121,228,-91,0,-91,-622,-584,672,1256,-27,32,-59
17195,17,Whiteside County,Illinois,-302,-217,532,749,-85,12,-97,-1567,-1215,2851,4066,-365,173,-538
17197,17,Will County,Illinois,3273,1841,6947,5106,1403,1196,207,14892,7968,36377,28409,6369,10598,-4229
17199,17,Williamson County,Illinois,151,-136,639,775,281,3,278,62,-1035,3354,4389,1048,213,835
17201,17,Winnebago County,Illinois,709,-65,3064,3129,754,570,184,-1677,-807,16681,17488,-916,4193,-5109
17203,17,Woodford County,Illinois,-87,-6,391,397,-78,27,-105,-345,-114,2083,2197,-219,129,-348
18001,18,Adams County,Indiana,108,287,624,337,-178,17,-195,842,1638,3456,1818,-806,98,-904
18003,18,Allen County,Indiana,3235,1510,5156,3646,1696,890,806,16912,7099,27154,20055,9702,6284,3418
18005,18,Bartholomew County,Indiana,787,176,993,817,600,619,-19,3519,771,5243,4472,2683,3447,-764
18007,18,Benton County,Indiana,2,14,107,93,-14,20,-34,171,18,557,539,151,84,67
18009,18,Blackford County,Indiana,-92,-63,124,187,-28,8,-36,-380,-384,627,1011,1,36,-35
18011,18,Boone County,Indiana,2049,195,839,644,1867,30,1837,9903,995,4374,3379,8939,504,8435
18013,18,Brown County,Indiana,156,-90,100,190,250,1,249,305,-502,509,1011,817,16,801
18015,18,Carroll County,Indiana,-55,3,205,202,-57,2,-59,346,7,1109,1102,343,61,282
18017,18,Cass County,Indiana,-93,72,514,442,-165,64,-229,-33,107,2579,2472,-129,842,-971
18019,18,Clark County,Indiana,2688,-94,1364,1458,2805,154,2651,9341,-373,7386,7759,9645,1044,8601
18021,18,Clay County,Indiana,58,-78,291,369,136,-4,140,-49,-388,1503,1891,342,5,337
18023,18,Clinton County,Indiana,15,85,446,361,-72,82,-154,127,165,2258,2093,-28,692,-720
18025,18,Crawford County,Indiana,-58,-37,97,134,-20,-2,-18,-23,-273,517,790,253,-4,257
18027,18,Daviess County,Indiana,78,240,599,359,-161,64,-225,829,1027,2945,1918,-210,653,-863
18029,18,Dearborn County,Indiana,-105,-37,456,493,-69,-14,-55,933,-160,2708,2868,1076,38,1038
18031,18,Decatur County,Indiana,62,27,336,309,33,29,4,106,-72,1674,1746,179,138,41
18033,18,DeKalb County,Indiana,197,95,537,442,99,18,81,1273,315,2795,2480,923,123,800
18035,18,Delaware County,Indiana,354,-334,1086,1420,685,195,490,1202,-2100,5618,7718,3266,877,2389
18037,18,Dubois County,Indiana,74,62,557,495,9,97,-88,389,116,2747,2631,270,761,-491
18039,18,Elkhart County,Indiana,578,976,2850,1874,-404,545,-949,1725,4702,15141,10439,-3042,4039,-7081
18041,18,Fayette County,Indiana,-47,-88,242,330,40,20,20,130,-580,1354,1934,714,78,636
18043,18,Floyd County,Indiana,354,-261,710,971,617,36,581,1672,-1068,4015,5083,2725,417,2308
18045,18,Fountain County,Indiana,141,-21,220,241,164,-1,165,532,-257,1062,1319,789,35,754
18047,18,Franklin County,Indiana,150,-74,169,243,227,5,222,496,-141,1154,1295,627,62,565
18049,18,Fulton County,Indiana,56,-70,214,284,128,8,120,-393,-320,1145,1465,-77,51,-128
18051,18,Gibson County,Indiana,93,-38,364,402,132,14,118,71,-189,1898,2087,257,151,106
18053,18,Grant County,Indiana,288,-257,691,948,547,104,443,-148,-1635,3690,5325,1492,621,871
18055,18,Greene County,Indiana,-27,-99,320,419,70,21,49,366,-631,1653,2284,974,115,859
18057,18,Hamilton County,Indiana,7351,1618,3962,2344,5723,1602,4121,39546,8044,20463,12419,31594,9299,22295
18059,18,Hancock County,Indiana,2092,132,943,811,1975,56,1919,11141,225,4614,4389,10886,406,10480
18061,18,Harrison County,Indiana,251,-41,393,434,291,16,275,781,-437,2096,2533,1212,115,1097
18063,18,Hendricks County,Indiana,2746,445,1892,1447,2312,488,1824,18695,2107,9752,7645,16759,2748,14011
18065,18,Henry County,Indiana,116,-190,443,633,308,-3,311,223,-1170,2357,3527,1384,24,1360
18067,18,Howard County,Indiana,-114,-251,871,1122,136,20,116,249,-1576,4687,6263,1806,278,1528
18069,18,Huntington County,Indiana,259,-23,408,431,282,38,244,561,-329,2129,2458,894,304,590
18071,18,Jackson County,Indiana,-66,128,666,538,-188,244,-432,944,481,3351,2870,466,1745,-1279
18073,18,Jasper County,Indiana,239,19,403,384,220,84,136,969,-97,1997,2094,1066,282,784
18075,18,Jay County,Indiana,-141,29,292,263,-169,1,-170,-361,98,1521,1423,-458,79,-537
18077,18,Jefferson County,Indiana,215,-86,357,443,302,33,269,140,-528,1802,2330,674,168,506
18079,18,Jennings County,Indiana,-102,3,331,328,-104,18,-122,5,-107,1696,1803,113,84,29
18081,18,Johnson County,Indiana,3239,384,1907,1523,2876,379,2497,12486,1387,9920,8533,11179,2315,8864
18083,18,Knox County,Indiana,-105,-88,400,488,-19,37,-56,-632,-669,2033,2702,42,348,-306
18085,18,Kosciusko County,Indiana,123,78,904,826,40,88,-48,658,210,4769,4559,440,800,-360
18087,18,LaGrange County,Indiana,187,429,746,317,-243,14,-257,860,2144,3822,1678,-1279,90,-1369
18089,18,Lake County,Indiana,2115,137,5427,5290,1969,216,1753,5917,-1748,28033,29781,7579,3513,4066
18091,18,LaPorte County,Indiana,-55,-320,1087,1407,261,46,215,-1124,-1571,5819,7390,406,358,48
18093,18,Lawrence County,Indiana,338,-156,488,644,500,0,500,556,-1015,2488,3503,1562,70,1492
18095,18,Madison County,Indiana,1516,-381,1406,1787,1912,34,1878,4989,-2112,7479,9591,7046,484,6562
18097,18,Marion County,Indiana,1983,5861,14498,8637,-3836,6817,-10653,14994,25166,74527,49361,-10319,45300,-55619
18099,18,Marshall County,Indiana,61,23,562,539,36,12,24,520,-33,2904,2937,556,293,263
18101,18,Martin County,Indiana,-32,12,136,124,-45,-1,-44,46,9,659,650,31,3,28
18103,18,Miami County,Indiana,22,-22,371,393,43,33,10,-1473,-421,1842,2263,-1004,138,-1142
18105,18,Monroe County,Indiana,513,-156,999,1155,656,864,-208,2576,-694,5460,6154,3450,4483,-1033
18107,18,Montgomery County,Indiana,44,50,484,434,-7,-2,-5,1022,-13,2384,2397,1026,266,760
18109,18,Morgan County,Indiana,922,-75,734,809,1007,33,974,3191,-590,3904,4494,3777,299,3478
18111,18,Newton County,Indiana,101,-49,136,185,150,41,109,363,-287,742,1029,646,238,408
18113,18,Noble County,Indiana,-9,169,644,475,-180,37,-217,470,662,3322,2660,-195,394,-589
18115,18,Ohio County,Indiana,-7,-40,29,69,32,-2,34,61,-203,192,395,262,1,261
18117,18,Orange County,Indiana,33,-65,208,273,100,-1,101,-31,-353,1126,1479,321,6,315
18119,18,Owen County,Indiana,228,-108,206,314,341,8,333,550,-670,943,1613,1223,37,1186
18121,18,Parke County,Indiana,186,31,209,178,156,0,156,483,133,1085,952,335,1,334
18123,18,Perry County,Indiana,1,-76,162,238,76,10,66,214,-332,884,1216,509,91,418
18125,18,Pike County,Indiana,-71,-89,110,199,17,-3,20,-248,-399,601,1000,148,-9,157
18127,18,Porter County,Indiana,629,-196,1562,1758,818,91,727,2827,-1446,8206,9652,4285,744,3541
18129,18,Posey County,Indiana,-70,-41,208,249,-30,8,-38,-239,-240,1129,1369,9,37,-28
18131,18,Pulaski County,Indiana,30,-43,132,175,73,13,60,-55,-291,681,972,234,69,165
18133,18,Putnam County,Indiana,118,-55,357,412,171,51,120,1141,-393,1851,2244,1547,258,1289
18135,18,Randolph County,Indiana,53,-58,278,336,111,46,65,-65,-426,1487,1913,366,316,50
18137,18,Ripley County,Indiana,74,-10,320,330,84,-2,86,443,-180,1716,1896,626,38,588
18139,18,Rush County,Indiana,15,-9,196,205,25,6,19,17,-135,972,1107,146,38,108
18141,18,St. Joseph County,Indiana,-75,127,3101,2974,-212,842,-1054,-49,555,16649,16094,-681,4671,-5352
18143,18,Scott County,Indiana,201,-107,263,370,310,17,293,666,-603,1421,2024,1255,92,1163
18145,18,Shelby County,Indiana,269,-19,487,506,287,71,216,829,-225,2496,2721,1045,440,605
18147,18,Spencer County,Indiana,-96,-72,184,256,-23,3,-26,252,-251,1049,1300,495,42,453
18149,18,Starke County,Indiana,19,-76,249,325,95,28,67,44,-466,1284,1750,508,102,406
18151,18,Steuben County,Indiana,11,-94,337,431,106,26,80,359,-369,1765,2134,736,185,551
18153,18,Sullivan County,Indiana,138,-51,230,281,190,-1,191,12,-269,1146,1415,271,8,263
18155,18,Switzerland County,Indiana,2,-1,109,110,3,-3,6,285,-20,599,619,300,1,299
18157,18,Tippecanoe County,Indiana,546,455,1783,1328,87,1702,-1615,4201,2697,9960,7263,1255,9324,-8069
18159,18,Tipton County,Indiana,-52,-18,171,189,-35,8,-43,-35,-171,870,1041,133,71,62
18161,18,Union County,Indiana,-71,-35,55,90,-38,1,-39,-227,-136,335,471,-91,8,-99
18163,18,Vanderburgh County,Indiana,855,49,2197,2148,797,222,575,1863,-546,11285,11831,2389,2188,201
18165,18,Vermillion County,Indiana,-43,-33,172,205,-11,14,-25,52,-288,847,1135,334,41,293
18167,18,Vigo County,Indiana,314,-192,1108,1300,498,163,335,344,-1123,5848,6971,1417,1068,349
18169,18,Wabash County,Indiana,-13,-111,319,430,98,6,92,-265,-772,1685,2457,514,60,454
18171,18,Warren County,Indiana,7,-17,80,97,24,0,24,38,-128,387,515,169,26,143
18173,18,Warrick County,Indiana,482,-1,676,677,485,26,459,2909,-299,3402,3701,3197,312,2885
18175,18,Washington County,Indiana,25,-57,323,380,81,5,76,222,-324,1667,1991,547,46,501
18177,18,Wayne County,Indiana,-167,-213,722,935,41,58,-17,-383,-1257,3907,5164,864,504,360
18179,18,Wells County,Indiana,43,-1,311,312,40,26,14,706,-74,1691,1765,766,193,573
18181,18,White County,Indiana,-4,-30,298,328,30,139,-109,470,-37,1653,1690,507,676,-169
18183,18,Whitley County,Indiana,114,37,395,358,77,7,70,861,140,2038,1898,735,46,689
19001,19,Adair County,Iowa,-62,-18,85,103,-45,1,-46,-99,-144,450,594,52,40,12
19003,19,Adams County,Iowa,17,-12,34,46,29,1,28,-91,-49,207,256,-37,4,-41
19005,19,Allamakee County,Iowa,32,-8,156,164,39,30,9,176,61,934,873,115,379,-264
19007,19,Appanoose County,Iowa,-25,-60,127,187,35,12,23,-235,-347,655,1002,122,44,78
19009,19,Audubon County,Iowa,-39,-27,66,93,-12,0,-12,-165,-139,329,468,-31,20,-51
19011,19,Benton County,Iowa,159,31,289,258,130,-1,131,418,42,1410,1368,392,29,363
19013,19,Black Hawk County,Iowa,59,195,1610,1415,-136,390,-526,386,802,8411,7609,-425,2398,-2823
19015,19,Boone County,Iowa,72,-74,253,327,146,-1,147,84,-408,1350,1758,494,6,488
19017,19,Bremer County,Iowa,-67,-9,262,271,-59,8,-67,304,-65,1326,1391,374,93,281
19019,19,Buchanan County,Iowa,172,42,285,243,132,16,116,321,223,1436,1213,88,121,-33
19021,19,Buena Vista County,Iowa,-206,111,276,165,-312,83,-395,-371,563,1481,918,-955,736,-1691
19023,19,Butler County,Iowa,-44,-52,141,193,8,18,-10,-289,-234,757,991,-59,69,-128
19025,19,Calhoun County,Iowa,-92,-72,89,161,-20,4,-24,-365,-290,474,764,-77,18,-95
19027,19,Carroll County,Iowa,-143,-17,222,239,-124,1,-125,-455,-162,1216,1378,-294,68,-362
19029,19,Cass County,Iowa,-45,-91,129,220,47,8,39,-169,-441,678,1119,270,33,237
19031,19,Cedar County,Iowa,71,-23,181,204,95,8,87,-131,-223,898,1121,98,48,50
19033,19,Cerro Gordo County,Iowa,25,-139,398,537,164,10,154,-751,-733,2184,2917,-26,176,-202
19035,19,Cherokee County,Iowa,-153,-93,127,220,-59,23,-82,-281,-375,652,1027,103,86,17
19037,19,Chickasaw County,Iowa,-61,-31,140,171,-31,32,-63,-355,-125,713,838,-233,211,-444
19039,19,Clarke County,Iowa,-17,8,132,124,-25,1,-26,-174,-16,655,671,-169,93,-262
19041,19,Clay County,Iowa,-319,-61,153,214,-252,40,-292,-183,-202,860,1062,30,132,-102
19043,19,Clayton County,Iowa,-138,-43,166,209,-96,3,-99,-195,-140,984,1124,-46,46,-92
19045,19,Clinton County,Iowa,3,-115,502,617,116,7,109,-463,-578,2727,3305,106,77,29
19047,19,Crawford County,Iowa,-52,45,204,159,-96,16,-112,-287,260,1141,881,-535,394,-929
19049,19,Dallas County,Iowa,3645,751,1399,648,2903,371,2532,18736,3854,7174,3320,14866,2079,12787
19051,19,Davis County,Iowa,54,75,170,95,-19,12,-31,117,339,834,495,-227,89,-316
19053,19,Decatur County,Iowa,-20,-1,98,99,-19,5,-24,-107,-67,462,529,-31,42,-73
19055,19,Delaware County,Iowa,72,-11,199,210,85,-1,86,193,-7,1049,1056,206,13,193
19057,19,Des Moines County,Iowa,-73,-156,388,544,82,55,27,-858,-686,2111,2797,-161,298,-459
19059,19,Dickinson County,Iowa,5,-104,149,253,113,5,108,367,-374,830,1204,748,53,695
19061,19,Dubuque County,Iowa,348,79,1132,1053,262,85,177,101,317,5830,5513,-233,653,-886
19063,19,Emmet County,Iowa,-24,-23,105,128,-3,-2,-1,-280,-158,536,694,-130,12,-142
19065,19,Fayette County,Iowa,-63,-33,224,257,-31,-1,-30,-465,-247,1116,1363,-201,74,-275
19067,19,Floyd County,Iowa,-180,-36,173,209,-142,-3,-139,-728,-229,890,1119,-493,12,-505
19069,19,Franklin County,Iowa,-109,-30,119,149,-78,25,-103,-141,-99,663,762,-47,187,-234
19071,19,Fremont County,Iowa,29,-23,59,82,52,-1,53,-87,-129,340,469,43,1,42
19073,19,Greene County,Iowa,4,-40,88,128,44,0,44,-102,-189,453,642,87,23,64
19075,19,Grundy County,Iowa,-11,-11,141,152,-1,18,-19,30,-103,711,814,123,70,53
19077,19,Guthrie County,Iowa,95,-38,96,134,137,4,133,158,-222,491,713,390,66,324
19079,19,Hamilton County,Iowa,-54,23,207,184,-77,18,-95,-96,-16,996,1012,-75,343,-418
19081,19,Hancock County,Iowa,-92,-11,107,118,-81,2,-83,-271,-80,607,687,-184,35,-219
19083,19,Hardin County,Iowa,-5,-73,171,244,68,17,51,-425,-462,837,1299,40,210,-170
19085,19,Harrison County,Iowa,29,-41,143,184,70,1,69,51,-218,823,1041,277,10,267
19087,19,Henry County,Iowa,-19,-69,176,245,53,5,48,-1133,-330,974,1304,-828,58,-886
19089,19,Howard County,Iowa,-22,16,121,105,-38,1,-39,-55,20,628,608,-74,54,-128
19091,19,Humboldt County,Iowa,-96,-8,101,109,-87,-1,-86,-190,-55,556,611,-139,79,-218
19093,19,Ida County,Iowa,10,-32,71,103,42,9,33,-226,-169,384,553,-58,46,-104
19095,19,Iowa County,Iowa,30,-3,191,194,33,0,33,-165,-101,962,1063,-73,-3,-70
19097,19,Jackson County,Iowa,-63,-32,199,231,-31,6,-37,-189,-182,1074,1256,0,52,-52
19099,19,Jasper County,Iowa,31,55,439,384,-25,69,-94,337,1,2168,2167,336,350,-14
19101,19,Jefferson County,Iowa,-114,-52,131,183,-59,197,-256,-371,-275,719,994,-124,927,-1051
19103,19,Johnson County,Iowa,1181,826,1719,893,335,510,-175,7180,4119,8814,4695,2979,4124,-1145
19105,19,Jones County,Iowa,82,-5,210,215,86,-3,89,605,-134,1036,1170,739,22,717
19107,19,Keokuk County,Iowa,-7,-39,100,139,32,1,31,-226,-197,532,729,-23,22,-45
19109,19,Kossuth County,Iowa,-146,-16,185,201,-129,4,-133,-500,-181,885,1066,-305,124,-429
19111,19,Lee County,Iowa,-174,-130,361,491,-43,54,-97,-1246,-781,1823,2604,-472,132,-604
19113,19,Linn County,Iowa,1639,433,2641,2208,1188,559,629,1737,1831,13467,11636,-201,3669,-3870
19115,19,Louisa County,Iowa,-148,-18,99,117,-128,7,-135,-422,-79,548,627,-348,156,-504
19117,19,Lucas County,Iowa,21,-2,110,112,23,33,-10,213,-34,575,609,251,112,139
19119,19,Lyon County,Iowa,-50,3,133,130,-53,-2,-51,422,194,830,636,231,95,136
19121,19,Madison County,Iowa,121,2,157,155,121,3,118,723,81,912,831,638,17,621
19123,19,Mahaska County,Iowa,-32,-24,237,261,-6,23,-29,-302,-176,1238,1414,-116,128,-244
19125,19,Marion County,Iowa,237,-50,341,391,288,19,269,770,-223,1790,2013,994,93,901
19127,19,Marshall County,Iowa,-238,-28,493,521,-209,120,-329,-217,-267,2532,2799,45,1206,-1161
19129,19,Mills County,Iowa,45,-14,125,139,59,-5,64,293,-102,709,811,406,13,393
19131,19,Mitchell County,Iowa,59,-28,108,136,88,20,68,86,-107,633,740,193,114,79
19133,19,Monona County,Iowa,47,-14,93,107,62,-2,64,-217,-214,488,702,-5,9,-14
19135,19,Monroe County,Iowa,12,-43,83,126,56,-6,62,-171,-195,433,628,21,-10,31
19137,19,Montgomery County,Iowa,-51,-77,99,176,25,3,22,-330,-356,541,897,21,21,0
19139,19,Muscatine County,Iowa,-308,-19,458,477,-288,35,-323,-1393,-142,2374,2516,-1254,486,-1740
19141,19,O'Brien County,Iowa,32,-21,178,199,53,44,9,33,-98,962,1060,133,233,-100
19143,19,Osceola County,Iowa,-28,-19,62,81,-9,7,-16,-214,-80,344,424,-141,70,-211
19145,19,Page County,Iowa,-157,-95,115,210,-62,8,-70,-358,-463,650,1113,106,33,73
19147,19,Palo Alto County,Iowa,7,-16,121,137,23,8,15,-99,-110,608,718,9,28,-19
19149,19,Plymouth County,Iowa,13,-3,287,290,17,10,7,-6,50,1516,1466,-63,237,-300
19151,19,Pocahontas County,Iowa,-103,-33,73,106,-70,4,-74,-262,-167,391,558,-96,94,-190
19153,19,Polk County,Iowa,3035,2182,6423,4241,813,1431,-618,24157,10812,33406,22594,13296,11391,1905
19155,19,Pottawattamie County,Iowa,-274,-240,839,1079,-41,-18,-23,-663,-885,4968,5853,188,663,-475
19157,19,Poweshiek County,Iowa,-55,-55,167,222,1,37,-36,-296,-283,905,1188,-16,186,-202
19159,19,Ringgold County,Iowa,-7,-17,44,61,12,-2,14,-19,-160,238,398,141,1,140
19161,19,Sac County,Iowa,-89,-5,118,123,-83,6,-89,-289,-125,597,722,-162,28,-190
19163,19,Scott County,Iowa,419,141,1880,1739,263,277,-14,592,410,9845,9435,127,1511,-1384
19165,19,Shelby County,Iowa,-89,-48,113,161,-39,2,-41,-53,-259,597,856,204,152,52
19167,19,Sioux County,Iowa,-3,191,460,269,-195,30,-225,905,1133,2579,1446,-223,720,-943
19169,19,Story County,Iowa,-127,169,805,636,-298,494,-792,2750,988,4248,3260,1683,2715,-1032
19171,19,Tama County,Iowa,-8,14,210,196,-20,11,-31,-306,-68,1053,1121,-228,151,-379
19173,19,Taylor County,Iowa,-8,-12,67,79,5,-2,7,-58,-76,360,436,23,56,-33
19175,19,Union County,Iowa,-95,-59,123,182,-36,20,-56,-313,-294,623,917,-25,139,-164
19177,19,Van Buren County,Iowa,-56,-5,88,93,-49,1,-50,-75,-5,487,492,-70,3,-73
19179,19,Wapello County,Iowa,-219,18,475,457,-237,144,-381,-232,-67,2406,2473,-174,986,-1160
19181,19,Warren County,Iowa,835,104,627,523,733,13,720,4930,440,3178,2738,4474,121,4353
19183,19,Washington County,Iowa,65,22,299,277,43,0,43,106,69,1512,1443,44,124,-80
19185,19,Wayne County,Iowa,104,19,112,93,85,1,84,240,41,531,490,194,6,188
19187,19,Webster County,Iowa,39,-30,458,488,68,78,-10,-164,-311,2288,2599,122,620,-498
19189,19,Winnebago County,Iowa,-100,-66,91,157,-35,0,-35,-423,-254,500,754,-176,28,-204
19191,19,Winneshiek County,Iowa,60,-9,175,184,70,34,36,-332,-72,953,1025,-262,156,-418
19193,19,Woodbury County,Iowa,-93,382,1401,1019,-479,260,-739,668,1811,7446,5635,-1166,2362,-3528
19195,19,Worth County,Iowa,38,-5,83,88,43,4,39,-108,-30,418,448,-76,19,-95
19197,19,Wright County,Iowa,-47,29,200,171,-77,22,-99,-142,36,960,924,-189,494,-683
20001,20,Allen County,Kansas,-59,-67,123,190,8,38,-30,-219,-296,679,975,72,110,-38
20003,20,Anderson County,Kansas,85,-8,106,114,95,10,85,182,-51,530,581,234,23,211
20005,20,Atchison County,Kansas,3,-36,158,194,38,37,1,-173,-135,868,1003,-48,103,-151
20007,20,Barber County,Kansas,-2,-9,42,51,8,2,6,-151,-100,226,326,-42,5,-47
20009,20,Barton County,Kansas,-123,5,301,296,-128,9,-137,-721,-122,1579,1701,-587,102,-689
20011,20,Bourbon County,Kansas,-121,-5,173,178,-116,-3,-113,-46,-40,994,1034,-8,-6,-2
20013,20,Brown County,Kansas,-29,-48,98,146,20,2,18,-405,-246,547,793,-161,32,-193
20015,20,Butler County,Kansas,358,12,692,680,344,208,136,2113,-291,3578,3869,2428,754,1674
20017,20,Chase County,Kansas,-21,-20,19,39,0,6,-6,-4,-67,120,187,64,109,-45
20019,20,Chautauqua County,Kansas,-52,-18,35,53,-34,1,-35,-62,-122,170,292,67,2,65
20021,20,Cherokee County,Kansas,-62,-122,169,291,60,-7,67,-256,-617,965,1582,366,-12,378
20023,20,Cheyenne County,Kansas,-14,-8,34,42,-5,-2,-3,-11,-46,180,226,38,1,37
20025,20,Clark County,Kansas,10,-2,20,22,12,0,12,-90,-33,107,140,-56,0,-56
20027,20,Clay County,Kansas,-24,-30,82,112,6,12,-6,-125,-170,423,593,42,29,13
20029,20,Cloud County,Kansas,103,-48,80,128,155,18,137,-202,-255,505,760,62,59,3
20031,20,Coffey County,Kansas,138,9,108,99,131,2,129,108,-91,486,577,195,33,162
20033,20,Comanche County,Kansas,0,-7,24,31,7,1,6,-13,-55,105,160,42,2,40
20035,20,Cowley County,Kansas,131,-39,422,461,171,50,121,-164,-394,2132,2526,212,269,-57
20037,20,Crawford County,Kansas,48,-4,455,459,50,135,-85,32,-296,2342,2638,311,607,-296
20039,20,Decatur County,Kansas,3,-18,23,41,21,3,18,-51,-100,137,237,53,22,31
20041,20,Dickinson County,Kansas,-1,-86,180,266,86,-5,91,227,-456,992,1448,687,-6,693
20043,20,Doniphan County,Kansas,0,-20,61,81,22,11,11,88,-135,351,486,226,48,178
20045,20,Douglas County,Kansas,-19,104,991,887,-130,599,-729,2135,609,5212,4603,1470,2589,-1119
20047,20,Edwards County,Kansas,-81,-21,34,55,-60,7,-67,-267,-164,158,322,-101,46,-147
20049,20,Elk County,Kansas,8,-16,19,35,25,0,25,-26,-111,101,212,83,0,83
20051,20,Ellis County,Kansas,49,108,338,230,-60,36,-96,142,316,1620,1304,-188,260,-448
20053,20,Ellsworth County,Kansas,-45,-17,53,70,-28,0,-28,-122,-124,299,423,-2,3,-5
20055,20,Finney County,Kansas,-289,285,550,265,-569,65,-634,-967,1367,2880,1513,-2344,1069,-3413
20057,20,Ford County,Kansas,-294,353,610,257,-639,72,-711,-294,1657,3085,1428,-1965,1007,-2972
20059,20,Franklin County,Kansas,54,-24,295,319,77,49,28,302,-168,1526,1694,455,136,319
20061,20,Geary County,Kansas,873,668,932,264,206,160,46,-400,3529,4951,1422,-3932,801,-4733
20063,20,Gove County,Kansas,-38,4,38,34,-42,0,-42,-90,-30,187,217,-58,1,-59
20065,20,Graham County,Kansas,20,-19,26,45,41,0,41,-44,-93,137,230,55,1,54
20067,20,Grant County,Kansas,-36,31,88,57,-66,38,-104,-324,178,502,324,-511,208,-719
20069,20,Gray County,Kansas,-38,29,103,74,-65,-3,-62,0,132,484,352,-125,23,-148
20071,20,Greeley County,Kansas,-9,11,26,15,-19,0,-19,-102,-11,104,115,-90,0,-90
20073,20,Greenwood County,Kansas,-20,-36,46,82,14,2,12,-175,-250,260,510,74,10,64
20075,20,Hamilton County,Kansas,-9,21,39,18,-30,31,-61,-19,88,208,120,-111,190,-301
20077,20,Harper County,Kansas,-37,-33,59,92,-4,1,-5,-119,-142,338,480,30,20,10
20079,20,Harvey County,Kansas,-40,-45,396,441,2,-12,14,-449,-469,1941,2410,28,39,-11
20081,20,Haskell County,Kansas,41,18,55,37,24,4,20,-180,86,285,199,-261,51,-312
20083,20,Hodgeman County,Kansas,-46,-18,16,34,-27,0,-27,-106,-92,86,178,-12,3,-15
20085,20,Jackson County,Kansas,14,-3,149,152,19,8,11,209,18,833,815,192,109,83
20087,20,Jefferson County,Kansas,-11,-49,157,206,39,0,39,-72,-255,858,1113,193,15,178
20089,20,Jewell County,Kansas,-34,-14,29,43,-19,3,-22,-100,-67,157,224,-33,10,-43
20091,20,Johnson County,Kansas,6074,2179,6887,4708,3832,2376,1456,27041,11208,36226,25018,15417,13056,2361
20093,20,Kearny County,Kansas,19,18,59,41,0,20,-20,-100,89,315,226,-188,87,-275
20095,20,Kingman County,Kansas,4,-103,67,170,108,1,107,-445,-755,375,1130,309,2,307
20097,20,Kiowa County,Kansas,16,-3,29,32,19,12,7,-31,-14,166,180,-13,59,-72
20099,20,Labette County,Kansas,-9,-50,239,289,40,9,31,-504,-270,1233,1503,-223,46,-269
20101,20,Lane County,Kansas,7,-7,26,33,15,0,15,-65,-61,115,176,-4,0,-4
20103,20,Leavenworth County,Kansas,246,176,874,698,64,127,-63,2681,697,4631,3934,1931,547,1384
20105,20,Lincoln County,Kansas,-37,-24,24,48,-13,0,-13,-80,-101,141,242,23,3,20
20107,20,Linn County,Kansas,86,-27,101,128,114,1,113,350,-227,525,752,586,3,583
20109,20,Logan County,Kansas,-26,-5,39,44,-22,-1,-21,-100,-57,193,250,-41,16,-57
20111,20,Lyon County,Kansas,-85,40,351,311,-124,99,-223,86,104,1811,1707,-25,749,-774
20113,20,McPherson County,Kansas,-31,-135,285,420,104,38,66,-165,-596,1574,2170,418,158,260
20115,20,Marion County,Kansas,-45,-22,130,152,-22,3,-25,-195,-236,642,878,38,17,21
20117,20,Marshall County,Kansas,-58,-39,86,125,-19,2,-21,-179,-178,522,700,-3,11,-14
20119,20,Meade County,Kansas,-40,10,55,45,-51,8,-59,-208,-10,270,280,-201,40,-241
20121,20,Miami County,Kansas,439,66,417,351,376,-9,385,2049,74,1997,1923,1974,21,1953
20123,20,Mitchell County,Kansas,-150,-21,70,91,-127,1,-128,-205,-127,356,483,-72,10,-82
20125,20,Montgomery County,Kansas,-229,-171,279,450,-61,36,-97,-1312,-883,1638,2521,-432,206,-638
20127,20,Morris County,Kansas,41,-12,56,68,55,8,47,-37,-127,272,399,96,29,67
20129,20,Morton County,Kansas,-28,9,29,20,-37,-3,-34,-227,-6,152,158,-224,19,-243
20131,20,Nemaha County,Kansas,-32,7,144,137,-39,13,-52,-225,-29,716,745,-201,43,-244
20133,20,Neosho County,Kansas,6,7,214,207,-2,22,-24,-273,-129,1039,1168,-149,115,-264
20135,20,Ness County,Kansas,-12,-11,31,42,-1,22,-23,-65,-88,161,249,22,57,-35
20137,20,Norton County,Kansas,-17,-29,46,75,12,7,5,-168,-106,268,374,-63,20,-83
20139,20,Osage County,Kansas,-53,-54,158,212,-1,0,-1,-77,-387,805,1192,309,2,307
20141,20,Osborne County,Kansas,-56,-16,41,57,-40,2,-42,-206,-106,204,310,-98,9,-107
20143,20,Ottawa County,Kansas,-64,-25,53,78,-37,0,-37,15,-119,284,403,144,0,144
20145,20,Pawnee County,Kansas,-60,-23,58,81,-36,-3,-33,-258,-155,303,458,-105,0,-105
20147,20,Phillips County,Kansas,-23,-24,54,78,1,2,-1,-253,-133,275,408,-111,9,-120
20149,20,Pottawatomie County,Kansas,328,178,383,205,151,49,102,1833,917,1998,1081,910,199,711
20151,20,Pratt County,Kansas,11,-5,95,100,16,-1,17,-33,-87,540,627,52,7,45
20153,20,Rawlins County,Kansas,6,-17,28,45,23,2,21,-131,-74,145,219,-59,8,-67
20155,20,Reno County,Kansas,169,-126,663,789,297,25,272,-355,-1030,3416,4446,678,190,488
20157,20,Republic County,Kansas,15,-33,40,73,48,14,34,-42,-180,248,428,143,33,110
20159,20,Rice County,Kansas,-11,-7,100,107,-4,4,-8,-152,-111,553,664,-39,49,-88
20161,20,Riley County,Kansas,526,300,739,439,219,359,-140,636,1510,3778,2268,-984,1881,-2865
20163,20,Rooks County,Kansas,-71,-25,44,69,-46,1,-47,-265,-112,248,360,-153,5,-158
20165,20,Rush County,Kansas,14,-21,25,46,35,5,30,-108,-148,146,294,39,16,23
20167,20,Russell County,Kansas,-73,-32,78,110,-40,-2,-38,-109,-208,369,577,102,5,97
20169,20,Saline County,Kansas,63,-28,585,613,88,79,9,-925,-390,3078,3468,-539,558,-1097
20171,20,Scott County,Kansas,-93,11,66,55,-103,-9,-94,-339,63,365,302,-407,-7,-400
20173,20,Sedgwick County,Kansas,4047,1552,6645,5093,2447,1250,1197,14589,6229,34495,28266,8235,7334,901
20175,20,Seward County,Kansas,-64,205,366,161,-269,7,-276,-891,1069,1932,863,-1989,338,-2327
20177,20,Shawnee County,Kansas,385,-77,1904,1981,455,214,241,-300,-1039,10072,11111,675,1200,-525
20179,20,Sheridan County,Kansas,-6,5,36,31,-11,2,-13,-16,-43,153,196,27,11,16
20181,20,Sherman County,Kansas,-29,-18,68,86,-10,-6,-4,-173,-54,350,404,-123,-14,-109
20183,20,Smith County,Kansas,-24,-18,36,54,-6,11,-17,-8,-128,175,303,123,25,98
20185,20,Stafford County,Kansas,86,5,61,56,82,1,81,-70,-65,270,335,-1,5,-6
20187,20,Stanton County,Kansas,-23,-3,24,27,-20,28,-48,-95,4,122,118,-103,169,-272
20189,20,Stevens County,Kansas,-63,17,57,40,-79,1,-80,-264,64,326,262,-341,36,-377
20191,20,Sumner County,Kansas,-60,-41,240,281,-19,3,-22,-76,-350,1256,1606,275,15,260
20193,20,Thomas County,Kansas,-27,38,118,80,-64,11,-75,-199,147,581,434,-348,97,-445
20195,20,Trego County,Kansas,4,-25,27,52,30,5,25,-71,-97,148,245,27,17,10
20197,20,Wabaunsee County,Kansas,-61,-7,57,64,-54,4,-58,138,-1,360,361,141,21,120
20199,20,Wallace County,Kansas,-39,12,25,13,-50,0,-50,-71,37,122,85,-105,0,-105
20201,20,Washington County,Kansas,-28,2,63,61,-30,17,-47,-11,1,362,361,-12,76,-88
20203,20,Wichita County,Kansas,-8,18,32,14,-25,2,-27,-123,61,184,123,-180,35,-215
20205,20,Wilson County,Kansas,-2,-83,69,152,83,0,83,-329,-375,420,795,48,0,48
20207,20,Woodson County,Kansas,2,-18,24,42,22,0,22,-1,-120,141,261,117,0,117
20209,20,Wyandotte County,Kansas,727,713,2362,1649,7,983,-976,1362,3684,12347,8663,-2367,7757,-10124
21001,21,Adair County,Kentucky,188,-45,200,245,233,57,176,522,-348,1039,1387,861,204,657
21003,21,Allen County,Kentucky,441,35,288,253,409,12,397,1957,26,1431,1405,1900,37,1863
21005,21,Anderson County,Kentucky,267,25,305,280,242,48,194,1345,-30,1448,1478,1356,166,1190
21007,21,Ballard County,Kentucky,-14,-50,80,130,35,11,24,-136,-295,378,673,154,31,123
21009,21,Barren County,Kentucky,229,-90,550,640,316,120,196,1158,-543,2791,3334,1670,451,1219
21011,21,Bath County,Kentucky,206,-6,176,182,214,-2,216,431,-117,904,1021,547,3,544
21013,21,Bell County,Kentucky,-176,-213,234,447,38,-5,43,-1267,-1063,1371,2434,-198,-12,-186
21015,21,Boone County,Kentucky,1826,691,1736,1045,1122,348,774,9328,3128,8966,5838,6135,2820,3315
21017,21,Bourbon County,Kentucky,-94,-45,211,256,-48,2,-50,-11,-337,1070,1407,323,131,192
21019,21,Boyd County,Kentucky,-197,-260,468,728,59,4,55,-509,-1377,2632,4009,827,63,764
21021,21,Boyle County,Kentucky,335,-73,324,397,409,51,358,1018,-483,1649,2132,1477,243,1234
21023,21,Bracken County,Kentucky,49,-26,89,115,76,6,70,111,-151,473,624,264,28,236
21025,21,Breathitt County,Kentucky,-193,-108,136,244,-87,7,-94,-1163,-542,740,1282,-633,25,-658
21027,21,Breckinridge County,Kentucky,239,2,250,248,239,-2,241,1071,-211,1306,1517,1272,5,1267
21029,21,Bullitt County,Kentucky,689,-52,769,821,743,99,644,4230,-395,4060,4455,4572,593,3979
21031,21,Butler County,Kentucky,40,-31,146,177,71,34,37,147,-176,758,934,322,177,145
21033,21,Caldwell County,Kentucky,21,-25,153,178,45,-10,55,-44,-135,808,943,88,-25,113
21035,21,Calloway County,Kentucky,519,-87,332,419,608,89,519,1878,-617,1802,2419,2488,462,2026
21037,21,Campbell County,Kentucky,1387,149,1022,873,1242,148,1094,2360,406,5246,4840,1893,653,1240
21039,21,Carlisle County,Kentucky,-17,-22,60,82,6,3,3,-73,-156,308,464,83,24,59
21041,21,Carroll County,Kentucky,30,24,167,143,4,-1,5,337,55,847,792,276,66,210
21043,21,Carter County,Kentucky,-46,-170,253,423,122,11,111,-482,-855,1403,2258,367,23,344
21045,21,Casey County,Kentucky,152,-16,190,206,169,17,152,261,-228,948,1176,495,61,434
21047,21,Christian County,Kentucky,-1321,461,1189,728,-1747,81,-1828,-2684,3079,7144,4065,-5879,488,-6367
21049,21,Clark County,Kentucky,204,-104,401,505,311,4,307,902,-522,2146,2668,1389,126,1263
21051,21,Clay County,Kentucky,-90,-97,212,309,5,-2,7,-871,-578,1126,1704,-310,9,-319
21053,21,Clinton County,Kentucky,-33,-51,108,159,18,24,-6,-113,-212,618,830,95,88,7
21055,21,Crittenden County,Kentucky,-168,-21,106,127,-144,4,-148,-179,-160,552,712,-18,21,-39
21057,21,Cumberland County,Kentucky,-45,-38,71,109,-8,-1,-7,105,-208,378,586,307,3,304
21059,21,Daviess County,Kentucky,623,125,1350,1225,489,309,180,1579,116,6761,6645,1436,1576,-140
21061,21,Edmonson County,Kentucky,87,-29,130,159,119,13,106,624,-286,606,892,899,37,862
21063,21,Elliott County,Kentucky,-5,-23,60,83,17,0,17,-87,-175,286,461,92,0,92
21065,21,Estill County,Kentucky,17,-121,139,260,138,14,124,-199,-626,688,1314,413,54,359
21067,21,Fayette County,Kentucky,2680,977,3715,2738,1692,3084,-1392,7188,4382,19295,14913,2861,14118,-11257
21069,21,Fleming County,Kentucky,139,32,215,183,108,-2,110,711,21,1079,1058,690,-7,697
21071,21,Floyd County,Kentucky,-229,-247,348,595,17,-4,21,-1545,-1539,1871,3410,-46,6,-52
21073,21,Franklin County,Kentucky,252,-129,529,658,380,31,349,1108,-885,2746,3631,1989,492,1497
21075,21,Fulton County,Kentucky,-42,-44,57,101,4,-5,9,-295,-248,345,593,-45,-10,-35
21077,21,Gallatin County,Kentucky,76,-4,118,122,81,9,72,145,-50,574,624,201,33,168
21079,21,Garrard County,Kentucky,259,-71,176,247,334,27,307,1258,-368,900,1268,1650,137,1513
21081,21,Grant County,Kentucky,449,82,355,273,372,-5,377,1239,320,1850,1530,924,7,917
21083,21,Graves County,Kentucky,252,-62,428,490,315,58,257,396,-423,2310,2733,837,412,425
21085,21,Grayson County,Kentucky,227,49,398,349,178,-6,184,987,-37,1971,2008,1023,16,1007
21087,21,Green County,Kentucky,96,-33,133,166,130,-3,133,538,-222,653,875,758,-4,762
21089,21,Greenup County,Kentucky,-37,-218,322,540,182,9,173,-753,-1220,1706,2926,469,61,408
21091,21,Hancock County,Kentucky,32,0,104,104,33,0,33,-45,-80,497,577,31,0,31
21093,21,Hardin County,Kentucky,838,230,1327,1097,610,150,460,2784,654,7043,6389,2092,950,1142
21095,21,Harlan County,Kentucky,-321,-199,263,462,-122,-4,-118,-2105,-1208,1459,2667,-894,-7,-887
21097,21,Harrison County,Kentucky,160,-38,233,271,199,-3,202,945,-220,1233,1453,1162,-6,1168
21099,21,Hart County,Kentucky,207,13,255,242,196,-3,199,838,6,1315,1309,833,-3,836
21101,21,Henderson County,Kentucky,-93,34,584,550,-128,21,-149,-539,-410,2699,3109,-121,318,-439
21103,21,Henry County,Kentucky,245,-13,180,193,262,4,258,771,-83,969,1052,852,57,795
21105,21,Hickman County,Kentucky,-18,-56,36,92,38,2,36,-148,-264,199,463,116,10,106
21107,21,Hopkins County,Kentucky,106,-134,504,638,238,80,158,-293,-982,2598,3580,683,417,266
21109,21,Jackson County,Kentucky,31,-49,154,203,80,-2,82,362,-231,821,1052,588,-3,591
21111,21,Jefferson County,Kentucky,1056,1505,9974,8469,-384,7494,-7878,12260,2842,50677,47835,9385,38861,-29476
21113,21,Jessamine County,Kentucky,831,104,661,557,720,408,312,4148,380,3332,2952,3727,1470,2257
21115,21,Johnson County,Kentucky,-82,-117,227,344,33,13,20,-627,-727,1206,1933,88,44,44
21117,21,Kenton County,Kentucky,1338,576,2180,1604,753,500,253,6738,2720,11359,8639,3940,3047,893
21119,21,Knott County,Kentucky,-142,-128,112,240,-16,11,-27,-930,-743,575,1318,-181,43,-224
21121,21,Knox County,Kentucky,-120,-113,365,478,-8,11,-19,-663,-702,1917,2619,11,60,-49
21123,21,Larue County,Kentucky,28,-34,158,192,61,9,52,315,-227,819,1046,529,54,475
21125,21,Laurel County,Kentucky,502,-95,647,742,600,3,597,1133,-721,3525,4246,1798,81,1717
21127,21,Lawrence County,Kentucky,-60,-117,131,248,57,-7,64,-523,-521,801,1322,-11,-3,-8
21129,21,Lee County,Kentucky,4,-60,75,135,63,-2,65,-91,-333,373,706,241,0,241
21131,21,Leslie County,Kentucky,-122,-71,88,159,-52,0,-52,-888,-432,494,926,-459,0,-459
21133,21,Letcher County,Kentucky,-255,-156,206,362,-99,15,-114,-1597,-1029,1024,2053,-582,31,-613
21135,21,Lewis County,Kentucky,-11,-32,138,170,22,-5,27,-182,-214,805,1019,38,-7,45
21137,21,Lincoln County,Kentucky,300,29,321,292,273,-6,279,1078,-177,1647,1824,1225,-12,1237
21139,21,Livingston County,Kentucky,16,-34,86,120,50,-3,53,-26,-290,477,767,272,-4,276
21141,21,Logan County,Kentucky,220,-28,339,367,248,-4,252,1240,-98,1875,1973,1336,54,1282
21143,21,Lyon County,Kentucky,46,-65,58,123,113,1,112,445,-402,290,692,786,16,770
21145,21,McCracken County,Kentucky,-179,-182,654,836,1,72,-71,-320,-1269,3575,4844,927,378,549
21147,21,McCreary County,Kentucky,201,-29,189,218,233,-2,235,239,-287,994,1281,510,4,506
21149,21,McLean County,Kentucky,-17,-43,100,143,26,1,25,-87,-249,505,754,161,11,150
21151,21,Madison County,Kentucky,2096,175,1123,948,1928,118,1810,8994,415,5653,5238,8380,698,7682
21153,21,Magoffin County,Kentucky,-61,-39,129,168,-23,-9,-14,-529,-291,680,971,-240,-17,-223
21155,21,Marion County,Kentucky,117,-3,224,227,118,58,60,540,-135,1139,1274,677,251,426
21157,21,Marshall County,Kentucky,4,-190,256,446,195,-8,203,-3,-967,1471,2438,979,-14,993
21159,21,Martin County,Kentucky,14,-80,82,162,93,0,93,-593,-364,508,872,-235,-1,-234
21161,21,Mason County,Kentucky,22,-56,182,238,80,10,70,-190,-298,988,1286,116,57,59
21163,21,Meade County,Kentucky,202,29,290,261,172,-3,175,694,-102,1397,1499,793,37,756
21165,21,Menifee County,Kentucky,101,-32,66,98,133,0,133,317,-180,371,551,495,-1,496
21167,21,Mercer County,Kentucky,234,-73,258,331,310,4,306,1093,-394,1328,1722,1472,68,1404
21169,21,Metcalfe County,Kentucky,46,-43,135,178,89,9,80,295,-244,650,894,539,107,432
21171,21,Monroe County,Kentucky,35,-45,150,195,81,-3,84,-144,-258,754,1012,110,22,88
21173,21,Montgomery County,Kentucky,9,-6,340,346,13,7,6,713,-198,1750,1948,890,21,869
21175,21,Morgan County,Kentucky,182,-38,121,159,220,61,159,690,-202,673,875,843,239,604
21177,21,Muhlenberg County,Kentucky,62,-87,325,412,149,8,141,-300,-612,1683,2295,303,53,250
21179,21,Nelson County,Kentucky,427,39,570,531,384,155,229,2304,-4,2898,2902,2276,609,1667
21181,21,Nicholas County,Kentucky,197,21,110,89,178,-1,179,417,-3,525,528,419,-1,420
21183,21,Ohio County,Kentucky,34,-62,232,294,94,22,72,164,-390,1293,1683,543,277,266
21185,21,Oldham County,Kentucky,386,98,564,466,290,109,181,3372,341,2885,2544,2997,556,2441
21187,21,Owen County,Kentucky,136,-15,133,148,151,0,151,333,-200,599,799,537,15,522
21189,21,Owsley County,Kentucky,2,-42,45,87,44,-1,45,-122,-215,256,471,96,-1,97
21191,21,Pendleton County,Kentucky,-1,-23,168,191,21,-1,22,161,-148,840,988,295,10,285
21193,21,Perry County,Kentucky,-250,-121,318,439,-129,-2,-127,-1918,-976,1632,2608,-953,3,-956
21195,21,Pike County,Kentucky,-637,-427,519,946,-211,35,-246,-3946,-2427,2741,5168,-1521,156,-1677
21197,21,Powell County,Kentucky,-49,-66,132,198,17,-1,18,-318,-320,760,1080,4,-3,7
21199,21,Pulaski County,Kentucky,425,-229,766,995,657,64,593,2350,-1433,3833,5266,3764,381,3383
21201,21,Robertson County,Kentucky,-27,-21,21,42,-6,0,-6,132,-109,107,216,244,8,236
21203,21,Rockcastle County,Kentucky,-64,-106,179,285,41,-1,42,115,-613,876,1489,726,-1,727
21205,21,Rowan County,Kentucky,-50,-20,241,261,-33,-6,-27,-176,-124,1343,1467,-65,57,-122
21207,21,Russell County,Kentucky,59,-62,210,272,121,54,67,617,-426,1066,1492,1053,292,761
21209,21,Scott County,Kentucky,538,225,757,532,306,55,251,5098,1093,3821,2728,3987,430,3557
21211,21,Shelby County,Kentucky,761,160,606,446,599,194,405,3130,510,3020,2510,2592,979,1613
21213,21,Simpson County,Kentucky,370,-10,247,257,383,5,378,1193,-119,1236,1355,1292,93,1199
21215,21,Spencer County,Kentucky,291,-2,191,193,295,7,288,1580,-14,993,1007,1602,53,1549
21217,21,Taylor County,Kentucky,-48,-18,338,356,-33,34,-67,741,-292,1736,2028,1014,158,856
21219,21,Todd County,Kentucky,185,19,196,177,169,32,137,728,96,985,889,626,175,451
21221,21,Trigg County,Kentucky,-1,-63,166,229,61,-1,62,459,-361,844,1205,830,7,823
21223,21,Trimble County,Kentucky,62,18,106,88,44,0,44,228,-92,474,566,327,7,320
21225,21,Union County,Kentucky,-288,-47,141,188,-240,-5,-235,-829,-270,737,1007,-530,-6,-524
21227,21,Warren County,Kentucky,2809,583,1869,1286,2223,1025,1198,14812,2746,9575,6829,11954,5025,6929
21229,21,Washington County,Kentucky,58,-15,148,163,72,21,51,341,-168,719,887,503,74,429
21231,21,Wayne County,Kentucky,34,-110,186,296,144,0,144,35,-541,1038,1579,569,64,505
21233,21,Webster County,Kentucky,57,13,187,174,43,35,8,-88,-112,866,978,21,217,-196
21235,21,Whitley County,Kentucky,92,16,563,547,72,25,47,583,-184,2883,3067,734,155,579
21237,21,Wolfe County,Kentucky,35,-54,78,132,90,33,57,-266,-301,424,725,35,114,-79
21239,21,Woodford County,Kentucky,199,-13,266,279,215,131,84,1015,-132,1384,1516,1157,613,544
22001,22,Acadia Parish,Louisiana,-71,101,806,705,-174,-5,-169,-539,240,4389,4149,-817,397,-1214
22003,22,Allen Parish,Louisiana,-62,-19,250,269,-41,93,-134,-62,-203,1392,1595,131,591,-460
22005,22,Ascension Parish,Louisiana,1078,575,1549,974,494,425,69,8606,3316,8644,5328,5243,2063,3180
22007,22,Assumption Parish,Louisiana,-300,-72,176,248,-227,-1,-226,-1323,-392,1003,1395,-920,25,-945
22009,22,Avoyelles Parish,Louisiana,-392,-118,429,547,-269,35,-304,-1748,-568,2457,3025,-1192,140,-1332
22011,22,Beauregard Parish,Louisiana,35,44,447,403,-10,-3,-7,119,236,2493,2257,-132,49,-181
22013,22,Bienville Parish,Louisiana,-100,-53,150,203,-46,5,-51,-716,-383,803,1186,-333,50,-383
22015,22,Bossier Parish,Louisiana,699,275,1510,1235,410,440,-30,3212,1497,8339,6842,1595,2649,-1054
22017,22,Caddo Parish,Louisiana,-1091,-144,2666,2810,-951,132,-1083,-13718,-2021,14478,16499,-11652,1076,-12728
22019,22,Calcasieu Parish,Louisiana,1439,320,2328,2008,1110,489,621,-8312,1405,13071,11666,-8971,2899,-11870
22021,22,Caldwell Parish,Louisiana,-88,-39,123,162,-49,2,-51,-303,-251,589,840,-51,12,-63
22023,22,Cameron Parish,Louisiana,-55,23,61,38,-79,0,-79,-898,76,330,254,-945,67,-1012
22025,22,Catahoula Parish,Louisiana,-143,-73,62,135,-69,-2,-67,-683,-286,458,744,-395,-1,-394
22027,22,Claiborne Parish,Louisiana,-185,-82,120,202,-102,-1,-101,-819,-414,663,1077,-414,0,-414
22029,22,Concordia Parish,Louisiana,-262,-156,96,252,-107,66,-173,-849,-401,1025,1426,-460,680,-1140
22031,22,De Soto Parish,Louisiana,102,-13,324,337,116,3,113,573,-112,1740,1852,686,11,675
22033,22,East Baton Rouge Parish,Louisiana,2008,832,4962,4130,1154,2737,-1583,-616,4325,28213,23888,-5244,14525,-19769
22035,22,East Carroll Parish,Louisiana,-145,-13,69,82,-132,-1,-131,-700,-127,355,482,-579,-2,-577
22037,22,East Feliciana Parish,Louisiana,-78,-131,163,294,53,3,50,-620,-615,933,1548,-7,8,-15
22039,22,Evangeline Parish,Louisiana,-34,-62,391,453,29,159,-130,-362,-213,2186,2399,-168,1229,-1397
22041,22,Franklin Parish,Louisiana,-141,-58,218,276,-82,2,-84,-772,-347,1228,1575,-439,17,-456
22043,22,Grant Parish,Louisiana,-44,-45,214,259,0,38,-38,-99,-141,1278,1419,27,246,-219
22045,22,Iberia Parish,Louisiana,-727,-8,817,825,-709,56,-765,-3434,-58,4546,4604,-3389,386,-3775
22047,22,Iberville Parish,Louisiana,-112,-76,316,392,-38,109,-147,-667,-384,1755,2139,-271,393,-664
22049,22,Jackson Parish,Louisiana,81,-107,125,232,186,133,53,802,-494,699,1193,1296,1343,-47
22051,22,Jefferson Parish,Louisiana,-1006,494,4713,4219,-1446,4107,-5553,-9343,2387,26831,24444,-12043,25629,-37672
22053,22,Jefferson Davis Parish,Louisiana,-56,-31,389,420,-26,-3,-23,-801,-156,2200,2356,-665,1,-666
22055,22,Lafayette Parish,Louisiana,3275,982,3198,2216,2275,1106,1169,16179,5174,17205,12031,10893,5740,5153
22057,22,Lafourche Parish,Louisiana,13,40,1037,997,-33,125,-158,-2034,43,5721,5678,-2238,676,-2914
22059,22,LaSalle Parish,Louisiana,-10,-38,165,203,31,15,16,356,-226,853,1079,578,530,48
22061,22,Lincoln Parish,Louisiana,128,5,508,503,118,63,55,-36,110,2681,2571,-155,272,-427
22063,22,Livingston Parish,Louisiana,1891,367,1709,1342,1528,316,1212,12749,2026,9573,7547,10773,2145,8628
22065,22,Madison Parish,Louisiana,-232,-47,83,130,-181,8,-189,-1174,-141,570,711,-1045,26,-1071
22067,22,Morehouse Parish,Louisiana,-217,-98,268,366,-118,12,-130,-1923,-712,1449,2161,-1203,65,-1268
22069,22,Natchitoches Parish,Louisiana,-96,-16,412,428,-81,34,-115,-1431,-198,2270,2468,-1227,112,-1339
22071,22,Orleans Parish,Louisiana,-1323,32,3537,3505,-1367,1357,-2724,-21975,543,20598,20055,-22947,8565,-31512
22073,22,Ouachita Parish,Louisiana,-204,210,1919,1709,-421,232,-653,-1824,436,10291,9855,-2293,2054,-4347
22075,22,Plaquemines Parish,Louisiana,-129,31,224,193,-161,41,-202,-1302,225,1319,1094,-1576,184,-1760
22077,22,Pointe Coupee Parish,Louisiana,-343,-98,217,315,-241,14,-255,-1238,-462,1245,1707,-757,92,-849
22079,22,Rapides Parish,Louisiana,-47,-145,1484,1629,96,296,-200,-4138,-1099,8260,9359,-3093,1349,-4442
22081,22,Red River Parish,Louisiana,-82,-12,103,115,-69,0,-69,-454,-146,517,663,-303,0,-303
22083,22,Richland Parish,Louisiana,-84,-19,264,283,-65,9,-74,-461,-136,1379,1515,-323,75,-398
22085,22,Sabine Parish,Louisiana,32,-48,257,305,79,3,76,-312,-406,1367,1773,94,15,79
22087,22,St. Bernard Parish,Louisiana,259,72,477,405,181,157,24,1877,588,2840,2252,1287,1205,82
22089,22,St. Charles Parish,Louisiana,-72,71,494,423,-143,50,-193,-1961,439,2881,2442,-2497,216,-2713
22091,22,St. Helena Parish,Louisiana,-42,-48,86,134,5,0,5,-150,-288,501,789,142,96,46
22093,22,St. James Parish,Louisiana,-174,-43,186,229,-130,18,-148,-1256,-165,1098,1263,-1094,50,-1144
22095,22,St. John the Baptist Parish,Louisiana,-90,-30,431,461,-64,46,-110,-2602,77,2507,2430,-2826,417,-3243
22097,22,St. Landry Parish,Louisiana,-283,17,1078,1061,-301,72,-373,-1781,-239,5876,6115,-1571,428,-1999
22099,22,St. Martin Parish,Louisiana,-195,61,651,590,-252,69,-321,-644,181,3432,3251,-830,380,-1210
22101,22,St. Mary Parish,Louisiana,-421,-53,551,604,-366,96,-462,-2853,-384,3097,3481,-2438,900,-3338
22103,22,St. Tammany Parish,Louisiana,1443,87,2731,2644,1352,632,720,14543,397,15050,14653,14298,3861,10437
22105,22,Tangipahoa Parish,Louisiana,1363,251,1820,1569,1106,137,969,8180,1496,10026,8530,6648,905,5743
22107,22,Tensas Parish,Louisiana,-118,-44,19,63,-73,0,-73,-448,-193,160,353,-261,0,-261
22109,22,Terrebonne Parish,Louisiana,48,91,1215,1124,-50,363,-413,-5430,401,6767,6366,-6114,2074,-8188
22111,22,Union Parish,Louisiana,-200,-52,238,290,-144,51,-195,-549,-532,1210,1742,-19,255,-274
22113,22,Vermilion Parish,Louisiana,66,10,658,648,54,120,-66,664,25,3690,3665,653,466,187
22115,22,Vernon Parish,Louisiana,-988,327,775,448,-1291,86,-1377,-3657,1769,4312,2543,-5461,385,-5846
22117,22,Washington Parish,Louisiana,-201,-122,555,677,-76,22,-98,-522,-663,3035,3698,142,160,-18
22119,22,Webster Parish,Louisiana,-251,-179,394,573,-74,17,-91,-2017,-1082,2165,3247,-891,108,-999
22121,22,West Baton Rouge Parish,Louisiana,213,42,327,285,169,45,124,1552,387,1869,1482,1174,286,888
22123,22,West Carroll Parish,Louisiana,-100,-70,119,189,-30,2,-32,-598,-341,597,938,-259,7,-266
22125,22,West Feliciana Parish,Louisiana,-63,-44,101,145,-18,4,-22,-171,-310,533,843,152,25,127
22127,22,Winn Parish,Louisiana,195,-80,121,201,273,264,9,1208,-437,673,1110,1645,2148,-503
23001,23,Androscoggin County,Maine,887,-223,1146,1369,1103,716,387,5342,-1268,5989,7257,6672,3072,3600
23003,23,Aroostook County,Maine,-316,-504,575,1079,186,19,167,-482,-2593,3078,5671,2058,344,1714
23005,23,Cumberland County,Maine,2557,-279,2886,3165,2815,2010,805,14146,-1524,14904,16428,15584,9702,5882
23007,23,Franklin County,Maine,-51,-166,227,393,114,30,84,1377,-861,1166,2027,2261,129,2132
23009,23,Hancock County,Maine,41,-266,390,656,310,136,174,1686,-1560,2050,3610,3297,715,2582
23011,23,Kennebec County,Maine,395,-539,1061,1600,933,215,718,4552,-2670,5644,8314,7131,1301,5830
23013,23,Knox County,Maine,153,-291,287,578,449,23,426,509,-1369,1476,2845,1915,182,1733
23015,23,Lincoln County,Maine,71,-198,288,486,271,39,232,1367,-1145,1381,2526,2552,120,2432
23017,23,Oxford County,Maine,376,-326,498,824,706,-9,715,2585,-1661,2602,4263,4227,28,4199
23019,23,Penobscot County,Maine,684,-723,1204,1927,1406,413,993,5769,-3687,6556,10243,9301,2459,6842
23021,23,Piscataquis County,Maine,-54,-155,132,287,103,3,100,602,-841,650,1491,1452,44,1408
23023,23,Sagadahoc County,Maine,285,-147,282,429,432,103,329,1278,-712,1518,2230,2011,372,1639
23025,23,Somerset County,Maine,130,-276,464,740,411,3,408,1147,-1486,2409,3895,2595,145,2450
23027,23,Waldo County,Maine,82,-181,307,488,263,-4,267,1087,-959,1672,2631,2023,50,1973
23029,23,Washington County,Maine,-132,-249,270,519,117,26,91,244,-1446,1376,2822,1673,134,1539
23031,23,York County,Maine,1328,-496,1766,2262,1827,317,1510,10447,-2732,9494,12226,13166,2346,10820
24001,24,Allegany County,Maryland,-136,-371,577,948,227,14,213,-1262,-2214,3182,5396,929,123,806
24003,24,Anne Arundel County,Maryland,2239,1661,6472,4811,510,675,-165,10735,9410,35243,25833,932,7140,-6208
24005,24,Baltimore County,Maryland,-788,490,9084,8594,-1300,2083,-3383,-6863,588,48371,47783,-7772,16650,-24422
24009,24,Calvert County,Maryland,-137,-31,874,905,-106,15,-121,1693,277,4898,4621,1435,236,1199
24011,24,Caroline County,Maryland,57,-2,385,387,57,54,3,820,75,2169,2094,746,506,240
24013,24,Carroll County,Maryland,-113,-128,1628,1756,15,119,-104,3791,-557,8948,9505,4384,996,3388
24015,24,Cecil County,Maryland,564,102,1197,1095,464,63,401,3410,-85,6104,6189,3445,591,2854
24017,24,Charles County,Maryland,2094,248,1628,1380,1860,216,1644,9984,1742,9229,7487,8292,1843,6449
24019,24,Dorchester County,Maryland,420,-79,380,459,504,9,495,1106,-474,1936,2410,1555,124,1431
24021,24,Frederick County,Maryland,4028,1107,3160,2053,2910,698,2212,31173,5274,16545,11271,25978,5278,20700
24023,24,Garrett County,Maryland,-47,-153,204,357,107,0,107,-436,-700,1300,2000,269,29,240
24025,24,Harford County,Maryland,822,211,2621,2410,601,133,468,5513,547,13744,13197,4998,1162,3836
24027,24,Howard County,Maryland,1388,932,2939,2007,458,960,-502,6872,5641,16328,10687,805,6575,-5770
24029,24,Kent County,Maryland,48,-99,159,258,149,-2,151,367,-649,807,1456,1012,122,890
24031,24,Montgomery County,Maryland,1537,4327,11074,6747,-2776,7113,-9889,12503,22865,59683,36818,-11016,50161,-61177
24033,24,Prince George's County,Maryland,5778,3130,10276,7146,2585,5928,-3343,3143,16688,56256,39568,-14163,46581,-60744
24035,24,Queen Anne's County,Maryland,767,44,543,499,723,103,620,4567,135,2765,2630,4396,710,3686
24037,24,St. Mary's County,Maryland,476,368,1314,946,97,61,36,2920,1941,7146,5205,890,728,162
24039,24,Somerset County,Maryland,220,-78,247,325,299,37,262,358,-436,1270,1706,820,233,587
24041,24,Talbot County,Maryland,-57,-165,338,503,105,60,45,715,-1010,1761,2771,1732,630,1102
24043,24,Washington County,Maryland,591,-135,1554,1689,724,138,586,3032,-1274,8434,9708,4313,1474,2839
24045,24,Wicomico County,Maryland,260,230,1363,1133,22,189,-167,3303,956,7071,6115,2305,2609,-304
24047,24,Worcester County,Maryland,78,-344,414,758,424,48,376,1995,-1638,2280,3918,3672,471,3201
24510,24,Baltimore city,Maryland,-56,179,6659,6480,-283,1789,-2072,-15732,-314,36676,36990,-15614,14141,-29755
25001,25,Barnstable County,Massachusetts,-412,-1579,1525,3104,1175,628,547,4475,-9046,7811,16857,14206,6090,8116
25003,25,Berkshire County,Massachusetts,-825,-812,892,1704,-15,259,-274,-802,-4212,4777,8989,3649,1909,1740
25005,25,Bristol County,Massachusetts,2775,-142,5461,5603,2889,1983,906,14345,-2427,29249,31676,17398,14426,2972
25007,25,Dukes County,Massachusetts,-135,-12,155,167,-120,121,-241,626,-15,872,887,658,1103,-445
25009,25,Essex County,Massachusetts,483,1553,8632,7079,-1075,4109,-5184,16710,5093,44461,39368,11443,33532,-22089
25011,25,Franklin County,Massachusetts,-213,-328,476,804,114,107,7,-331,-1588,2557,4145,1290,636,654
25013,25,Hampden County,Massachusetts,920,-126,4749,4875,1012,1434,-422,-1480,-1916,24920,26836,471,9271,-8800
25015,25,Hampshire County,Massachusetts,-614,-491,878,1369,-124,574,-698,1750,-2690,4733,7423,8924,3028,5896
25017,25,Middlesex County,Massachusetts,6050,4048,15687,11639,1924,13193,-11269,38067,18568,83222,64654,21032,88944,-67912
25019,25,Nantucket County,Massachusetts,45,72,164,92,-30,57,-87,507,365,828,463,138,425,-287
25021,25,Norfolk County,Massachusetts,2148,896,6918,6022,1208,3673,-2465,13728,3673,36634,32961,9837,24031,-14194
25023,25,Plymouth County,Massachusetts,2166,303,5377,5074,1828,1769,59,16011,-275,27802,28077,16749,13673,3076
25025,25,Suffolk County,Massachusetts,-1644,3594,8316,4722,-5161,7805,-12966,-9043,16779,43454,26675,-23972,58602,-82574
25027,25,Worcester County,Massachusetts,4780,1443,8825,7382,3275,4528,-1253,26409,4308,45221,40913,22797,31095,-8298
26001,26,Alcona County,Michigan,5,-157,67,224,164,5,159,395,-756,364,1120,1157,29,1128
26003,26,Alger County,Michigan,-66,-56,65,121,-10,3,-13,-198,-261,329,590,50,10,40
26005,26,Allegan County,Michigan,621,34,1177,1143,588,56,532,2677,8,6261,6253,2659,664,1995
26007,26,Alpena County,Michigan,-30,-188,248,436,159,-6,165,-63,-975,1319,2294,912,-1,913
26009,26,Antrim County,Michigan,257,-161,191,352,425,13,412,1276,-747,982,1729,2038,80,1958
26011,26,Arenac County,Michigan,9,-112,97,209,124,3,121,69,-579,615,1194,646,7,639
26013,26,Baraga County,Michigan,-53,-6,80,86,-46,1,-47,16,-144,413,557,169,3,166
26015,26,Barry County,Michigan,-18,-51,555,606,31,74,-43,1563,-393,3022,3415,1962,249,1713
26017,26,Bay County,Michigan,-309,-465,860,1325,152,40,112,-1740,-2786,4723,7509,1022,146,876
26019,26,Benzie County,Michigan,76,-96,143,239,175,11,164,591,-534,727,1261,1141,68,1073
26021,26,Berrien County,Michigan,50,-309,1490,1799,350,358,-8,-2082,-2268,7783,10051,167,1863,-1696
26023,26,Branch County,Michigan,-31,126,633,507,-158,102,-260,1123,424,3165,2741,601,865,-264
26025,26,Calhoun County,Michigan,-203,-338,1337,1675,126,162,-36,-895,-1885,7433,9318,961,1017,-56
26027,26,Cass County,Michigan,144,-74,535,609,222,-4,226,89,-815,2498,3313,902,61,841
26029,26,Charlevoix County,Michigan,-87,-128,191,319,39,19,20,-20,-748,1020,1768,735,83,652
26031,26,Cheboygan County,Michigan,-99,-216,178,394,116,27,89,218,-1171,955,2126,1396,98,1298
26033,26,Chippewa County,Michigan,-28,-171,267,438,142,32,110,-705,-809,1453,2262,141,199,-58
26035,26,Clare County,Michigan,135,-161,309,470,298,-3,301,686,-976,1651,2627,1664,6,1658
26037,26,Clinton County,Michigan,243,1,696,695,235,134,101,1302,-111,3658,3769,1419,600,819
26039,26,Crawford County,Michigan,116,-92,117,209,211,5,206,735,-506,590,1096,1249,25,1224
26041,26,Delta County,Michigan,-131,-221,280,501,91,16,75,-326,-1170,1583,2753,842,48,794
26043,26,Dickinson County,Michigan,-91,-151,203,354,59,-2,61,-118,-695,1157,1852,564,48,516
26045,26,Eaton County,Michigan,401,-162,1031,1193,564,217,347,393,-1070,5421,6491,1463,1033,430
26047,26,Emmet County,Michigan,-172,-178,252,430,5,12,-7,-334,-884,1338,2222,569,60,509
26049,26,Genesee County,Michigan,-195,-1138,4026,5164,915,495,420,-5114,-6347,21941,28288,1027,2495,-1468
26051,26,Gladwin County,Michigan,132,-196,229,425,334,10,324,698,-1086,1229,2315,1783,44,1739
26053,26,Gogebic County,Michigan,32,-108,98,206,141,5,136,-94,-592,540,1132,497,23,474
26055,26,Grand Traverse County,Michigan,265,-155,856,1011,418,12,406,1481,-942,4586,5528,2419,230,2189
26057,26,Gratiot County,Michigan,-172,-84,402,486,-90,23,-113,-577,-687,2009,2696,120,123,-3
26059,26,Hillsdale County,Michigan,44,-28,513,541,70,23,47,-19,-516,2597,3113,484,118,366
26061,26,Houghton County,Michigan,139,-14,368,382,154,193,-39,472,-69,1943,2012,556,781,-225
26063,26,Huron County,Michigan,-211,-207,281,488,-3,25,-28,-881,-1176,1441,2617,308,113,195
26065,26,Ingham County,Michigan,2319,185,2683,2498,2108,1710,398,4481,884,14653,13769,3631,8116,-4485
26067,26,Ionia County,Michigan,248,45,640,595,200,7,193,-241,156,3355,3199,-448,79,-527
26069,26,Iosco County,Michigan,-159,-255,218,473,97,14,83,34,-1402,1089,2491,1444,92,1352
26071,26,Iron County,Michigan,-16,-98,79,177,84,8,76,130,-623,412,1035,753,32,721
26073,26,Isabella County,Michigan,-182,-43,581,624,-143,173,-316,303,-164,3116,3280,472,654,-182
26075,26,Jackson County,Michigan,-36,-340,1511,1851,299,119,180,-807,-1935,8277,10212,1099,676,423
26077,26,Kalamazoo County,Michigan,673,108,2593,2485,554,910,-356,2126,539,13883,13344,1637,4443,-2806
26079,26,Kalkaska County,Michigan,53,-74,165,239,128,2,126,758,-414,880,1294,1148,19,1129
26081,26,Kent County,Michigan,4820,2608,7829,5221,2160,2881,-721,17267,13680,42187,28507,3284,14332,-11048
26083,26,Keweenaw County,Michigan,21,-8,22,30,29,1,28,140,-67,93,160,207,3,204
26085,26,Lake County,Michigan,166,-103,89,192,272,4,268,1091,-550,465,1015,1615,15,1600
26087,26,Lapeer County,Michigan,241,-167,789,956,412,29,383,888,-1362,4097,5459,2265,269,1996
26089,26,Leelanau County,Michigan,133,-157,126,283,297,6,291,680,-796,723,1519,1501,41,1460
26091,26,Lenawee County,Michigan,-46,-262,838,1100,213,12,201,-1655,-1625,4580,6205,-93,281,-374
26093,26,Livingston County,Michigan,429,-40,1687,1727,466,54,412,3457,-488,8870,9358,3948,326,3622
26095,26,Luce County,Michigan,-29,-36,51,87,8,1,7,-74,-201,259,460,127,7,120
26097,26,Mackinac County,Michigan,133,-75,74,149,210,92,118,402,-452,406,858,871,323,548
26099,26,Macomb County,Michigan,3724,-494,8580,9074,4187,2507,1680,4997,-5923,45408,51331,10724,12833,-2109
26101,26,Manistee County,Michigan,81,-164,203,367,248,10,238,621,-978,1000,1978,1636,70,1566
26103,26,Marquette County,Michigan,248,-168,501,669,417,45,372,1522,-944,2768,3712,2344,219,2125
26105,26,Mason County,Michigan,-23,-173,214,387,151,10,141,-19,-978,1167,2145,982,68,914
26107,26,Mecosta County,Michigan,388,-24,392,416,413,14,399,1988,-269,2088,2357,2215,86,2129
26109,26,Menominee County,Michigan,-181,-163,160,323,-18,-7,-11,-558,-705,944,1649,150,29,121
26111,26,Midland County,Michigan,-14,-131,812,943,113,102,11,257,-628,4274,4902,869,476,393
26113,26,Missaukee County,Michigan,78,-68,139,207,148,15,133,217,-284,779,1063,502,81,421
26115,26,Monroe County,Michigan,134,-505,1233,1738,636,106,530,1183,-2040,7456,9496,3229,703,2526
26117,26,Montcalm County,Michigan,334,-52,668,720,383,166,217,2779,-373,3617,3990,3142,641,2501
26119,26,Montmorency County,Michigan,55,-119,62,181,174,6,168,685,-611,353,964,1280,22,1258
26121,26,Muskegon County,Michigan,676,-99,1879,1978,768,37,731,3155,-1169,9729,10898,4253,513,3740
26123,26,Newaygo County,Michigan,235,-100,508,608,339,24,315,1657,-524,2665,3189,2184,179,2005
26125,26,Oakland County,Michigan,5788,686,12202,11516,5004,7688,-2684,13962,2119,64894,62775,10932,38982,-28050
26127,26,Oceana County,Michigan,220,-15,284,299,239,-4,243,513,-187,1459,1646,721,154,567
26129,26,Ogemaw County,Michigan,79,-131,199,330,214,8,206,352,-821,985,1806,1159,64,1095
26131,26,Ontonagon County,Michigan,-43,-68,27,95,27,1,26,16,-406,154,560,428,6,422
26133,26,Osceola County,Michigan,-55,-12,287,299,-44,13,-57,631,-125,1412,1537,762,72,690
26135,26,Oscoda County,Michigan,94,-41,102,143,136,2,134,504,-327,473,800,829,8,821
26137,26,Otsego County,Michigan,-37,-62,223,285,24,19,5,989,-437,1231,1668,1418,105,1313
26139,26,Ottawa County,Michigan,2269,674,2995,2321,1569,403,1166,12264,3231,16006,12775,8847,2255,6592
26141,26,Presque Isle County,Michigan,-92,-142,83,225,52,2,50,145,-691,475,1166,855,17,838
26143,26,Roscommon County,Michigan,-37,-277,172,449,245,1,244,457,-1498,857,2355,1971,5,1966
26145,26,Saginaw County,Michigan,-74,-377,1906,2283,297,120,177,-2452,-2799,10117,12916,311,704,-393
26147,26,St. Clair County,Michigan,182,-461,1447,1908,638,54,584,101,-3052,7665,10717,3120,433,2687
26149,26,St. Joseph County,Michigan,-55,0,712,712,-58,16,-74,42,-241,3655,3896,273,345,-72
26151,26,Sanilac County,Michigan,-155,-182,364,546,30,20,10,-528,-1029,1995,3024,515,123,392
26153,26,Schoolcraft County,Michigan,21,-59,66,125,79,4,75,143,-327,336,663,466,23,443
26155,26,Shiawassee County,Michigan,-147,-198,666,864,48,12,36,-397,-1098,3474,4572,698,75,623
26157,26,Tuscola County,Michigan,-143,-152,507,659,6,19,-13,-649,-1097,2636,3733,426,118,308
26159,26,Van Buren County,Michigan,-29,-26,788,814,-5,33,-38,487,-422,4160,4582,911,500,411
26161,26,Washtenaw County,Michigan,1258,549,3127,2578,704,3150,-2446,-2051,2940,16685,13745,-4381,14080,-18461
26163,26,Wayne County,Michigan,3504,1597,20069,18472,1779,8004,-6225,-24870,3598,109029,105431,-29174,41559,-70733
26165,26,Wexford County,Michigan,98,-67,353,420,164,22,142,781,-420,1846,2266,1197,133,1064
27001,27,Aitkin County,Minnesota,-31,-143,122,265,115,4,111,563,-717,614,1331,1275,21,1254
27003,27,Anoka County,Minnesota,3750,1379,4007,2628,2373,876,1497,17720,7155,21290,14135,10437,6793,3644
27005,27,Becker County,Minnesota,112,-41,360,401,156,13,143,332,-275,1861,2136,608,68,540
27007,27,Beltrami County,Minnesota,276,56,506,450,219,13,206,835,188,2790,2602,618,110,508
27009,27,Benton County,Minnesota,-25,105,455,350,-132,30,-162,367,438,2482,2044,-89,307,-396
27011,27,Big Stone County,Minnesota,-25,-22,51,73,-2,0,-2,-114,-121,293,414,7,18,-11
27013,27,Blue Earth County,Minnesota,434,57,672,615,374,199,175,1517,543,3579,3036,893,1078,-185
27015,27,Brown County,Minnesota,-54,-69,237,306,16,16,0,-398,-317,1323,1640,-96,113,-209
27017,27,Carlton County,Minnesota,-14,-119,330,449,104,14,90,511,-607,1776,2383,1106,75,1031
27019,27,Carver County,Minnesota,1784,525,1219,694,1261,122,1139,7460,2693,6233,3540,4765,842,3923
27021,27,Cass County,Minnesota,6,-153,264,417,159,8,151,1353,-812,1388,2200,2139,49,2090
27023,27,Chippewa County,Minnesota,12,12,174,162,1,59,-58,-197,-8,872,880,-183,408,-591
27025,27,Chisago County,Minnesota,195,61,592,531,130,24,106,2518,376,3097,2721,2155,148,2007
27027,27,Clay County,Minnesota,395,174,729,555,218,61,157,2416,994,3959,2965,1406,539,867
27029,27,Clearwater County,Minnesota,-8,22,114,92,-29,2,-31,132,24,552,528,108,6,102
27031,27,Cook County,Minnesota,-15,-15,31,46,-1,4,-5,-80,-94,173,267,11,42,-31
27033,27,Cottonwood County,Minnesota,-2,14,162,148,-15,41,-56,-109,-27,785,812,-91,231,-322
27035,27,Crow Wing County,Minnesota,465,-103,636,739,574,9,565,3011,-686,3296,3982,3732,84,3648
27037,27,Dakota County,Minnesota,3955,1546,4821,3275,2393,927,1466,17824,8545,25693,17148,8984,7599,1385
27039,27,Dodge County,Minnesota,95,121,281,160,-27,20,-47,504,575,1399,824,-81,134,-215
27041,27,Douglas County,Minnesota,167,-90,378,468,255,24,231,1116,-458,2032,2490,1573,150,1423
27043,27,Faribault County,Minnesota,-18,-42,138,180,25,7,18,-30,-246,696,942,220,50,170
27045,27,Fillmore County,Minnesota,52,-39,236,275,90,12,78,316,-145,1217,1362,453,90,363
27047,27,Freeborn County,Minnesota,10,-84,313,397,96,-6,102,-456,-535,1561,2096,81,130,-49
27049,27,Goodhue County,Minnesota,46,-7,535,542,52,17,35,607,-183,2674,2857,816,221,595
27051,27,Grant County,Minnesota,-54,-10,56,66,-45,7,-52,10,-66,329,395,80,61,19
27053,27,Hennepin County,Minnesota,7700,4189,14101,9912,3397,4100,-703,3218,22515,75260,52745,-19175,35776,-54951
27055,27,Houston County,Minnesota,-135,-109,128,237,-25,-2,-23,-438,-396,797,1193,-38,35,-73
27057,27,Hubbard County,Minnesota,254,-44,204,248,303,9,294,1019,-237,1061,1298,1273,62,1211
27059,27,Isanti County,Minnesota,729,54,475,421,682,26,656,3258,281,2446,2165,2987,146,2841
27061,27,Itasca County,Minnesota,-48,-143,399,542,97,6,91,408,-977,2052,3029,1374,27,1347
27063,27,Jackson County,Minnesota,-16,-8,92,100,-7,7,-14,-131,-83,466,549,-54,58,-112
27065,27,Kanabec County,Minnesota,4,-19,163,182,22,-3,25,597,-161,850,1011,752,1,751
27067,27,Kandiyohi County,Minnesota,-54,71,542,471,-125,321,-446,987,441,2830,2389,518,2013,-1495
27069,27,Kittson County,Minnesota,2,-9,54,63,12,0,12,-175,-141,225,366,-34,41,-75
27071,27,Koochiching County,Minnesota,-7,-80,92,172,72,-2,74,-474,-446,486,932,-29,2,-31
27073,27,Lac qui Parle County,Minnesota,49,-19,94,113,70,5,65,-9,-131,438,569,127,29,98
27075,27,Lake County,Minnesota,-8,-65,97,162,58,-1,59,-168,-365,473,838,210,0,210
27077,27,Lake of the Woods County,Minnesota,-10,-12,37,49,2,-1,3,-2,-54,196,250,49,1,48
27079,27,Le Sueur County,Minnesota,20,27,294,267,-8,47,-55,790,164,1554,1390,630,279,351
27081,27,Lincoln County,Minnesota,-8,8,63,55,-16,1,-17,-55,-40,320,360,-13,15,-28
27083,27,Lyon County,Minnesota,-101,46,317,271,-146,51,-197,161,326,1683,1357,-185,593,-778
27085,27,McLeod County,Minnesota,-192,-23,395,418,-170,30,-200,-129,-137,2065,2202,-1,257,-258
27087,27,Mahnomen County,Minnesota,-88,-4,74,78,-85,2,-87,-249,-42,403,445,-211,18,-229
27089,27,Marshall County,Minnesota,10,12,88,76,-2,5,-7,-233,33,480,447,-273,14,-287
27091,27,Martin County,Minnesota,-124,-75,199,274,-48,12,-60,-598,-336,1106,1442,-267,101,-368
27093,27,Meeker County,Minnesota,81,-9,267,276,90,9,81,207,-30,1327,1357,238,133,105
27095,27,Mille Lacs County,Minnesota,73,-16,327,343,90,-4,94,1272,-248,1584,1832,1524,8,1516
27097,27,Morrison County,Minnesota,126,1,399,398,124,8,116,617,-119,1932,2051,736,32,704
27099,27,Mower County,Minnesota,287,83,514,431,205,187,18,928,315,2585,2270,573,1314,-741
27101,27,Murray County,Minnesota,-85,-18,58,76,-67,6,-73,-237,-100,338,438,-138,36,-174
27103,27,Nicollet County,Minnesota,34,12,300,288,20,56,-36,-185,96,1611,1515,-281,340,-621
27105,27,Nobles County,Minnesota,96,163,365,202,-69,125,-194,54,849,1884,1035,-804,1145,-1949
27107,27,Norman County,Minnesota,35,-27,69,96,63,15,48,-109,-127,350,477,15,58,-43
27109,27,Olmsted County,Minnesota,954,653,1956,1303,287,440,-153,3876,3368,10219,6851,383,2883,-2500
27111,27,Otter Tail County,Minnesota,83,-191,574,765,274,97,177,947,-961,3102,4063,1894,522,1372
27113,27,Pennington County,Minnesota,-64,17,154,137,-80,20,-100,-301,-5,763,768,-285,137,-422
27115,27,Pine County,Minnesota,74,-96,242,338,170,13,157,1597,-520,1326,1846,2029,74,1955
27117,27,Pipestone County,Minnesota,9,-6,124,130,14,13,1,-160,-15,660,675,-145,165,-310
27119,27,Polk County,Minnesota,-138,-14,338,352,-125,13,-138,-658,-165,1801,1966,-474,232,-706
27121,27,Pope County,Minnesota,-44,-31,102,133,-13,6,-19,112,-118,591,709,238,39,199
27123,27,Ramsey County,Minnesota,910,1512,6427,4915,-616,2308,-2924,-10739,8241,34440,26199,-18828,15408,-34236
27125,27,Red Lake County,Minnesota,46,7,51,44,39,0,39,7,46,258,212,-41,1,-42
27127,27,Redwood County,Minnesota,27,23,185,162,5,6,-1,-161,79,983,904,-240,53,-293
27129,27,Renville County,Minnesota,-61,-20,154,174,-43,17,-60,-367,-138,819,957,-236,83,-319
27131,27,Rice County,Minnesota,394,106,657,551,283,270,13,2846,407,3442,3035,2390,1896,494
27133,27,Rock County,Minnesota,-39,-30,85,115,-8,2,-10,-173,-151,459,610,-29,30,-59
27135,27,Roseau County,Minnesota,-3,26,158,132,-31,15,-46,-80,54,859,805,-141,54,-195
27137,27,St. Louis County,Minnesota,-112,-620,1693,2313,501,24,477,291,-3153,9157,12310,3175,422,2753
27139,27,Scott County,Minnesota,1563,682,1599,917,869,294,575,8087,3914,8692,4778,4109,2430,1679
27141,27,Sherburne County,Minnesota,1038,498,1178,680,538,134,404,7005,2518,6132,3614,4468,681,3787
27143,27,Sibley County,Minnesota,66,57,195,138,10,18,-8,510,236,951,715,290,117,173
27145,27,Stearns County,Minnesota,997,797,2025,1228,189,551,-362,5828,3845,10507,6662,1913,3942,-2029
27147,27,Steele County,Minnesota,11,31,395,364,-21,4,-25,55,169,2092,1923,-121,299,-420
27149,27,Stevens County,Minnesota,-81,22,101,79,-100,38,-138,70,181,597,416,-117,303,-420
27151,27,Swift County,Minnesota,42,11,116,105,31,35,-4,-68,24,606,582,-96,157,-253
27153,27,Todd County,Minnesota,95,68,345,277,27,20,7,795,390,1763,1373,408,324,84
27155,27,Traverse County,Minnesota,-22,-12,40,52,-11,2,-13,-233,-86,210,296,-141,14,-155
27157,27,Wabasha County,Minnesota,-17,-38,211,249,21,8,13,165,-91,1134,1225,248,76,172
27159,27,Wadena County,Minnesota,33,-55,186,241,88,2,86,318,-196,983,1179,506,63,443
27161,27,Waseca County,Minnesota,16,-22,181,203,38,1,37,-286,-52,991,1043,-234,54,-288
27163,27,Washington County,Minnesota,3901,604,2714,2110,3327,281,3046,19330,3484,14372,10888,15947,2275,13672
27165,27,Watonwan County,Minnesota,94,78,194,116,14,46,-32,205,306,970,664,-105,505,-610
27167,27,Wilkin County,Minnesota,-31,-7,68,75,-23,9,-32,-219,-108,327,435,-110,34,-144
27169,27,Winona County,Minnesota,180,-26,438,464,205,59,146,847,-62,2313,2375,897,423,474
27171,27,Wright County,Minnesota,2947,888,1933,1045,2067,214,1853,16222,4440,9883,5443,11781,1126,10655
27173,27,Yellow Medicine County,Minnesota,0,38,131,93,-39,8,-47,-48,110,645,535,-153,89,-242
28001,28,Adams County,Mississippi,285,-174,259,433,459,671,-212,519,-948,1441,2389,1519,3765,-2246
28003,28,Alcorn County,Mississippi,-47,-65,382,447,18,143,-125,-173,-539,2046,2585,356,472,-116
28005,28,Amite County,Mississippi,-13,-53,130,183,41,8,33,-236,-398,641,1039,167,30,137
28007,28,Attala County,Mississippi,-143,-85,222,307,-58,1,-59,-787,-468,1150,1618,-327,6,-333
28009,28,Benton County,Mississippi,-58,-51,77,128,-8,8,-16,-148,-218,435,653,69,28,41
28011,28,Bolivar County,Mississippi,-261,-82,336,418,-178,32,-210,-2721,-564,1895,2459,-2164,190,-2354
28013,28,Calhoun County,Mississippi,-72,-57,148,205,-14,8,-22,-623,-313,802,1115,-298,77,-375
28015,28,Carroll County,Mississippi,-159,-71,75,146,-88,-2,-86,-777,-445,387,832,-331,-5,-326
28017,28,Chickasaw County,Mississippi,-64,-44,198,242,-20,5,-25,-376,-188,1109,1297,-191,31,-222
28019,28,Choctaw County,Mississippi,-43,-45,84,129,1,15,-14,-194,-210,448,658,20,28,-8
28021,28,Claiborne County,Mississippi,-34,-35,97,132,1,14,-13,-1076,-143,539,682,-907,65,-972
28023,28,Clarke County,Mississippi,-107,-38,175,213,-70,-3,-67,-508,-270,950,1220,-240,-5,-235
28025,28,Clay County,Mississippi,-1,-9,224,233,8,-1,9,-395,-150,1207,1357,-244,3,-247
28027,28,Coahoma County,Mississippi,-192,-100,234,334,-89,220,-309,-1538,-424,1456,1880,-1108,844,-1952
28029,28,Copiah County,Mississippi,-132,-69,340,409,-63,146,-209,-867,-387,1746,2133,-460,592,-1052
28031,28,Covington County,Mississippi,-144,-73,222,295,-70,24,-94,-441,-343,1254,1597,-105,60,-165
28033,28,DeSoto County,Mississippi,1070,-85,1613,1698,1154,208,946,12605,1128,10817,9689,11509,1498,10011
28035,28,Forrest County,Mississippi,221,234,1036,802,-17,269,-286,868,681,5343,4662,156,1096,-940
28037,28,Franklin County,Mississippi,-38,-21,86,107,-17,2,-19,-186,-192,455,647,5,7,-2
28039,28,George County,Mississippi,485,-13,353,366,500,49,451,1984,-66,1819,1885,2036,164,1872
28041,28,Greene County,Mississippi,20,-4,135,139,22,-1,23,174,-29,756,785,206,7,199
28043,28,Grenada County,Mississippi,-50,-93,234,327,43,26,17,-759,-525,1260,1785,-229,93,-322
28045,28,Hancock County,Mississippi,363,-165,440,605,528,64,464,827,-1014,2269,3283,1825,267,1558
28047,28,Harrison County,Mississippi,2542,84,2431,2347,2440,1086,1354,8512,-432,12729,13161,8770,4635,4135
28049,28,Hinds County,Mississippi,-830,151,2556,2405,-986,675,-1661,-15860,110,13941,13831,-15968,3277,-19245
28051,28,Holmes County,Mississippi,-173,-30,213,243,-142,-1,-141,-1541,-268,1134,1402,-1275,1,-1276
28053,28,Humphreys County,Mississippi,-122,-42,95,137,-79,7,-86,-787,-221,486,707,-569,57,-626
28055,28,Issaquena County,Mississippi,-25,-9,2,11,-17,0,-17,-74,-46,25,71,-28,0,-28
28057,28,Itawamba County,Mississippi,-38,-66,257,323,25,-3,28,295,-324,1435,1759,602,19,583
28059,28,Jackson County,Mississippi,767,-231,1406,1637,990,334,656,4421,-1089,7918,9007,5463,1702,3761
28061,28,Jasper County,Mississippi,-83,-28,195,223,-56,-1,-55,-581,-340,1004,1344,-243,-1,-242
28063,28,Jefferson County,Mississippi,-62,-26,78,104,-35,0,-35,-434,-141,394,535,-295,3,-298
28065,28,Jefferson Davis County,Mississippi,-90,-80,114,194,-11,-2,-9,-385,-368,602,970,-13,-4,-9
28067,28,Jones County,Mississippi,395,13,881,868,378,85,293,-753,-253,4614,4867,-499,395,-894
28069,28,Kemper County,Mississippi,34,-28,78,106,62,-4,66,-390,-203,412,615,-181,-11,-170
28071,28,Lafayette County,Mississippi,-478,112,548,436,-586,258,-844,3783,441,2920,2479,3417,1102,2315
28073,28,Lamar County,Mississippi,489,218,759,541,265,92,173,3185,1083,4024,2941,2128,392,1736
28075,28,Lauderdale County,Mississippi,-210,-122,824,946,-90,110,-200,-2663,-857,4450,5307,-1821,512,-2333
28077,28,Lawrence County,Mississippi,81,-21,144,165,102,-2,104,-200,-217,748,965,25,3,22
28079,28,Leake County,Mississippi,70,68,307,239,4,164,-160,389,179,1618,1439,206,653,-447
28081,28,Lee County,Mississippi,402,83,1098,1015,312,91,221,377,100,5680,5580,257,576,-319
28083,28,Leflore County,Mississippi,-476,-52,332,384,-420,-6,-414,-2812,-384,1879,2263,-2436,116,-2552
28085,28,Lincoln County,Mississippi,7,-2,441,443,7,9,-2,91,-310,2201,2511,399,84,315
28087,28,Lowndes County,Mississippi,136,-49,670,719,179,169,10,-1541,-126,3746,3872,-1423,575,-1998
28089,28,Madison County,Mississippi,1383,309,1312,1003,1066,716,350,7175,1050,6767,5717,6062,3052,3010
28091,28,Marion County,Mississippi,-85,-123,252,375,37,-11,48,-433,-765,1338,2103,331,14,317
28093,28,Marshall County,Mississippi,245,-184,321,505,431,-11,442,903,-797,1957,2754,1667,76,1591
28095,28,Monroe County,Mississippi,-135,-108,384,492,-29,15,-44,-857,-651,2080,2731,-219,61,-280
28097,28,Montgomery County,Mississippi,-82,-28,102,130,-54,-1,-53,-465,-250,596,846,-223,-4,-219
28099,28,Neshoba County,Mississippi,-85,-32,404,436,-53,42,-95,-363,-234,2224,2458,-134,156,-290
28101,28,Newton County,Mississippi,-75,-33,263,296,-44,30,-74,-328,-91,1499,1590,-236,77,-313
28103,28,Noxubee County,Mississippi,-71,8,134,126,-77,8,-85,-478,35,771,736,-510,27,-537
28105,28,Oktibbeha County,Mississippi,140,75,435,360,68,587,-519,117,448,2514,2066,-406,1976,-2382
28107,28,Panola County,Mississippi,-28,-130,373,503,101,8,93,-515,-457,2151,2608,-59,30,-89
28109,28,Pearl River County,Mississippi,350,-127,655,782,474,90,384,3215,-1018,3343,4361,4174,437,3737
28111,28,Perry County,Mississippi,129,17,158,141,113,5,108,67,-84,770,854,162,15,147
28113,28,Pike County,Mississippi,-287,-130,456,586,-157,0,-157,-1612,-676,2517,3193,-939,61,-1000
28115,28,Pontotoc County,Mississippi,105,1,408,407,102,74,28,907,30,2191,2161,876,426,450
28117,28,Prentiss County,Mississippi,-20,-93,267,360,73,-3,76,280,-403,1501,1904,681,150,531
28119,28,Quitman County,Mississippi,-163,-51,58,109,-110,1,-111,-812,-260,359,619,-552,9,-561
28121,28,Rankin County,Mississippi,1288,342,1795,1453,934,361,573,5159,1236,9307,8071,3822,1636,2186
28123,28,Scott County,Mississippi,153,116,451,335,36,133,-97,85,494,2385,1891,-388,818,-1206
28125,28,Sharkey County,Mississippi,-102,-33,40,73,-69,0,-69,-705,-145,250,395,-560,0,-560
28127,28,Simpson County,Mississippi,-120,-56,280,336,-64,-3,-61,-443,-367,1566,1933,-68,27,-95
28129,28,Smith County,Mississippi,-45,-47,174,221,1,14,-13,-224,-210,922,1132,-16,29,-45
28131,28,Stone County,Mississippi,193,-73,181,254,266,20,246,1318,-294,1011,1305,1624,67,1557
28133,28,Sunflower County,Mississippi,-216,-127,226,353,-87,116,-203,-2920,-650,1323,1973,-2238,345,-2583
28135,28,Tallahatchie County,Mississippi,-84,-72,106,178,-11,50,-61,-1839,-345,625,970,-1455,136,-1591
28137,28,Tate County,Mississippi,99,-84,286,370,181,-14,195,659,-406,1627,2033,1047,-7,1054
28139,28,Tippah County,Mississippi,-80,-100,227,327,18,51,-33,-430,-330,1335,1665,-96,220,-316
28141,28,Tishomingo County,Mississippi,36,-136,187,323,171,23,148,-216,-815,1019,1834,597,82,515
28143,28,Tunica County,Mississippi,-292,-2,104,106,-287,-10,-277,-966,28,652,624,-992,-12,-980
28145,28,Union County,Mississippi,80,-26,327,353,105,21,84,677,-71,1793,1864,734,125,609
28147,28,Walthall County,Mississippi,83,-50,156,206,133,20,113,45,-316,843,1159,360,73,287
28149,28,Warren County,Mississippi,-379,-46,499,545,-333,6,-339,-2957,-500,2645,3145,-2431,160,-2591
28151,28,Washington County,Mississippi,-772,-85,530,615,-683,-6,-677,-4472,-657,2879,3536,-3827,38,-3865
28153,28,Wayne County,Mississippi,8,19,287,268,-11,47,-58,28,-8,1452,1460,40,177,-137
28155,28,Webster County,Mississippi,122,-59,119,178,183,-1,184,240,-320,648,968,561,-4,565
28157,28,Wilkinson County,Mississippi,-238,-57,60,117,-178,-4,-174,-1000,-292,363,655,-696,-6,-690
28159,28,Winston County,Mississippi,15,-32,201,233,47,-5,52,-237,-283,1064,1347,48,8,40
28161,28,Yalobusha County,Mississippi,-85,-61,149,210,-21,-2,-19,-110,-311,788,1099,211,-2,213
28163,28,Yazoo County,Mississippi,-219,-54,272,326,-163,117,-280,-3801,-294,1516,1810,-3416,332,-3748
29001,29,Adair County,Missouri,67,72,292,220,-5,204,-209,370,215,1482,1267,155,744,-589
29003,29,Andrew County,Missouri,126,-11,158,169,138,0,138,105,-118,844,962,229,22,207
29005,29,Atchison County,Missouri,8,-18,68,86,27,4,23,-131,-189,288,477,63,9,54
29007,29,Audrain County,Missouri,184,-15,314,329,199,-2,201,-435,-199,1564,1763,-243,16,-259
29009,29,Barry County,Missouri,470,-33,443,476,512,17,495,1664,-387,2195,2582,2043,210,1833
29011,29,Barton County,Missouri,45,11,164,153,33,-3,36,154,-47,787,834,198,-8,206
29013,29,Bates County,Missouri,64,9,227,218,53,-2,55,473,-147,1043,1190,610,5,605
29015,29,Benton County,Missouri,0,-243,163,406,247,3,244,1139,-1160,847,2007,2313,2,2311
29017,29,Bollinger County,Missouri,76,-37,140,177,114,-1,115,78,-186,717,903,263,-2,265
29019,29,Boone County,Missouri,849,525,1829,1304,306,771,-465,8132,2821,9959,7138,5252,4062,1190
29021,29,Buchanan County,Missouri,-58,-67,1023,1090,10,270,-260,-1260,-416,5327,5743,-791,1474,-2265
29023,29,Butler County,Missouri,5,-130,485,615,133,21,112,-228,-780,2633,3413,539,63,476
29025,29,Caldwell County,Missouri,41,-37,90,127,78,8,70,197,-149,503,652,351,24,327
29027,29,Callaway County,Missouri,526,39,469,430,490,38,452,1481,-10,2443,2453,1499,126,1373
29029,29,Camden County,Missouri,-148,-245,338,583,95,48,47,1305,-1385,1834,3219,2717,234,2483
29031,29,Cape Girardeau County,Missouri,542,11,876,865,529,162,367,2293,-204,4644,4848,2447,703,1744
29033,29,Carroll County,Missouri,4,-38,78,116,43,-1,44,-80,-208,423,631,133,-2,135
29035,29,Carter County,Missouri,55,12,82,70,45,5,40,218,7,429,422,219,14,205
29037,29,Cass County,Missouri,1915,146,1243,1097,1780,-1,1781,8035,76,6151,6075,7977,113,7864
29039,29,Cedar County,Missouri,-40,-48,180,228,8,-6,14,701,-135,1020,1155,852,-9,861
29041,29,Chariton County,Missouri,-13,-37,68,105,22,14,8,-33,-224,378,602,191,48,143
29043,29,Christian County,Missouri,689,183,1038,855,500,65,435,7884,815,5444,4629,7141,426,6715
29045,29,Clark County,Missouri,-109,-15,85,100,-93,1,-94,-167,-90,409,499,-70,2,-72
29047,29,Clay County,Missouri,2358,758,2931,2173,1585,374,1211,11714,3727,15310,11583,7894,2599,5295
29049,29,Clinton County,Missouri,-31,-66,232,298,33,-6,39,478,-282,1212,1494,756,-12,768
29051,29,Cole County,Missouri,145,78,845,767,63,133,-70,628,141,4309,4168,619,700,-81
29053,29,Cooper County,Missouri,0,1,173,172,0,-2,2,35,-71,933,1004,190,-3,193
29055,29,Crawford County,Missouri,90,-81,246,327,173,0,173,-121,-573,1263,1836,452,5,447
29057,29,Dade County,Missouri,165,-67,65,132,236,-1,237,235,-319,355,674,559,3,556
29059,29,Dallas County,Missouri,167,-34,207,241,203,0,203,954,-287,1091,1378,1241,27,1214
29061,29,Daviess County,Missouri,50,2,109,107,49,0,49,121,22,580,558,107,0,107
29063,29,DeKalb County,Missouri,-87,-49,91,140,-38,16,-54,-1234,-269,496,765,-940,32,-972
29065,29,Dent County,Missouri,-77,-119,147,266,41,-8,49,164,-588,783,1371,746,-14,760
29067,29,Douglas County,Missouri,66,-68,149,217,136,1,135,767,-357,770,1127,1131,29,1102
29069,29,Dunklin County,Missouri,-202,-112,405,517,-89,17,-106,-1437,-731,1940,2671,-693,108,-801
29071,29,Franklin County,Missouri,703,-42,1124,1166,740,23,717,3410,-757,5831,6588,4114,174,3940
29073,29,Gasconade County,Missouri,75,-58,170,228,136,1,135,-10,-436,816,1252,432,1,431
29075,29,Gentry County,Missouri,74,7,83,76,68,-1,69,225,-43,423,466,271,0,271
29077,29,Greene County,Missouri,2112,-124,3169,3293,2214,487,1727,10370,-1074,16786,17860,11255,2759,8496
29079,29,Grundy County,Missouri,-5,-8,131,139,3,1,2,-71,-91,687,778,17,23,-6
29081,29,Harrison County,Missouri,45,26,130,104,19,0,19,123,-29,558,587,152,22,130
29083,29,Henry County,Missouri,106,-84,226,310,191,5,186,725,-531,1232,1763,1261,28,1233
29085,29,Hickory County,Missouri,155,-49,117,166,208,1,207,765,-341,575,916,1121,4,1117
29087,29,Holt County,Missouri,-18,-25,43,68,8,0,8,-24,-155,220,375,137,13,124
29089,29,Howard County,Missouri,49,-24,90,114,74,0,74,31,-122,495,617,142,2,140
29091,29,Howell County,Missouri,-86,-99,472,571,10,-3,13,1049,-776,2404,3180,1777,-15,1792
29093,29,Iron County,Missouri,-95,-102,94,196,6,10,-4,-216,-506,487,993,284,42,242
29095,29,Jackson County,Missouri,3871,1954,9110,7156,1862,1792,70,15787,6879,45772,38893,8560,12485,-3925
29097,29,Jasper County,Missouri,959,131,1578,1447,821,109,712,4676,345,8201,7856,4228,1052,3176
29099,29,Jefferson County,Missouri,998,-30,2346,2376,1016,16,1000,6559,-450,12394,12844,6883,249,6634
29101,29,Johnson County,Missouri,846,278,702,424,563,148,415,2659,1186,3645,2459,1447,658,789
29103,29,Knox County,Missouri,20,-11,53,64,32,-1,33,-10,-58,259,317,53,-1,54
29105,29,Laclede County,Missouri,254,-58,463,521,313,31,282,903,-311,2436,2747,1194,110,1084
29107,29,Lafayette County,Missouri,99,-91,363,454,192,33,159,542,-484,1896,2380,1022,123,899
29109,29,Lawrence County,Missouri,192,9,497,488,183,-7,190,1398,-126,2606,2732,1518,13,1505
29111,29,Lewis County,Missouri,26,4,136,132,22,6,16,-159,-158,549,707,1,24,-23
29113,29,Lincoln County,Missouri,898,134,772,638,767,21,746,7112,862,4101,3239,6233,158,6075
29115,29,Linn County,Missouri,-59,-63,132,195,4,-1,5,-56,-290,696,986,233,-1,234
29117,29,Livingston County,Missouri,22,-22,159,181,44,9,35,144,-193,846,1039,338,42,296
29119,29,McDonald County,Missouri,167,68,361,293,99,134,-35,691,205,1772,1567,470,688,-218
29121,29,Macon County,Missouri,7,-50,178,228,56,6,50,-21,-255,931,1186,227,36,191
29123,29,Madison County,Missouri,14,-61,117,178,75,34,41,234,-366,641,1007,595,111,484
29125,29,Maries County,Missouri,-97,-34,91,125,-61,-1,-60,-34,-174,514,688,141,16,125
29127,29,Marion County,Missouri,117,-16,377,393,132,5,127,-1,-287,1763,2050,292,58,234
29129,29,Mercer County,Missouri,-10,-2,42,44,-8,12,-20,-136,-12,248,260,-121,47,-168
29131,29,Miller County,Missouri,134,-34,280,314,169,23,146,1093,-207,1524,1731,1273,67,1206
29133,29,Mississippi County,Missouri,55,-32,141,173,90,0,90,-572,-291,737,1028,-231,0,-231
29135,29,Moniteau County,Missouri,1,34,194,160,-34,12,-46,-45,121,1032,911,-126,49,-175
29137,29,Monroe County,Missouri,102,-18,88,106,120,8,112,292,-133,477,610,425,36,389
29139,29,Montgomery County,Missouri,34,-46,112,158,82,-1,83,269,-273,626,899,549,-1,550
29141,29,Morgan County,Missouri,57,-56,259,315,109,-7,116,1412,-347,1353,1700,1752,-13,1765
29143,29,New Madrid County,Missouri,-195,-74,178,252,-122,4,-126,-1344,-528,963,1491,-816,7,-823
29145,29,Newton County,Missouri,655,21,725,704,636,178,458,3604,-262,3682,3944,3875,949,2926
29147,29,Nodaway County,Missouri,-122,-18,209,227,-101,64,-165,-1066,65,1115,1050,-1118,218,-1336
29149,29,Oregon County,Missouri,45,-85,113,198,131,0,131,75,-419,565,984,490,10,480
29151,29,Osage County,Missouri,142,27,170,143,116,3,113,347,71,848,777,286,5,281
29153,29,Ozark County,Missouri,73,-37,108,145,111,-1,112,619,-380,444,824,1002,1,1001
29155,29,Pemiscot County,Missouri,-14,-22,201,223,8,34,-26,-1193,-292,1073,1365,-901,123,-1024
29157,29,Perry County,Missouri,-20,-10,214,224,-10,23,-33,140,-108,1084,1192,233,85,148
29159,29,Pettis County,Missouri,360,116,607,491,244,116,128,1267,383,3077,2694,884,716,168
29161,29,Phelps County,Missouri,41,-160,390,550,198,236,-38,613,-852,2121,2973,1482,1018,464
29163,29,Pike County,Missouri,-76,-30,196,226,-47,-4,-43,368,-160,1034,1194,566,8,558
29165,29,Platte County,Missouri,1373,276,1203,927,1092,404,688,7676,1371,6173,4802,6283,1734,4549
29167,29,Polk County,Missouri,393,39,407,368,355,21,334,2084,12,2052,2040,2065,174,1891
29169,29,Pulaski County,Missouri,550,266,652,386,279,12,267,492,1392,3569,2177,-911,175,-1086
29171,29,Putnam County,Missouri,-16,18,80,62,-35,0,-35,-130,-26,349,375,-104,4,-108
29173,29,Ralls County,Missouri,-7,-45,85,130,39,0,39,93,-235,471,706,327,1,326
29175,29,Randolph County,Missouri,134,-32,283,315,166,-1,167,-197,-245,1468,1713,74,8,66
29177,29,Ray County,Missouri,133,-48,251,299,185,3,182,234,-369,1328,1697,593,3,590
29179,29,Reynolds County,Missouri,72,-30,58,88,103,0,103,-101,-172,324,496,76,-1,77
29181,29,Ripley County,Missouri,1,-65,148,213,67,9,58,39,-382,762,1144,409,22,387
29183,29,St. Charles County,Missouri,3909,392,3927,3535,3502,1099,2403,21233,2383,21343,18960,18926,5241,13685
29185,29,St. Clair County,Missouri,133,-47,119,166,182,1,181,691,-228,606,834,917,23,894
29186,29,Ste. Genevieve County,Missouri,87,-24,188,212,112,-6,118,208,-163,994,1157,373,-4,377
29187,29,St. Francois County,Missouri,360,-244,686,930,601,54,547,887,-1459,3546,5005,2479,185,2294
29189,29,St. Louis County,Missouri,-755,-1316,9583,10899,525,3895,-3370,-13637,-6320,52911,59231,-7914,19353,-27267
29195,29,Saline County,Missouri,52,-30,258,288,80,100,-20,-61,-234,1315,1549,150,427,-277
29197,29,Schuyler County,Missouri,67,21,70,49,47,5,42,111,63,348,285,50,17,33
29199,29,Scotland County,Missouri,120,39,88,49,81,6,75,88,152,439,287,-61,15,-76
29201,29,Scott County,Missouri,38,-40,462,502,77,14,63,-79,-347,2423,2770,266,73,193
29203,29,Shannon County,Missouri,1,-23,94,117,23,0,23,253,-174,472,646,424,3,421
29205,29,Shelby County,Missouri,-116,2,86,84,-115,9,-124,-235,-78,389,467,-148,30,-178
29207,29,Stoddard County,Missouri,-100,-138,320,458,37,2,35,-398,-701,1711,2412,295,20,275
29209,29,Stone County,Missouri,-67,-210,264,474,145,8,137,1424,-1095,1400,2495,2519,57,2462
29211,29,Sullivan County,Missouri,-24,1,78,77,-25,9,-34,-260,-34,379,413,-219,95,-314
29213,29,Taney County,Missouri,119,-119,604,723,239,-11,250,939,-787,3098,3885,1720,169,1551
29215,29,Texas County,Missouri,290,-75,279,354,368,-8,376,1509,-570,1457,2027,2101,-12,2113
29217,29,Vernon County,Missouri,168,-44,255,299,213,41,172,248,-310,1293,1603,562,143,419
29219,29,Warren County,Missouri,489,22,427,405,464,-7,471,3483,67,2232,2165,3415,37,3378
29221,29,Washington County,Missouri,199,-98,225,323,299,11,288,291,-557,1309,1866,865,47,818
29223,29,Wayne County,Missouri,-69,-66,108,174,-3,5,-8,-193,-453,597,1050,265,14,251
29225,29,Webster County,Missouri,970,228,611,383,750,-17,767,3967,924,3154,2230,3046,9,3037
29227,29,Worth County,Missouri,2,2,23,21,-1,-1,0,-56,-35,120,155,-22,-1,-21
29229,29,Wright County,Missouri,139,2,266,264,137,3,134,1487,-88,1343,1431,1571,4,1567
29510,29,St. Louis city,Missouri,-2301,152,3225,3073,-2441,1308,-3749,-23205,744,17928,17184,-24065,7694,-31759
30001,30,Beaverhead County,Montana,53,-21,96,117,74,-7,81,675,-145,469,614,814,-3,817
30003,30,Big Horn County,Montana,-95,54,190,136,-150,-3,-147,-370,100,973,873,-463,47,-510
30005,30,Blaine County,Montana,-16,1,81,80,-17,2,-19,-186,17,429,412,-196,3,-199
30007,30,Broadwater County,Montana,204,-3,73,76,211,-3,214,1718,26,403,377,1706,-2,1708
30009,30,Carbon County,Montana,-38,16,113,97,-53,-6,-47,990,-62,488,550,1066,18,1048
30011,30,Carter County,Montana,-39,-2,14,16,-37,0,-37,-30,-14,75,89,-16,0,-16
30013,30,Cascade County,Montana,361,-71,944,1015,433,87,346,612,-528,4897,5425,1109,237,872
30015,30,Chouteau County,Montana,12,-24,44,68,37,1,36,-46,-132,214,346,89,8,81
30017,30,Custer County,Montana,57,4,138,134,53,4,49,172,-102,645,747,274,11,263
30019,30,Daniels County,Montana,-31,-3,18,21,-28,1,-29,-41,-30,76,106,-11,2,-13
30021,30,Dawson County,Montana,-47,-8,109,117,-40,-1,-39,-249,-150,494,644,-101,6,-107
30023,30,Deer Lodge County,Montana,-57,-41,90,131,-16,4,-20,282,-268,410,678,546,23,523
30025,30,Fallon County,Montana,-1,16,38,22,-17,-2,-15,-90,43,184,141,-129,-3,-126
30027,30,Fergus County,Montana,-1,-11,146,157,12,7,5,378,-176,669,845,566,32,534
30029,30,Flathead County,Montana,1062,101,1192,1091,967,53,914,11076,170,6139,5969,11014,343,10671
30031,30,Gallatin County,Montana,1242,437,1137,700,799,254,545,9783,2578,6186,3608,7285,1361,5924
30033,30,Garfield County,Montana,-27,-1,14,15,-26,-1,-25,-22,0,83,83,-20,-1,-19
30035,30,Glacier County,Montana,-52,-2,180,182,-50,-1,-49,-310,-98,914,1012,-212,3,-215
30037,30,Golden Valley County,Montana,0,-4,13,17,5,0,5,18,-20,59,79,37,0,37
30039,30,Granite County,Montana,19,-15,24,39,34,8,26,355,-55,133,188,405,18,387
30041,30,Hill County,Montana,52,58,226,168,-8,-7,-1,-120,223,1140,917,-343,-12,-331
30043,30,Jefferson County,Montana,98,-54,94,148,154,-2,156,1248,-267,533,800,1525,20,1505
30045,30,Judith Basin County,Montana,47,3,22,19,44,0,44,141,6,110,104,131,5,126
30047,30,Lake County,Montana,9,-78,307,385,83,-7,90,2257,-414,1579,1993,2673,52,2621
30049,30,Lewis and Clark County,Montana,239,-37,690,727,274,9,265,4360,-318,3586,3904,4658,200,4458
30051,30,Liberty County,Montana,6,-6,15,21,13,10,3,-1,-13,104,117,13,19,-6
30053,30,Lincoln County,Montana,181,-118,197,315,304,-9,313,2653,-709,947,1656,3355,22,3333
30055,30,McCone County,Montana,5,7,22,15,-3,0,-3,-8,24,108,84,-31,0,-31
30057,30,Madison County,Montana,254,-24,72,96,284,1,283,1404,-167,368,535,1573,70,1503
30059,30,Meagher County,Montana,42,-1,19,20,44,0,44,211,-13,99,112,220,0,220
30061,30,Mineral County,Montana,-2,-24,40,64,22,-1,23,655,-137,203,340,799,2,797
30063,30,Missoula County,Montana,1042,110,1079,969,929,164,765,5586,360,5632,5272,5209,730,4479
30065,30,Musselshell County,Montana,130,-8,60,68,140,-4,144,848,-89,272,361,935,-11,946
30067,30,Park County,Montana,41,-29,162,191,69,12,57,1019,-228,802,1030,1235,62,1173
30069,30,Petroleum County,Montana,10,2,5,3,7,0,7,50,5,33,28,47,0,47
30071,30,Phillips County,Montana,7,-14,31,45,23,6,17,-13,-78,197,275,65,13,52
30073,30,Pondera County,Montana,7,-20,68,88,26,2,24,164,-42,378,420,218,26,192
30075,30,Powder River County,Montana,23,6,23,17,17,0,17,86,3,100,97,82,0,82
30077,30,Powell County,Montana,36,-38,61,99,76,2,74,214,-210,281,491,431,8,423
30079,30,Prairie County,Montana,4,-6,7,13,10,0,10,18,-41,46,87,60,3,57
30081,30,Ravalli County,Montana,545,-156,388,544,709,46,663,4407,-1022,2023,3045,5512,169,5343
30083,30,Richland County,Montana,306,30,130,100,282,23,259,-111,142,715,573,-247,97,-344
30085,30,Roosevelt County,Montana,32,27,161,134,4,5,-1,-562,-25,847,872,-555,20,-575
30087,30,Rosebud County,Montana,35,21,115,94,13,53,-40,-82,4,626,622,-67,148,-215
30089,30,Sanders County,Montana,170,-35,132,167,206,-4,210,1667,-377,598,975,2058,1,2057
30091,30,Sheridan County,Montana,-42,-28,24,52,-13,19,-32,-111,-109,166,275,3,40,-37
30093,30,Silver Bow County,Montana,27,-154,303,457,179,20,159,988,-923,1612,2535,1885,199,1686
30095,30,Stillwater County,Montana,16,-4,83,87,21,-1,22,485,-80,440,520,565,-4,569
30097,30,Sweet Grass County,Montana,-56,2,37,35,-57,0,-57,81,-66,160,226,150,19,131
30099,30,Teton County,Montana,57,-5,75,80,63,-2,65,270,-61,376,437,334,0,334
30101,30,Toole County,Montana,58,-2,45,47,61,14,47,241,-37,252,289,271,55,216
30103,30,Treasure County,Montana,-7,-4,3,7,-3,0,-3,-32,-8,35,43,-23,0,-23
30105,30,Valley County,Montana,0,-35,68,103,36,3,33,-199,-155,377,532,-43,25,-68
30107,30,Wheatland County,Montana,42,2,21,19,39,0,39,30,-22,110,132,50,0,50
30109,30,Wibaux County,Montana,-27,-16,6,22,-11,-1,-10,-52,-70,42,112,19,-1,20
30111,30,Yellowstone County,Montana,1144,115,1903,1788,1019,151,868,7966,129,9717,9588,7772,712,7060
31001,31,Adams County,Nebraska,-132,11,376,365,-144,9,-153,-127,13,1963,1950,-136,315,-451
31003,31,Antelope County,Nebraska,-18,18,89,71,-36,1,-37,52,63,458,395,-7,14,-21
31005,31,Arthur County,Nebraska,-21,-3,3,6,-18,0,-18,-35,-11,18,29,-25,0,-25
31007,31,Banner County,Nebraska,16,-5,8,13,21,13,8,10,-14,39,53,21,27,-6
31009,31,Blaine County,Nebraska,-1,2,6,4,-3,0,-3,28,-1,32,33,33,0,33
31011,31,Boone County,Nebraska,-35,1,66,65,-35,27,-62,-23,-26,340,366,6,64,-58
31013,31,Box Butte County,Nebraska,-166,-4,118,122,-160,4,-164,-341,-28,626,654,-289,111,-400
31015,31,Boyd County,Nebraska,-44,-12,18,30,-32,1,-33,-145,-97,82,179,-47,13,-60
31017,31,Brown County,Nebraska,-12,-18,30,48,5,14,-9,-76,-66,173,239,-9,45,-54
31019,31,Buffalo County,Nebraska,46,102,572,470,-61,42,-103,1090,744,3151,2407,333,367,-34
31021,31,Burt County,Nebraska,-48,-29,68,97,-18,3,-21,-49,-165,340,505,115,12,103
31023,31,Butler County,Nebraska,40,7,112,105,35,-11,46,138,0,553,553,145,-11,156
31025,31,Cass County,Nebraska,156,0,273,273,155,6,149,1056,-16,1399,1415,1095,59,1036
31027,31,Cedar County,Nebraska,29,-7,94,101,38,4,34,-7,-4,543,547,9,13,-4
31029,31,Chase County,Nebraska,2,-16,46,62,18,8,10,-179,-68,251,319,-114,50,-164
31031,31,Cherry County,Nebraska,-13,35,76,41,-49,19,-68,103,114,407,293,-8,60,-68
31033,31,Cheyenne County,Nebraska,-10,-27,110,137,18,12,6,60,-176,535,711,236,69,167
31035,31,Clay County,Nebraska,56,19,87,68,38,5,33,69,41,434,393,35,29,6
31037,31,Colfax County,Nebraska,20,119,178,59,-96,114,-210,353,574,925,351,-213,895,-1108
31039,31,Cuming County,Nebraska,-88,-4,107,111,-82,13,-95,-189,15,606,591,-210,57,-267
31041,31,Custer County,Nebraska,-17,24,149,125,-42,11,-53,-45,35,718,683,-75,41,-116
31043,31,Dakota County,Nebraska,193,262,461,199,-69,114,-183,106,943,1969,1026,-838,821,-1659
31045,31,Dawes County,Nebraska,-157,-31,67,98,-124,-8,-116,-340,-103,428,531,-240,-16,-224
31047,31,Dawson County,Nebraska,-75,145,337,192,-217,189,-406,346,719,1879,1160,-370,1437,-1807
31049,31,Deuel County,Nebraska,-1,-11,6,17,11,2,9,23,-52,61,113,72,5,67
31051,31,Dixon County,Nebraska,21,17,83,66,3,30,-27,5,9,365,356,-6,234,-240
31053,31,Dodge County,Nebraska,126,-2,499,501,125,118,7,898,14,2591,2577,884,841,43
31055,31,Douglas County,Nebraska,5557,3289,7858,4569,2210,2590,-380,21933,16476,41391,24915,5243,16155,-10912
31057,31,Dundy County,Nebraska,-1,-4,18,22,2,0,2,-89,-31,86,117,-59,0,-59
31059,31,Fillmore County,Nebraska,-8,-47,49,96,39,0,39,-94,-164,300,464,70,1,69
31061,31,Franklin County,Nebraska,-26,-11,34,45,-14,0,-14,-90,-93,164,257,2,0,2
31063,31,Frontier County,Nebraska,50,8,31,23,43,20,23,135,-3,138,141,141,43,98
31065,31,Furnas County,Nebraska,53,5,51,46,49,3,46,-106,-21,277,298,-86,21,-107
31067,31,Gage County,Nebraska,23,-92,209,301,117,-5,122,2,-551,1107,1658,554,18,536
31069,31,Garden County,Nebraska,-7,-10,12,22,3,1,2,-69,-61,79,140,-7,3,-10
31071,31,Garfield County,Nebraska,11,-27,21,48,38,0,38,-104,-101,122,223,0,0,0
31073,31,Gosper County,Nebraska,-24,-5,15,20,-19,0,-19,-91,-43,85,128,-44,0,-44
31075,31,Grant County,Nebraska,-2,-4,4,8,3,0,3,-50,0,35,35,-49,0,-49
31077,31,Greeley County,Nebraska,-29,-5,24,29,-24,0,-24,-39,-15,133,148,-24,0,-24
31079,31,Hall County,Nebraska,-258,310,910,600,-554,521,-1075,734,1510,4757,3247,-716,3453,-4169
31081,31,Hamilton County,Nebraska,45,20,134,114,26,-2,28,251,42,628,586,216,-4,220
31083,31,Harlan County,Nebraska,-14,-17,30,47,4,1,3,-77,-98,167,265,28,11,17
31085,31,Hayes County,Nebraska,-17,2,10,8,-19,3,-22,-29,13,55,42,-41,16,-57
31087,31,Hitchcock County,Nebraska,-18,-8,21,29,-9,1,-10,-151,-61,136,197,-92,3,-95
31089,31,Holt County,Nebraska,1,-17,113,130,18,28,-10,-52,-2,666,668,-44,134,-178
31091,31,Hooker County,Nebraska,-12,-1,6,7,-10,0,-10,-24,-19,34,53,-4,0,-4
31093,31,Howard County,Nebraska,2,-15,63,78,17,1,16,64,-41,380,421,102,16,86
31095,31,Jefferson County,Nebraska,-80,-33,76,109,-46,22,-68,-171,-183,411,594,23,105,-82
31097,31,Johnson County,Nebraska,21,-26,41,67,47,-3,50,-67,-135,206,341,71,19,52
31099,31,Kearney County,Nebraska,27,6,81,75,19,6,13,104,30,409,379,74,47,27
31101,31,Keith County,Nebraska,-61,-25,74,99,-35,-4,-31,-228,-156,414,570,-75,2,-77
31103,31,Keya Paha County,Nebraska,-16,-6,8,14,-10,1,-11,24,-13,41,54,39,3,36
31105,31,Kimball County,Nebraska,93,3,45,42,90,7,83,-43,-57,195,252,15,40,-25
31107,31,Knox County,Nebraska,-39,-18,87,105,-21,2,-23,-50,-50,539,589,-2,20,-22
31109,31,Lancaster County,Nebraska,2708,1110,3646,2536,1561,1343,218,11432,5640,19264,13624,5689,7381,-1692
31111,31,Lincoln County,Nebraska,18,-100,337,437,120,38,82,-1373,-631,1801,2432,-724,224,-948
31113,31,Logan County,Nebraska,-14,0,10,10,-14,0,-14,-46,-3,46,49,-41,3,-44
31115,31,Loup County,Nebraska,-16,2,8,6,-17,0,-17,-37,1,29,28,-37,0,-37
31117,31,McPherson County,Nebraska,-5,2,4,2,-7,0,-7,-30,5,20,15,-31,1,-32
31119,31,Madison County,Nebraska,313,69,472,403,243,164,79,517,408,2448,2040,136,794,-658
31121,31,Merrick County,Nebraska,59,-13,65,78,72,-1,73,243,-70,399,469,313,22,291
31123,31,Morrill County,Nebraska,-43,-21,43,64,-21,19,-40,-151,-93,270,363,-62,61,-123
31125,31,Nance County,Nebraska,4,-14,45,59,17,0,17,-89,-100,217,317,6,0,6
31127,31,Nemaha County,Nebraska,-2,-6,78,84,4,-2,6,25,-67,414,481,89,-2,91
31129,31,Nuckolls County,Nebraska,4,-7,47,54,10,0,10,2,-84,227,311,88,1,87
31131,31,Otoe County,Nebraska,59,3,180,177,58,29,29,619,5,956,951,618,349,269
31133,31,Pawnee County,Nebraska,-7,-11,23,34,5,1,4,-35,-76,136,212,48,6,42
31135,31,Perkins County,Nebraska,42,2,30,28,41,18,23,-8,-15,148,163,6,57,-51
31137,31,Phelps County,Nebraska,-36,3,111,108,-38,3,-41,25,19,603,584,12,40,-28
31139,31,Pierce County,Nebraska,29,35,87,52,-7,18,-25,63,154,501,347,-92,68,-160
31141,31,Platte County,Nebraska,-8,111,428,317,-116,320,-436,1338,690,2380,1690,653,1841,-1188
31143,31,Polk County,Nebraska,-17,-22,54,76,6,9,-3,59,-136,278,414,198,59,139
31145,31,Red Willow County,Nebraska,-98,-25,116,141,-73,2,-75,-393,-159,614,773,-237,18,-255
31147,31,Richardson County,Nebraska,-63,-71,78,149,8,-1,9,-344,-338,391,729,2,-4,6
31149,31,Rock County,Nebraska,-3,-1,13,14,-3,0,-3,-7,-21,79,100,14,0,14
31151,31,Saline County,Nebraska,16,67,202,135,-49,50,-99,232,335,1021,686,-78,527,-605
31153,31,Sarpy County,Nebraska,3784,1026,2371,1345,2760,572,2188,17696,5402,12461,7059,12164,2557,9607
31155,31,Saunders County,Nebraska,258,48,276,228,213,2,211,1431,159,1401,1242,1285,19,1266
31157,31,Scotts Bluff County,Nebraska,-72,-57,404,461,-18,34,-52,-501,-238,2191,2429,-265,289,-554
31159,31,Seward County,Nebraska,142,38,200,162,105,3,102,420,71,996,925,355,22,333
31161,31,Sheridan County,Nebraska,-91,-41,56,97,-48,2,-50,-325,-175,289,464,-147,12,-159
31163,31,Sherman County,Nebraska,-29,-17,30,47,-12,0,-12,-39,-71,160,231,36,0,36
31165,31,Sioux County,Nebraska,-17,0,15,15,-17,0,-17,51,-5,71,76,60,106,-46
31167,31,Stanton County,Nebraska,-39,12,75,63,-52,-1,-51,-99,60,362,302,-165,2,-167
31169,31,Thayer County,Nebraska,-32,-18,47,65,-14,-2,-12,-193,-142,256,398,-43,0,-43
31171,31,Thomas County,Nebraska,-10,0,8,8,-9,0,-9,-30,-3,41,44,-27,0,-27
31173,31,Thurston County,Nebraska,143,75,162,87,68,7,61,-22,190,725,535,-210,42,-252
31175,31,Valley County,Nebraska,29,16,60,44,14,9,5,36,28,286,258,9,20,-11
31177,31,Washington County,Nebraska,15,38,233,195,-22,-2,-20,435,117,1146,1029,323,26,297
31179,31,Wayne County,Nebraska,120,34,102,68,85,11,74,316,156,521,365,156,128,28
31181,31,Webster County,Nebraska,11,-22,37,59,34,3,31,-59,-128,190,318,67,6,61
31183,31,Wheeler County,Nebraska,-3,-3,8,11,1,11,-10,18,1,51,50,18,25,-7
31185,31,York County,Nebraska,128,29,171,142,100,7,93,445,7,869,862,443,95,348
32001,32,Churchill County,Nevada,-104,-89,293,382,-16,0,-16,334,-481,1500,1981,807,55,752
32003,32,Clark County,Nevada,21480,3979,24294,20315,17355,8890,8465,140780,18193,128954,110761,121789,57702,64087
32005,32,Douglas County,Nevada,520,-284,344,628,813,-1,814,629,-1697,1717,3414,2402,66,2336
32007,32,Elko County,Nevada,129,260,676,416,-137,32,-169,1109,1181,3530,2349,-82,200,-282
32009,32,Esmeralda County,Nevada,-10,-4,6,10,-5,-6,1,-1,-38,23,61,39,-5,44
32011,32,Eureka County,Nevada,-50,-3,17,20,-45,6,-51,15,-27,95,122,44,22,22
32013,32,Humboldt County,Nevada,89,76,205,129,11,18,-7,-20,239,1065,826,-270,121,-391
32015,32,Lander County,Nevada,97,6,54,48,91,2,89,143,15,317,302,129,13,116
32017,32,Lincoln County,Nevada,-56,-39,45,84,-17,-1,-16,-181,-154,256,410,-13,-1,-12
32019,32,Lyon County,Nevada,1312,-80,601,681,1406,36,1370,5850,-835,3201,4036,6743,143,6600
32021,32,Mineral County,Nevada,-74,-66,26,92,-7,0,-7,-145,-315,157,472,180,-1,181
32023,32,Nye County,Nevada,975,-570,399,969,1566,-12,1578,5745,-3275,1995,5270,9094,385,8709
32027,32,Pershing County,Nevada,-44,-50,34,84,6,17,-11,-231,-194,221,415,-21,69,-90
32029,32,Storey County,Nevada,79,-43,14,57,123,1,122,161,-177,95,272,340,48,292
32031,32,Washoe County,Nevada,4002,269,4918,4649,3703,1560,2143,22895,922,25920,24998,22258,9650,12608
32033,32,White Pine County,Nevada,29,-4,98,102,35,-1,36,-416,-70,483,553,-325,3,-328
32510,32,Carson City,Nevada,271,-307,487,794,583,10,573,-72,-1944,2639,4583,1906,504,1402
33001,33,Belknap County,New Hampshire,-22,-418,426,844,402,-13,415,1437,-2033,2352,4385,3520,-9,3529
33003,33,Carroll County,New Hampshire,218,-332,328,660,558,1,557,2676,-1695,1679,3374,4487,76,4411
33005,33,Cheshire County,New Hampshire,101,-264,624,888,361,57,304,1823,-1100,3433,4533,2839,249,2590
33007,33,Coos County,New Hampshire,-34,-315,211,526,286,11,275,74,-1667,1161,2828,1739,78,1661
33009,33,Grafton County,New Hampshire,232,-374,601,975,606,124,482,2101,-1703,3380,5083,3636,793,2843
33011,33,Hillsborough County,New Hampshire,2973,430,4185,3755,2517,1731,786,10471,1302,21851,20549,8939,8202,737
33013,33,Merrimack County,New Hampshire,531,-411,1209,1620,940,130,810,4262,-1779,6688,8467,5840,756,5084
33015,33,Rockingham County,New Hampshire,2076,-106,2868,2974,2174,235,1939,9884,-939,14778,15717,10924,1282,9642
33017,33,Strafford County,New Hampshire,712,-185,1104,1289,883,129,754,4145,-825,5986,6811,4792,756,4036
33019,33,Sullivan County,New Hampshire,37,-192,355,547,230,-2,232,896,-929,1883,2812,1834,120,1714
34001,34,Atlantic County,New Jersey,190,-127,2773,2900,309,824,-515,4116,-2001,14419,16420,6114,6293,-179
34003,34,Bergen County,New Jersey,3549,2022,8787,6765,1459,4739,-3280,21298,7713,47073,39360,12944,31155,-18211
34005,34,Burlington County,New Jersey,3917,422,4708,4286,3502,934,2568,19566,863,24455,23592,18788,8877,9911
34007,34,Camden County,New Jersey,2204,1002,5934,4932,1142,1288,-146,12299,3809,31632,27823,8267,10165,-1898
34009,34,Cape May County,New Jersey,-704,-598,661,1259,-100,21,-121,-1864,-3477,3716,7193,1729,375,1354
34011,34,Cumberland County,New Jersey,741,192,1833,1641,535,387,148,3003,98,9461,9363,2960,4322,-1362
34013,34,Essex County,New Jersey,5138,3830,9826,5996,1277,8386,-7109,33604,16366,51704,35338,16795,64626,-47831
34015,34,Gloucester County,New Jersey,1375,112,2984,2872,1246,289,957,10356,-384,15556,15940,10717,2071,8646
34017,34,Hudson County,New Jersey,4005,4710,8369,3659,-631,9887,-10518,10170,23750,46235,22485,-11847,62981,-74828
34019,34,Hunterdon County,New Jersey,684,13,1018,1005,674,215,459,2827,-45,5440,5485,2880,1430,1450
34021,34,Mercer County,New Jersey,1960,1082,4178,3096,849,3089,-2240,11955,4120,21627,17507,8143,22344,-14201
34023,34,Middlesex County,New Jersey,1715,2409,8381,5972,-699,7419,-8118,20110,9978,44460,34482,9370,44295,-34925
34025,34,Monmouth County,New Jersey,2362,715,6457,5742,1643,1196,447,7547,787,33114,32327,6537,10128,-3591
34027,34,Morris County,New Jersey,2896,990,4942,3952,1900,1842,58,14958,3461,25750,22289,11343,13768,-2425
34029,34,Ocean County,New Jersey,5351,3216,10603,7387,2116,549,1567,36418,12167,53869,41702,24712,6842,17870
34031,34,Passaic County,New Jersey,507,2463,6267,3804,-1952,4037,-5989,6552,10828,32956,22128,-4471,32859,-37330
34033,34,Salem County,New Jersey,340,-83,737,820,425,3,422,1457,-742,3743,4485,2192,503,1689
34035,34,Somerset County,New Jersey,1364,740,3311,2571,615,1977,-1362,11137,2736,16910,14174,8290,11662,-3372
34037,34,Sussex County,New Jersey,618,107,1423,1316,511,92,419,3828,-95,7375,7470,4057,878,3179
34039,34,Union County,New Jersey,3120,2859,6744,3885,230,5709,-5479,26531,11995,34925,22930,14023,42676,-28653
34041,34,Warren County,New Jersey,529,-53,1063,1116,585,181,404,3323,-708,5471,6179,4091,1578,2513
35001,35,Bernalillo County,New Mexico,-2580,-683,6108,6791,-1914,1216,-3130,-8845,-4020,33346,37366,-5095,10939,-16034
35003,35,Catron County,New Mexico,4,-43,29,72,46,-2,48,248,-238,117,355,488,19,469
35005,35,Chaves County,New Mexico,-382,-102,686,788,-280,45,-325,-1792,-370,3822,4192,-1466,772,-2238
35006,35,Cibola County,New Mexico,52,-79,263,342,132,3,129,-239,-495,1340,1835,261,214,47
35007,35,Colfax County,New Mexico,-127,-65,93,158,-62,36,-98,-201,-393,480,873,211,169,42
35009,35,Curry County,New Mexico,-722,222,697,475,-931,79,-1010,-1773,1367,4026,2659,-3120,692,-3812
35011,35,De Baca County,New Mexico,-3,-21,8,29,19,0,19,-54,-104,62,166,52,0,52
35013,35,Doña Ana County,New Mexico,987,287,2335,2048,678,98,580,9528,1705,13109,11404,7724,2814,4910
35015,35,Eddy County,New Mexico,710,189,791,602,518,184,334,192,768,4181,3413,-525,1061,-1586
35017,35,Grant County,New Mexico,-239,-151,244,395,-87,-2,-85,-937,-956,1241,2197,44,117,-73
35019,35,Guadalupe County,New Mexico,-19,-19,42,61,0,26,-26,-110,-128,185,313,13,95,-82
35021,35,Harding County,New Mexico,-4,-9,0,9,5,1,4,-37,-50,9,59,13,4,9
35023,35,Hidalgo County,New Mexico,-22,-14,47,61,-7,6,-13,-247,-88,224,312,-161,34,-195
35025,35,Lea County,New Mexico,303,233,841,608,59,445,-386,297,1862,5349,3487,-1555,3134,-4689
35027,35,Lincoln County,New Mexico,-192,-132,134,266,-60,4,-64,-423,-665,787,1452,244,45,199
35028,35,Los Alamos County,New Mexico,-20,29,189,160,-53,32,-85,-9,108,919,811,-145,365,-510
35029,35,Luna County,New Mexico,-216,16,372,356,-230,-11,-219,-12,-38,1911,1949,2,318,-316
35031,35,McKinley County,New Mexico,-512,-115,692,807,-399,51,-450,-4762,-1170,3857,5027,-3641,371,-4012
35033,35,Mora County,New Mexico,-41,-32,31,63,-9,8,-17,-133,-148,166,314,13,26,-13
35035,35,Otero County,New Mexico,-256,48,725,677,-298,148,-446,2529,211,4026,3815,2348,2452,-104
35037,35,Quay County,New Mexico,-88,-36,71,107,-51,0,-51,-290,-307,384,691,10,47,-37
35039,35,Rio Arriba County,New Mexico,-116,-97,418,515,-19,80,-99,-517,-668,2174,2842,143,452,-309
35041,35,Roosevelt County,New Mexico,-170,41,212,171,-212,-12,-200,-578,181,1180,999,-752,49,-801
35043,35,Sandoval County,New Mexico,1954,-186,1257,1443,2162,101,2061,10732,-1082,6729,7811,11829,1094,10735
35045,35,San Juan County,New Mexico,-185,-43,1249,1292,-148,30,-178,-1325,-871,6700,7571,-478,453,-931
35047,35,San Miguel County,New Mexico,-174,-127,188,315,-48,-4,-44,-945,-697,1070,1767,-257,67,-324
35049,35,Santa Fe County,New Mexico,-413,-517,1034,1551,105,252,-147,2076,-2385,5777,8162,4530,2909,1621
35051,35,Sierra County,New Mexico,-18,-169,85,254,152,-10,162,-177,-971,423,1394,795,-2,797
35053,35,Socorro County,New Mexico,-92,-73,135,208,-19,46,-65,-759,-339,760,1099,-411,115,-526
35055,35,Taos County,New Mexico,123,-185,235,420,312,69,243,77,-948,1239,2187,1048,376,672
35057,35,Torrance County,New Mexico,158,-58,139,197,221,-7,228,1052,-287,775,1062,1348,5,1343
35059,35,Union County,New Mexico,-95,-26,31,57,-70,-5,-65,-238,-121,182,303,-115,-5,-110
35061,35,Valencia County,New Mexico,1119,32,854,822,1100,-28,1128,5678,-136,4384,4520,5810,544,5266
36001,36,Albany County,New York,1523,-334,2710,3044,1830,1572,258,6385,-1818,14488,16306,8278,9339,-1061
36003,36,Allegany County,New York,-22,-109,426,535,86,40,46,342,-504,2389,2893,888,162,726
36005,36,Bronx County,New York,280,6220,16287,10067,-5925,12760,-18685,-66308,27672,88191,60519,-94791,107043,-201834
36007,36,Broome County,New York,-157,-528,1717,2245,358,501,-143,-2939,-3398,9161,12559,481,2656,-2175
36009,36,Cattaraugus County,New York,-58,-216,733,949,156,31,125,-1652,-1259,4027,5286,-369,149,-518
36011,36,Cayuga County,New York,-277,-140,653,793,-139,57,-196,-1884,-997,3517,4514,-859,300,-1159
36013,36,Chautauqua County,New York,-571,-326,1225,1551,-246,86,-332,-3524,-2296,6384,8680,-1178,514,-1692
36015,36,Chemung County,New York,-422,-318,753,1071,-109,68,-177,-3733,-1773,4106,5879,-1989,361,-2350
36017,36,Chenango County,New York,-78,-212,429,641,134,11,123,-1514,-1109,2349,3458,-361,48,-409
36019,36,Clinton County,New York,306,-229,595,824,536,114,422,-1695,-1189,3232,4421,-529,537,-1066
36021,36,Columbia County,New York,-221,-269,422,691,48,115,-67,-1408,-1453,2299,3752,71,616,-545
36023,36,Cortland County,New York,-212,-22,442,464,-190,4,-194,-958,-286,2310,2596,-679,93,-772
36025,36,Delaware County,New York,-176,-258,332,590,82,8,74,10,-1464,1794,3258,1498,72,1426
36027,36,Dutchess County,New York,1452,-145,2582,2727,1589,814,775,3690,-1583,13645,15228,5324,4976,348
36029,36,Erie County,New York,-1042,-1177,8783,9960,81,2361,-2280,-7485,-7608,47808,55416,-328,13357,-13685
36031,36,Essex County,New York,-101,-297,201,498,197,29,168,-941,-1408,1211,2619,476,207,269
36033,36,Franklin County,New York,-483,-165,398,563,-315,19,-334,-1054,-658,2204,2862,-382,132,-514
36035,36,Fulton County,New York,32,-292,411,703,324,34,290,-1118,-1527,2288,3815,417,142,275
36037,36,Genesee County,New York,-12,-191,477,668,178,10,168,33,-968,2694,3662,983,770,213
36039,36,Greene County,New York,-73,-176,388,564,105,26,79,-688,-1072,2063,3135,439,204,235
36041,36,Hamilton County,New York,-77,-49,32,81,-27,1,-28,-96,-260,145,405,163,-1,164
36043,36,Herkimer County,New York,-149,-239,531,770,90,6,84,-936,-1089,2934,4023,150,84,66
36045,36,Jefferson County,New York,-1255,555,1627,1072,-1782,227,-2009,-5170,3450,9043,5593,-8683,1175,-9858
36047,36,Kings County,New York,-4694,16835,32463,15628,-21283,17564,-38847,-82328,78645,174011,95366,-156277,150752,-307029
36049,36,Lewis County,New York,-33,-26,252,278,-9,8,-17,-116,-19,1428,1447,-102,40,-142
36051,36,Livingston County,New York,74,-128,479,607,200,41,159,-375,-648,2638,3286,292,274,18
36053,36,Madison County,New York,-73,-144,538,682,66,71,-5,-900,-806,2910,3716,-93,372,-465
36055,36,Monroe County,New York,212,-77,7181,7258,240,1706,-1466,-8879,-1252,38734,39986,-7679,10144,-17823
36057,36,Montgomery County,New York,466,-58,602,660,531,19,512,512,-372,3199,3571,911,196,715
36059,36,Nassau County,New York,1156,2789,13402,10613,-1736,3483,-5219,3163,9816,71239,61423,-7776,29257,-37033
36061,36,New York County,New York,-648,2898,12901,10003,-3582,13270,-16852,-30122,12525,71045,58520,-33289,91270,-124559
36063,36,Niagara County,New York,-468,-682,1845,2527,199,264,-65,-3759,-4294,10017,14311,507,1206,-699
36065,36,Oneida County,New York,-900,-398,2279,2677,-505,341,-846,-5731,-2549,12223,14772,-2952,2251,-5203
36067,36,Onondaga County,New York,-1589,-140,4501,4641,-1459,1442,-2901,-9929,-1269,24439,25708,-8426,7242,-15668
36069,36,Ontario County,New York,397,-240,942,1182,638,78,560,654,-1207,5036,6243,1826,475,1351
36071,36,Orange County,New York,2581,2817,5791,2974,-260,1150,-1410,16357,12919,29483,16564,3130,9973,-6843
36073,36,Orleans County,New York,-61,-79,347,426,16,89,-73,-587,-462,1904,2366,-59,323,-382
36075,36,Oswego County,New York,387,-112,1123,1235,498,43,455,1039,-707,5920,6627,1774,314,1460
36077,36,Otsego County,New York,-45,-180,474,654,133,91,42,2079,-1044,2522,3566,3377,379,2998
36079,36,Putnam County,New York,186,134,928,794,50,164,-114,1348,414,4713,4299,885,1373,-488
36081,36,Queens County,New York,-8852,9150,23556,14406,-17777,20672,-38449,-47245,37226,125036,87810,-82925,183899,-266824
36083,36,Rensselaer County,New York,496,-128,1525,1653,613,310,303,-616,-946,7965,8911,213,1981,-1768
36085,36,Richmond County,New York,1718,998,4877,3879,673,1558,-885,5038,3791,26010,22219,994,12111,-11117
36087,36,Rockland County,New York,2568,4568,6787,2219,-2007,1919,-3926,19065,20905,33776,12871,-2211,16488,-18699
36089,36,St. Lawrence County,New York,-680,-142,992,1134,-540,138,-678,-3017,-1122,5096,6218,-1836,661,-2497
36091,36,Saratoga County,New York,1509,-184,1947,2131,1697,282,1415,5842,-1048,10525,11573,6965,1470,5495
36093,36,Schenectady County,New York,834,33,1732,1699,790,434,356,4540,162,9300,9138,4518,2030,2488
36095,36,Schoharie County,New York,-59,-115,207,322,54,6,48,461,-553,1216,1769,1033,45,988
36097,36,Schuyler County,New York,-217,-113,135,248,-103,0,-103,-968,-521,776,1297,-444,6,-450
36099,36,Seneca County,New York,212,-27,342,369,240,50,190,-941,-253,1740,1993,-661,192,-853
36101,36,Steuben County,New York,-84,-176,910,1086,93,99,-6,-1715,-1220,4937,6157,-475,440,-915
36103,36,Suffolk County,New York,2760,2712,15623,12911,-74,4332,-4406,20170,9244,82228,72984,10031,37930,-27899
36105,36,Sullivan County,New York,-315,156,958,802,-472,281,-753,1968,563,4999,4436,1521,1798,-277
36107,36,Tioga County,New York,-92,-133,408,541,39,7,32,-1003,-678,2306,2984,-322,18,-340
36109,36,Tompkins County,New York,-347,-130,655,785,-221,775,-996,-1688,-498,3476,3974,-1049,3255,-4304
36111,36,Ulster County,New York,235,-492,1377,1869,720,435,285,1495,-2548,7716,10264,4294,2535,1759
36113,36,Warren County,New York,-241,-252,494,746,10,54,-44,-710,-1466,2661,4127,789,208,581
36115,36,Washington County,New York,-469,-233,540,773,-234,130,-364,-1950,-1214,2855,4069,-738,426,-1164
36117,36,Wayne County,New York,262,-119,872,991,378,223,155,-37,-724,4610,5334,690,666,24
36119,36,Westchester County,New York,6578,3172,10286,7114,3312,5129,-1817,11287,11509,52486,40977,-1315,34077,-35392
36121,36,Wyoming County,New York,-76,-75,339,414,-3,72,-75,-805,-413,1805,2218,-370,271,-641
36123,36,Yates County,New York,113,53,314,261,62,10,52,-223,233,1671,1438,-447,53,-500
37001,37,Alamance County,North Carolina,2816,68,1922,1854,2754,730,2024,14702,-345,9992,10337,14851,3436,11415
37003,37,Alexander County,North Carolina,209,-151,361,512,360,45,315,518,-926,1846,2772,1419,120,1299
37005,37,Alleghany County,North Carolina,77,-70,107,177,147,16,131,600,-369,537,906,970,72,898
37007,37,Anson County,North Carolina,234,-51,276,327,287,38,249,-300,-443,1407,1850,201,144,57
37009,37,Ashe County,North Carolina,136,-191,200,391,330,55,275,930,-1074,1075,2149,1986,189,1797
37011,37,Avery County,North Carolina,7,-87,154,241,94,77,17,301,-493,746,1239,800,281,519
37013,37,Beaufort County,North Carolina,-60,-214,440,654,155,-17,172,15,-1226,2316,3542,1239,101,1138
37015,37,Bertie County,North Carolina,-98,-119,161,280,23,55,-32,-847,-710,833,1543,-103,143,-246
37017,37,Bladen County,North Carolina,40,-60,389,449,99,63,36,394,-626,1951,2577,1007,208,799
37019,37,Brunswick County,North Carolina,7813,-754,1227,1981,8631,49,8582,38007,-4453,6024,10477,42286,521,41765
37021,37,Buncombe County,North Carolina,-1810,-490,2479,2969,-1302,754,-2056,7987,-3283,12674,15957,11200,4064,7136
37023,37,Burke County,North Carolina,86,-469,851,1320,552,65,487,1085,-2392,4482,6874,3453,526,2927
37025,37,Cabarrus County,North Carolina,4052,869,2705,1836,3189,971,2218,23904,3930,14035,10105,20019,4188,15831
37027,37,Caldwell County,North Carolina,251,-463,791,1254,717,61,656,435,-2632,4054,6686,3032,377,2655
37029,37,Camden County,North Carolina,66,1,96,95,65,8,57,958,-69,473,542,1040,39,1001
37031,37,Carteret County,North Carolina,254,-498,491,989,759,47,712,2790,-2695,2566,5261,5498,302,5196
37033,37,Caswell County,North Carolina,102,-111,215,326,215,3,212,-181,-756,1032,1788,621,33,588
37035,37,Catawba County,North Carolina,2983,-300,1710,2010,3308,319,2989,9544,-2260,8758,11018,11669,1634,10035
37037,37,Chatham County,North Carolina,1279,-118,725,843,1403,221,1182,8853,-771,3678,4449,9630,1328,8302
37039,37,Cherokee County,North Carolina,415,-79,410,489,499,-12,511,2057,-1043,1523,2566,3095,-10,3105
37041,37,Chowan County,North Carolina,57,-54,148,202,112,29,83,376,-427,738,1165,798,94,704
37043,37,Clay County,North Carolina,273,-45,142,187,321,-3,324,1156,-386,536,922,1546,8,1538
37045,37,Cleveland County,North Carolina,819,-228,1200,1428,1056,104,952,3814,-1734,6011,7745,5592,521,5071
37047,37,Columbus County,North Carolina,186,-211,597,808,396,126,270,-143,-1276,3118,4394,1108,364,744
37049,37,Craven County,North Carolina,852,-10,1261,1271,854,55,799,4299,-314,6580,6894,4640,560,4080
37051,37,Cumberland County,North Carolina,1225,2023,5167,3144,-800,1318,-2118,3749,9974,27156,17182,-6346,6440,-12786
37053,37,Currituck County,North Carolina,722,-41,288,329,769,27,742,5057,-21,1628,1649,5092,139,4953
37055,37,Dare County,North Carolina,17,-127,295,422,145,53,92,1331,-580,1571,2151,1970,464,1506
37057,37,Davidson County,North Carolina,2201,-402,1839,2241,2623,176,2447,11272,-2647,9355,12002,13816,1564,12252
37059,37,Davie County,North Carolina,370,-151,383,534,524,30,494,3136,-810,2090,2900,3973,268,3705
37061,37,Duplin County,North Carolina,569,43,709,666,524,479,45,2861,120,3703,3583,2716,2248,468
37063,37,Durham County,North Carolina,4926,1869,4200,2331,3063,3493,-430,22381,9150,21666,12516,13917,16879,-2962
37065,37,Edgecombe County,North Carolina,55,-211,573,784,267,24,243,229,-984,3055,4039,1224,320,904
37067,37,Forsyth County,North Carolina,3882,428,4507,4079,3425,1589,1836,19106,1565,23316,21751,17341,7864,9477
37069,37,Franklin County,North Carolina,2107,172,937,765,1945,207,1738,13412,605,4573,3968,12771,873,11898
37071,37,Gaston County,North Carolina,3538,222,2960,2738,3329,719,2610,18614,-484,14643,15127,18978,4004,14974
37073,37,Gates County,North Carolina,-54,-92,79,171,38,6,32,-242,-383,469,852,138,11,127
37075,37,Graham County,North Carolina,55,-24,106,130,78,-2,80,161,-156,480,636,315,9,306
37077,37,Granville County,North Carolina,-207,-34,591,625,-174,40,-214,421,-367,3167,3534,911,314,597
37079,37,Greene County,North Carolina,0,-34,208,242,32,-9,41,245,-226,1063,1289,455,87,368
37081,37,Guilford County,North Carolina,5175,878,6077,5199,4247,3132,1115,20980,2697,30923,28226,18648,14395,4253
37083,37,Halifax County,North Carolina,-459,-228,479,707,-228,29,-257,-2079,-1388,2653,4041,-697,189,-886
37085,37,Harnett County,North Carolina,3681,650,1942,1292,3041,258,2783,16574,2893,9867,6974,13432,1620,11812
37087,37,Haywood County,North Carolina,136,-385,554,939,524,35,489,1281,-2327,2766,5093,3606,243,3363
37089,37,Henderson County,North Carolina,1089,-467,1038,1505,1554,409,1145,6072,-2945,5327,8272,8938,1928,7010
37091,37,Hertford County,North Carolina,-84,-87,187,274,4,61,-57,-2533,-613,984,1597,-1784,230,-2014
37093,37,Hoke County,North Carolina,1280,387,829,442,897,160,737,4865,2129,4510,2381,2737,990,1747
37095,37,Hyde County,North Carolina,-39,-15,38,53,-23,1,-24,-33,-76,193,269,64,4,60
37097,37,Iredell County,North Carolina,5679,196,2073,1877,5533,439,5094,25112,282,10545,10263,24927,2753,22174
37099,37,Jackson County,North Carolina,53,-105,339,444,154,103,51,1917,-558,1737,2295,2510,556,1954
37101,37,Johnston County,North Carolina,6926,936,2879,1943,6026,580,5446,40434,4192,14613,10421,36331,3404,32927
37103,37,Jones County,North Carolina,75,-39,109,148,114,8,106,400,-302,518,820,697,30,667
37105,37,Lee County,North Carolina,1439,95,798,703,1351,446,905,6975,239,4151,3912,6595,2050,4545
37107,37,Lenoir County,North Carolina,405,-212,652,864,620,57,563,713,-1281,3374,4655,1983,378,1605
37109,37,Lincoln County,North Carolina,1135,-16,968,984,1146,149,997,11872,-432,4900,5332,12224,820,11404
37111,37,McDowell County,North Carolina,-100,-280,402,682,178,71,107,614,-1511,2026,3537,2060,478,1582
37113,37,Macon County,North Carolina,412,-193,337,530,611,4,607,2228,-1271,1698,2969,3484,198,3286
37115,37,Madison County,North Carolina,87,-100,202,302,185,8,177,1352,-534,1022,1556,1904,64,1840
37117,37,Martin County,North Carolina,39,-163,213,376,205,-4,209,-433,-893,1156,2049,466,15,451
37119,37,Mecklenburg County,North Carolina,26554,8224,15402,7178,18278,13347,4931,117829,39787,79189,39402,77220,65876,11344
37121,37,Mitchell County,North Carolina,-80,-112,129,241,32,24,8,161,-676,658,1334,824,104,720
37123,37,Montgomery County,North Carolina,55,-114,276,390,167,13,154,663,-625,1384,2009,1283,234,1049
37125,37,Moore County,North Carolina,2236,-157,1219,1376,2413,207,2206,10873,-996,6307,7303,11914,971,10943
37127,37,Nash County,North Carolina,575,-103,1043,1146,679,129,550,4414,-832,5494,6326,5277,871,4406
37129,37,New Hanover County,North Carolina,2624,-96,2220,2316,2724,468,2256,20255,-944,11440,12384,20877,3096,17781
37131,37,Northampton County,North Carolina,-35,-169,148,317,136,2,134,-979,-870,833,1703,-98,25,-123
37133,37,Onslow County,North Carolina,2503,2141,3718,1577,357,302,55,12700,11311,19682,8371,1403,1405,-2
37135,37,Orange County,North Carolina,753,224,1197,973,528,980,-452,3787,1159,6159,5000,4103,4261,-158
37137,37,Pamlico County,North Carolina,70,-120,109,229,191,8,183,488,-654,496,1150,1155,31,1124
37139,37,Pasquotank County,North Carolina,581,-71,430,501,655,41,614,1632,-247,2375,2622,1877,260,1617
37141,37,Pender County,North Carolina,1961,30,740,710,1950,69,1881,11908,-209,3612,3821,12095,528,11567
37143,37,Perquimans County,North Carolina,16,-126,100,226,142,-14,156,478,-586,557,1143,1060,-41,1101
37145,37,Person County,North Carolina,370,-88,447,535,460,97,363,1555,-532,2276,2808,2056,390,1666
37147,37,Pitt County,North Carolina,2054,356,2019,1663,1684,522,1162,11119,1690,10530,8840,9659,2478,7181
37149,37,Polk County,North Carolina,145,-178,128,306,324,-17,341,1211,-1045,668,1713,2262,-7,2269
37151,37,Randolph County,North Carolina,700,-87,1638,1725,783,207,576,5358,-1528,8255,9783,6811,1301,5510
37153,37,Richmond County,North Carolina,-96,-141,539,680,42,8,34,-914,-774,2861,3635,-115,114,-229
37155,37,Robeson County,North Carolina,541,259,1888,1629,274,445,-171,3399,639,9731,9092,2824,2422,402
37157,37,Rockingham County,North Carolina,525,-348,934,1282,875,29,846,3087,-2521,4824,7345,5541,328,5213
37159,37,Rowan County,North Carolina,1383,-216,1591,1807,1601,390,1211,8213,-1898,8354,10252,9950,1899,8051
37161,37,Rutherford County,North Carolina,166,-366,650,1016,534,-31,565,1292,-2183,3341,5524,3420,14,3406
37163,37,Sampson County,North Carolina,427,75,852,777,345,276,69,2459,52,4274,4222,2380,1682,698
37165,37,Scotland County,North Carolina,-288,-100,359,459,-186,72,-258,-845,-618,1958,2576,-103,342,-445
37167,37,Stanly County,North Carolina,1298,-31,770,801,1337,142,1195,6336,-694,3774,4468,6966,613,6353
37169,37,Stokes County,North Carolina,314,-293,372,665,612,-9,621,1612,-1523,2052,3575,3100,-4,3104
37171,37,Surry County,North Carolina,221,-202,802,1004,420,192,228,916,-1667,3953,5620,2535,803,1732
37173,37,Swain County,North Carolina,-23,-105,135,240,82,41,41,-91,-497,772,1269,405,169,236
37175,37,Transylvania County,North Carolina,2,-241,243,484,244,115,129,1223,-1269,1272,2541,2534,446,2088
37177,37,Tyrrell County,North Carolina,39,-15,38,53,54,13,41,292,-67,197,264,366,40,326
37179,37,Union County,North Carolina,3970,949,2694,1745,3015,904,2111,29495,3843,13396,9553,25622,4686,20936
37181,37,Vance County,North Carolina,36,-48,539,587,82,142,-60,56,-440,2815,3255,515,779,-264
37183,37,Wake County,North Carolina,27760,6369,13171,6802,21392,8602,12790,127879,32217,68380,36163,95696,39257,56439
37185,37,Warren County,North Carolina,-157,-148,165,313,-8,24,-32,257,-723,898,1621,1001,111,890
37187,37,Washington County,North Carolina,-12,-95,112,207,82,25,57,-360,-487,575,1062,129,66,63
37189,37,Watauga County,North Carolina,-135,-65,336,401,-76,96,-172,707,-550,1686,2236,1378,471,907
37191,37,Wayne County,North Carolina,1110,239,1697,1458,860,687,173,4951,752,8532,7780,4249,2970,1279
37193,37,Wilkes County,North Carolina,-19,-289,680,969,265,94,171,254,-1702,3572,5274,1933,488,1445
37195,37,Wilson County,North Carolina,265,-41,926,967,303,117,186,1882,-805,4740,5545,2755,752,2003
37197,37,Yadkin County,North Carolina,102,-140,395,535,239,160,79,1112,-777,2038,2815,1853,558,1295
37199,37,Yancey County,North Carolina,22,-90,179,269,112,16,96,614,-576,918,1494,1196,119,1077
38001,38,Adams County,North Dakota,55,-16,13,29,73,10,63,68,-65,92,157,138,100,38
38003,38,Barnes County,North Dakota,-100,-81,82,163,-18,33,-51,-289,-358,463,821,78,170,-92
38005,38,Benson County,North Dakota,28,13,85,72,14,12,2,-200,65,523,458,-254,46,-300
38007,38,Billings County,North Dakota,19,3,11,8,16,0,16,128,28,61,33,98,0,98
38009,38,Bottineau County,North Dakota,-58,-27,56,83,-30,24,-54,-95,-63,334,397,-34,69,-103
38011,38,Bowman County,North Dakota,-78,-30,15,45,-46,0,-46,-223,-93,133,226,-122,18,-140
38013,38,Burke County,North Dakota,-2,-4,25,29,2,4,-2,-61,2,125,123,-64,13,-77
38015,38,Burleigh County,North Dakota,804,226,1119,893,569,399,170,4792,1317,6015,4698,3441,1766,1675
38017,38,Cass County,North Dakota,2523,1065,2411,1346,1444,1099,345,17261,5545,12605,7060,11713,5339,6374
38019,38,Cavalier County,North Dakota,-49,-24,45,69,-25,1,-26,-206,-80,215,295,-131,4,-135
38021,38,Dickey County,North Dakota,-20,-14,59,73,-5,20,-25,-105,-67,335,402,-33,76,-109
38023,38,Divide County,North Dakota,-11,-2,28,30,-7,0,-7,-81,-17,128,145,-59,4,-63
38025,38,Dunn County,North Dakota,85,14,62,48,72,14,58,-42,106,344,238,-143,80,-223
38027,38,Eddy County,North Dakota,-1,-6,33,39,6,0,6,-15,-54,165,219,44,19,25
38029,38,Emmons County,North Dakota,-2,-5,43,48,3,0,3,-92,-55,206,261,-36,0,-36
38031,38,Foster County,North Dakota,-61,-16,38,54,-43,18,-61,-180,-67,198,265,-110,52,-162
38033,38,Golden Valley County,North Dakota,34,-2,15,17,37,0,37,73,5,93,88,71,0,71
38035,38,Grand Forks County,North Dakota,868,299,834,535,560,509,51,1329,1533,4414,2881,-176,2111,-2287
38037,38,Grant County,North Dakota,-10,-13,19,32,3,10,-7,-92,-83,107,190,-8,42,-50
38039,38,Griggs County,North Dakota,13,-15,19,34,28,0,28,-67,-70,105,175,4,0,4
38041,38,Hettinger County,North Dakota,26,0,22,22,27,0,27,-6,-17,129,146,8,0,8
38043,38,Kidder County,North Dakota,-1,14,33,19,-14,0,-14,4,20,149,129,-16,4,-20
38045,38,LaMoure County,North Dakota,68,4,48,44,66,7,59,49,19,264,245,34,22,12
38047,38,Logan County,North Dakota,-25,2,21,19,-27,2,-29,-14,3,123,120,-17,14,-31
38049,38,McHenry County,North Dakota,-23,0,57,57,-22,0,-22,-226,-46,308,354,-175,8,-183
38051,38,McIntosh County,North Dakota,-16,-25,17,42,8,4,4,-80,-114,130,244,36,33,3
38053,38,McKenzie County,North Dakota,394,182,266,84,213,-4,217,481,814,1289,475,-274,85,-359
38055,38,McLean County,North Dakota,-63,-44,75,119,-22,8,-30,-36,-156,438,594,115,30,85
38057,38,Mercer County,North Dakota,95,10,89,79,86,-2,88,86,7,439,432,82,54,28
38059,38,Morton County,North Dakota,340,79,434,355,261,77,184,1310,416,2264,1848,899,253,646
38061,38,Mountrail County,North Dakota,-80,46,125,79,-126,28,-154,-422,254,752,498,-684,146,-830
38063,38,Nelson County,North Dakota,16,-34,19,53,50,9,41,-51,-162,112,274,116,46,70
38065,38,Oliver County,North Dakota,14,9,14,5,6,2,4,26,40,87,47,-15,4,-19
38067,38,Pembina County,North Dakota,-15,-31,72,103,15,16,-1,-269,-114,368,482,-151,58,-209
38069,38,Pierce County,North Dakota,-41,-20,42,62,-21,0,-21,-158,-131,190,321,-27,7,-34
38071,38,Ramsey County,North Dakota,4,12,147,135,-8,22,-30,-76,-10,740,750,-66,82,-148
38073,38,Ransom County,North Dakota,-19,-7,66,73,-13,8,-21,-91,-93,307,400,4,49,-45
38075,38,Renville County,North Dakota,21,1,22,21,18,32,-14,57,-11,126,137,68,120,-52
38077,38,Richland County,North Dakota,43,20,193,173,22,10,12,190,131,950,819,57,26,31
38079,38,Rolette County,North Dakota,24,7,170,163,17,9,8,-500,-31,939,970,-475,33,-508
38081,38,Sargent County,North Dakota,-13,3,38,35,-16,0,-16,-153,-13,197,210,-137,5,-142
38083,38,Sheridan County,North Dakota,22,2,16,14,20,1,19,29,-4,75,79,33,6,27
38085,38,Sioux County,North Dakota,-50,5,50,45,-55,8,-63,-226,-3,292,295,-211,17,-228
38087,38,Slope County,North Dakota,-16,-1,3,4,-15,0,-15,-73,5,23,18,-78,0,-78
38089,38,Stark County,North Dakota,319,226,494,268,89,63,26,364,1149,2586,1437,-751,300,-1051
38091,38,Steele County,North Dakota,7,2,18,16,6,1,5,-1,8,102,94,-7,2,-9
38093,38,Stutsman County,North Dakota,-31,-29,228,257,-3,17,-20,-180,-181,1146,1327,-5,187,-192
38095,38,Towner County,North Dakota,3,-9,31,40,12,3,9,-123,-43,149,192,-80,34,-114
38097,38,Traill County,North Dakota,-47,-23,74,97,-23,11,-34,-75,-89,407,496,13,56,-43
38099,38,Walsh County,North Dakota,-23,-43,112,155,20,7,13,-386,-151,605,756,-241,71,-312
38101,38,Ward County,North Dakota,47,444,985,541,-392,164,-556,-1697,2217,5240,3023,-3946,770,-4716
38103,38,Wells County,North Dakota,-58,-43,32,75,-16,0,-16,-249,-185,171,356,-63,5,-68
38105,38,Williams County,North Dakota,1012,506,735,229,506,154,352,815,2407,3645,1238,-1425,652,-2077
39001,39,Adams County,Ohio,223,-52,326,378,276,30,246,384,-477,1707,2184,864,147,717
39003,39,Allen County,Ohio,-71,41,1223,1182,-117,92,-209,-1323,-395,6319,6714,-947,640,-1587
39005,39,Ashland County,Ohio,88,-15,603,618,99,24,75,77,-445,3056,3501,537,105,432
39007,39,Ashtabula County,Ohio,-35,-340,939,1279,307,31,276,-858,-1961,5210,7171,1131,228,903
39009,39,Athens County,Ohio,117,-129,450,579,242,209,33,769,-759,2401,3160,1591,1144,447
39011,39,Auglaize County,Ohio,-27,-29,492,521,0,8,-8,-512,-271,2675,2946,-270,51,-321
39013,39,Belmont County,Ohio,-330,-484,380,864,152,-2,154,-2061,-2362,2709,5071,308,36,272
39015,39,Brown County,Ohio,234,-121,482,603,358,12,346,716,-760,2514,3274,1471,61,1410
39017,39,Butler County,Ohio,2347,527,4217,3690,1793,1711,82,9783,1647,22432,20785,8392,10663,-2271
39019,39,Carroll County,Ohio,-92,-112,259,371,22,-1,23,-300,-711,1296,2007,409,4,405
39021,39,Champaign County,Ohio,103,-73,413,486,176,8,168,109,-418,2162,2580,519,52,467
39023,39,Clark County,Ohio,-830,-195,1639,1834,-627,281,-908,-635,-2104,8307,10411,1449,2320,-871
39025,39,Clermont County,Ohio,2663,182,2261,2079,2493,207,2286,8380,-18,11657,11675,8340,1544,6796
39027,39,Clinton County,Ohio,255,2,463,461,253,63,190,275,-222,2521,2743,480,392,88
39029,39,Columbiana County,Ohio,-299,-494,850,1344,193,-13,206,-2523,-2889,4768,7657,358,15,343
39031,39,Coshocton County,Ohio,189,30,457,427,159,9,150,577,-179,2305,2484,751,60,691
39033,39,Crawford County,Ohio,356,-131,440,571,492,51,441,-121,-1000,2312,3312,883,233,650
39035,39,Cuyahoga County,Ohio,-689,-777,12769,13546,38,4273,-4235,-31847,-9804,67707,77511,-21701,22509,-44210
39037,39,Darke County,Ohio,75,17,606,589,56,10,46,-367,-338,3103,3441,-11,58,-69
39039,39,Defiance County,Ohio,-41,-20,429,449,-22,-3,-19,4,-320,2137,2457,328,291,37
39041,39,Delaware County,Ohio,5169,527,2111,1584,4663,945,3718,27891,2909,11033,8124,25047,4426,20621
39043,39,Erie County,Ohio,-349,-363,595,958,15,150,-135,-2320,-2194,3305,5499,-110,603,-713
39045,39,Fairfield County,Ohio,2046,99,1658,1559,1964,197,1767,10835,-2,8747,8749,10859,1724,9135
39047,39,Fayette County,Ohio,-157,-111,302,413,-46,7,-53,-390,-519,1653,2172,134,59,75
39049,39,Franklin County,Ohio,8880,6591,17144,10553,2250,9441,-7191,37743,32211,91069,58858,5976,60002,-54026
39051,39,Fulton County,Ohio,-222,-39,431,470,-183,32,-215,-860,-376,2262,2638,-491,276,-767
39053,39,Gallia County,Ohio,116,-66,333,399,183,-2,185,-138,-392,1829,2221,240,29,211
39055,39,Geauga County,Ohio,376,-97,887,984,480,6,474,241,-615,4752,5367,857,247,610
39057,39,Greene County,Ohio,2174,72,1718,1646,2115,254,1861,6350,-340,8893,9233,6611,1769,4842
39059,39,Guernsey County,Ohio,50,-88,442,530,139,9,130,-60,-708,2280,2988,635,40,595
39061,39,Hamilton County,Ohio,559,2159,10168,8009,-1618,3032,-4650,7787,8601,53765,45164,-857,23076,-23933
39063,39,Hancock County,Ohio,273,-31,801,832,301,178,123,105,-330,4295,4625,423,1155,-732
39065,39,Hardin County,Ohio,-182,-16,333,349,-166,-2,-164,-619,-239,1845,2084,-368,127,-495
39067,39,Harrison County,Ohio,-29,-84,141,225,55,-1,56,-422,-437,810,1247,12,2,10
39069,39,Henry County,Ohio,93,-34,301,335,126,25,101,-60,-248,1590,1838,197,139,58
39071,39,Highland County,Ohio,119,-22,521,543,140,1,139,506,-356,2727,3083,851,31,820
39073,39,Hocking County,Ohio,52,-78,267,345,131,-3,134,-538,-552,1433,1985,13,-2,15
39075,39,Holmes County,Ohio,227,487,837,350,-261,11,-272,747,2341,4328,1987,-1608,63,-1671
39077,39,Huron County,Ohio,22,-14,625,639,33,52,-19,-312,-403,3304,3707,66,393,-327
39079,39,Jackson County,Ohio,76,-14,407,421,88,14,74,164,-337,2063,2400,482,76,406
39081,39,Jefferson County,Ohio,-271,-473,482,955,203,12,191,-1633,-2380,3048,5428,753,100,653
39083,39,Knox County,Ohio,438,3,709,706,436,64,372,1283,-190,3753,3943,1429,282,1147
39085,39,Lake County,Ohio,77,-612,2082,2694,675,267,408,-300,-4127,10902,15029,3774,1793,1981
39087,39,Lawrence County,Ohio,-247,-393,474,867,141,-21,162,-2533,-2054,2983,5037,-469,-33,-436
39089,39,Licking County,Ohio,1224,-15,1845,1860,1246,245,1001,7063,-539,9773,10312,7467,1115,6352
39091,39,Logan County,Ohio,230,-27,516,543,257,14,243,154,-256,2723,2979,405,156,249
39093,39,Lorain County,Ohio,2060,-479,3076,3555,2534,322,2212,10239,-3076,16479,19555,13008,1855,11153
39095,39,Lucas County,Ohio,-908,-109,4543,4652,-812,512,-1324,-7919,-1634,25029,26663,-6476,3050,-9526
39097,39,Madison County,Ohio,1197,-26,433,459,1236,16,1220,3130,-259,2262,2521,3290,189,3101
39099,39,Mahoning County,Ohio,-71,-959,2285,3244,887,318,569,-3899,-5870,12239,18109,2042,1693,349
39101,39,Marion County,Ohio,238,-132,710,842,373,-2,375,-237,-912,3687,4599,602,133,469
39103,39,Medina County,Ohio,750,-126,1628,1754,870,183,687,2553,-1146,8583,9729,3625,816,2809
39105,39,Meigs County,Ohio,25,-120,199,319,148,-3,151,-627,-764,1053,1817,139,46,93
39107,39,Mercer County,Ohio,217,203,635,432,12,52,-40,208,933,3328,2395,-719,195,-914
39109,39,Miami County,Ohio,762,-73,1121,1194,840,88,752,3853,-872,5911,6783,4666,602,4064
39111,39,Monroe County,Ohio,-73,-94,91,185,22,6,16,-387,-446,604,1050,65,28,37
39113,39,Montgomery County,Ohio,2668,-242,6114,6356,2883,1224,1659,2294,-4216,31954,36170,6245,8420,-2175
39115,39,Morgan County,Ohio,21,-57,154,211,80,0,80,-174,-406,761,1167,233,0,233
39117,39,Morrow County,Ohio,297,38,422,384,260,3,257,1350,26,2077,2051,1319,28,1291
39119,39,Muskingum County,Ohio,693,-157,962,1119,854,23,831,610,-845,5175,6020,1425,86,1339
39121,39,Noble County,Ohio,12,-22,128,150,33,-2,35,165,-77,720,797,263,1,262
39123,39,Ottawa County,Ohio,-248,-251,289,540,2,23,-21,-886,-1513,1507,3020,627,89,538
39125,39,Paulding County,Ohio,-30,-9,222,231,-20,53,-73,-77,-109,1098,1207,28,167,-139
39127,39,Perry County,Ohio,213,-16,432,448,230,3,227,502,-213,2163,2376,709,32,677
39129,39,Pickaway County,Ohio,771,-11,625,636,790,4,786,4434,-335,3315,3650,4660,66,4594
39131,39,Pike County,Ohio,-15,-52,350,402,34,4,30,-21,-504,1744,2248,467,13,454
39133,39,Portage County,Ohio,197,-412,1318,1730,595,412,183,1604,-2360,6983,9343,3904,1748,2156
39135,39,Preble County,Ohio,-54,-133,381,514,77,1,76,-335,-844,2013,2857,493,26,467
39137,39,Putnam County,Ohio,220,83,409,326,137,39,98,-61,269,2169,1900,-329,182,-511
39139,39,Richland County,Ohio,-64,-129,1306,1435,64,40,24,-33,-1553,6996,8549,1505,303,1202
39141,39,Ross County,Ohio,431,-218,721,939,653,-1,654,-665,-1676,3881,5557,989,12,977
39143,39,Sandusky County,Ohio,4,-167,546,713,169,61,108,-253,-1079,2931,4010,816,407,409
39145,39,Scioto County,Ohio,-459,-360,778,1138,-101,28,-129,-2639,-2399,3988,6387,-230,204,-434
39147,39,Seneca County,Ohio,-172,-89,560,649,-86,45,-131,-558,-572,3061,3633,-5,342,-347
39149,39,Shelby County,Ohio,113,136,633,497,-26,9,-35,-169,352,3214,2862,-532,166,-698
39151,39,Stark County,Ohio,531,-623,3996,4619,1145,176,969,-1043,-5160,20736,25896,4128,1535,2593
39153,39,Summit County,Ohio,1431,-889,5279,6168,2295,1323,972,-2053,-6541,28084,34625,4593,6599,-2006
39155,39,Trumbull County,Ohio,-842,-934,1888,2822,84,-23,107,-3089,-5656,10197,15853,2616,122,2494
39157,39,Tuscarawas County,Ohio,141,5,1128,1123,131,101,30,-910,-652,5862,6514,-295,814,-1109
39159,39,Union County,Ohio,1463,344,817,473,1119,117,1002,10651,1405,3984,2579,9228,732,8496
39161,39,Van Wert County,Ohio,147,59,372,313,86,23,63,76,-47,1783,1830,119,123,-4
39163,39,Vinton County,Ohio,88,-21,159,180,111,0,111,-159,-254,778,1032,88,0,88
39165,39,Warren County,Ohio,2142,281,2427,2146,1853,944,909,14836,978,12663,11685,13939,5450,8489
39167,39,Washington County,Ohio,-210,-256,558,814,42,12,30,-1384,-1542,2950,4492,148,136,12
39169,39,Wayne County,Ohio,183,103,1387,1284,74,169,-95,-108,79,7291,7212,-182,894,-1076
39171,39,Williams County,Ohio,-72,-24,419,443,-49,0,-49,-557,-322,2123,2445,-221,218,-439
39173,39,Wood County,Ohio,1104,47,1268,1221,1057,211,846,1933,-271,6558,6829,2272,1060,1212
39175,39,Wyandot County,Ohio,8,-26,228,254,35,64,-29,-341,-338,1136,1474,-1,170,-171
40001,40,Adair County,Oklahoma,124,-8,300,308,131,-2,133,332,-233,1452,1685,549,26,523
40003,40,Alfalfa County,Oklahoma,-72,-13,47,60,-59,11,-70,-56,-80,235,315,25,58,-33
40005,40,Atoka County,Oklahoma,82,-41,149,190,123,7,116,467,-256,759,1015,727,64,663
40007,40,Beaver County,Oklahoma,-33,-12,53,65,-22,5,-27,-168,-59,274,333,-111,92,-203
40009,40,Beckham County,Oklahoma,-27,-39,232,271,12,23,-11,-248,-218,1241,1459,-24,74,-98
40011,40,Blaine County,Oklahoma,-7,-36,95,131,28,21,7,-216,-221,552,773,6,172,-166
40013,40,Bryan County,Oklahoma,927,4,617,613,931,8,923,5297,-116,3280,3396,5401,183,5218
40015,40,Caddo County,Oklahoma,-149,-89,292,381,-62,10,-72,-815,-606,1604,2210,-198,195,-393
40017,40,Canadian County,Oklahoma,5545,732,2066,1334,4849,185,4664,33034,3762,10637,6875,29203,1020,28183
40019,40,Carter County,Oklahoma,-258,-51,652,703,-206,60,-266,907,-408,3319,3727,1297,404,893
40021,40,Cherokee County,Oklahoma,431,-15,549,564,445,50,395,2125,-354,2812,3166,2461,221,2240
40023,40,Choctaw County,Oklahoma,-167,-91,160,251,-74,17,-91,-145,-411,972,1383,271,51,220
40025,40,Cimarron County,Oklahoma,-62,-18,21,39,-43,-1,-42,-231,-59,127,186,-170,-1,-169
40027,40,Cleveland County,Oklahoma,572,219,2751,2532,322,905,-583,8450,1042,14325,13283,7341,4086,3255
40029,40,Coal County,Oklahoma,-21,-8,78,86,-13,-1,-12,175,-79,405,484,258,0,258
40031,40,Comanche County,Oklahoma,516,371,1536,1165,135,274,-139,1033,1818,8307,6489,-834,1045,-1879
40033,40,Cotton County,Oklahoma,-66,-28,57,85,-38,0,-38,-95,-213,291,504,117,0,117
40035,40,Craig County,Oklahoma,44,-59,163,222,101,15,86,403,-347,861,1208,748,96,652
40037,40,Creek County,Oklahoma,1038,-182,777,959,1232,3,1229,3213,-1018,4158,5176,4210,87,4123
40039,40,Custer County,Oklahoma,-26,9,354,345,-33,-3,-30,-342,36,1847,1811,-372,110,-482
40041,40,Delaware County,Oklahoma,261,-216,467,683,482,-7,489,1516,-1509,2190,3699,3039,36,3003
40043,40,Dewey County,Oklahoma,-64,-37,40,77,-26,-2,-24,-276,-156,250,406,-116,-1,-115
40045,40,Ellis County,Oklahoma,-8,-13,43,56,6,1,5,-137,-89,208,297,-51,28,-79
40047,40,Garfield County,Oklahoma,-265,34,763,729,-298,82,-380,-1068,17,4132,4115,-1013,607,-1620
40049,40,Garvin County,Oklahoma,78,-26,340,366,102,63,39,722,-356,1722,2078,1073,252,821
40051,40,Grady County,Oklahoma,830,-77,552,629,912,12,900,4321,-487,3009,3496,4764,135,4629
40053,40,Grant County,Oklahoma,-65,-19,34,53,-44,0,-44,-107,-121,208,329,14,0,14
40055,40,Greer County,Oklahoma,-67,-19,52,71,-47,-1,-46,-119,-133,290,423,5,6,-1
40057,40,Harmon County,Oklahoma,-8,-5,27,32,-3,1,-4,-163,-61,149,210,-97,2,-99
40059,40,Harper County,Oklahoma,-24,-4,33,37,-20,19,-39,-93,-44,166,210,-47,80,-127
40061,40,Haskell County,Oklahoma,-35,-22,156,178,-14,3,-17,224,-260,745,1005,482,29,453
40063,40,Hughes County,Oklahoma,9,-38,157,195,46,11,35,88,-282,809,1091,376,26,350
40065,40,Jackson County,Oklahoma,137,126,359,233,9,37,-28,-20,379,1825,1446,-414,307,-721
40067,40,Jefferson County,Oklahoma,9,-1,80,81,10,6,4,102,-135,355,490,242,23,219
40069,40,Johnston County,Oklahoma,123,-40,100,140,163,14,149,174,-223,591,814,406,37,369
40071,40,Kay County,Oklahoma,-147,-49,540,589,-100,15,-115,-211,-485,2844,3329,284,183,101
40073,40,Kingfisher County,Oklahoma,118,-34,157,191,152,38,114,614,-86,856,942,704,317,387
40075,40,Kiowa County,Oklahoma,-78,-80,83,163,2,2,0,-322,-372,461,833,45,11,34
40077,40,Latimer County,Oklahoma,56,-8,122,130,64,1,63,204,-131,575,706,319,5,314
40079,40,Le Flore County,Oklahoma,549,176,887,711,374,1,373,2056,-340,3506,3846,2388,122,2266
40081,40,Lincoln County,Oklahoma,278,-96,360,456,377,-3,380,1806,-542,1896,2438,2333,14,2319
40083,40,Logan County,Oklahoma,1476,151,588,437,1342,33,1309,5921,499,2894,2395,5427,310,5117
40085,40,Love County,Oklahoma,181,-3,132,135,185,11,174,635,-85,676,761,719,147,572
40087,40,McClain County,Oklahoma,1117,112,538,426,1015,-7,1022,7976,280,2587,2307,7685,51,7634
40089,40,McCurtain County,Oklahoma,-34,-133,363,496,98,16,82,-67,-547,2224,2771,476,161,315
40091,40,McIntosh County,Oklahoma,32,-137,208,345,171,5,166,813,-869,1072,1941,1692,23,1669
40093,40,Major County,Oklahoma,-22,-16,94,110,-5,18,-23,-245,-134,454,588,-104,67,-171
40095,40,Marshall County,Oklahoma,105,-35,191,226,140,5,135,956,-247,1032,1279,1198,159,1039
40097,40,Mayes County,Oklahoma,282,-68,454,522,353,4,349,1366,-562,2410,2972,1903,36,1867
40099,40,Murray County,Oklahoma,-52,-27,152,179,-25,-2,-23,-95,-272,790,1062,175,1,174
40101,40,Muskogee County,Oklahoma,-72,-180,810,990,103,26,77,372,-1138,4320,5458,1499,208,1291
40103,40,Noble County,Oklahoma,-9,-56,91,147,46,9,37,-25,-295,512,807,260,53,207
40105,40,Nowata County,Oklahoma,-4,-66,98,164,62,6,56,200,-258,568,826,451,27,424
40107,40,Okfuskee County,Oklahoma,99,-36,138,174,135,16,119,137,-279,716,995,420,59,361
40109,40,Oklahoma County,Oklahoma,3927,2651,10948,8297,1218,2329,-1111,25575,12678,57339,44661,12586,15928,-3342
40111,40,Okmulgee County,Oklahoma,78,-182,419,601,261,-3,264,539,-1074,2215,3289,1601,22,1579
40113,40,Osage County,Oklahoma,3,-106,420,526,106,-8,114,963,-762,2096,2858,1715,39,1676
40115,40,Ottawa County,Oklahoma,9,-86,406,492,93,40,53,149,-605,2087,2692,758,162,596
40117,40,Pawnee County,Oklahoma,-7,-111,148,259,104,4,100,478,-537,830,1367,1021,11,1010
40119,40,Payne County,Oklahoma,193,-5,741,746,188,489,-301,2245,137,3944,3807,2073,2175,-102
40121,40,Pittsburg County,Oklahoma,-151,-238,435,673,86,3,83,-457,-1355,2351,3706,883,49,834
40123,40,Pontotoc County,Oklahoma,185,-42,472,514,227,36,191,464,-265,2511,2776,701,151,550
40125,40,Pottawatomie County,Oklahoma,627,-202,829,1031,830,40,790,2650,-1090,4421,5511,3701,168,3533
40127,40,Pushmataha County,Oklahoma,-53,-99,104,203,47,7,40,-5,-560,555,1115,558,33,525
40129,40,Roger Mills County,Oklahoma,-28,-6,37,43,-21,3,-24,-183,-41,197,238,-140,18,-158
40131,40,Rogers County,Oklahoma,1027,-45,1059,1104,1075,49,1026,6960,-322,5481,5803,7222,305,6917
40133,40,Seminole County,Oklahoma,87,-92,302,394,181,18,163,-114,-622,1541,2163,513,65,448
40135,40,Sequoyah County,Oklahoma,445,109,708,599,339,-11,350,1570,-451,2855,3306,1996,15,1981
40137,40,Stephens County,Oklahoma,85,-95,519,614,180,37,143,1454,-755,2626,3381,2188,216,1972
40139,40,Texas County,Oklahoma,-121,213,368,155,-332,103,-435,-1063,749,1623,874,-1816,898,-2714
40141,40,Tillman County,Oklahoma,-18,-22,82,104,3,0,3,-187,-215,379,594,37,0,37
40143,40,Tulsa County,Oklahoma,4100,1352,8543,7191,2685,3090,-405,29514,7184,45236,38052,22094,18739,3355
40145,40,Wagoner County,Oklahoma,1954,101,925,824,1867,106,1761,12276,323,4748,4425,11978,719,11259
40147,40,Washington County,Oklahoma,144,-170,580,750,311,62,249,1586,-794,3089,3883,2371,355,2016
40149,40,Washita County,Oklahoma,64,-45,87,132,110,5,105,-37,-224,567,791,184,35,149
40151,40,Woods County,Oklahoma,-122,-21,88,109,-100,2,-102,-179,-88,469,557,-87,13,-100
40153,40,Woodward County,Oklahoma,-75,-3,225,228,-72,-1,-71,-639,5,1222,1217,-641,74,-715
41001,41,Baker County,Oregon,-99,-99,146,245,0,6,-6,-9,-575,755,1330,578,31,547
41003,41,Benton County,Oregon,138,-185,581,766,314,558,-244,2550,-631,3139,3770,3173,2609,564
41005,41,Clackamas County,Oregon,1035,-180,3732,3912,1207,578,629,4851,-1256,19587,20843,5994,3237,2757
41007,41,Clatsop County,Oregon,-280,-170,279,449,-106,67,-173,-147,-888,1645,2533,836,377,459
41009,41,Columbia County,Oregon,126,-144,444,588,273,7,266,1497,-639,2462,3101,2154,85,2069
41011,41,Coos County,Oregon,-250,-593,523,1116,344,50,294,-934,-3064,2759,5823,2136,263,1873
41013,41,Crook County,Oregon,244,-80,248,328,327,-12,339,2825,-370,1277,1647,3217,-9,3226
41015,41,Curry County,Oregon,-199,-282,166,448,87,-12,99,-825,-1653,823,2476,891,-35,926
41017,41,Deschutes County,Oregon,1870,96,1876,1780,1784,138,1646,14811,422,9728,9306,14785,1190,13595
41019,41,Douglas County,Oregon,-400,-751,964,1715,354,-6,360,749,-4473,5118,9591,5251,103,5148
41021,41,Gilliam County,Oregon,-13,-11,18,29,-2,-3,1,-21,-55,98,153,31,-5,36
41023,41,Grant County,Oregon,-29,-34,72,106,7,11,-4,-156,-198,362,560,54,34,20
41025,41,Harney County,Oregon,-43,-7,86,93,-36,-3,-33,-122,-85,425,510,-29,-8,-21
41027,41,Hood River County,Oregon,-13,-12,187,199,-1,10,-11,-258,57,1090,1033,-326,195,-521
41029,41,Jackson County,Oregon,448,-725,1976,2701,1173,36,1137,-1473,-3844,10791,14635,2378,640,1738
41031,41,Jefferson County,Oregon,55,-23,271,294,77,36,41,1225,-104,1467,1571,1341,197,1144
41033,41,Josephine County,Oregon,-276,-652,735,1387,378,22,356,-220,-3400,4139,7539,3252,217,3035
41035,41,Klamath County,Oregon,-97,-274,681,955,176,1,175,866,-1405,3791,5196,2346,156,2190
41037,41,Lake County,Oregon,20,-39,72,111,59,-7,66,25,-258,406,664,281,40,241
41039,41,Lane County,Oregon,-497,-1368,2858,4226,848,326,522,-1385,-7190,15584,22774,5871,2598,3273
41041,41,Lincoln County,Oregon,-117,-402,322,724,290,29,261,234,-2129,1805,3934,2435,335,2100
41043,41,Linn County,Oregon,259,-43,1445,1488,296,36,260,4236,-660,7541,8201,4860,385,4475
41045,41,Malheur County,Oregon,-110,131,447,316,-241,-11,-230,684,219,2086,1867,461,285,176
41047,41,Marion County,Oregon,2559,605,3844,3239,1929,1285,644,9851,2900,20424,17524,6873,7001,-128
41049,41,Morrow County,Oregon,148,33,149,116,114,27,87,418,204,832,628,205,240,-35
41051,41,Multnomah County,Oregon,919,223,6846,6623,619,2550,-1931,-20009,2555,37861,35306,-22416,14585,-37001
41053,41,Polk County,Oregon,-168,-117,819,936,-55,78,-133,2601,-357,4421,4778,3069,553,2516
41055,41,Sherman County,Oregon,36,0,23,23,36,0,36,178,0,124,124,177,1,176
41057,41,Tillamook County,Oregon,-38,-152,207,359,115,44,71,-1,-870,1154,2024,925,183,742
41059,41,Umatilla County,Oregon,161,58,855,797,96,98,-2,1048,426,4805,4379,652,1108,-456
41061,41,Union County,Oregon,-45,-89,260,349,47,7,40,-299,-434,1362,1796,136,53,83
41063,41,Wallowa County,Oregon,-3,-15,68,83,13,0,13,205,-166,331,497,368,0,368
41065,41,Wasco County,Oregon,-151,-121,255,376,-30,14,-44,-356,-608,1381,1989,265,125,140
41067,41,Washington County,Oregon,3095,1776,5878,4102,1285,3355,-2070,11340,9731,31393,21662,911,18412,-17501
41069,41,Wheeler County,Oregon,18,-10,17,27,29,0,29,23,-66,59,125,94,1,93
41071,41,Yamhill County,Oregon,-41,-108,984,1092,58,321,-263,2302,-599,5341,5940,2837,1554,1283
42001,42,Adams County,Pennsylvania,439,-271,936,1207,701,110,591,3740,-1522,4860,6382,5359,672,4687
42003,42,Allegheny County,Pennsylvania,-2139,-1922,11571,13493,-300,2485,-2785,-25546,-13027,62206,75233,-13713,18664,-32377
42005,42,Armstrong County,Pennsylvania,-57,-344,543,887,291,17,274,-1874,-2070,2881,4951,195,74,121
42007,42,Beaver County,Pennsylvania,263,-737,1467,2204,1007,41,966,-2192,-4366,7890,12256,2185,555,1630
42009,42,Bedford County,Pennsylvania,-86,-90,497,587,4,27,-23,-87,-871,2517,3388,786,144,642
42011,42,Berks County,Pennsylvania,1693,312,4432,4120,1352,1421,-69,11236,357,23454,23097,10699,9517,1182
42013,42,Blair County,Pennsylvania,-510,-490,1120,1610,-25,81,-106,-3283,-3168,5994,9162,-186,382,-568
42015,42,Bradford County,Pennsylvania,7,-146,609,755,152,63,89,-365,-847,3244,4091,486,347,139
42017,42,Bucks County,Pennsylvania,-588,-778,5811,6589,192,921,-729,1276,-5978,29838,35816,6969,7632,-663
42019,42,Butler County,Pennsylvania,869,-454,1713,2167,1315,115,1200,6453,-3005,8934,11939,9614,793,8821
42021,42,Cambria County,Pennsylvania,-937,-746,1143,1889,-196,35,-231,-4496,-4390,6074,10464,-66,215,-281
42023,42,Cameron County,Pennsylvania,-121,-49,24,73,-71,0,-71,-333,-253,145,398,-75,2,-77
42025,42,Carbon County,Pennsylvania,159,-321,531,852,483,13,470,1107,-1874,2916,4790,3027,149,2878
42027,42,Centre County,Pennsylvania,-1112,14,1089,1075,-1119,705,-1824,-778,-259,5770,6029,-699,4943,-5642
42029,42,Chester County,Pennsylvania,2586,1173,5527,4354,1390,1232,158,22687,5686,29039,23353,16987,8442,8545
42031,42,Clarion County,Pennsylvania,-61,-127,373,500,67,12,55,-557,-866,1916,2782,340,89,251
42033,42,Clearfield County,Pennsylvania,-31,-338,633,971,307,34,273,-2458,-2160,3423,5583,-146,170,-316
42035,42,Clinton County,Pennsylvania,63,-81,384,465,144,17,127,420,-352,2086,2438,827,116,711
42037,42,Columbia County,Pennsylvania,196,-219,538,757,415,69,346,1473,-1336,2851,4187,2766,365,2401
42039,42,Crawford County,Pennsylvania,-154,-194,853,1047,38,15,23,-2150,-1348,4487,5835,-798,116,-914
42041,42,Cumberland County,Pennsylvania,2614,45,2632,2587,2571,447,2124,17809,-223,13887,14110,18289,2892,15397
42043,42,Dauphin County,Pennsylvania,434,558,3228,2670,-136,976,-1112,6943,1978,17242,15264,4921,6557,-1636
42045,42,Delaware County,Pennsylvania,-479,618,6084,5466,-1119,1622,-2741,3975,2404,32834,30430,1116,11867,-10751
42047,42,Elk County,Pennsylvania,-141,-146,273,419,4,5,-1,-1068,-883,1361,2244,-188,24,-212
42049,42,Erie County,Pennsylvania,-603,-628,2373,3001,13,403,-390,-5206,-3482,13265,16747,-1737,2077,-3814
42051,42,Fayette County,Pennsylvania,-938,-1226,768,1994,284,54,230,-5799,-5372,5596,10968,-420,428,-848
42053,42,Forest County,Pennsylvania,19,-67,20,87,87,3,84,-373,-395,115,510,-7,10,-17
42055,42,Franklin County,Pennsylvania,1176,67,1782,1715,1111,139,972,4708,-781,9029,9810,5478,1491,3987
42057,42,Fulton County,Pennsylvania,-7,-34,131,165,27,1,26,-79,-236,715,951,151,10,141
42059,42,Greene County,Pennsylvania,-257,-266,178,444,7,-3,10,-2066,-1123,1389,2512,-960,13,-973
42061,42,Huntingdon County,Pennsylvania,-383,-105,386,491,-276,5,-281,-1076,-715,2078,2793,-419,52,-471
42063,42,Indiana County,Pennsylvania,-379,-292,722,1014,-92,80,-172,-358,-1669,3898,5567,1297,422,875
42065,42,Jefferson County,Pennsylvania,-85,-173,460,633,90,10,80,-1246,-945,2422,3367,-301,45,-346
42067,42,Juniata County,Pennsylvania,-51,22,306,284,-71,33,-104,-97,-52,1582,1634,-41,262,-303
42069,42,Lackawanna County,Pennsylvania,84,-778,1976,2754,858,498,360,588,-4486,10514,15000,5118,2991,2127
42071,42,Lancaster County,Pennsylvania,1097,1428,6779,5351,-344,975,-1319,10171,6307,36209,29902,3724,6828,-3104
42073,42,Lawrence County,Pennsylvania,-176,-473,717,1190,298,11,287,-2154,-2850,3973,6823,695,92,603
42075,42,Lebanon County,Pennsylvania,988,-32,1539,1571,1022,152,870,3128,-905,8078,8983,4064,1550,2514
42077,42,Lehigh County,Pennsylvania,1444,210,3749,3539,1213,1901,-688,9837,453,20133,19680,9186,12634,-3448
42079,42,Luzerne County,Pennsylvania,1228,-768,3155,3923,2001,1137,864,6541,-5898,16558,22456,12463,7190,5273
42081,42,Lycoming County,Pennsylvania,-331,-304,1075,1379,-33,34,-67,-1612,-1866,5749,7615,267,465,-198
42083,42,McKean County,Pennsylvania,-305,-220,331,551,-88,6,-94,-1450,-1235,1768,3003,-219,61,-280
42085,42,Mercer County,Pennsylvania,-378,-468,1018,1486,88,3,85,-2801,-3187,5284,8471,393,63,330
42087,42,Mifflin County,Pennsylvania,104,-23,587,610,126,2,124,-11,-374,2991,3365,364,32,332
42089,42,Monroe County,Pennsylvania,361,-305,1296,1601,663,91,572,-1113,-1928,7066,8994,701,1124,-423
42091,42,Montgomery County,Pennsylvania,2483,442,8325,7883,1993,2068,-75,21251,757,44259,43502,20571,12385,8186
42093,42,Montour County,Pennsylvania,-32,-31,200,231,0,35,-35,-276,-175,1072,1247,-103,200,-303
42095,42,Northampton County,Pennsylvania,1326,-373,2739,3112,1692,603,1089,11460,-3090,14423,17513,14903,4583,10320
42097,42,Northumberland County,Pennsylvania,-49,-377,872,1249,329,26,303,-1726,-2302,4531,6833,539,278,261
42099,42,Perry County,Pennsylvania,240,-63,464,527,304,42,262,970,-257,2516,2773,1226,231,995
42101,42,Philadelphia County,Pennsylvania,1546,3992,18315,14323,-2510,7216,-9726,-29519,16979,99162,82183,-48570,58084,-106654
42103,42,Pike County,Pennsylvania,544,-213,398,611,767,24,743,4248,-1149,2210,3359,5461,381,5080
42105,42,Potter County,Pennsylvania,-113,-76,150,226,-36,2,-38,-506,-441,822,1263,-58,5,-63
42107,42,Schuylkill County,Pennsylvania,676,-660,1254,1914,1354,91,1263,2043,-4222,6506,10728,6280,755,5525
42109,42,Snyder County,Pennsylvania,-34,28,413,385,-64,18,-82,-81,-6,2148,2154,-91,107,-198
42111,42,Somerset County,Pennsylvania,-205,-394,592,986,189,26,163,-2120,-2450,3153,5603,383,108,275
42113,42,Sullivan County,Pennsylvania,-39,-57,35,92,16,7,9,21,-321,199,520,346,37,309
42115,42,Susquehanna County,Pennsylvania,57,-155,365,520,214,8,206,-194,-899,1925,2824,724,102,622
42117,42,Tioga County,Pennsylvania,-61,-222,324,546,164,-3,167,-550,-1035,1889,2924,522,14,508
42119,42,Union County,Pennsylvania,-328,-26,366,392,-300,17,-317,-367,-268,1959,2227,-158,186,-344
42121,42,Venango County,Pennsylvania,-172,-276,420,696,104,9,95,-1119,-1695,2267,3962,586,75,511
42123,42,Warren County,Pennsylvania,-273,-229,347,576,-45,3,-48,-1546,-1304,1834,3138,-224,45,-269
42125,42,Washington County,Pennsylvania,167,-809,1883,2692,973,106,867,1471,-4593,9984,14577,6092,945,5147
42127,42,Wayne County,Pennsylvania,341,-272,383,655,621,12,609,557,-1648,2087,3735,2210,68,2142
42129,42,Westmoreland County,Pennsylvania,-1149,-1831,2800,4631,685,65,620,-5283,-10953,14841,25794,5762,677,5085
42131,42,Wyoming County,Pennsylvania,-67,-93,229,322,24,13,11,-282,-648,1196,1844,378,98,280
42133,42,York County,Pennsylvania,3211,155,4748,4593,3060,535,2525,16763,-501,24951,25452,17160,4790,12370
44001,44,Bristol County,Rhode Island,-147,-206,304,510,57,36,21,-788,-1106,1717,2823,286,137,149
44003,44,Kent County,Rhode Island,1217,-459,1440,1899,1675,436,1239,3124,-2720,7588,10308,5838,1791,4047
44005,44,Newport County,Rhode Island,-306,-179,628,807,-127,109,-236,-2591,-1167,3272,4439,-1443,816,-2259
44007,44,Providence County,Rhode Island,3505,992,6824,5832,2482,5247,-2765,17456,3652,36032,32380,13498,27278,-13780
44009,44,Washington County,Rhode Island,-163,-452,825,1277,285,95,190,-37,-2582,4387,6969,2598,905,1693
45001,45,Abbeville County,South Carolina,157,-82,246,328,240,5,235,543,-623,1225,1848,1143,53,1090
45003,45,Aiken County,South Carolina,3152,415,2558,2143,2752,81,2671,12705,-962,10902,11864,13577,1204,12373
45005,45,Allendale County,South Carolina,-176,-52,71,123,-122,7,-129,-682,-310,364,674,-355,26,-381
45007,45,Anderson County,South Carolina,2540,-334,2342,2676,2884,197,2687,16209,-2481,12195,14676,18577,1734,16843
45009,45,Bamberg County,South Carolina,-40,-97,131,228,56,26,30,-515,-548,679,1227,26,129,-103
45011,45,Barnwell County,South Carolina,141,0,283,283,142,30,112,70,-216,1368,1584,280,150,130
45013,45,Beaufort County,South Carolina,1427,-76,2001,2077,1511,371,1140,17340,-994,9933,10927,18371,4180,14191
45015,45,Berkeley County,South Carolina,8674,1101,3138,2037,7618,788,6830,44887,4981,15735,10754,39512,5660,33852
45017,45,Calhoun County,South Carolina,2,-118,122,240,121,-1,122,68,-611,629,1240,675,8,667
45019,45,Charleston County,South Carolina,2943,1215,4868,3653,1742,1567,175,27678,6065,25816,19751,21550,10998,10552
45021,45,Cherokee County,South Carolina,401,-112,654,766,508,61,447,2050,-821,3366,4187,2806,531,2275
45023,45,Chester County,South Carolina,454,-58,391,449,517,2,515,703,-822,1840,2662,1506,84,1422
45025,45,Chesterfield County,South Carolina,300,-55,549,604,355,90,265,1472,-661,2703,3364,2103,581,1522
45027,45,Clarendon County,South Carolina,-10,-153,289,442,142,-6,148,-102,-1094,1534,2628,1043,69,974
45029,45,Colleton County,South Carolina,-47,-162,455,617,113,113,0,782,-1016,2362,3378,1757,614,1143
45031,45,Darlington County,South Carolina,205,-181,727,908,382,21,361,-17,-1360,3863,5223,1317,246,1071
45033,45,Dillon County,South Carolina,-123,-117,342,459,-7,23,-30,-836,-622,1884,2506,-215,148,-363
45035,45,Dorchester County,South Carolina,3558,431,2002,1571,3133,227,2906,17067,2292,10379,8087,14597,2173,12424
45037,45,Edgefield County,South Carolina,561,-2,296,298,567,50,517,4159,-565,1127,1692,4651,482,4169
45039,45,Fairfield County,South Carolina,-138,-152,174,326,14,-6,20,-621,-881,948,1829,258,2,256
45041,45,Florence County,South Carolina,187,-225,1558,1783,396,218,178,1437,-1668,8312,9980,3080,1205,1875
45043,45,Georgetown County,South Carolina,-220,-473,504,977,255,23,232,2512,-2703,2585,5288,5186,294,4892
45045,45,Greenville County,South Carolina,9255,1241,6441,5200,7979,2357,5622,57576,5532,34076,28544,51314,15837,35477
45047,45,Greenwood County,South Carolina,199,-117,746,863,309,47,262,1029,-916,3940,4856,1882,516,1366
45049,45,Hampton County,South Carolina,-10,-66,211,277,55,40,15,-391,-408,1075,1483,28,202,-174
45051,45,Horry County,South Carolina,13244,-1801,3383,5184,15083,861,14222,76515,-9638,17207,26845,85472,7041,78431
45053,45,Jasper County,South Carolina,2195,57,479,422,2138,82,2056,9722,56,2156,2100,9597,1414,8183
45055,45,Kershaw County,South Carolina,1254,-66,764,830,1333,39,1294,7759,-545,4002,4547,8208,458,7750
45057,45,Lancaster County,South Carolina,2997,338,1518,1180,2672,267,2405,18284,149,6460,6311,18120,1836,16284
45059,45,Laurens County,South Carolina,1340,-235,749,984,1591,24,1567,4326,-1362,3913,5275,5649,454,5195
45061,45,Lee County,South Carolina,-143,-94,165,259,-47,43,-90,-803,-609,848,1457,-188,328,-516
45063,45,Lexington County,South Carolina,3504,-55,3138,3193,3559,902,2657,23669,35,16903,16868,23773,4697,19076
45065,45,McCormick County,South Carolina,238,-86,70,156,325,-1,326,688,-559,312,871,1261,-1,1262
45067,45,Marion County,South Carolina,-262,-146,326,472,-117,-5,-112,-942,-872,1696,2568,-87,17,-104
45069,45,Marlboro County,South Carolina,-56,-88,281,369,31,-10,41,-1179,-748,1375,2123,-396,21,-417
45071,45,Newberry County,South Carolina,240,-89,411,500,328,97,231,1845,-618,2176,2794,2441,662,1779
45073,45,Oconee County,South Carolina,1209,-446,680,1126,1663,242,1421,5163,-2410,3559,5969,7522,1178,6344
45075,45,Orangeburg County,South Carolina,6,-449,804,1253,452,103,349,-1050,-2573,4308,6881,1488,615,873
45077,45,Pickens County,South Carolina,1339,-310,1188,1498,1648,149,1499,7783,-1855,6262,8117,9385,1189,8196
45079,45,Richland County,South Carolina,4156,1012,4572,3560,3117,1451,1666,18825,4386,23881,19495,14233,7581,6652
45081,45,Saluda County,South Carolina,111,-8,213,221,117,58,59,738,-181,1172,1353,900,520,380
45083,45,Spartanburg County,South Carolina,10923,621,4378,3757,10391,1161,9230,52857,1358,21885,20527,51001,6288,44713
45085,45,Sumter County,South Carolina,279,9,1300,1291,256,35,221,-490,-124,6967,7091,-401,515,-916
45087,45,Union County,South Carolina,5,-207,242,449,211,53,158,-431,-1144,1303,2447,702,210,492
45089,45,Williamsburg County,South Carolina,-139,-205,256,461,63,35,28,-1358,-1184,1397,2581,-167,174,-341
45091,45,York County,South Carolina,4126,1041,3665,2624,3076,1013,2063,24980,2145,16353,14208,22966,4763,18203
46003,46,Aurora County,South Dakota,10,5,39,34,4,10,-6,57,3,210,207,51,57,-6
46005,46,Beadle County,South Dakota,102,79,309,230,25,290,-265,475,399,1498,1099,77,1319,-1242
46007,46,Bennett County,South Dakota,1,27,62,35,-26,5,-31,-76,73,277,204,-156,23,-179
46009,46,Bon Homme County,South Dakota,93,21,81,60,71,0,71,242,-24,403,427,263,6,257
46011,46,Brookings County,South Dakota,821,194,401,207,622,592,30,3271,831,1982,1151,2420,1888,532
46013,46,Brown County,South Dakota,-60,15,411,396,-79,37,-116,-741,2,2093,2091,-759,315,-1074
46015,46,Brule County,South Dakota,-19,22,79,57,-40,2,-42,25,95,370,275,-73,26,-99
46017,46,Buffalo County,South Dakota,-7,6,32,26,-12,0,-12,-141,-24,174,198,-116,0,-116
46019,46,Butte County,South Dakota,-29,25,130,105,-54,1,-55,613,106,689,583,507,-2,509
46021,46,Campbell County,South Dakota,34,-2,18,20,36,12,24,1,-19,89,108,18,32,-14
46023,46,Charles Mix County,South Dakota,27,26,122,96,-1,1,-2,-72,135,692,557,-196,16,-212
46025,46,Clark County,South Dakota,31,15,53,38,17,6,11,196,98,302,204,96,68,28
46027,46,Clay County,South Dakota,-159,-41,93,134,-119,63,-182,58,-66,578,644,113,205,-92
46029,46,Codington County,South Dakota,292,18,317,299,274,-3,277,1240,111,1674,1563,1109,115,994
46031,46,Corson County,South Dakota,4,38,93,55,-33,0,-33,-118,114,441,327,-229,0,-229
46033,46,Custer County,South Dakota,107,-35,57,92,143,21,122,1112,-146,349,495,1260,62,1198
46035,46,Davison County,South Dakota,79,7,207,200,71,14,57,111,15,1168,1153,103,202,-99
46037,46,Day County,South Dakota,37,-16,53,69,53,11,42,32,-169,248,417,202,54,148
46039,46,Deuel County,South Dakota,32,27,67,40,5,0,5,113,88,318,230,19,23,-4
46041,46,Dewey County,South Dakota,37,65,127,62,-28,-1,-27,175,361,804,443,-191,1,-192
46043,46,Douglas County,South Dakota,20,17,49,32,2,20,-18,55,39,237,198,17,55,-38
46045,46,Edmunds County,South Dakota,-9,6,47,41,-16,9,-25,41,0,240,240,43,59,-16
46047,46,Fall River County,South Dakota,54,-79,50,129,134,18,116,499,-448,246,694,950,38,912
46049,46,Faulk County,South Dakota,-2,10,43,33,-13,1,-14,51,11,211,200,39,2,37
46051,46,Grant County,South Dakota,-79,-34,84,118,-45,18,-63,-27,-127,445,572,94,170,-76
46053,46,Gregory County,South Dakota,-34,-15,39,54,-18,1,-19,50,-82,230,312,135,11,124
46055,46,Haakon County,South Dakota,-22,-5,26,31,-16,0,-16,-73,-19,122,141,-52,0,-52
46057,46,Hamlin County,South Dakota,170,84,146,62,85,95,-10,729,421,761,340,306,293,13
46059,46,Hand County,South Dakota,3,-1,46,47,4,3,1,-24,-42,222,264,18,20,-2
46061,46,Hanson County,South Dakota,-45,22,42,20,-67,6,-73,-6,95,217,122,-97,25,-122
46063,46,Harding County,South Dakota,19,7,15,8,11,0,11,26,35,82,47,-8,2,-10
46065,46,Hughes County,South Dakota,13,41,197,156,-30,-9,-21,-199,172,1095,923,-378,-7,-371
46067,46,Hutchinson County,South Dakota,12,-22,92,114,34,25,9,-13,-123,474,597,112,80,32
46069,46,Hyde County,South Dakota,-18,-8,15,23,-10,0,-10,-68,-51,75,126,-15,0,-15
46071,46,Jackson County,South Dakota,-50,10,41,31,-60,0,-60,-138,90,296,206,-231,4,-235
46073,46,Jerauld County,South Dakota,-21,-15,17,32,-5,3,-8,-6,-10,127,137,7,9,-2
46075,46,Jones County,South Dakota,15,4,9,5,12,26,-14,-7,-2,41,43,1,63,-62
46077,46,Kingsbury County,South Dakota,4,-6,63,69,10,1,9,103,-34,344,378,141,14,127
46079,46,Lake County,South Dakota,-51,-2,109,111,-49,7,-56,-70,18,598,580,-77,54,-131
46081,46,Lawrence County,South Dakota,750,-82,184,266,841,55,786,3688,-413,1045,1458,4008,231,3777
46083,46,Lincoln County,South Dakota,2022,449,833,384,1577,14,1563,11986,2001,3956,1955,9913,344,9569
46085,46,Lyman County,South Dakota,2,24,60,36,-21,10,-31,-20,87,328,241,-110,32,-142
46087,46,McCook County,South Dakota,83,35,84,49,48,37,11,283,91,428,337,193,117,76
46089,46,McPherson County,South Dakota,15,-5,30,35,20,-1,21,-59,-54,137,191,-4,2,-6
46091,46,Marshall County,South Dakota,-9,6,53,47,-14,8,-22,122,50,314,264,77,53,24
46093,46,Meade County,South Dakota,-164,13,300,287,-175,-7,-168,864,142,1524,1382,702,29,673
46095,46,Mellette County,South Dakota,88,138,163,25,-49,0,-49,219,325,489,164,-101,0,-101
46097,46,Miner County,South Dakota,2,-9,22,31,11,0,11,-15,-38,128,166,25,0,25
46099,46,Minnehaha County,South Dakota,3275,1089,2760,1671,2167,1288,879,15486,5567,14506,8939,9663,4924,4739
46101,46,Moody County,South Dakota,33,33,92,59,-1,44,-45,292,138,471,333,153,175,-22
46102,46,Oglala Lakota County,South Dakota,-78,92,249,157,-170,0,-170,-335,322,1318,996,-653,0,-653
46103,46,Pennington County,South Dakota,480,209,1339,1130,259,209,50,7561,1253,7317,6064,6194,710,5484
46105,46,Perkins County,South Dakota,20,-2,35,37,22,0,22,24,-36,176,212,61,0,61
46107,46,Potter County,South Dakota,-24,-12,28,40,-11,7,-18,-96,-67,133,200,-21,15,-36
46109,46,Roberts County,South Dakota,-23,45,143,98,-67,6,-73,-29,111,718,607,-137,31,-168
46111,46,Sanborn County,South Dakota,11,-3,27,30,13,5,8,53,-3,153,156,57,22,35
46115,46,Spink County,South Dakota,1,4,81,77,-3,4,-7,-203,-32,402,434,-169,21,-190
46117,46,Stanley County,South Dakota,17,-5,27,32,21,0,21,40,-20,145,165,66,0,66
46119,46,Sully County,South Dakota,6,-1,10,11,8,7,1,32,-1,63,64,33,28,5
46121,46,Todd County,South Dakota,-50,-64,52,116,12,54,-42,-456,-84,580,664,-381,176,-557
46123,46,Tripp County,South Dakota,-30,9,81,72,-38,-3,-35,80,101,462,361,-14,3,-17
46125,46,Turner County,South Dakota,77,47,184,137,29,52,-23,642,175,840,665,464,200,264
46127,46,Union County,South Dakota,29,104,247,143,-76,39,-115,589,251,1017,766,330,155,175
46129,46,Walworth County,South Dakota,-27,5,72,67,-32,-1,-31,-100,3,374,371,-100,-1,-99
46135,46,Yankton County,South Dakota,58,-34,219,253,90,71,19,318,-100,1231,1331,418,272,146
46137,46,Ziebach County,South Dakota,8,10,43,33,-1,0,-1,-24,70,263,193,-91,1,-92
47001,47,Anderson County,Tennessee,492,-229,897,1126,720,7,713,4896,-1688,4443,6131,6454,405,6049
47003,47,Bedford County,Tennessee,815,181,751,570,632,130,502,5036,663,3810,3147,4342,972,3370
47005,47,Benton County,Tennessee,78,-132,155,287,212,-2,214,325,-732,815,1547,1039,-4,1043
47007,47,Bledsoe County,Tennessee,347,-57,135,192,404,1,403,1013,-272,675,947,1271,45,1226
47009,47,Blount County,Tennessee,1548,-551,1310,1861,2118,79,2039,8530,-3009,6838,9847,11524,654,10870
47011,47,Bradley County,Tennessee,1351,-112,1256,1368,1464,264,1200,6845,-1110,6335,7445,7902,1930,5972
47013,47,Campbell County,Tennessee,-35,-244,432,676,208,5,203,1010,-1444,2235,3679,2402,86,2316
47015,47,Cannon County,Tennessee,139,-19,189,208,158,-2,160,788,-153,936,1089,916,15,901
47017,47,Carroll County,Tennessee,-3,-67,356,423,61,14,47,768,-685,1721,2406,1398,78,1320
47019,47,Carter County,Tennessee,-7,-399,482,881,392,40,352,996,-2359,2453,4812,3237,264,2973
47021,47,Cheatham County,Tennessee,162,-19,488,507,179,17,162,1755,-284,2446,2730,2033,172,1861
47023,47,Chester County,Tennessee,153,1,208,207,151,28,123,646,-167,1013,1180,809,105,704
47025,47,Claiborne County,Tennessee,289,-164,345,509,457,13,444,1188,-1074,1669,2743,2193,116,2077
47027,47,Clay County,Tennessee,11,-74,69,143,83,1,82,242,-389,366,755,626,28,598
47029,47,Cocke County,Tennessee,153,-329,388,717,482,10,472,1892,-1794,1993,3787,3638,122,3516
47031,47,Coffee County,Tennessee,946,-34,703,737,984,66,918,4546,-562,3655,4217,5093,502,4591
47033,47,Crockett County,Tennessee,43,-47,179,226,90,-17,107,96,-285,890,1175,376,0,376
47035,47,Cumberland County,Tennessee,670,-542,554,1096,1218,-20,1238,5147,-3090,2767,5857,8215,48,8167
47037,47,Davidson County,Tennessee,9281,4335,10372,6037,4962,5887,-925,30017,20305,53051,32746,10260,35794,-25534
47039,47,Decatur County,Tennessee,82,-98,96,194,183,12,171,386,-533,552,1085,907,42,865
47041,47,DeKalb County,Tennessee,189,-38,245,283,227,17,210,1799,-252,1312,1564,2027,157,1870
47043,47,Dickson County,Tennessee,858,51,721,670,809,31,778,4346,-59,3572,3631,4388,244,4144
47045,47,Dyer County,Tennessee,-164,-45,436,481,-122,-18,-104,-479,-494,2360,2854,22,-20,42
47047,47,Fayette County,Tennessee,529,-82,460,542,615,-8,623,3354,-583,2310,2893,3958,22,3936
47049,47,Fentress County,Tennessee,301,-160,195,355,463,-2,465,1835,-867,983,1850,2682,2,2680
47051,47,Franklin County,Tennessee,388,-151,441,592,541,50,491,2812,-941,2291,3232,3671,315,3356
47053,47,Gibson County,Tennessee,134,-116,643,759,248,0,248,1370,-1046,3216,4262,2380,230,2150
47055,47,Giles County,Tennessee,417,-92,315,407,514,20,494,1088,-746,1624,2370,1817,109,1708
47057,47,Grainger County,Tennessee,641,-92,260,352,740,-2,742,2207,-604,1324,1928,2784,29,2755
47059,47,Greene County,Tennessee,486,-516,637,1153,1009,1,1008,3678,-2892,3318,6210,6477,131,6346
47061,47,Grundy County,Tennessee,-2,-75,175,250,73,1,72,590,-389,896,1285,960,0,960
47063,47,Hamblen County,Tennessee,666,-128,813,941,792,171,621,4336,-1204,4037,5241,5421,1272,4149
47065,47,Hamilton County,Tennessee,3565,474,4547,4073,3067,927,2140,23993,1101,23404,22303,22359,5879,16480
47067,47,Hancock County,Tennessee,29,-45,57,102,75,-5,80,414,-274,317,591,689,-3,692
47069,47,Hardeman County,Tennessee,-253,-96,274,370,-159,12,-171,-186,-557,1438,1995,332,36,296
47071,47,Hardin County,Tennessee,311,-83,309,392,399,-4,403,1015,-877,1457,2334,1861,-9,1870
47073,47,Hawkins County,Tennessee,137,-356,548,904,490,7,483,2841,-2307,2719,5026,5064,76,4988
47075,47,Haywood County,Tennessee,-169,-20,213,233,-148,-8,-140,-822,-283,1030,1313,-542,48,-590
47077,47,Henderson County,Tennessee,289,-105,306,411,397,-8,405,674,-599,1626,2225,1258,14,1244
47079,47,Henry County,Tennessee,-24,-202,347,549,179,0,179,699,-1302,1624,2926,1973,37,1936
47081,47,Hickman County,Tennessee,306,-69,275,344,379,-2,381,1309,-506,1439,1945,1787,58,1729
47083,47,Houston County,Tennessee,-46,-51,82,133,4,1,3,206,-287,420,707,489,2,487
47085,47,Humphreys County,Tennessee,104,-86,206,292,191,-6,197,657,-521,1042,1563,1174,20,1154
47087,47,Jackson County,Tennessee,19,-68,114,182,87,3,84,846,-428,563,991,1260,11,1249
47089,47,Jefferson County,Tennessee,807,-229,561,790,1044,-3,1047,5358,-1446,2843,4289,6714,254,6460
47091,47,Johnson County,Tennessee,196,-119,162,281,318,14,304,774,-745,789,1534,1515,114,1401
47093,47,Knox County,Tennessee,3856,163,5598,5435,3671,1295,2376,32528,-870,28453,29323,32835,7526,25309
47095,47,Lake County,Tennessee,-90,-63,44,107,-27,2,-29,-752,-304,283,587,-409,11,-420
47097,47,Lauderdale County,Tennessee,77,-99,262,361,178,-5,183,-522,-413,1466,1879,-95,15,-110
47099,47,Lawrence County,Tennessee,270,4,572,568,263,-1,264,2756,-321,3019,3340,3034,61,2973
47101,47,Lewis County,Tennessee,133,-58,147,205,193,2,191,901,-360,734,1094,1258,43,1215
47103,47,Lincoln County,Tennessee,138,-27,485,512,164,8,156,1531,-612,2160,2772,2102,143,1959
47105,47,Loudon County,Tennessee,1122,-175,598,773,1298,105,1193,8875,-1169,2990,4159,9998,816,9182
47107,47,McMinn County,Tennessee,672,-237,617,854,914,23,891,4132,-1364,3215,4579,5431,168,5263
47109,47,McNairy County,Tennessee,99,-145,295,440,245,-2,247,368,-907,1490,2397,1250,16,1234
47111,47,Macon County,Tennessee,371,53,380,327,321,-8,329,2451,30,1823,1793,2392,113,2279
47113,47,Madison County,Tennessee,523,14,1218,1204,509,152,357,1959,-304,6294,6598,2199,1325,874
47115,47,Marion County,Tennessee,43,-180,295,475,222,-6,228,963,-893,1571,2464,1821,93,1728
47117,47,Marshall County,Tennessee,189,43,460,417,142,-19,161,3753,103,2325,2222,3595,137,3458
47119,47,Maury County,Tennessee,3675,515,1557,1042,3186,143,3043,17174,1699,7532,5833,15497,792,14705
47121,47,Meigs County,Tennessee,196,-73,126,199,270,-1,271,1430,-436,647,1083,1847,-1,1848
47123,47,Monroe County,Tennessee,392,-172,523,695,561,-14,575,3481,-1221,2667,3888,4585,82,4503
47125,47,Montgomery County,Tennessee,3654,2047,3735,1688,1587,473,1114,29923,10023,19351,9328,19600,2353,17247
47127,47,Moore County,Tennessee,98,10,64,54,89,0,89,453,-34,329,363,496,5,491
47129,47,Morgan County,Tennessee,85,-103,214,317,187,-4,191,1123,-646,1024,1670,1743,1,1742
47131,47,Obion County,Tennessee,-189,-135,353,488,-55,13,-68,-728,-834,1782,2616,109,111,-2
47133,47,Overton County,Tennessee,205,-96,266,362,302,-6,308,1277,-652,1327,1979,1914,-7,1921
47135,47,Perry County,Tennessee,140,-5,118,123,145,-2,147,742,-96,573,669,822,9,813
47137,47,Pickett County,Tennessee,73,-46,47,93,121,-6,127,214,-253,226,479,470,-4,474
47139,47,Polk County,Tennessee,184,-83,194,277,269,-3,272,1056,-659,907,1566,1697,-2,1699
47141,47,Putnam County,Tennessee,1601,-63,937,1000,1668,195,1473,6738,-586,4775,5361,7290,1112,6178
47143,47,Rhea County,Tennessee,128,-149,376,525,276,3,273,1609,-808,1984,2792,2362,122,2240
47145,47,Roane County,Tennessee,626,-358,514,872,994,-21,1015,3851,-2026,2648,4674,5824,18,5806
47147,47,Robertson County,Tennessee,1345,144,946,802,1208,52,1156,7366,146,4777,4631,7152,770,6382
47149,47,Rutherford County,Tennessee,6266,2108,4641,2533,4135,1747,2388,44870,9447,23420,13973,35180,11483,23697
47151,47,Scott County,Tennessee,118,-35,280,315,151,-6,157,819,-287,1403,1690,1068,-8,1076
47153,47,Sequatchie County,Tennessee,252,-36,184,220,289,56,233,2035,-165,945,1110,2202,254,1948
47155,47,Sevier County,Tennessee,118,-131,1112,1243,243,558,-315,2665,-1248,5704,6952,3968,3337,631
47157,47,Shelby County,Tennessee,-5212,2750,12317,9567,-7896,3774,-11670,-19786,11433,64677,53244,-31540,23818,-55358
47159,47,Smith County,Tennessee,196,-33,232,265,231,4,227,1075,-256,1165,1421,1313,47,1266
47161,47,Stewart County,Tennessee,66,-66,143,209,133,11,122,783,-359,712,1071,1129,57,1072
47163,47,Sullivan County,Tennessee,1050,-873,1529,2402,1939,33,1906,5613,-5425,7894,13319,10940,321,10619
47165,47,Sumner County,Tennessee,3357,387,2418,2031,2984,178,2806,19249,1096,12198,11102,18051,1608,16443
47167,47,Tipton County,Tennessee,-19,-24,663,687,3,-7,10,1311,-373,3520,3893,1627,16,1611
47169,47,Trousdale County,Tennessee,434,-3,123,126,441,0,441,1017,-57,620,677,1029,3,1026
47171,47,Unicoi County,Tennessee,-69,-144,145,289,75,-6,81,-55,-952,728,1680,865,34,831
47173,47,Union County,Tennessee,314,-62,236,298,379,-4,383,1643,-478,1137,1615,2095,-9,2104
47175,47,Van Buren County,Tennessee,191,-24,72,96,218,-2,220,706,-193,361,554,890,-7,897
47177,47,Warren County,Tennessee,173,-69,466,535,237,19,218,2764,-456,2571,3027,3180,338,2842
47179,47,Washington County,Tennessee,1625,-459,1269,1728,2083,201,1882,8200,-2912,6544,9456,10755,1119,9636
47181,47,Wayne County,Tennessee,382,-62,163,225,447,-3,450,187,-485,761,1246,679,-8,687
47183,47,Weakley County,Tennessee,45,-125,302,427,170,58,112,353,-687,1671,2358,1011,203,808
47185,47,White County,Tennessee,385,-118,302,420,506,-10,516,2261,-759,1549,2308,2960,0,2960
47187,47,Williamson County,Tennessee,3575,551,2186,1635,3036,762,2274,24271,3168,11838,8670,21490,3885,17605
47189,47,Wilson County,Tennessee,4693,438,1977,1539,4284,537,3747,27288,1609,9709,8100,25402,2820,22582
48001,48,Anderson County,Texas,232,-142,594,736,371,75,296,1883,-1017,2955,3972,2763,511,2252
48003,48,Andrews County,Texas,116,119,263,144,-5,12,-17,303,663,1444,781,-355,232,-587
48005,48,Angelina County,Texas,196,31,1073,1042,159,70,89,1643,-99,5704,5803,1696,476,1220
48007,48,Aransas County,Texas,460,-180,221,401,642,28,614,2318,-1092,1088,2180,3415,77,3338
48009,48,Archer County,Texas,-11,10,95,85,-21,2,-23,577,-34,457,491,610,36,574
48011,48,Armstrong County,Texas,29,-4,23,27,35,2,33,-4,-49,111,160,46,7,39
48013,48,Atascosa County,Texas,653,183,680,497,472,-50,522,4453,591,3428,2837,3823,51,3772
48015,48,Austin County,Texas,747,71,400,329,682,70,612,3457,141,1967,1826,3297,482,2815
48017,48,Bailey County,Texas,72,59,125,66,12,69,-57,58,288,650,362,-233,451,-684
48019,48,Bandera County,Texas,86,-169,152,321,258,11,247,2040,-829,875,1704,2880,110,2770
48021,48,Bastrop County,Texas,2971,677,1531,854,2325,71,2254,21679,2776,7381,4605,18899,1476,17423
48023,48,Baylor County,Texas,-10,-30,34,64,21,3,18,7,-163,196,359,168,27,141
48025,48,Bee County,Texas,-136,-1,299,300,-136,32,-168,1460,-104,1601,1705,1480,117,1363
48027,48,Bell County,Texas,4809,3209,6037,2828,1556,826,730,31458,16089,31654,15565,15324,4572,10752
48029,48,Bexar County,Texas,21146,10044,26216,16172,10861,8356,2505,150765,47637,136307,88670,101215,58857,42358
48031,48,Blanco County,Texas,186,-15,131,146,201,-3,204,2203,-199,568,767,2383,20,2363
48033,48,Borden County,Texas,7,-3,3,6,12,0,12,-62,-18,17,35,-41,0,-41
48035,48,Bosque County,Texas,-43,-141,186,327,98,-8,106,686,-716,957,1673,1403,37,1366
48037,48,Bowie County,Texas,20,-75,1154,1229,85,104,-19,-198,-961,5742,6703,728,728,0
48039,48,Brazoria County,Texas,7664,1803,4649,2846,5877,1028,4849,47034,8818,24377,15559,37670,5715,31955
48041,48,Brazos County,Texas,715,1475,2879,1404,-764,1558,-2322,15248,7365,14603,7238,7649,7125,524
48043,48,Brewster County,Texas,-63,-15,82,97,-49,77,-126,-86,-94,410,504,-7,271,-278
48045,48,Briscoe County,Texas,2,-9,12,21,11,1,10,38,-44,63,107,86,3,83
48047,48,Brooks County,Texas,-121,-10,83,93,-109,5,-114,-547,-64,468,532,-482,103,-585
48049,48,Brown County,Texas,-18,-161,423,584,139,18,121,605,-1154,2120,3274,1748,176,1572
48051,48,Burleson County,Texas,452,-21,228,249,475,58,417,2910,-232,1124,1356,3110,332,2778
48053,48,Burnet County,Texas,1011,-61,607,668,1078,124,954,7890,-491,2954,3445,8412,806,7606
48055,48,Caldwell County,Texas,2211,286,705,419,1954,67,1887,9268,1159,3472,2313,8100,935,7165
48057,48,Calhoun County,Texas,-179,-49,215,264,-130,43,-173,-505,-172,1178,1350,-293,244,-537
48059,48,Callahan County,Texas,-36,-87,115,202,52,-8,60,785,-407,676,1083,1221,-4,1225
48061,48,Cameron County,Texas,994,2610,5924,3314,-1633,204,-1837,12819,11915,30909,18994,704,7887,-7183
48063,48,Camp County,Texas,158,47,221,174,110,6,104,916,7,1012,1005,911,127,784
48065,48,Carson County,Texas,-23,-18,49,67,-6,1,-7,6,-133,272,405,136,8,128
48067,48,Cass County,Texas,-35,-130,321,451,93,19,74,202,-1006,1637,2643,1201,63,1138
48069,48,Castro County,Texas,-48,14,90,76,-60,69,-129,-68,110,530,420,-185,285,-470
48071,48,Chambers County,Texas,1606,348,697,349,1272,33,1239,11055,1449,3363,1914,9566,465,9101
48073,48,Cherokee County,Texas,159,79,702,623,76,15,61,2794,155,3664,3509,2635,215,2420
48075,48,Childress County,Texas,-47,-6,77,83,-42,-9,-33,-23,-76,369,445,58,-5,63
48077,48,Clay County,Texas,28,-43,111,154,72,1,71,547,-271,544,815,813,24,789
48079,48,Cochran County,Texas,10,9,40,31,0,29,-29,1,39,229,190,-37,134,-171
48081,48,Coke County,Texas,24,-31,37,68,56,-1,57,106,-161,191,352,271,-1,272
48083,48,Coleman County,Texas,-59,-93,73,166,35,5,30,229,-504,406,910,728,16,712
48085,48,Collin County,Texas,42966,7355,13302,5947,35851,11749,24102,230978,34977,66408,31431,196570,63163,133407
48087,48,Collingsworth County,Texas,-80,-34,24,58,-45,-2,-43,-165,-120,132,252,-44,-5,-39
48089,48,Colorado County,Texas,-8,-34,249,283,25,38,-13,802,-237,1322,1559,1023,308,715
48091,48,Comal County,Texas,7680,300,1950,1650,7466,39,7427,47717,1105,9804,8699,46953,609,46344
48093,48,Comanche County,Texas,144,-65,142,207,208,11,197,835,-311,813,1124,1152,85,1067
48095,48,Concho County,Texas,30,-35,14,49,65,2,63,305,-117,93,210,424,347,77
48097,48,Cooke County,Texas,108,25,530,505,80,31,49,2787,49,2686,2637,2716,318,2398
48099,48,Coryell County,Texas,419,335,972,637,78,119,-41,2500,1617,5047,3430,828,648,180
48101,48,Cottle County,Texas,-43,-8,15,23,-34,0,-34,-155,-67,53,120,-87,0,-87
48103,48,Crane County,Texas,-37,33,78,45,-70,-13,-57,-119,105,354,249,-229,-4,-225
48105,48,Crockett County,Texas,-34,-7,34,41,-27,-13,-14,-329,-62,188,250,-273,-27,-246
48107,48,Crosby County,Texas,-101,-24,53,77,-76,6,-82,-276,-102,335,437,-172,40,-212
48109,48,Culberson County,Texas,-6,2,31,29,-6,12,-18,81,4,163,159,76,29,47
48111,48,Dallam County,Texas,61,140,188,48,-76,70,-146,373,575,909,334,-212,625,-837
48113,48,Dallas County,Texas,-2616,19113,37108,17995,-21314,24912,-46226,49310,92055,191710,99655,-41079,155526,-196605
48115,48,Dawson County,Texas,-76,5,162,157,-81,6,-87,-685,-18,873,891,-678,52,-730
48117,48,Deaf Smith County,Texas,113,171,324,153,-60,31,-91,34,739,1657,918,-686,365,-1051
48119,48,Delta County,Texas,-9,-14,62,76,5,4,1,325,-96,338,434,423,15,408
48121,48,Denton County,Texas,23120,6451,11614,5163,16670,5101,11569,162816,31318,58462,27144,131294,30861,100433
48123,48,DeWitt County,Texas,-51,-51,219,270,2,21,-19,480,-297,1151,1448,764,161,603
48125,48,Dickens County,Texas,-10,-19,13,32,10,2,8,-77,-85,79,164,8,12,-4
48127,48,Dimmit County,Texas,-192,15,128,113,-204,-12,-192,-591,45,682,637,-636,-9,-627
48129,48,Donley County,Texas,-6,-27,23,50,21,1,20,-45,-165,133,298,127,10,117
48131,48,Duval County,Texas,-250,-43,106,149,-203,-1,-202,-428,-151,634,785,-275,3,-278
48133,48,Eastland County,Texas,-171,-86,195,281,-84,20,-104,389,-587,1048,1635,955,128,827
48135,48,Ector County,Texas,3147,1767,3101,1334,1360,872,488,8624,7738,15379,7641,1141,6413,-5272
48137,48,Edwards County,Texas,-11,-9,14,23,-2,-1,-1,-54,-49,93,142,-4,-2,-2
48139,48,Ellis County,Texas,8413,1335,2886,1551,7165,-13,7178,48407,5794,14373,8579,42672,1224,41448
48141,48,El Paso County,Texas,-2036,4204,10669,6465,-6226,356,-6582,12143,20251,57426,37175,-8783,15290,-24073
48143,48,Erath County,Texas,-84,66,417,351,-151,-4,-147,1366,295,2340,2045,1054,148,906
48145,48,Falls County,Texas,111,-19,196,215,132,6,126,903,-192,964,1156,1067,99,968
48147,48,Fannin County,Texas,487,-97,370,467,591,-7,598,3429,-755,1938,2693,4214,93,4121
48149,48,Fayette County,Texas,-42,-124,275,399,85,-8,93,986,-731,1343,2074,1722,122,1600
48151,48,Fisher County,Texas,11,-21,31,52,33,0,33,19,-154,164,318,177,6,171
48153,48,Floyd County,Texas,-139,-20,56,76,-118,6,-124,-516,-119,316,435,-399,30,-429
48155,48,Foard County,Texas,-4,-14,8,22,11,0,11,-53,-81,49,130,27,0,27
48157,48,Fort Bend County,Texas,24163,4940,9586,4646,19289,8883,10406,151194,24724,49219,24495,127287,42287,85000
48159,48,Franklin County,Texas,151,-54,107,161,208,40,168,637,-241,561,802,875,165,710
48161,48,Freestone County,Texas,125,-19,222,241,146,17,129,1372,-267,1095,1362,1655,120,1535
48163,48,Frio County,Texas,16,52,217,165,-38,96,-134,432,139,1109,970,347,881,-534
48165,48,Gaines County,Texas,684,425,554,129,257,144,113,2357,1819,2615,796,527,655,-128
48167,48,Galveston County,Texas,4840,707,3931,3224,4148,726,3422,21525,2788,20376,17588,18818,4457,14361
48169,48,Garza County,Texas,-57,2,46,44,-59,21,-80,-1305,-26,265,291,-1443,204,-1647
48171,48,Gillespie County,Texas,401,-130,249,379,539,35,504,1781,-736,1310,2046,2571,485,2086
48173,48,Glasscock County,Texas,-17,5,16,11,-22,0,-22,13,32,86,54,-16,6,-22
48175,48,Goliad County,Texas,5,-28,66,94,31,-1,32,191,-137,343,480,332,-3,335
48177,48,Gonzales County,Texas,30,68,277,209,-39,-10,-29,511,231,1475,1244,265,204,61
48179,48,Gray County,Texas,-12,-53,239,292,41,49,-8,-307,-348,1252,1600,40,241,-201
48181,48,Grayson County,Texas,2748,164,1900,1736,2600,177,2423,18012,-90,9363,9453,18065,1363,16702
48183,48,Gregg County,Texas,-292,68,1590,1522,-362,104,-466,1795,115,8598,8483,1559,1044,515
48185,48,Grimes County,Texas,909,40,374,334,877,6,871,4948,46,1933,1887,4851,171,4680
48187,48,Guadalupe County,Texas,5437,625,2058,1433,4855,118,4737,28382,2807,10467,7660,25390,1300,24090
48189,48,Hale County,Texas,-261,36,349,313,-295,42,-337,-704,160,2051,1891,-852,356,-1208
48191,48,Hall County,Texas,-60,-17,30,47,-42,13,-55,-88,-127,142,269,44,73,-29
48193,48,Hamilton County,Texas,-36,-40,91,131,5,26,-21,456,-279,448,727,733,129,604
48195,48,Hansford County,Texas,-68,17,67,50,-85,18,-103,-331,43,352,309,-364,80,-444
48197,48,Hardeman County,Texas,-70,-28,27,55,-40,10,-50,-256,-131,181,312,-123,49,-172
48199,48,Hardin County,Texas,87,-36,665,701,115,15,100,2478,-206,3549,3755,2674,136,2538
48201,48,Harris County,Texas,48695,34861,65753,30892,13848,57225,-43377,314618,168876,339445,170569,145776,308470,-162694
48203,48,Harrison County,Texas,546,3,773,770,549,-14,563,3126,-196,4034,4230,3322,365,2957
48205,48,Hartley County,Texas,-66,30,74,44,-95,-7,-88,-459,108,368,260,-580,18,-598
48207,48,Haskell County,Texas,29,-29,49,78,58,2,56,79,-215,237,452,293,38,255
48209,48,Hays County,Texas,10051,1794,3378,1584,8318,773,7545,63326,8464,16622,8158,54717,4650,50067
48211,48,Hemphill County,Texas,-55,-16,28,44,-39,-1,-38,-302,-44,157,201,-258,4,-262
48213,48,Henderson County,Texas,1004,-375,908,1283,1392,15,1377,6444,-2254,4886,7140,8720,235,8485
48215,48,Hidalgo County,Texas,7937,8840,14063,5223,-1010,268,-1278,50761,41231,72228,30997,8886,11923,-3037
48217,48,Hill County,Texas,614,-30,454,484,651,35,616,3635,-549,2265,2814,4138,276,3862
48219,48,Hockley County,Texas,88,38,289,251,47,-1,48,77,7,1476,1469,102,114,-12
48221,48,Hood County,Texas,1191,-233,660,893,1441,45,1396,8909,-1488,3371,4859,10469,552,9917
48223,48,Hopkins County,Texas,237,-5,463,468,240,38,202,2266,-188,2399,2587,2426,415,2011
48225,48,Houston County,Texas,-15,-127,212,339,110,12,98,235,-725,1181,1906,940,83,857
48227,48,Howard County,Texas,-64,-7,403,410,-59,128,-187,-4356,-278,2006,2284,-4467,642,-5109
48229,48,Hudspeth County,Texas,-17,-3,33,36,-12,48,-60,233,-51,159,210,283,360,-77
48231,48,Hunt County,Texas,4126,515,1650,1135,3649,298,3351,23377,1493,7706,6213,21697,1490,20207
48233,48,Hutchinson County,Texas,-167,-37,225,262,-130,3,-133,-978,-373,1172,1545,-614,20,-634
48235,48,Irion County,Texas,-46,-3,13,16,-44,0,-44,-45,-9,85,94,-37,0,-37
48237,48,Jack County,Texas,142,-23,88,111,166,2,164,1092,-137,453,590,1193,65,1128
48239,48,Jackson County,Texas,36,59,200,141,-25,25,-50,402,244,1093,849,153,154,-1
48241,48,Jasper County,Texas,119,-115,380,495,237,-1,238,97,-746,2011,2757,860,72,788
48243,48,Jeff Davis County,Texas,-64,-18,10,28,-45,-7,-38,-288,-84,66,150,-207,-18,-189
48245,48,Jefferson County,Texas,-176,652,3159,2507,-838,658,-1496,-2217,2228,16655,14427,-4458,4804,-9262
48247,48,Jim Hogg County,Texas,-56,-16,38,54,-40,0,-40,-279,-49,274,323,-231,1,-232
48249,48,Jim Wells County,Texas,-25,68,525,457,-93,28,-121,-98,51,2687,2636,-158,164,-322
48251,48,Johnson County,Texas,6458,728,2672,1944,5790,205,5585,38039,2854,12976,10122,35037,2074,32963
48253,48,Jones County,Texas,59,-40,169,209,100,5,95,1206,-347,854,1201,1519,27,1492
48255,48,Karnes County,Texas,-2,-13,144,157,10,-1,11,245,-131,784,915,357,264,93
48257,48,Kaufman County,Texas,11225,1678,2967,1289,9696,161,9535,63898,6923,13912,6989,56890,1655,55235
48259,48,Kendall County,Texas,1312,-36,439,475,1362,8,1354,8988,-205,2270,2475,9246,534,8712
48261,48,Kenedy County,Texas,-4,-2,3,5,-2,6,-8,-31,-2,17,19,-30,12,-42
48263,48,Kent County,Texas,-25,-10,1,11,-12,0,-12,-76,-57,24,81,-16,0,-16
48265,48,Kerr County,Texas,23,-402,475,877,424,51,373,1442,-1940,2540,4480,3381,420,2961
48267,48,Kimble County,Texas,14,-8,44,52,22,-4,26,155,-63,228,291,215,-2,217
48269,48,King County,Texas,-20,3,5,2,-23,0,-23,-70,9,18,9,-79,0,-79
48271,48,Kinney County,Texas,4,-23,27,50,29,29,0,-5,-114,144,258,114,111,3
48273,48,Kleberg County,Texas,-14,113,394,281,-127,92,-219,-728,387,1976,1589,-1116,403,-1519
48275,48,Knox County,Texas,-59,-18,33,51,-41,0,-41,-161,-113,200,313,-50,10,-60
48277,48,Lamar County,Texas,161,29,663,634,127,4,123,1420,-271,3422,3693,1683,226,1457
48279,48,Lamb County,Texas,-39,-5,153,158,-33,67,-100,-462,-67,864,931,-400,295,-695
48281,48,Lampasas County,Texas,81,-77,229,306,158,26,132,2028,-460,1135,1595,2469,156,2313
48283,48,La Salle County,Texas,-33,7,60,53,-40,0,-40,-140,-10,353,363,-141,115,-256
48285,48,Lavaca County,Texas,125,-40,212,252,167,0,167,311,-224,1193,1417,551,41,510
48287,48,Lee County,Texas,228,36,230,194,193,-12,205,1249,53,1128,1075,1182,23,1159
48289,48,Leon County,Texas,155,-27,209,236,184,-4,188,1132,-299,1027,1326,1434,65,1369
48291,48,Liberty County,Texas,5073,743,1699,956,4399,156,4243,29703,2799,7993,5194,26922,1645,25277
48293,48,Limestone County,Texas,102,-35,273,308,137,19,118,701,-427,1369,1796,1110,317,793
48295,48,Lipscomb County,Texas,54,14,37,23,41,17,24,-106,16,178,162,-117,71,-188
48297,48,Live Oak County,Texas,71,-37,108,145,109,57,52,594,-232,547,779,810,272,538
48299,48,Llano County,Texas,43,-215,197,412,262,26,236,2071,-1017,1050,2067,3134,312,2822
48301,48,Loving County,Texas,5,-1,1,2,7,0,7,-10,-9,3,12,-1,0,-1
48303,48,Lubbock County,Texas,3769,1188,4042,2854,2556,1060,1496,18260,4899,21156,16257,13285,5227,8058
48305,48,Lynn County,Texas,58,32,87,55,26,3,23,424,91,450,359,333,20,313
48307,48,McCulloch County,Texas,-3,-46,78,124,43,12,31,-161,-307,409,716,147,26,121
48309,48,McLennan County,Texas,1672,961,3451,2490,687,203,484,11432,3641,17548,13907,7736,2181,5555
48311,48,McMullen County,Texas,-14,-6,7,13,-9,0,-9,-57,-37,39,76,-20,1,-21
48313,48,Madison County,Texas,47,18,171,153,26,10,16,765,57,913,856,690,165,525
48315,48,Marion County,Texas,65,-43,108,151,108,2,106,54,-436,492,928,497,11,486
48317,48,Martin County,Texas,-3,19,72,53,-22,-11,-11,38,95,383,288,-60,110,-170
48319,48,Mason County,Texas,-20,-30,30,60,10,-3,13,37,-156,177,333,196,3,193
48321,48,Matagorda County,Texas,273,46,431,385,225,160,65,209,197,2430,2233,-28,760,-788
48323,48,Maverick County,Texas,243,543,975,432,-300,29,-329,936,2244,5088,2844,-1321,755,-2076
48325,48,Medina County,Texas,1270,43,591,548,1243,-13,1256,6020,113,2976,2863,5935,102,5833
48327,48,Menard County,Texas,36,-18,22,40,53,0,53,-6,-114,92,206,110,4,106
48329,48,Midland County,Texas,3780,1920,3149,1229,1847,846,1001,17514,8929,15675,6746,8647,5709,2938
48331,48,Milam County,Texas,4,-23,316,339,27,11,16,1505,-229,1616,1845,1728,99,1629
48333,48,Mills County,Texas,-6,-27,49,76,21,0,21,126,-218,211,429,344,13,331
48335,48,Mitchell County,Texas,-8,-34,67,101,24,12,12,-48,-155,367,522,96,55,41
48337,48,Montague County,Texas,103,-94,213,307,199,-3,202,1955,-663,1111,1774,2584,43,2541
48339,48,Montgomery County,Texas,30011,4084,9024,4940,26176,3486,22690,160643,18344,44448,26104,142163,21212,120951
48341,48,Moore County,Texas,215,204,352,148,13,319,-306,528,1003,1909,906,-484,1434,-1918
48343,48,Morris County,Texas,-34,-76,133,209,41,26,15,159,-415,700,1115,566,115,451
48345,48,Motley County,Texas,40,-13,12,25,54,0,54,-19,-69,69,138,55,0,55
48347,48,Nacogdoches County,Texas,72,94,791,697,-26,35,-61,1369,332,4181,3849,996,418,578
48349,48,Navarro County,Texas,684,97,703,606,592,-12,604,4552,421,3698,3277,4118,321,3797
48351,48,Newton County,Texas,-35,-48,127,175,13,0,13,-266,-379,627,1006,117,0,117
48353,48,Nolan County,Texas,-29,-36,178,214,5,-4,9,-620,-201,933,1134,-424,57,-481
48355,48,Nueces County,Texas,67,880,4259,3379,-838,589,-1427,-354,3282,22253,18971,-3941,3786,-7727
48357,48,Ochiltree County,Texas,-178,32,107,75,-206,69,-275,-731,152,590,438,-874,463,-1337
48359,48,Oldham County,Texas,-11,-6,14,20,-6,9,-15,24,6,112,106,19,47,-28
48361,48,Orange County,Texas,297,15,1072,1057,280,60,220,1454,-317,5519,5836,1779,486,1293
48363,48,Palo Pinto County,Texas,449,-26,375,401,479,-8,487,2376,-333,1875,2208,2671,160,2511
48365,48,Panola County,Texas,-16,-39,262,301,21,-1,22,521,-443,1336,1779,954,24,930
48367,48,Parker County,Texas,5093,393,1983,1590,4747,133,4614,36526,1481,9846,8365,34938,1097,33841
48369,48,Parmer County,Texas,45,85,148,63,-40,56,-96,-196,310,767,457,-514,341,-855
48371,48,Pecos County,Texas,-117,71,199,128,-188,17,-205,-638,218,1013,795,-893,146,-1039
48373,48,Polk County,Texas,-71,-292,535,827,216,15,201,3313,-1802,2704,4506,5085,96,4989
48375,48,Potter County,Texas,-98,291,1566,1275,-385,426,-811,-4169,704,8118,7414,-4908,2828,-7736
48377,48,Presidio County,Texas,-193,12,71,59,-203,-1,-202,-697,69,405,336,-780,90,-870
48379,48,Rains County,Texas,219,-44,147,191,264,12,252,1385,-305,690,995,1684,64,1620
48381,48,Randall County,Texas,2068,443,1737,1294,1633,160,1473,11681,1695,8928,7233,10004,1037,8967
48383,48,Reagan County,Texas,20,13,38,25,5,16,-11,-261,57,221,164,-312,81,-393
48385,48,Real County,Texas,-17,-37,28,65,22,-1,23,-12,-207,148,355,198,1,197
48387,48,Red River County,Texas,-25,-32,135,167,8,5,3,227,-381,671,1052,604,67,537
48389,48,Reeves County,Texas,13,71,196,125,-59,16,-75,-2605,300,1003,703,-2873,372,-3245
48391,48,Refugio County,Texas,-63,-36,73,109,-25,0,-25,-84,-224,357,581,140,7,133
48393,48,Roberts County,Texas,14,5,9,4,9,0,9,37,8,45,37,30,0,30
48395,48,Robertson County,Texas,214,-42,192,234,261,3,258,1084,-206,1065,1271,1287,20,1267
48397,48,Rockwall County,Texas,3858,666,1504,838,3231,144,3087,32854,2818,7198,4380,30163,1077,29086
48399,48,Runnels County,Texas,-65,-22,109,131,-43,-4,-39,-203,-226,567,793,19,7,12
48401,48,Rusk County,Texas,224,-80,574,654,305,-17,322,2632,-581,2979,3560,3185,240,2945
48403,48,Sabine County,Texas,-72,-95,99,194,24,-1,25,112,-570,528,1098,686,6,680
48405,48,San Augustine County,Texas,-55,-76,83,159,21,3,18,-199,-441,430,871,248,18,230
48407,48,San Jacinto County,Texas,160,-59,349,408,220,-7,227,2082,-467,1705,2172,2521,123,2398
48409,48,San Patricio County,Texas,519,125,872,747,385,434,-49,3296,475,4553,4078,2826,1553,1273
48411,48,San Saba County,Texas,-23,-23,56,79,0,12,-12,66,-188,268,456,242,68,174
48413,48,Schleicher County,Texas,-47,-10,18,28,-37,-1,-36,-203,-42,115,157,-165,-1,-164
48415,48,Scurry County,Texas,5,9,181,172,-5,33,-38,-746,-15,1008,1023,-801,177,-978
48417,48,Shackelford County,Texas,3,-9,37,46,13,0,13,92,-60,169,229,159,2,157
48419,48,Shelby County,Texas,-38,39,386,347,-78,-31,-47,149,31,1877,1846,121,19,102
48421,48,Sherman County,Texas,4,31,53,22,-25,22,-47,4,110,253,143,-108,84,-192
48423,48,Smith County,Texas,3020,524,3021,2497,2491,379,2112,19079,1947,15847,13900,16935,2342,14593
48425,48,Somervell County,Texas,175,-20,97,117,197,-3,200,1056,-156,462,618,1205,73,1132
48427,48,Starr County,Texas,-79,599,1106,507,-673,-70,-603,403,2672,5686,3014,-2300,93,-2393
48429,48,Stephens County,Texas,-34,-11,90,101,-23,-15,-8,280,-145,475,620,467,-28,495
48431,48,Sterling County,Texas,-24,3,19,16,-28,-3,-25,-22,22,106,84,-46,-4,-42
48433,48,Stonewall County,Texas,-38,-17,13,30,-20,0,-20,-59,-86,59,145,27,0,27
48435,48,Sutton County,Texas,-43,-5,27,32,-38,1,-39,-175,-57,154,211,-113,55,-168
48437,48,Swisher County,Texas,-139,-15,62,77,-123,1,-124,-270,-112,373,485,-151,86,-237
48439,48,Tarrant County,Texas,18428,12445,27795,15350,5784,12762,-6978,137497,59665,144014,84349,76117,70644,5473
48441,48,Taylor County,Texas,1687,413,1914,1501,1261,529,732,6844,1621,10025,8404,5133,2727,2406
48443,48,Terrell County,Texas,-9,-11,2,13,2,0,2,-60,-51,21,72,-10,0,-10
48445,48,Terry County,Texas,83,53,174,121,28,32,-4,-110,173,925,752,-308,188,-496
48447,48,Throckmorton County,Texas,18,-4,23,27,21,3,18,107,-38,106,144,146,14,132
48449,48,Titus County,Texas,-52,82,419,337,-135,12,-147,316,423,2214,1791,-127,456,-583
48451,48,Tom Green County,Texas,395,312,1504,1192,74,135,-61,600,998,7731,6733,-433,792,-1225
48453,48,Travis County,Texas,14749,9312,16196,6884,5338,11928,-6590,99513,46991,83725,36734,52029,73742,-21713
48455,48,Trinity County,Texas,-50,-150,149,299,100,1,99,780,-794,705,1499,1571,37,1534
48457,48,Tyler County,Texas,-69,-145,179,324,80,-6,86,629,-787,983,1770,1372,17,1355
48459,48,Upshur County,Texas,386,-59,488,547,444,20,424,3521,-393,2613,3006,3890,165,3725
48461,48,Upton County,Texas,21,-2,36,38,23,2,21,-177,-6,183,189,-172,12,-184
48463,48,Uvalde County,Texas,-2,61,379,318,-66,55,-121,398,281,2003,1722,115,354,-239
48465,48,Val Verde County,Texas,56,342,742,400,-283,93,-376,248,1499,3912,2413,-1257,631,-1888
48467,48,Van Zandt County,Texas,864,-130,679,809,1003,-30,1033,6594,-1116,3402,4518,7705,82,7623
48469,48,Victoria County,Texas,468,323,1189,866,138,102,36,1338,1166,6270,5104,185,538,-353
48471,48,Walker County,Texas,382,-24,668,692,390,137,253,7433,-116,3526,3642,7454,982,6472
48473,48,Waller County,Texas,3761,504,945,441,3300,303,2997,13089,1951,4352,2401,11165,1571,9594
48475,48,Ward County,Texas,44,64,191,127,-22,-11,-11,-522,246,928,682,-734,53,-787
48477,48,Washington County,Texas,605,-44,401,445,651,88,563,2493,-512,1928,2440,2925,444,2481
48479,48,Webb County,Texas,654,2640,4289,1649,-1990,260,-2250,14110,12957,22654,9697,943,13655,-12712
48481,48,Wharton County,Texas,-5,65,547,482,-71,-16,-55,471,114,2806,2692,354,235,119
48483,48,Wheeler County,Texas,-54,-15,56,71,-40,21,-61,-214,-131,275,406,-85,82,-167
48485,48,Wichita County,Texas,31,-60,1528,1588,78,189,-111,198,-567,8049,8616,750,1172,-422
48487,48,Wilbarger County,Texas,7,-8,159,167,14,8,6,-406,-145,828,973,-262,81,-343
48489,48,Willacy County,Texas,-99,56,240,184,-155,-3,-152,-190,97,1230,1133,-284,34,-318
48491,48,Williamson County,Texas,23814,4552,8503,3951,19382,4618,14764,143768,21338,41969,20631,122783,22604,100179
48493,48,Wilson County,Texas,818,24,520,496,799,84,715,6386,66,2776,2710,6302,478,5824
48495,48,Winkler County,Texas,-23,59,126,67,-83,1,-84,-253,203,598,395,-434,327,-761
48497,48,Wise County,Texas,2486,140,897,757,2372,-8,2380,15161,356,4498,4142,14781,267,14514
48499,48,Wood County,Texas,535,-303,442,745,845,87,758,4836,-1951,2217,4168,6834,459,6375
48501,48,Yoakum County,Texas,-63,70,145,75,-130,32,-162,-253,282,713,431,-536,251,-787
48503,48,Young County,Texas,-167,-89,218,307,-77,45,-122,289,-501,1113,1614,792,291,501
48505,48,Zapata County,Texas,-45,70,176,106,-113,35,-148,-136,330,963,633,-473,186,-659
48507,48,Zavala County,Texas,-145,27,154,127,-169,-16,-153,-640,96,799,703,-734,1,-735
49001,49,Beaver County,Utah,-61,31,103,72,-92,19,-111,226,162,540,378,60,73,-13
49003,49,Box Elder County,Utah,1335,381,849,468,962,69,893,7652,1818,4339,2521,5828,469,5359
49005,49,Cache County,Utah,333,1364,2141,777,-1037,127,-1164,11842,7082,10965,3883,4765,1987,2778
49007,49,Carbon County,Utah,80,-60,224,284,138,-4,142,267,-292,1176,1468,543,3,540
49009,49,Daggett County,Utah,-18,-8,5,13,-10,0,-10,-2,-9,40,49,7,0,7
49011,49,Davis County,Utah,2765,2669,4919,2250,45,341,-296,18551,13559,25236,11677,4769,4174,595
49013,49,Duchesne County,Utah,180,57,285,228,122,13,109,1252,430,1452,1022,802,61,741
49015,49,Emery County,Utah,35,-1,119,120,35,-2,37,353,-17,620,637,367,13,354
49017,49,Garfield County,Utah,-65,-6,60,66,-58,11,-69,169,-15,307,322,181,33,148
49019,49,Grand County,Utah,90,23,100,77,65,21,44,119,95,512,417,7,179,-172
49021,49,Iron County,Utah,1582,413,865,452,1173,107,1066,9869,2074,4345,2271,7856,753,7103
49023,49,Juab County,Utah,243,128,212,84,117,0,117,1787,635,1079,444,1153,43,1110
49025,49,Kane County,Utah,106,-14,86,100,121,0,121,926,-31,457,488,954,16,938
49027,49,Millard County,Utah,144,69,183,114,76,8,68,1078,308,953,645,771,362,409
49029,49,Morgan County,Utah,273,85,153,68,191,-3,194,1087,374,753,379,726,9,717
49031,49,Piute County,Utah,-38,-2,16,18,-35,0,-35,65,-21,85,106,89,0,89
49033,49,Rich County,Utah,-53,12,33,21,-64,0,-64,176,69,166,97,112,-1,113
49035,49,Salt Lake County,Utah,3462,7054,14912,7858,-3600,4424,-8024,35681,36437,77636,41199,-1227,50625,-51852
49037,49,San Juan County,Utah,43,55,190,135,-12,8,-20,30,119,932,813,-102,73,-175
49039,49,Sanpete County,Utah,572,167,436,269,406,93,313,3016,702,2097,1395,2305,630,1675
49041,49,Sevier County,Utah,235,72,293,221,164,-6,170,1320,347,1505,1158,984,0,984
49043,49,Summit County,Utah,-109,226,419,193,-338,107,-445,785,1113,2131,1018,-379,959,-1338
49045,49,Tooele County,Utah,2633,651,1150,499,2004,79,1925,14758,3189,5741,2552,11615,730,10885
49047,49,Uintah County,Utah,124,193,499,306,-71,55,-126,2664,967,2577,1610,1651,378,1273
49049,49,Utah County,Utah,14191,9156,12348,3192,4926,1764,3162,100467,46799,63551,16752,53653,18555,35098
49051,49,Wasatch County,Utah,665,200,406,206,467,85,382,3729,993,2027,1034,2821,755,2066
49053,49,Washington County,Utah,5239,511,2389,1878,4770,56,4714,33386,2522,12234,9712,31288,1678,29610
49055,49,Wayne County,Utah,-22,3,39,36,-24,0,-24,100,15,197,182,87,-3,90
49057,49,Weber County,Utah,1957,1532,3514,1982,403,129,274,15950,7449,18219,10770,8344,2583,5761
50001,50,Addison County,Vermont,92,-70,285,355,161,142,19,677,-354,1513,1867,1027,639,388
50003,50,Bennington County,Vermont,-355,-261,247,508,-90,22,-112,-722,-1364,1352,2716,662,241,421
50005,50,Caledonia County,Vermont,-94,-138,233,371,42,16,26,185,-697,1257,1954,878,65,813
50007,50,Chittenden County,Vermont,-552,-22,1270,1292,-535,220,-755,791,198,7118,6920,483,2499,-2016
50009,50,Essex County,Vermont,48,-53,48,101,104,0,104,129,-232,239,471,366,0,366
50011,50,Franklin County,Vermont,36,31,524,493,0,14,-14,1227,124,2804,2680,1093,109,984
50013,50,Grand Isle County,Vermont,5,-23,50,73,27,4,23,218,-105,301,406,329,15,314
50015,50,Lamoille County,Vermont,145,-9,207,216,155,78,77,346,-81,1149,1230,439,396,43
50017,50,Orange County,Vermont,-9,-53,261,314,44,7,37,721,-316,1310,1626,1042,65,977
50019,50,Orleans County,Vermont,-114,-123,249,372,9,9,0,200,-688,1287,1975,893,35,858
50021,50,Rutland County,Vermont,-420,-376,414,790,-44,1,-45,-907,-1746,2381,4127,865,62,803
50023,50,Washington County,Vermont,-169,-111,467,578,-62,56,-118,-155,-697,2424,3121,544,315,229
50025,50,Windham County,Vermont,-275,-277,292,569,0,3,-3,-705,-1244,1599,2843,563,115,448
50027,50,Windsor County,Vermont,-196,-284,432,716,86,51,35,-419,-1467,2241,3708,1095,338,757
51001,51,Accomack County,Virginia,112,-113,373,486,226,207,19,436,-789,1846,2635,1232,1080,152
51003,51,Albemarle County,Virginia,1044,-69,968,1037,1109,486,623,5921,-76,5298,5374,6033,2798,3235
51005,51,Alleghany County,Virginia,-128,-153,101,254,25,2,23,-670,-844,533,1377,173,33,140
51007,51,Amelia County,Virginia,-75,-51,132,183,-24,17,-41,370,-279,714,993,646,76,570
51009,51,Amherst County,Virginia,309,-101,345,446,414,21,393,649,-576,1726,2302,1206,136,1070
51011,51,Appomattox County,Virginia,169,-19,180,199,188,-2,190,1056,-42,986,1028,1087,10,1077
51013,51,Arlington County,Virginia,4244,1415,2451,1036,2810,2745,65,5284,7208,12843,5635,-1683,12848,-14531
51015,51,Augusta County,Virginia,176,-418,461,879,596,45,551,1450,-2154,2587,4741,3585,482,3103
51017,51,Bath County,Virginia,18,-37,44,81,57,1,56,-129,-175,233,408,54,6,48
51019,51,Bedford County,Virginia,592,-167,697,864,766,51,715,3563,-1371,3593,4964,4955,337,4618
51021,51,Bland County,Virginia,-35,-57,45,102,24,0,24,-121,-266,228,494,143,0,143
51023,51,Botetourt County,Virginia,87,-197,248,445,286,13,273,556,-981,1318,2299,1558,75,1483
51025,51,Brunswick County,Virginia,-36,-125,120,245,89,13,76,-122,-651,660,1311,538,55,483
51027,51,Buchanan County,Virginia,-231,-149,196,345,-84,14,-98,-1851,-1067,902,1969,-792,48,-840
51029,51,Buckingham County,Virginia,26,-99,120,219,126,-1,127,309,-470,646,1116,781,13,768
51031,51,Campbell County,Virginia,66,-252,416,668,318,14,304,-25,-1617,2085,3702,1576,265,1311
51033,51,Caroline County,Virginia,827,54,379,325,784,31,753,3533,121,1909,1788,3397,259,3138
51035,51,Carroll County,Virginia,88,-245,218,463,334,2,332,145,-1333,1181,2514,1464,88,1376
51036,51,Charles City County,Virginia,41,-43,45,88,86,-1,87,-149,-297,210,507,150,-1,151
51037,51,Charlotte County,Virginia,78,-28,151,179,106,-4,110,-129,-223,772,995,93,-1,94
51041,51,Chesterfield County,Virginia,5905,983,3988,3005,4944,1360,3584,33064,4825,21288,16463,28119,8096,20023
51043,51,Clarke County,Virginia,-22,-43,154,197,23,3,20,820,-255,773,1028,1060,52,1008
51045,51,Craig County,Virginia,-22,-48,40,88,27,2,25,-93,-201,218,419,110,4,106
51047,51,Culpeper County,Virginia,910,147,665,518,759,294,465,5118,758,3529,2771,4376,1653,2723
51049,51,Cumberland County,Virginia,149,-33,89,122,186,9,177,662,-219,442,661,880,172,708
51051,51,Dickenson County,Virginia,-152,-122,113,235,-30,-1,-29,-892,-672,590,1262,-212,11,-223
51053,51,Dinwiddie County,Virginia,109,-123,207,330,233,10,223,962,-752,1039,1791,1695,261,1434
51057,51,Essex County,Virginia,-23,-52,109,161,31,4,27,54,-308,566,874,356,21,335
51059,51,Fairfax County,Virginia,8067,6234,12104,5870,1796,11612,-9816,17579,33045,64491,31446,-16120,57658,-73778
51061,51,Fauquier County,Virginia,638,57,722,665,586,47,539,3532,386,3868,3482,3201,581,2620
51063,51,Floyd County,Virginia,76,-39,145,184,116,6,110,316,-341,725,1066,652,37,615
51065,51,Fluvanna County,Virginia,186,3,253,250,186,-12,198,1727,7,1358,1351,1737,25,1712
51067,51,Franklin County,Virginia,-86,-232,468,700,145,-7,152,1069,-1338,2556,3894,2433,137,2296
51069,51,Frederick County,Virginia,1775,81,960,879,1703,82,1621,8510,177,4998,4821,8417,834,7583
51071,51,Giles County,Virginia,-72,-73,159,232,1,-8,9,-228,-551,840,1391,332,-9,341
51073,51,Gloucester County,Virginia,30,-179,307,486,208,-9,217,1383,-771,1798,2569,2138,-7,2145
51075,51,Goochland County,Virginia,924,-131,159,290,1050,5,1045,4443,-504,928,1432,4889,164,4725
51077,51,Grayson County,Virginia,-103,-173,102,275,69,1,68,-106,-892,544,1436,792,65,727
51079,51,Greene County,Virginia,256,-17,196,213,268,79,189,1410,21,1140,1119,1382,269,1113
51081,51,Greensville County,Virginia,6,-62,112,174,68,9,59,-213,-309,538,847,87,52,35
51083,51,Halifax County,Virginia,-107,-229,292,521,124,32,92,-588,-1296,1658,2954,708,135,573
51085,51,Hanover County,Virginia,870,-49,1041,1090,915,96,819,6441,-610,5523,6133,7067,600,6467
51087,51,Henrico County,Virginia,2751,310,3505,3195,2419,2255,164,7814,1336,18937,17601,6337,11762,-5425
51089,51,Henry County,Virginia,-281,-429,379,808,146,-15,161,-1697,-2685,1935,4620,964,51,913
51091,51,Highland County,Virginia,-18,-16,14,30,-2,-1,-1,84,-80,82,162,165,-4,169
51093,51,Isle of Wight County,Virginia,431,-101,358,459,534,6,528,2709,-438,1978,2416,3135,185,2950
51095,51,James City County,Virginia,430,-233,760,993,663,61,602,5073,-815,4088,4903,5914,749,5165
51097,51,King and Queen County,Virginia,17,-42,64,106,60,0,60,140,-232,316,548,379,0,379
51099,51,King George County,Virginia,746,66,316,250,690,27,663,2926,365,1602,1237,2589,138,2451
51101,51,King William County,Virginia,338,55,232,177,286,7,279,1807,231,1198,967,1565,60,1505
51103,51,Lancaster County,Virginia,24,-174,59,233,200,10,190,77,-865,348,1213,954,43,911
51105,51,Lee County,Virginia,-135,-192,195,387,55,6,49,-531,-1071,998,2069,540,34,506
51107,51,Loudoun County,Virginia,6000,2755,4603,1848,3200,3342,-142,28798,15146,24861,9715,13099,15042,-1943
51109,51,Louisa County,Virginia,748,2,422,420,753,42,711,5338,-103,2238,2341,5458,257,5201
51111,51,Lunenburg County,Virginia,-20,-68,111,179,50,12,38,121,-307,610,917,435,117,318
51113,51,Madison County,Virginia,13,-39,132,171,50,20,30,395,-207,680,887,606,107,499
51115,51,Mathews County,Virginia,-56,-71,75,146,16,0,16,-6,-440,349,789,441,0,441
51117,51,Mecklenburg County,Virginia,-62,-219,297,516,157,62,95,431,-1260,1531,2791,1678,313,1365
51119,51,Middlesex County,Virginia,-100,-99,91,190,0,17,-17,222,-564,471,1035,795,124,671
51121,51,Montgomery County,Virginia,77,-54,656,710,126,740,-614,-1288,-402,3506,3908,-898,3113,-4011
51125,51,Nelson County,Virginia,103,-55,139,194,160,39,121,151,-317,773,1090,481,172,309
51127,51,New Kent County,Virginia,826,35,287,252,792,-9,801,5080,179,1441,1262,4860,10,4850
51131,51,Northampton County,Virginia,-142,-88,101,189,-53,14,-67,-403,-533,521,1054,129,123,6
51133,51,Northumberland County,Virginia,145,-110,88,198,260,-7,267,722,-667,449,1116,1389,-13,1402
51135,51,Nottoway County,Virginia,106,-51,130,181,158,28,130,152,-361,759,1120,518,107,411
51137,51,Orange County,Virginia,890,14,484,470,884,43,841,3898,-54,2466,2520,3975,201,3774
51139,51,Page County,Virginia,75,-143,191,334,220,25,195,49,-785,1079,1864,846,113,733
51141,51,Patrick County,Virginia,29,-148,155,303,181,-4,185,-177,-948,739,1687,781,-7,788
51143,51,Pittsylvania County,Virginia,-15,-374,450,824,361,12,349,-1009,-2108,2375,4483,1104,109,995
51145,51,Powhatan County,Virginia,229,-37,248,285,269,22,247,2250,-153,1382,1535,2446,108,2338
51147,51,Prince Edward County,Virginia,72,-43,213,256,115,41,74,554,-235,1153,1388,774,166,608
51149,51,Prince George County,Virginia,194,47,336,289,144,134,10,926,223,1835,1612,681,643,38
51153,51,Prince William County,Virginia,4614,3520,5992,2472,1073,4166,-3093,20761,19040,32385,13345,1153,20657,-19504
51155,51,Pulaski County,Virginia,34,-250,263,513,287,3,284,-211,-1361,1471,2832,1154,61,1093
51157,51,Rappahannock County,Virginia,-4,-50,49,99,48,-3,51,88,-240,247,487,338,22,316
51159,51,Richmond County,Virginia,74,-51,77,128,125,14,111,375,-236,443,679,622,123,499
51161,51,Roanoke County,Virginia,-223,-427,758,1185,208,229,-21,188,-2556,3894,6450,2715,1127,1588
51163,51,Rockbridge County,Virginia,206,-155,117,272,365,3,362,-6,-998,575,1573,1004,19,985
51165,51,Rockingham County,Virginia,997,-56,869,925,1059,193,866,5547,-341,4707,5048,5851,1729,4122
51167,51,Russell County,Virginia,-98,-124,284,408,25,7,18,-455,-821,1376,2197,364,20,344
51169,51,Scott County,Virginia,-188,-222,184,406,34,0,34,-374,-1149,917,2066,769,5,764
51171,51,Shenandoah County,Virginia,371,-105,488,593,481,67,414,1657,-677,2501,3178,2374,447,1927
51173,51,Smyth County,Virginia,-251,-275,271,546,23,4,19,-912,-1508,1423,2931,584,60,524
51175,51,Southampton County,Virginia,92,-82,118,200,174,9,165,115,-572,602,1174,696,39,657
51177,51,Spotsylvania County,Virginia,2927,450,1625,1175,2499,300,2199,15291,2132,8424,6292,13249,2065,11184
51179,51,Stafford County,Virginia,2015,786,1787,1001,1228,503,725,13866,4256,9479,5223,9717,2855,6862
51181,51,Surry County,Virginia,10,-16,58,74,27,0,27,48,-135,323,458,181,-1,182
51183,51,Sussex County,Virginia,13,-81,80,161,95,-2,97,-84,-401,449,850,318,-1,319
51185,51,Tazewell County,Virginia,-351,-389,295,684,36,1,35,-1803,-2138,1673,3811,337,28,309
51187,51,Warren County,Virginia,256,33,493,460,222,107,115,2019,62,2564,2502,1903,524,1379
51191,51,Washington County,Virginia,-216,-380,452,832,161,4,157,-48,-2073,2419,4492,1980,95,1885
51193,51,Westmoreland County,Virginia,377,-71,205,276,455,-14,469,1235,-465,992,1457,1716,3,1713
51195,51,Wise County,Virginia,-211,-218,323,541,5,1,4,-1302,-1329,1714,3043,39,32,7
51197,51,Wythe County,Virginia,-63,-192,264,456,127,-2,129,-309,-989,1460,2449,668,10,658
51199,51,York County,Virginia,36,0,566,566,41,71,-30,1320,63,3110,3047,1249,426,823
51510,51,Alexandria city,Virginia,1295,1470,2280,810,-137,2050,-2187,1192,7375,11904,4529,-5695,10353,-16048
51520,51,Bristol city,Virginia,-36,-179,141,320,143,31,112,-824,-899,784,1683,82,85,-3
51530,51,Buena Vista city,Virginia,61,-3,84,87,66,1,65,39,-45,454,499,88,-10,98
51540,51,Charlottesville city,Virginia,-221,253,526,273,-467,352,-819,-2130,1230,2863,1633,-3379,1257,-4636
51550,51,Chesapeake city,Virginia,562,660,2677,2017,-108,227,-335,6081,3508,14754,11246,2458,1868,590
51570,51,Colonial Heights city,Virginia,118,-27,246,273,146,48,98,593,-121,1375,1496,718,159,559
51580,51,Covington city,Virginia,-8,-5,93,98,-2,2,-4,-69,-89,476,565,20,13,7
51590,51,Danville city,Virginia,-311,-247,545,792,-67,47,-114,-934,-1551,2779,4330,595,222,373
51595,51,Emporia city,Virginia,37,-13,73,86,49,0,49,-306,-129,385,514,-179,5,-184
51600,51,Fairfax city,Virginia,734,321,604,283,412,569,-157,2626,1633,3096,1463,970,1911,-941
51610,51,Falls Church city,Virginia,113,41,159,118,71,70,1,502,194,841,647,308,433,-125
51620,51,Franklin city,Virginia,74,1,151,150,74,-4,78,302,-73,804,877,371,-6,377
51630,51,Fredericksburg city,Virginia,408,162,363,201,244,297,-53,2416,688,1913,1225,1731,1476,255
51640,51,Galax city,Virginia,-31,-30,88,118,-2,-2,0,-55,-158,543,701,97,-6,103
51650,51,Hampton city,Virginia,-84,34,1444,1410,-129,214,-343,155,339,8095,7756,-240,1030,-1270
51660,51,Harrisonburg city,Virginia,47,329,621,292,-275,587,-862,-969,1584,3294,1710,-2600,2230,-4830
51670,51,Hopewell city,Virginia,197,-18,323,341,216,52,164,230,-161,1695,1856,399,143,256
51678,51,Lexington city,Virginia,68,19,93,74,49,20,29,460,187,548,361,279,103,176
51680,51,Lynchburg city,Virginia,1031,234,1124,890,794,182,612,2333,1423,6225,4802,903,931,-28
51683,51,Manassas city,Virginia,294,419,713,294,-120,610,-730,1559,2155,3749,1594,-655,3165,-3820
51685,51,Manassas Park city,Virginia,132,-27,9,36,158,179,-21,-657,-110,135,245,-584,687,-1271
51690,51,Martinsville city,Virginia,60,-39,240,279,98,50,48,367,-247,1292,1539,609,226,383
51700,51,Newport News city,Virginia,-171,657,2377,1720,-821,485,-1306,-3005,3406,12951,9545,-6372,3009,-9381
51710,51,Norfolk city,Virginia,-92,717,2865,2148,-798,1016,-1814,-7077,4005,15807,11802,-11118,5192,-16310
51720,51,Norton city,Virginia,-39,-20,43,63,-19,0,-19,-219,-181,203,384,-39,0,-39
51730,51,Petersburg city,Virginia,-296,72,652,580,-361,45,-406,270,386,3640,3254,-110,217,-327
51735,51,Poquoson city,Virginia,429,-8,111,119,443,5,438,837,-57,613,670,910,23,887
51740,51,Portsmouth city,Virginia,-68,48,1240,1192,-124,31,-155,-1167,230,6774,6544,-1421,445,-1866
51750,51,Radford city,Virginia,4,1,151,150,2,22,-20,1177,54,781,727,1111,91,1020
51760,51,Richmond city,Virginia,2450,797,2805,2008,1660,1348,312,10735,3950,15226,11276,6694,7908,-1214
51770,51,Roanoke city,Virginia,421,-103,1281,1384,521,419,102,-906,-823,6859,7682,-72,2706,-2778
51775,51,Salem city,Virginia,79,-114,292,406,192,126,66,475,-504,1611,2115,959,410,549
51790,51,Staunton city,Virginia,541,-66,314,380,611,77,534,1051,-299,1785,2084,1340,338,1002
51800,51,Suffolk city,Virginia,1692,203,1126,923,1496,157,1339,10268,953,6089,5136,9247,698,8549
51810,51,Virginia Beach city,Virginia,-26,972,4671,3699,-1009,1101,-2110,-5680,6317,26436,20119,-12380,5713,-18093
51820,51,Waynesboro city,Virginia,376,33,338,305,342,18,324,1758,202,1814,1612,1552,75,1477
51830,51,Williamsburg city,Virginia,-83,-17,50,67,-66,80,-146,444,-257,293,550,658,329,329
51840,51,Winchester city,Virginia,190,101,373,272,86,66,20,158,293,1905,1612,-155,670,-825
53001,53,Adams County,Washington,166,271,388,117,-107,83,-190,878,1181,1903,722,-288,606,-894
53003,53,Asotin County,Washington,7,16,335,319,-9,8,-17,253,-349,1288,1637,606,57,549
53005,53,Benton County,Washington,2791,715,2467,1752,2083,648,1435,14859,3401,12997,9596,11507,3758,7749
53007,53,Chelan County,Washington,559,16,804,788,537,463,74,2795,-140,4150,4290,2963,1997,966
53009,53,Clallam County,Washington,272,-676,527,1203,960,65,895,1044,-3471,2914,6385,4693,380,4313
53011,53,Clark County,Washington,5878,1694,6143,4449,4165,765,3400,28811,6220,29714,23494,22710,5775,16935
53013,53,Columbia County,Washington,95,-16,40,56,112,16,96,185,-137,183,320,326,41,285
53015,53,Cowlitz County,Washington,1121,-44,1302,1346,1174,94,1080,4157,-834,6478,7312,4985,565,4420
53017,53,Douglas County,Washington,956,104,478,374,859,171,688,3538,595,2538,1943,2967,1009,1958
53019,53,Ferry County,Washington,-30,-68,67,135,38,13,25,335,-311,347,658,637,46,591
53021,53,Franklin County,Washington,1226,896,1432,536,318,415,-97,5867,4685,7562,2877,1091,2891,-1800
53023,53,Garfield County,Washington,15,1,26,25,14,0,14,130,-31,118,149,163,1,162
53025,53,Grant County,Washington,893,524,1408,884,362,625,-263,6592,2691,7322,4631,3866,2940,926
53027,53,Grays Harbor County,Washington,124,-364,683,1047,488,152,336,2509,-2050,3580,5630,4613,714,3899
53029,53,Island County,Washington,-325,-144,736,880,-175,137,-312,-1199,-763,3909,4672,-307,581,-888
53031,53,Jefferson County,Washington,79,-269,137,406,355,11,344,998,-1432,750,2182,2499,145,2354
53033,53,King County,Washington,26980,7424,22770,15346,19349,28428,-9079,75271,40683,120558,79875,36825,132211,-95386
53035,53,Kitsap County,Washington,2646,292,2741,2449,2355,554,1801,7760,1403,14550,13147,6307,2648,3659
53037,53,Kittitas County,Washington,696,-19,379,398,716,79,637,2263,-15,2018,2033,2261,288,1973
53039,53,Klickitat County,Washington,326,93,334,241,233,102,131,1600,-74,1225,1299,1687,433,1254
53041,53,Lewis County,Washington,931,-124,926,1050,1063,122,941,5918,-849,4844,5693,6876,612,6264
53043,53,Lincoln County,Washington,155,-28,129,157,185,2,183,1104,-158,610,768,1270,10,1260
53045,53,Mason County,Washington,1406,-183,677,860,1609,225,1384,5444,-938,3446,4384,6443,1351,5092
53047,53,Okanogan County,Washington,582,-116,428,544,698,632,66,3133,-588,2306,2894,3738,2335,1403
53049,53,Pacific County,Washington,120,-159,209,368,284,17,267,988,-1075,887,1962,2107,161,1946
53051,53,Pend Oreille County,Washington,90,-88,121,209,184,1,183,1055,-511,608,1119,1589,10,1579
53053,53,Pierce County,Washington,6502,2626,10600,7974,3782,2600,1182,25137,14822,56845,42023,9897,14414,-4517
53055,53,San Juan County,Washington,21,-84,89,173,106,36,70,791,-304,518,822,1160,148,1012
53057,53,Skagit County,Washington,725,-70,1390,1460,798,316,482,3458,-414,7306,7720,3980,1559,2421
53059,53,Skamania County,Washington,25,-14,125,139,38,9,29,638,-98,537,635,728,43,685
53061,53,Snohomish County,Washington,9586,3698,9996,6298,5800,6325,-525,42709,18192,51547,33355,24412,28268,-3856
53063,53,Spokane County,Washington,2859,563,5906,5343,2267,936,1331,19011,2032,30703,28671,16820,4460,12360
53065,53,Stevens County,Washington,490,-82,500,582,582,5,577,3223,-581,2458,3039,3834,41,3793
53067,53,Thurston County,Washington,2129,80,2873,2793,2040,465,1575,9471,729,15513,14784,8808,2495,6313
53069,53,Wahkiakum County,Washington,60,-24,40,64,85,0,85,453,-164,170,334,625,1,624
53071,53,Walla Walla County,Washington,252,-143,551,694,393,118,275,-222,-731,2940,3671,557,645,-88
53073,53,Whatcom County,Washington,1791,-74,1970,2044,1858,424,1434,9547,-273,10379,10652,9458,2713,6745
53075,53,Whitman County,Washington,649,93,402,309,550,299,251,541,350,2061,1711,268,1449,-1181
53077,53,Yakima County,Washington,214,913,3239,2326,-709,841,-1550,2456,4785,17492,12707,-2404,5455,-7859
54001,54,Barbour County,West Virginia,78,-76,157,233,157,3,154,-47,-449,822,1271,405,33,372
54003,54,Berkeley County,West Virginia,3532,389,1632,1243,3170,-16,3186,17449,1105,8259,7154,16333,416,15917
54005,54,Boone County,West Virginia,-197,-184,170,354,-15,1,-16,-1560,-947,986,1933,-614,11,-625
54007,54,Braxton County,West Virginia,-169,-95,91,186,-73,0,-73,-565,-515,508,1023,-47,2,-49
54009,54,Brooke County,West Virginia,-152,-152,172,324,2,14,-12,-1415,-1106,823,1929,-305,59,-364
54011,54,Cabell County,West Virginia,-272,-413,882,1295,138,19,119,-3162,-2717,4727,7444,-452,183,-635
54013,54,Calhoun County,West Virginia,47,-40,68,108,88,-2,90,-252,-252,324,576,4,-8,12
54015,54,Clay County,West Virginia,-155,-87,65,152,-67,-3,-64,-513,-372,401,773,-135,-4,-131
54017,54,Doddridge County,West Virginia,-8,-20,63,83,12,1,11,-171,-141,325,466,-27,6,-33
54019,54,Fayette County,West Virginia,-389,-337,334,671,-55,3,-58,-2332,-1888,1896,3784,-466,40,-506
54021,54,Gilmer County,West Virginia,-32,-45,46,91,12,1,11,-327,-267,246,513,-66,29,-95
54023,54,Grant County,West Virginia,79,-47,118,165,125,0,125,62,-296,604,900,360,23,337
54025,54,Greenbrier County,West Virginia,-254,-272,290,562,16,13,3,-1407,-1516,1587,3103,114,87,27
54027,54,Hampshire County,West Virginia,337,-84,235,319,425,-13,438,1026,-526,1197,1723,1560,-21,1581
54029,54,Hancock County,West Virginia,-248,-214,246,460,-35,-8,-27,-1367,-1348,1218,2566,-22,9,-31
54031,54,Hardy County,West Virginia,-98,-35,149,184,-60,16,-76,40,-248,759,1007,281,146,135
54033,54,Harrison County,West Virginia,-205,-351,623,974,141,1,140,-1698,-1849,3375,5224,139,118,21
54035,54,Jackson County,West Virginia,-46,-169,276,445,122,54,68,-342,-879,1470,2349,534,240,294
54037,54,Jefferson County,West Virginia,1813,59,622,563,1775,43,1732,5399,-19,3117,3136,5406,477,4929
54039,54,Kanawha County,West Virginia,-1042,-1001,1632,2633,-51,75,-126,-8352,-6200,8739,14939,-2126,777,-2903
54041,54,Lewis County,West Virginia,-84,-105,155,260,21,-3,24,-637,-625,854,1479,-14,6,-20
54043,54,Lincoln County,West Virginia,-192,-177,164,341,-14,0,-14,-1284,-895,952,1847,-386,13,-399
54045,54,Logan County,West Virginia,-240,-198,322,520,-42,0,-42,-2195,-1467,1662,3129,-733,-3,-730
54047,54,McDowell County,West Virginia,-308,-197,135,332,-111,0,-111,-2245,-1205,769,1974,-1033,51,-1084
54049,54,Marion County,West Virginia,-101,-228,494,722,123,7,116,-631,-1342,2732,4074,682,84,598
54051,54,Marshall County,West Virginia,-125,-128,249,377,3,-4,7,-1426,-894,1381,2275,-533,12,-545
54053,54,Mason County,West Virginia,-58,-103,284,387,45,-7,52,-746,-814,1377,2191,69,-4,73
54055,54,Mercer County,West Virginia,-49,-373,631,1004,327,-35,362,-2157,-2312,3251,5563,159,23,136
54057,54,Mineral County,West Virginia,41,-89,277,366,132,-16,148,-142,-740,1357,2097,600,-33,633
54059,54,Mingo County,West Virginia,-225,-129,293,422,-97,-11,-86,-2117,-971,1354,2325,-1157,-21,-1136
54061,54,Monongalia County,West Virginia,60,202,980,778,-151,103,-254,2170,849,5128,4279,1265,1502,-237
54063,54,Monroe County,West Virginia,-25,-51,120,171,25,-1,26,110,-350,665,1015,462,15,447
54065,54,Morgan County,West Virginia,221,-84,147,231,309,-8,317,964,-583,736,1319,1534,-6,1540
54067,54,Nicholas County,West Virginia,-107,-179,197,376,72,0,72,-756,-992,1086,2078,237,75,162
54069,54,Ohio County,West Virginia,-473,-284,331,615,-189,-10,-179,-1950,-1579,1837,3416,-364,77,-441
54071,54,Pendleton County,West Virginia,-80,-82,42,124,1,0,1,-315,-360,266,626,44,4,40
54073,54,Pleasants County,West Virginia,-14,-55,60,115,42,0,42,-317,-265,329,594,-54,0,-54
54075,54,Pocahontas County,West Virginia,-38,-79,66,145,42,-1,43,-267,-396,361,757,131,-1,132
54077,54,Preston County,West Virginia,17,-164,285,449,182,4,178,-214,-877,1504,2381,674,75,599
54079,54,Putnam County,West Virginia,-37,-177,464,641,137,7,130,-550,-1045,2592,3637,477,135,342
54081,54,Raleigh County,West Virginia,-410,-441,724,1165,29,15,14,-2815,-2819,3660,6479,-1,195,-196
54083,54,Randolph County,West Virginia,-248,-206,243,449,-45,-5,-40,-1050,-971,1333,2304,-84,46,-130
54085,54,Ritchie County,West Virginia,-88,-63,71,134,-25,5,-30,-413,-312,400,712,-111,19,-130
54087,54,Roane County,West Virginia,-191,-141,96,237,-49,-3,-46,-712,-625,569,1194,-86,2,-88
54089,54,Summers County,West Virginia,-52,-98,89,187,45,-5,50,-427,-658,468,1126,232,-10,242
54091,54,Taylor County,West Virginia,-199,-53,147,200,-144,-2,-142,-416,-400,770,1170,-15,-4,-11
54093,54,Tucker County,West Virginia,-9,-64,50,114,56,0,56,-224,-322,280,602,99,1,98
54095,54,Tyler County,West Virginia,-15,-41,74,115,27,-1,28,-426,-277,392,669,-143,-1,-142
54097,54,Upshur County,West Virginia,100,-55,245,300,155,13,142,-60,-402,1221,1623,340,59,281
54099,54,Wayne County,West Virginia,-194,-195,387,582,-1,-3,2,-1678,-1289,1978,3267,-405,56,-461
54101,54,Webster County,West Virginia,-173,-85,55,140,-86,-1,-85,-617,-390,333,723,-230,-2,-228
54103,54,Wetzel County,West Virginia,-78,-58,173,231,-21,7,-28,-717,-473,848,1321,-237,44,-281
54105,54,Wirt County,West Virginia,-29,-32,45,77,3,0,3,-317,-162,256,418,-147,0,-147
54107,54,Wood County,West Virginia,-265,-349,792,1141,79,3,76,-1915,-2155,4179,6334,234,123,111
54109,54,Wyoming County,West Virginia,-206,-152,196,348,-55,-6,-49,-1586,-914,1058,1972,-691,-17,-674
55001,55,Adams County,Wisconsin,187,-192,106,298,384,14,370,1101,-995,583,1578,2065,206,1859
55003,55,Ashland County,Wisconsin,2,-35,156,191,37,11,26,169,-217,812,1029,379,116,263
55005,55,Barron County,Wisconsin,-227,-151,441,592,-76,27,-103,-223,-788,2315,3103,573,327,246
55007,55,Bayfield County,Wisconsin,2,-81,115,196,83,7,76,567,-397,585,982,958,26,932
55009,55,Brown County,Wisconsin,1552,660,2953,2293,865,392,473,7067,3281,15672,12391,3734,3278,456
55011,55,Buffalo County,Wisconsin,-80,-55,114,169,-26,3,-29,-5,-141,634,775,133,13,120
55013,55,Burnett County,Wisconsin,35,-107,115,222,146,0,146,695,-581,562,1143,1290,17,1273
55015,55,Calumet County,Wisconsin,218,75,429,354,142,24,118,1542,348,2334,1986,1182,417,765
55017,55,Chippewa County,Wisconsin,320,-68,637,705,389,5,384,1319,-233,3394,3627,1527,112,1415
55019,55,Clark County,Wisconsin,77,222,611,389,-146,40,-186,422,1125,3151,2026,-699,326,-1025
55021,55,Columbia County,Wisconsin,127,-88,561,649,214,56,158,-362,-372,2957,3329,-28,368,-396
55023,55,Crawford County,Wisconsin,-9,-85,164,249,77,11,66,-200,-318,860,1178,122,46,76
55025,55,Dane County,Wisconsin,4050,1590,5536,3946,2406,2049,357,28868,8721,29404,20683,19769,16798,2971
55027,55,Dodge County,Wisconsin,220,-258,755,1013,478,111,367,-287,-1674,3945,5619,1419,935,484
55029,55,Door County,Wisconsin,35,-201,189,390,241,26,215,543,-993,1054,2047,1571,206,1365
55031,55,Douglas County,Wisconsin,72,-137,412,549,210,-2,212,-304,-747,2037,2784,438,109,329
55033,55,Dunn County,Wisconsin,217,13,392,379,202,21,181,774,125,2145,2020,631,190,441
55035,55,Eau Claire County,Wisconsin,422,11,956,945,400,94,306,3327,387,5441,5054,2810,635,2175
55037,55,Florence County,Wisconsin,66,-29,26,55,97,0,97,189,-181,139,320,366,0,366
55039,55,Fond du Lac County,Wisconsin,-52,-49,1024,1073,-6,187,-193,504,-705,5291,5996,1177,1580,-403
55041,55,Forest County,Wisconsin,60,-28,96,124,88,6,82,390,-164,502,666,566,17,549
55043,55,Grant County,Wisconsin,42,101,617,516,-62,16,-78,496,248,3094,2846,299,198,101
55045,55,Green County,Wisconsin,-10,-40,369,409,29,12,17,137,-211,1871,2082,337,180,157
55047,55,Green Lake County,Wisconsin,-27,-69,191,260,42,1,41,292,-356,1014,1370,668,50,618
55049,55,Iowa County,Wisconsin,-24,8,240,232,-30,5,-35,238,87,1294,1207,143,77,66
55051,55,Iron County,Wisconsin,-69,-54,40,94,-16,0,-16,-10,-319,210,529,312,2,310
55053,55,Jackson County,Wisconsin,-34,-39,203,242,4,11,-7,-140,-145,1129,1274,18,71,-53
55055,55,Jefferson County,Wisconsin,-35,8,816,808,-48,97,-145,334,-141,4277,4418,481,649,-168
55057,55,Juneau County,Wisconsin,3,-136,204,340,142,4,138,-71,-732,1109,1841,652,87,565
55059,55,Kenosha County,Wisconsin,0,85,1706,1621,-101,24,-125,-702,65,8925,8860,-858,1398,-2256
55061,55,Kewaunee County,Wisconsin,-11,-50,182,232,40,6,34,199,-167,1004,1171,359,167,192
55063,55,La Crosse County,Wisconsin,376,-18,1100,1118,383,-12,395,543,-153,5839,5992,697,245,452
55065,55,Lafayette County,Wisconsin,131,99,270,171,32,76,-44,867,486,1352,866,383,422,-39
55067,55,Langlade County,Wisconsin,32,-130,165,295,165,1,164,41,-663,891,1554,707,28,679
55069,55,Lincoln County,Wisconsin,8,-148,259,407,156,16,140,-9,-878,1323,2201,876,126,750
55071,55,Manitowoc County,Wisconsin,-173,-178,733,911,6,47,-41,346,-1198,3822,5020,1529,910,619
55073,55,Marathon County,Wisconsin,338,66,1418,1352,267,206,61,1369,106,7494,7388,1284,1319,-35
55075,55,Marinette County,Wisconsin,184,-197,350,547,388,15,373,700,-1218,1895,3113,1901,141,1760
55077,55,Marquette County,Wisconsin,89,-81,131,212,172,6,166,332,-507,680,1187,854,67,787
55078,55,Menominee County,Wisconsin,-31,-34,63,97,2,0,2,-51,-85,341,426,31,0,31
55079,55,Milwaukee County,Wisconsin,-107,2564,11323,8759,-2724,1973,-4697,-15280,12449,61108,48659,-27064,19305,-46369
55081,55,Monroe County,Wisconsin,67,72,559,487,-7,28,-35,296,278,2960,2682,13,321,-308
55083,55,Oconto County,Wisconsin,189,-116,339,455,308,8,300,1228,-521,1780,2301,1767,63,1704
55085,55,Oneida County,Wisconsin,-44,-252,265,517,211,13,198,291,-1450,1390,2840,1792,69,1723
55087,55,Outagamie County,Wisconsin,1109,296,1975,1679,800,149,651,5194,1785,10675,8890,3366,1404,1962
55089,55,Ozaukee County,Wisconsin,681,-105,746,851,792,66,726,2842,-564,4127,4691,3438,673,2765
55091,55,Pepin County,Wisconsin,-28,5,76,71,-31,6,-37,187,40,408,368,152,36,116
55093,55,Pierce County,Wisconsin,213,65,402,337,144,-35,179,1316,245,2057,1812,1058,70,988
55095,55,Polk County,Wisconsin,31,-133,424,557,164,-5,169,829,-727,2150,2877,1572,33,1539
55097,55,Portage County,Wisconsin,185,-121,537,658,302,58,244,1563,-538,2936,3474,2045,623,1422
55099,55,Price County,Wisconsin,-124,-88,104,192,-36,6,-42,-65,-536,508,1044,463,35,428
55101,55,Racine County,Wisconsin,478,-58,2013,2071,526,107,419,698,-430,10969,11399,1195,1687,-492
55103,55,Richland County,Wisconsin,-93,-75,152,227,-16,17,-33,-271,-301,852,1153,30,145,-115
55105,55,Rock County,Wisconsin,807,72,1797,1725,731,-33,764,2788,-23,9401,9424,2767,777,1990
55107,55,Rusk County,Wisconsin,20,-74,114,188,95,3,92,-35,-407,632,1039,363,28,335
55109,55,St. Croix County,Wisconsin,622,214,988,774,403,46,357,4742,1132,5213,4081,3590,409,3181
55111,55,Sauk County,Wisconsin,99,-23,722,745,117,138,-21,878,-189,3752,3941,1049,1062,-13
55113,55,Sawyer County,Wisconsin,55,-93,149,242,150,10,140,762,-576,746,1322,1327,41,1286
55115,55,Shawano County,Wisconsin,154,-36,456,492,191,29,162,686,-371,2298,2669,1061,197,864
55117,55,Sheboygan County,Wisconsin,-44,-109,1089,1198,62,189,-127,13,-767,5824,6591,773,1389,-616
55119,55,Taylor County,Wisconsin,21,-44,176,220,66,24,42,201,-81,1067,1148,281,157,124
55121,55,Trempealeau County,Wisconsin,243,110,394,284,133,31,102,401,557,2087,1530,-149,334,-483
55123,55,Vernon County,Wisconsin,78,61,419,358,15,4,11,733,307,2207,1900,429,64,365
55125,55,Vilas County,Wisconsin,8,-240,122,362,252,-3,255,710,-1137,745,1882,1867,-9,1876
55127,55,Walworth County,Wisconsin,4,-134,906,1040,127,39,88,905,-950,4705,5655,1795,817,978
55129,55,Washburn County,Wisconsin,63,-93,132,225,157,2,155,463,-618,647,1265,1088,16,1072
55131,55,Washington County,Wisconsin,494,-43,1280,1323,531,51,480,2468,-566,6596,7162,3021,473,2548
55133,55,Waukesha County,Wisconsin,1444,-236,3536,3772,1672,436,1236,10221,-1519,19387,20906,11685,3309,8376
55135,55,Waupaca County,Wisconsin,32,-182,493,675,217,14,203,-363,-1260,2508,3768,904,245,659
55137,55,Waushara County,Wisconsin,150,-147,178,325,300,10,290,717,-730,971,1701,1448,90,1358
55139,55,Winnebago County,Wisconsin,924,18,1683,1665,896,194,702,2478,-140,8848,8988,2627,1374,1253
55141,55,Wood County,Wisconsin,-195,-114,773,887,-80,72,-152,-139,-1070,3927,4997,919,565,354
56001,56,Albany County,Wyoming,13,72,313,241,-63,171,-234,1490,330,1642,1312,1168,1130,38
56003,56,Big Horn County,Wyoming,10,-23,112,135,33,9,24,505,-151,631,782,651,29,622
56005,56,Campbell County,Wyoming,53,274,602,328,-223,0,-223,1117,1368,3162,1794,-206,125,-331
56007,56,Carbon County,Wyoming,-71,-3,150,153,-68,-9,-59,-520,-24,786,810,-500,26,-526
56009,56,Converse County,Wyoming,34,16,153,137,18,-3,21,71,50,792,742,19,14,5
56011,56,Crook County,Wyoming,61,18,86,68,44,-3,47,670,55,475,420,613,4,609
56013,56,Fremont County,Wyoming,-200,-114,393,507,-87,-15,-72,230,-664,2219,2883,873,-17,890
56015,56,Goshen County,Wyoming,1,-63,117,180,65,16,49,132,-310,635,945,445,56,389
56017,56,Hot Springs County,Wyoming,-6,-63,47,110,57,-2,59,-19,-292,221,513,264,-2,266
56019,56,Johnson County,Wyoming,79,-20,90,110,99,-8,107,456,-89,455,544,542,-7,549
56021,56,Laramie County,Wyoming,1251,133,1170,1037,1120,-32,1152,2427,279,5998,5719,2098,80,2018
56023,56,Lincoln County,Wyoming,192,31,209,178,163,16,147,1602,238,1141,903,1374,105,1269
56025,56,Natrona County,Wyoming,255,-25,828,853,275,-60,335,561,-168,4440,4608,762,-63,825
56027,56,Niobrara County,Wyoming,26,0,25,25,26,0,26,-127,-27,123,150,-107,0,-107
56029,56,Park County,Wyoming,64,-21,280,301,88,-8,96,1542,-329,1463,1792,1878,53,1825
56031,56,Platte County,Wyoming,71,-21,104,125,93,13,80,32,-215,469,684,256,79,177
56033,56,Sheridan County,Wyoming,308,-28,337,365,338,18,320,2318,-211,1710,1921,2544,139,2405
56035,56,Sublette County,Wyoming,-20,1,78,77,-20,-5,-15,199,30,439,409,159,-9,168
56037,56,Sweetwater County,Wyoming,-83,40,438,398,-126,41,-167,-1001,229,2319,2090,-1207,287,-1494
56039,56,Teton County,Wyoming,-12,121,197,76,-135,118,-253,3,608,1056,448,-632,631,-1263
56041,56,Uinta County,Wyoming,75,44,211,167,32,0,32,278,188,1141,953,84,0,84
56043,56,Washakie County,Wyoming,-40,-51,67,118,11,2,9,-84,-205,383,588,131,14,117
56045,56,Weston County,Wyoming,-30,-23,63,86,-8,-1,-7,-1,-154,308,462,143,-6,149
