FIPS,State,County_Name,Population_2020,RUCC_2023,Description
01001,AL,Autauga County,58805,2,"Metro - Counties in metro areas of 250,000 to 1 million population"
01003,AL,Baldwin County,231767,3,"Metro - Counties in metro areas of fewer than 250,000 population"
01005,AL,Barbour County,25223,6,"Nonmetro - Urban population of 5,000 to 20,000, adjacent to a metro area"
01007,AL,Bibb County,22293,1,Metro - Counties in metro areas of 1 million population or more
01009,AL,Blount County,59134,1,Metro - Counties in metro areas of 1 million population or more
01011,AL,Bullock County,10357,8,"Nonmetro - Urban population of fewer than 5,000, adjacent to a metro area"
01013,AL,Butler County,19051,6,"Nonmetro - Urban population of 5,000 to 20,000, adjacent to a metro area"
01015,AL,Calhoun County,116441,3,"Metro - Counties in metro areas of fewer than 250,000 population"
01017,AL,Chambers County,34772,6,"Nonmetro - Urban population of 5,000 to 20,000, adjacent to a metro area"
01019,AL,Cherokee County,24971,8,"Nonmetro - Urban population of fewer than 5,000, adjacent to a metro area"
01021,AL,Chilton County,45014,1,Metro - Counties in metro areas of 1 million population or more
01023,AL,Choctaw County,12665,9,"Nonmetro - Urban population of fewer than 5,000, not adjacent to a metro area"
01025,AL,Clarke County,23087,9,"Nonmetro - Urban population of fewer than 5,000, not adjacent to a metro area"
01027,AL,Clay County,14236,9,"Nonmetro - Urban population of fewer than 5,000, not adjacent to a metro area"
01029,AL,Cleburne County,15056,8,"Nonmetro - Urban population of fewer than 5,000, adjacent to a metro area"
01031,AL,Coffee County,53465,4,"Nonmetro - Urban population of 20,000 or more, adjacent to a metro area"
01033,AL,Colbert County,57227,3,"Metro - Counties in metro areas of fewer than 250,000 population"
01035,AL,Conecuh County,11597,9,"Nonmetro - Urban population of fewer than 5,000, not adjacent to a metro area"
01037,AL,Coosa County,10387,8,"Nonmetro - Urban population of fewer than 5,000, adjacent to a metro area"
01039,AL,Covington County,37570,6,"Nonmetro - Urban population of 5,000 to 20,000, adjacent to a metro area"
01041,AL,Crenshaw County,13194,8,"Nonmetro - Urban population of fewer than 5,000, adjacent to a metro area"
01043,AL,Cullman County,87866,4,"Nonmetro - Urban population of 20,000 or more, adjacent to a metro area"
01045,AL,Dale County,49326,4,"Nonmetro - Urban population of 20,000 or more, adjacent to a metro area"
01047,AL,Dallas County,38462,4,"Nonmetro - Urban population of 20,000 or more, adjacent to a metro area"
01049,AL,DeKalb County,71608,6,"Nonmetro - Urban population of 5,000 to 20,000, adjacent to a metro area"
01051,AL,Elmore County,87977,2,"Metro - Counties in metro areas of 250,000 to 1 million population"
01053,AL,Escambia County,36757,6,"Nonmetro - Urban population of 5,000 to 20,000, adjacent to a metro area"
01055,AL,Etowah County,103436,3,"Metro - Counties in metro areas of fewer than 250,000 population"
01057,AL,Fayette County,16321,8,"Nonmetro - Urban population of fewer than 5,000, adjacent to a metro area"
01059,AL,Franklin County,32113,6,"Nonmetro - Urban population of 5,000 to 20,000, adjacent to a metro area"
01061,AL,Geneva County,26659,3,"Metro - Counties in metro areas of fewer than 250,000 population"
01063,AL,Greene County,7730,2,"Metro - Counties in metro areas of 250,000 to 1 million population"
01065,AL,Hale County,14785,2,"Metro - Counties in metro areas of 250,000 to 1 million population"
01067,AL,Henry County,17146,3,"Metro - Counties in metro areas of fewer than 250,000 population"
01069,AL,Houston County,107202,3,"Metro - Counties in metro areas of fewer than 250,000 population"
01071,AL,Jackson County,52579,6,"Nonmetro - Urban population of 5,000 to 20,000, adjacent to a metro area"
01073,AL,Jefferson County,674721,1,Metro - Counties in metro areas of 1 million population or more
01075,AL,Lamar County,13972,8,"Nonmetro - Urban population of fewer than 5,000, adjacent to a metro area"
01077,AL,Lauderdale County,93564,3,"Metro - Counties in metro areas of fewer than 250,000 population"
01079,AL,Lawrence County,33073,3,"Metro - Counties in metro areas of fewer than 250,000 population"
01081,AL,Lee County,174241,3,"Metro - Counties in metro areas of fewer than 250,000 population"
01083,AL,Limestone County,103570,2,"Metro - Counties in metro areas of 250,000 to 1 million population"
01085,AL,Lowndes County,10311,2,"Metro - Counties in metro areas of 250,000 to 1 million population"
01087,AL,Macon County,19532,3,"Metro - Counties in metro areas of fewer than 250,000 population"
01089,AL,Madison County,388153,2,"Metro - Counties in metro areas of 250,000 to 1 million population"
01091,AL,Marengo County,19323,6,"Nonmetro - Urban population of 5,000 to 20,000, adjacent to a metro area"
01093,AL,Marion County,29341,9,"Nonmetro - Urban population of fewer than 5,000, not adjacent to a metro area"
01095,AL,Marshall County,97612,4,"Nonmetro - Urban population of 20,000 or more, adjacent to a metro area"
01097,AL,Mobile County,414809,2,"Metro - Counties in metro areas of 250,000 to 1 million population"
01099,AL,Monroe County,19772,8,"Nonmetro - Urban population of fewer than 5,000, adjacent to a metro area"
01101,AL,Montgomery County,228954,2,"Metro - Counties in metro areas of 250,000 to 1 million population"
01103,AL,Morgan County,123421,3,"Metro - Counties in metro areas of fewer than 250,000 population"
01105,AL,Perry County,8511,8,"Nonmetro - Urban population of fewer than 5,000, adjacent to a metro area"
01107,AL,Pickens County,19123,2,"Metro - Counties in metro areas of 250,000 to 1 million population"
01109,AL,Pike County,33009,6,"Nonmetro - Urban population of 5,000 to 20,000, adjacent to a metro area"
01111,AL,Randolph County,21967,8,"Nonmetro - Urban population of fewer than 5,000, adjacent to a metro area"
01113,AL,Russell County,59183,2,"Metro - Counties in metro areas of 250,000 to 1 million population"
01115,AL,St. Clair County,91103,1,Metro - Counties in metro areas of 1 million population or more
01117,AL,Shelby County,223024,1,Metro - Counties in metro areas of 1 million population or more
01119,AL,Sumter County,12345,8,"Nonmetro - Urban population of fewer than 5,000, adjacent to a metro area"
01121,AL,Talladega County,82149,4,"Nonmetro - Urban population of 20,000 or more, adjacent to a metro area"
01123,AL,Tallapoosa County,41311,6,"Nonmetro - Urban population of 5,000 to 20,000, adjacent to a metro area"
01125,AL,Tuscaloosa County,227036,2,"Metro - Counties in metro areas of 250,000 to 1 million population"
01127,AL,Walker County,65342,1,Metro - Counties in metro areas of 1 million population or more
01129,AL,Washington County,15388,8,"Nonmetro - Urban population of fewer than 5,000, adjacent to a metro area"
01131,AL,Wilcox County,10600,9,"Nonmetro - Urban population of fewer than 5,000, not adjacent to a metro area"
01133,AL,Winston County,23540,8,"Nonmetro - Urban population of fewer than 5,000, adjacent to a metro area"
02013,AK,Aleutians East Borough,3420,9,"Nonmetro - Urban population of fewer than 5,000, not adjacent to a metro area"
02016,AK,Aleutians West Census Area,5232,9,"Nonmetro - Urban population of fewer than 5,000, not adjacent to a metro area"
02020,AK,Anchorage Municipality,291247,2,"Metro - Counties in metro areas of 250,000 to 1 million population"
02050,AK,Bethel Census Area,18666,7,"Nonmetro - Urban population of 5,000 to 20,000, not adjacent to a metro area"
02060,AK,Bristol Bay Borough,844,9,"Nonmetro - Urban population of fewer than 5,000, not adjacent to a metro area"
02063,AK,Chugach Census Area,7102,9,"Nonmetro - Urban population of fewer than 5,000, not adjacent to a metro area"
02066,AK,Copper River Census Area,2617,9,"Nonmetro - Urban population of fewer than 5,000, not adjacent to a metro area"
02068,AK,Denali Borough,1619,9,"Nonmetro - Urban population of fewer than 5,000, not adjacent to a metro area"
02070,AK,Dillingham Census Area,4857,9,"Nonmetro - Urban population of fewer than 5,000, not adjacent to a metro area"
02090,AK,Fairbanks North Star Borough,95655,3,"Metro - Counties in metro areas of fewer than 250,000 population"
02100,AK,Haines Borough,2080,9,"Nonmetro - Urban population of fewer than 5,000, not adjacent to a metro area"
02105,AK,Hoonah-Angoon Census Area,2365,9,"Nonmetro - Urban population of fewer than 5,000, not adjacent to a metro area"
02110,AK,Juneau City and Borough,32255,5,"Nonmetro - Urban population of 20,000 or more, not adjacent to a metro area"
02122,AK,Kenai Peninsula Borough,58799,7,"Nonmetro - Urban population of 5,000 to 20,000, not adjacent to a metro area"
02130,AK,Ketchikan Gateway Borough,13948,7,"Nonmetro - Urban population of 5,000 to 20,000, not adjacent to a metro area"
02150,AK,Kodiak Island Borough,13101,7,"Nonmetro - Urban population of 5,000 to 20,000, not adjacent to a metro area"
02158,AK,Kusilvak Census Area,8368,9,"Nonmetro - Urban population of fewer than 5,000, not adjacent to a metro area"
02164,AK,Lake and Peninsula Borough,1476,9,"Nonmetro - Urban population of fewer than 5,000, not adjacent to a metro area"
02170,AK,Matanuska-Susitna Borough,107081,2,"Metro - Counties in metro areas of 250,000 to 1 million population"
02180,AK,Nome Census Area,10046,9,"Nonmetro - Urban population of fewer than 5,000, not adjacent to a metro area"
02185,AK,North Slope Borough,11031,9,"Nonmetro - Urban population of fewer than 5,000, not adjacent to a metro area"
02188,AK,Northwest Arctic Borough,7793,9,"Nonmetro - Urban population of fewer than 5,000, not adjacent to a metro area"
02195,AK,Petersburg Borough,3398,9,"Nonmetro - Urban population of fewer than 5,000, not adjacent to a metro area"
02198,AK,Prince of Wales-Hyder Census Area,5753,9,"Nonmetro - Urban population of fewer than 5,000, not adjacent to a metro area"
02220,AK,Sitka City and Borough,8458,7,"Nonmetro - Urban population of 5,000 to 20,000, not adjacent to a metro area"
02230,AK,Skagway Municipality,1240,9,"Nonmetro - Urban population of fewer than 5,000, not adjacent to a metro area"
02240,AK,Southeast Fairbanks Census Area,6808,9,"Nonmetro - Urban population of fewer than 5,000, not adjacent to a metro area"
02275,AK,Wrangell City and Borough,2127,9,"Nonmetro - Urban population of fewer than 5,000, not adjacent to a metro area"
02282,AK,Yakutat City and Borough,662,9,"Nonmetro - Urban population of fewer than 5,000, not adjacent to a metro area"
02290,AK,Yukon-Koyukuk Census Area,5343,8,"Nonmetro - Urban population of fewer than 5,000, adjacent to a metro area"
04001,AZ,Apache County,66021,8,"Nonmetro - Urban population of fewer than 5,000, adjacent to a metro area"
04003,AZ,Cochise County,125447,3,"Metro - Counties in metro areas of fewer than 250,000 population"
04005,AZ,Coconino County,145101,3,"Metro - Counties in metro areas of fewer than 250,000 population"
04007,AZ,Gila County,53272,4,"Nonmetro - Urban population of 20,000 or more, adjacent to a metro area"
04009,AZ,Graham County,38533,7,"Nonmetro - Urban population of 5,000 to 20,000, not adjacent to a metro area"
04011,AZ,Greenlee County,9563,9,"Nonmetro - Urban population of fewer than 5,000, not adjacent to a metro area"
04012,AZ,La Paz County,16557,6,"Nonmetro - Urban population of 5,000 to 20,000, adjacent to a metro area"
04013,AZ,Maricopa County,4420568,1,Metro - Counties in metro areas of 1 million population or more
04015,AZ,Mohave County,213267,3,"Metro - Counties in metro areas of fewer than 250,000 population"
04017,AZ,Navajo County,106717,4,"Nonmetro - Urban population of 20,000 or more, adjacent to a metro area"
04019,AZ,Pima County,1043433,1,Metro - Counties in metro areas of 1 million population or more
04021,AZ,Pinal County,425264,1,Metro - Counties in metro areas of 1 million population or more
04023,AZ,Santa Cruz County,47669,6,"Nonmetro - Urban population of 5,000 to 20,000, adjacent to a metro area"
04025,AZ,Yavapai County,236209,3,"Metro - Counties in metro areas of fewer than 250,000 population"
04027,AZ,Yuma County,203881,3,"Metro - Counties in metro areas of fewer than 250,000 population"
05001,AR,Arkansas County,17149,6,"Nonmetro - Urban population of 5,000 to 20,000, adjacent to a metro area"
05003,AR,Ashley County,19062,7,"Nonmetro - Urban population of 5,000 to 20,000, not adjacent to a metro area"
05005,AR,Baxter County,41627,7,"Nonmetro - Urban population of 5,000 to 20,000, not adjacent to a metro area"
05007,AR,Benton County,284333,2,"Metro - Counties in metro areas of 250,000 to 1 million population"
05009,AR,Boone County,37373,7,"Nonmetro - Urban population of 5,000 to 20,000, not adjacent to a metro area"
05011,AR,Bradley County,10545,7,"Nonmetro - Urban population of 5,000 to 20,000, not adjacent to a metro area"
05013,AR,Calhoun County,4739,9,"Nonmetro - Urban population of fewer than 5,000, not adjacent to a metro area"
05015,AR,Carroll County,28260,6,"Nonmetro - Urban population of 5,000 to 20,000, adjacent to a metro area"
05017,AR,Chicot County,10208,9,"Nonmetro - Urban population of fewer than 5,000, not adjacent to a metro area"
05019,AR,Clark County,21446,7,"Nonmetro - Urban population of 5,000 to 20,000, not adjacent to a metro area"
05021,AR,Clay County,14552,9,"Nonmetro - Urban population of fewer than 5,000, not adjacent to a metro area"
05023,AR,Cleburne County,24711,6,"Nonmetro - Urban population of 5,000 to 20,000, adjacent to a metro area"
05025,AR,Cleveland County,7550,8,"Nonmetro - Urban population of fewer than 5,000, adjacent to a metro area"
05027,AR,Columbia County,22801,7,"Nonmetro - Urban population of 5,000 to 20,000, not adjacent to a metro area"
05029,AR,Conway County,20715,6,"Nonmetro - Urban population of 5,000 to 20,000, adjacent to a metro area"
05031,AR,Craighead County,111231,3,"Metro - Counties in metro areas of fewer than 250,000 population"
05033,AR,Crawford County,60133,3,"Metro - Counties in metro areas of fewer than 250,000 population"
05035,AR,Crittenden County,48163,1,Metro - Counties in metro areas of 1 million population or more
05037,AR,Cross County,16833,6,"Nonmetro - Urban population of 5,000 to 20,000, adjacent to a metro area"
05039,AR,Dallas County,6482,8,"Nonmetro - Urban population of fewer than 5,000, adjacent to a metro area"
05041,AR,Desha County,11395,9,"Nonmetro - Urban population of fewer than 5,000, not adjacent to a metro area"
05043,AR,Drew County,17350,7,"Nonmetro - Urban population of 5,000 to 20,000, not adjacent to a metro area"
05045,AR,Faulkner County,123498,2,"Metro - Counties in metro areas of 250,000 to 1 million population"
05047,AR,Franklin County,17097,8,"Nonmetro - Urban population of fewer than 5,000, adjacent to a metro area"
05049,AR,Fulton County,12075,9,"Nonmetro - Urban population of fewer than 5,000, not adjacent to a metro area"
05051,AR,Garland County,100180,3,"Metro - Counties in metro areas of fewer than 250,000 population"
05053,AR,Grant County,17958,2,"Metro - Counties in metro areas of 250,000 to 1 million population"
05055,AR,Greene County,45736,4,"Nonmetro - Urban population of 20,000 or more, adjacent to a metro area"
05057,AR,Hempstead County,20065,6,"Nonmetro - Urban population of 5,000 to 20,000, adjacent to a metro area"
05059,AR,Hot Spring County,33040,6,"Nonmetro - Urban population of 5,000 to 20,000, adjacent to a metro area"
05061,AR,Howard County,12785,8,"Nonmetro - Urban population of fewer than 5,000, adjacent to a metro area"
05063,AR,Independence County,37938,7,"Nonmetro - Urban population of 5,000 to 20,000, not adjacent to a metro area"
05065,AR,Izard County,13577,9,"Nonmetro - Urban population of fewer than 5,000, not adjacent to a metro area"
05067,AR,Jackson County,16755,6,"Nonmetro - Urban population of 5,000 to 20,000, adjacent to a metro area"
05069,AR,Jefferson County,67260,4,"Nonmetro - Urban population of 20,000 or more, adjacent to a metro area"
05071,AR,Johnson County,25749,7,"Nonmetro - Urban population of 5,000 to 20,000, not adjacent to a metro area"
05073,AR,Lafayette County,6308,8,"Nonmetro - Urban population of fewer than 5,000, adjacent to a metro area"
05075,AR,Lawrence County,16216,6,"Nonmetro - Urban population of 5,000 to 20,000, adjacent to a metro area"
05077,AR,Lee County,8600,8,"Nonmetro - Urban population of fewer than 5,000, adjacent to a metro area"
05079,AR,Lincoln County,12941,9,"Nonmetro - Urban population of fewer than 5,000, not adjacent to a metro area"
05081,AR,Little River County,12026,3,"Metro - Counties in metro areas of fewer than 250,000 population"
05083,AR,Logan County,21131,8,"Nonmetro - Urban population of fewer than 5,000, adjacent to a metro area"
05085,AR,Lonoke County,74015,2,"Metro - Counties in metro areas of 250,000 to 1 million population"
05087,AR,Madison County,16521,2,"Metro - Counties in metro areas of 250,000 to 1 million population"
05089,AR,Marion County,16826,9,"Nonmetro - Urban population of fewer than 5,000, not adjacent to a metro area"
05091,AR,Miller County,42600,3,"Metro - Counties in metro areas of fewer than 250,000 population"
05093,AR,Mississippi County,40685,4,"Nonmetro - Urban population of 20,000 or more, adjacent to a metro area"
05095,AR,Monroe County,6799,9,"Nonmetro - Urban population of fewer than 5,000, not adjacent to a metro area"
05097,AR,Montgomery County,8484,8,"Nonmetro - Urban population of fewer than 5,000, adjacent to a metro area"
05099,AR,Nevada County,8310,9,"Nonmetro - Urban population of fewer than 5,000, not adjacent to a metro area"
05101,AR,Newton County,7225,9,"Nonmetro - Urban population of fewer than 5,000, not adjacent to a metro area"
05103,AR,Ouachita County,22650,7,"Nonmetro - Urban population of 5,000 to 20,000, not adjacent to a metro area"
05105,AR,Perry County,10019,2,"Metro - Counties in metro areas of 250,000 to 1 million population"
05107,AR,Phillips County,16568,7,"Nonmetro - Urban population of 5,000 to 20,000, not adjacent to a metro area"
05109,AR,Pike County,10171,9,"Nonmetro - Urban population of fewer than 5,000, not adjacent to a metro area"
05111,AR,Poinsett County,22965,3,"Metro - Counties in metro areas of fewer than 250,000 population"
05113,AR,Polk County,19221,7,"Nonmetro - Urban population of 5,000 to 20,000, not adjacent to a metro area"
05115,AR,Pope County,63381,5,"Nonmetro - Urban population of 20,000 or more, not adjacent to a metro area"
05117,AR,Prairie County,8282,8,"Nonmetro - Urban population of fewer than 5,000, adjacent to a metro area"
05119,AR,Pulaski County,399125,2,"Metro - Counties in metro areas of 250,000 to 1 million population"
05121,AR,Randolph County,18571,7,"Nonmetro - Urban population of 5,000 to 20,000, not adjacent to a metro area"
05123,AR,St. Francis County,23090,6,"Nonmetro - Urban population of 5,000 to 20,000, adjacent to a metro area"
05125,AR,Saline County,123416,2,"Metro - Counties in metro areas of 250,000 to 1 million population"
05127,AR,Scott County,9836,8,"Nonmetro - Urban population of fewer than 5,000, adjacent to a metro area"
05129,AR,Searcy County,7828,9,"Nonmetro - Urban population of fewer than 5,000, not adjacent to a metro area"
05131,AR,Sebastian County,127799,3,"Metro - Counties in metro areas of fewer than 250,000 population"
05133,AR,Sevier County,15839,6,"Nonmetro - Urban population of 5,000 to 20,000, adjacent to a metro area"
05135,AR,Sharp County,17271,9,"Nonmetro - Urban population of fewer than 5,000, not adjacent to a metro area"
05137,AR,Stone County,12359,9,"Nonmetro - Urban population of fewer than 5,000, not adjacent to a metro area"
05139,AR,Union County,39054,7,"Nonmetro - Urban population of 5,000 to 20,000, not adjacent to a metro area"
05141,AR,Van Buren County,15796,8,"Nonmetro - Urban population of fewer than 5,000, adjacent to a metro area"
05143,AR,Washington County,245871,2,"Metro - Counties in metro areas of 250,000 to 1 million population"
05145,AR,White County,76822,4,"Nonmetro - Urban population of 20,000 or more, adjacent to a metro area"
05147,AR,Woodruff County,6269,9,"Nonmetro - Urban population of fewer than 5,000, not adjacent to a metro area"
05149,AR,Yell County,20263,9,"Nonmetro - Urban population of fewer than 5,000, not adjacent to a metro area"
06001,CA,Alameda County,1682353,1,Metro - Counties in metro areas of 1 million population or more
06003,CA,Alpine County,1204,8,"Nonmetro - Urban population of fewer than 5,000, adjacent to a metro area"
06005,CA,Amador County,40474,6,"Nonmetro - Urban population of 5,000 to 20,000, adjacent to a metro area"
06007,CA,Butte County,211632,3,"Metro - Counties in metro areas of fewer than 250,000 population"
06009,CA,Calaveras County,45292,6,"Nonmetro - Urban population of 5,000 to 20,000, adjacent to a metro area"
06011,CA,Colusa County,21839,6,"Nonmetro - Urban population of 5,000 to 20,000, adjacent to a metro area"
06013,CA,Contra Costa County,1165927,1,Metro - Counties in metro areas of 1 million population or more
06015,CA,Del Norte County,27743,7,"Nonmetro - Urban population of 5,000 to 20,000, not adjacent to a metro area"
06017,CA,El Dorado County,191185,1,Metro - Counties in metro areas of 1 million population or more
06019,CA,Fresno County,1008654,1,Metro - Counties in metro areas of 1 million population or more
06021,CA,Glenn County,28917,6,"Nonmetro - Urban population of 5,000 to 20,000, adjacent to a metro area"
06023,CA,Humboldt County,136463,5,"Nonmetro - Urban population of 20,000 or more, not adjacent to a metro area"
06025,CA,Imperial County,179702,3,"Metro - Counties in metro areas of fewer than 250,000 population"
06027,CA,Inyo County,19016,6,"Nonmetro - Urban population of 5,000 to 20,000, adjacent to a metro area"
06029,CA,Kern County,909235,2,"Metro - Counties in metro areas of 250,000 to 1 million population"
06031,CA,Kings County,152486,3,"Metro - Counties in metro areas of fewer than 250,000 population"
06033,CA,Lake County,68163,4,"Nonmetro - Urban population of 20,000 or more, adjacent to a metro area"
06035,CA,Lassen County,32730,7,"Nonmetro - Urban population of 5,000 to 20,000, not adjacent to a metro area"
06037,CA,Los Angeles County,10014009,1,Metro - Counties in metro areas of 1 million population or more
06039,CA,Madera County,156255,1,Metro - Counties in metro areas of 1 million population or more
06041,CA,Marin County,262321,1,Metro - Counties in metro areas of 1 million population or more
06043,CA,Mariposa County,17131,8,"Nonmetro - Urban population of fewer than 5,000, adjacent to a metro area"
06045,CA,Mendocino County,91601,4,"Nonmetro - Urban population of 20,000 or more, adjacent to a metro area"
06047,CA,Merced County,281202,2,"Metro - Counties in metro areas of 250,000 to 1 million population"
06049,CA,Modoc County,8700,8,"Nonmetro - Urban population of fewer than 5,000, adjacent to a metro area"
06051,CA,Mono County,13195,7,"Nonmetro - Urban population of 5,000 to 20,000, not adjacent to a metro area"
06053,CA,Monterey County,439035,2,"Metro - Counties in metro areas of 250,000 to 1 million population"
06055,CA,Napa County,138019,3,"Metro - Counties in metro areas of fewer than 250,000 population"
06057,CA,Nevada County,102241,4,"Nonmetro - Urban population of 20,000 or more, adjacent to a metro area"
06059,CA,Orange County,3186989,1,Metro - Counties in metro areas of 1 million population or more
06061,CA,Placer County,404739,1,Metro - Counties in metro areas of 1 million population or more
06063,CA,Plumas County,19790,9,"Nonmetro - Urban population of fewer than 5,000, not adjacent to a metro area"
06065,CA,Riverside County,2418185,1,Metro - Counties in metro areas of 1 million population or more
06067,CA,Sacramento County,1585055,1,Metro - Counties in metro areas of 1 million population or more
06069,CA,San Benito County,64209,1,Metro - Counties in metro areas of 1 million population or more
06071,CA,San Bernardino County,2181654,1,Metro - Counties in metro areas of 1 million population or more
06073,CA,San Diego County,3298634,1,Metro - Counties in metro areas of 1 million population or more
06075,CA,San Francisco County,873965,1,Metro - Counties in metro areas of 1 million population or more
06077,CA,San Joaquin County,779233,2,"Metro - Counties in metro areas of 250,000 to 1 million population"
06079,CA,San Luis Obispo County,282424,2,"Metro - Counties in metro areas of 250,000 to 1 million population"
06081,CA,San Mateo County,764442,1,Metro - Counties in metro areas of 1 million population or more
06083,CA,Santa Barbara County,448229,2,"Metro - Counties in metro areas of 250,000 to 1 million population"
06085,CA,Santa Clara County,1936259,1,Metro - Counties in metro areas of 1 million population or more
06087,CA,Santa Cruz County,270861,2,"Metro - Counties in metro areas of 250,000 to 1 million population"
06089,CA,Shasta County,182155,3,"Metro - Counties in metro areas of fewer than 250,000 population"
06091,CA,Sierra County,3236,8,"Nonmetro - Urban population of fewer than 5,000, adjacent to a metro area"
06093,CA,Siskiyou County,44076,7,"Nonmetro - Urban population of 5,000 to 20,000, not adjacent to a metro area"
06095,CA,Solano County,453491,2,"Metro - Counties in metro areas of 250,000 to 1 million population"
06097,CA,Sonoma County,488863,2,"Metro - Counties in metro areas of 250,000 to 1 million population"
06099,CA,Stanislaus County,552878,2,"Metro - Counties in metro areas of 250,000 to 1 million population"
06101,CA,Sutter County,99633,3,"Metro - Counties in metro areas of fewer than 250,000 population"
06103,CA,Tehama County,65829,4,"Nonmetro - Urban population of 20,000 or more, adjacent to a metro area"
06105,CA,Trinity County,16112,8,"Nonmetro - Urban population of fewer than 5,000, adjacent to a metro area"
06107,CA,Tulare County,473117,2,"Metro - Counties in metro areas of 250,000 to 1 million population"
06109,CA,Tuolumne County,55620,4,"Nonmetro - Urban population of 20,000 or more, adjacent to a metro area"
06111,CA,Ventura County,843843,2,"Metro - Counties in metro areas of 250,000 to 1 million population"
06113,CA,Yolo County,216403,1,Metro - Counties in metro areas of 1 million population or more
06115,CA,Yuba County,81575,3,"Metro - Counties in metro areas of fewer than 250,000 population"
08001,CO,Adams County,519572,1,Metro - Counties in metro areas of 1 million population or more
08003,CO,Alamosa County,16376,7,"Nonmetro - Urban population of 5,000 to 20,000, not adjacent to a metro area"
08005,CO,Arapahoe County,655070,1,Metro - Counties in metro areas of 1 million population or more
08007,CO,Archuleta County,13359,7,"Nonmetro - Urban population of 5,000 to 20,000, not adjacent to a metro area"
08009,CO,Baca County,3506,9,"Nonmetro - Urban population of fewer than 5,000, not adjacent to a metro area"
08011,CO,Bent County,5650,9,"Nonmetro - Urban population of fewer than 5,000, not adjacent to a metro area"
08013,CO,Boulder County,330758,2,"Metro - Counties in metro areas of 250,000 to 1 million population"
08014,CO,Broomfield County,74112,1,Metro - Counties in metro areas of 1 million population or more
08015,CO,Chaffee County,19476,6,"Nonmetro - Urban population of 5,000 to 20,000, adjacent to a metro area"
08017,CO,Cheyenne County,1748,9,"Nonmetro - Urban population of fewer than 5,000, not adjacent to a metro area"
08019,CO,Clear Creek County,9397,1,Metro - Counties in metro areas of 1 million population or more
08021,CO,Conejos County,7461,9,"Nonmetro - Urban population of fewer than 5,000, not adjacent to a metro area"
08023,CO,Costilla County,3499,9,"Nonmetro - Urban population of fewer than 5,000, not adjacent to a metro area"
08025,CO,Crowley County,5922,8,"Nonmetro - Urban population of fewer than 5,000, adjacent to a metro area"
08027,CO,Custer County,4704,8,"Nonmetro - Urban population of fewer than 5,000, adjacent to a metro area"
08029,CO,Delta County,31196,6,"Nonmetro - Urban population of 5,000 to 20,000, adjacent to a metro area"
08031,CO,Denver County,715522,1,Metro - Counties in metro areas of 1 million population or more
08033,CO,Dolores County,2326,9,"Nonmetro - Urban population of fewer than 5,000, not adjacent to a metro area"
08035,CO,Douglas County,357978,1,Metro - Counties in metro areas of 1 million population or more
08037,CO,Eagle County,55731,5,"Nonmetro - Urban population of 20,000 or more, not adjacent to a metro area"
08039,CO,Elbert County,26062,1,Metro - Counties in metro areas of 1 million population or more
08041,CO,El Paso County,730395,2,"Metro - Counties in metro areas of 250,000 to 1 million population"
08043,CO,Fremont County,48939,4,"Nonmetro - Urban population of 20,000 or more, adjacent to a metro area"
08045,CO,Garfield County,61685,5,"Nonmetro - Urban population of 20,000 or more, not adjacent to a metro area"
08047,CO,Gilpin County,5808,1,Metro - Counties in metro areas of 1 million population or more
08049,CO,Grand County,15717,9,"Nonmetro - Urban population of fewer than 5,000, not adjacent to a metro area"
08051,CO,Gunnison County,16918,7,"Nonmetro - Urban population of 5,000 to 20,000, not adjacent to a metro area"
08053,CO,Hinsdale County,788,9,"Nonmetro - Urban population of fewer than 5,000, not adjacent to a metro area"
08055,CO,Huerfano County,6820,8,"Nonmetro - Urban population of fewer than 5,000, adjacent to a metro area"
08057,CO,Jackson County,1379,9,"Nonmetro - Urban population of fewer than 5,000, not adjacent to a metro area"
08059,CO,Jefferson County,582910,1,Metro - Counties in metro areas of 1 million population or more
08061,CO,Kiowa County,1446,9,"Nonmetro - Urban population of fewer than 5,000, not adjacent to a metro area"
08063,CO,Kit Carson County,7087,9,"Nonmetro - Urban population of fewer than 5,000, not adjacent to a metro area"
08065,CO,Lake County,7436,9,"Nonmetro - Urban population of fewer than 5,000, not adjacent to a metro area"
08067,CO,La Plata County,55638,6,"Nonmetro - Urban population of 5,000 to 20,000, adjacent to a metro area"
08069,CO,Larimer County,359066,2,"Metro - Counties in metro areas of 250,000 to 1 million population"
08071,CO,Las Animas County,14555,7,"Nonmetro - Urban population of 5,000 to 20,000, not adjacent to a metro area"
08073,CO,Lincoln County,5675,8,"Nonmetro - Urban population of fewer than 5,000, adjacent to a metro area"
08075,CO,Logan County,21528,6,"Nonmetro - Urban population of 5,000 to 20,000, adjacent to a metro area"
08077,CO,Mesa County,155703,3,"Metro - Counties in metro areas of fewer than 250,000 population"
08079,CO,Mineral County,865,9,"Nonmetro - Urban population of fewer than 5,000, not adjacent to a metro area"
08081,CO,Moffat County,13292,7,"Nonmetro - Urban population of 5,000 to 20,000, not adjacent to a metro area"
08083,CO,Montezuma County,25849,6,"Nonmetro - Urban population of 5,000 to 20,000, adjacent to a metro area"
08085,CO,Montrose County,42679,5,"Nonmetro - Urban population of 20,000 or more, not adjacent to a metro area"
08087,CO,Morgan County,29111,6,"Nonmetro - Urban population of 5,000 to 20,000, adjacent to a metro area"
08089,CO,Otero County,18690,6,"Nonmetro - Urban population of 5,000 to 20,000, adjacent to a metro area"
08091,CO,Ouray County,4874,9,"Nonmetro - Urban population of fewer than 5,000, not adjacent to a metro area"
08093,CO,Park County,17390,1,Metro - Counties in metro areas of 1 million population or more
08095,CO,Phillips County,4530,9,"Nonmetro - Urban population of fewer than 5,000, not adjacent to a metro area"
08097,CO,Pitkin County,17358,7,"Nonmetro - Urban population of 5,000 to 20,000, not adjacent to a metro area"
08099,CO,Prowers County,11999,7,"Nonmetro - Urban population of 5,000 to 20,000, not adjacent to a metro area"
08101,CO,Pueblo County,168162,3,"Metro - Counties in metro areas of fewer than 250,000 population"
08103,CO,Rio Blanco County,6529,9,"Nonmetro - Urban population of fewer than 5,000, not adjacent to a metro area"
08105,CO,Rio Grande County,11539,9,"Nonmetro - Urban population of fewer than 5,000, not adjacent to a metro area"
08107,CO,Routt County,24829,7,"Nonmetro - Urban population of 5,000 to 20,000, not adjacent to a metro area"
08109,CO,Saguache County,6368,9,"Nonmetro - Urban population of fewer than 5,000, not adjacent to a metro area"
08111,CO,San Juan County,705,9,"Nonmetro - Urban population of fewer than 5,000, not adjacent to a metro area"
08113,CO,San Miguel County,8072,9,"Nonmetro - Urban population of fewer than 5,000, not adjacent to a metro area"
08115,CO,Sedgwick County,2404,9,"Nonmetro - Urban population of fewer than 5,000, not adjacent to a metro area"
08117,CO,Summit County,31055,5,"Nonmetro - Urban population of 20,000 or more, not adjacent to a metro area"
08119,CO,Teller County,24710,2,"Metro - Counties in metro areas of 250,000 to 1 million population"
08121,CO,Washington County,4817,9,"Nonmetro - Urban population of fewer than 5,000, not adjacent to a metro area"
08123,CO,Weld County,328981,2,"Metro - Counties in metro areas of 250,000 to 1 million population"
08125,CO,Yuma County,9988,9,"Nonmetro - Urban population of fewer than 5,000, not adjacent to a metro area"
09110,CT,Capitol Planning Region,976248,1,Metro - Counties in metro areas of 1 million population or more
09120,CT,Greater Bridgeport Planning Region,325778,2,"Metro - Counties in metro areas of 250,000 to 1 million population"
09130,CT,Lower Connecticut River Valley Planning Region,174225,1,Metro - Counties in metro areas of 1 million population or more
09140,CT,Naugatuck Valley Planning Region,450376,2,"Metro - Counties in metro areas of 250,000 to 1 million population"
09150,CT,Northeastern Connecticut Planning Region,95348,4,"Nonmetro - Urban population of 20,000 or more, adjacent to a metro area"
09160,CT,Northwest Hills Planning Region,112503,4,"Nonmetro - Urban population of 20,000 or more, adjacent to a metro area"
09170,CT,South Central Connecticut Planning Region,570487,2,"Metro - Counties in metro areas of 250,000 to 1 million population"
09180,CT,Southeastern Connecticut Planning Region,280430,2,"Metro - Counties in metro areas of 250,000 to 1 million population"
09190,CT,Western Connecticut Planning Region,620549,2,"Metro - Counties in metro areas of 250,000 to 1 million population"
10001,DE,Kent County,181851,3,"Metro - Counties in metro areas of fewer than 250,000 population"
10003,DE,New Castle County,570719,1,Metro - Counties in metro areas of 1 million population or more
10005,DE,Sussex County,237378,4,"Nonmetro - Urban population of 20,000 or more, adjacent to a metro area"
11001,DC,District of Columbia,689545,1,Metro - Counties in metro areas of 1 million population or more
12001,FL,Alachua County,278468,2,"Metro - Counties in metro areas of 250,000 to 1 million population"
12003,FL,Baker County,28259,1,Metro - Counties in metro areas of 1 million population or more
12005,FL,Bay County,175216,3,"Metro - Counties in metro areas of fewer than 250,000 population"
12007,FL,Bradford County,28303,6,"Nonmetro - Urban population of 5,000 to 20,000, adjacent to a metro area"
12009,FL,Brevard County,606612,2,"Metro - Counties in metro areas of 250,000 to 1 million population"
12011,FL,Broward County,1944375,1,Metro - Counties in metro areas of 1 million population or more
12013,FL,Calhoun County,13648,8,"Nonmetro - Urban population of fewer than 5,000, adjacent to a metro area"
12015,FL,Charlotte County,186847,3,"Metro - Counties in metro areas of fewer than 250,000 population"
12017,FL,Citrus County,153843,3,"Metro - Counties in metro areas of fewer than 250,000 population"
12019,FL,Clay County,218245,1,Metro - Counties in metro areas of 1 million population or more
12021,FL,Collier County,375752,2,"Metro - Counties in metro areas of 250,000 to 1 million population"
12023,FL,Columbia County,69698,4,"Nonmetro - Urban population of 20,000 or more, adjacent to a metro area"
12027,FL,DeSoto County,33976,6,"Nonmetro - Urban population of 5,000 to 20,000, adjacent to a metro area"
12029,FL,Dixie County,16759,8,"Nonmetro - Urban population of fewer than 5,000, adjacent to a metro area"
12031,FL,Duval County,995567,1,Metro - Counties in metro areas of 1 million population or more
12033,FL,Escambia County,321905,2,"Metro - Counties in metro areas of 250,000 to 1 million population"
12035,FL,Flagler County,115378,2,"Metro - Counties in metro areas of 250,000 to 1 million population"
12037,FL,Franklin County,12451,8,"Nonmetro - Urban population of fewer than 5,000, adjacent to a metro area"
12039,FL,Gadsden County,43826,2,"Metro - Counties in metro areas of 250,000 to 1 million population"
12041,FL,Gilchrist County,17864,2,"Metro - Counties in metro areas of 250,000 to 1 million population"
12043,FL,Glades County,12126,8,"Nonmetro - Urban population of fewer than 5,000, adjacent to a metro area"
12045,FL,Gulf County,14192,8,"Nonmetro - Urban population of fewer than 5,000, adjacent to a metro area"
12047,FL,Hamilton County,14004,8,"Nonmetro - Urban population of fewer than 5,000, adjacent to a metro area"
12049,FL,Hardee County,25327,6,"Nonmetro - Urban population of 5,000 to 20,000, adjacent to a metro area"
12051,FL,Hendry County,39619,4,"Nonmetro - Urban population of 20,000 or more, adjacent to a metro area"
12053,FL,Hernando County,194515,1,Metro - Counties in metro areas of 1 million population or more
12055,FL,Highlands County,101235,3,"Metro - Counties in metro areas of fewer than 250,000 population"
12057,FL,Hillsborough County,1459762,1,Metro - Counties in metro areas of 1 million population or more
12059,FL,Holmes County,19653,8,"Nonmetro - Urban population of fewer than 5,000, adjacent to a metro area"
12061,FL,Indian River County,159788,3,"Metro - Counties in metro areas of fewer than 250,000 population"
12063,FL,Jackson County,47319,6,"Nonmetro - Urban population of 5,000 to 20,000, adjacent to a metro area"
12065,FL,Jefferson County,14510,2,"Metro - Counties in metro areas of 250,000 to 1 million population"
12067,FL,Lafayette County,8226,9,"Nonmetro - Urban population of fewer than 5,000, not adjacent to a metro area"
12069,FL,Lake County,383956,1,Metro - Counties in metro areas of 1 million population or more
12071,FL,Lee County,760822,2,"Metro - Counties in metro areas of 250,000 to 1 million population"
12073,FL,Leon County,292198,2,"Metro - Counties in metro areas of 250,000 to 1 million population"
12075,FL,Levy County,42915,2,"Metro - Counties in metro areas of 250,000 to 1 million population"
12077,FL,Liberty County,7974,8,"Nonmetro - Urban population of fewer than 5,000, adjacent to a metro area"
12079,FL,Madison County,17968,8,"Nonmetro - Urban population of fewer than 5,000, adjacent to a metro area"
12081,FL,Manatee County,399710,2,"Metro - Counties in metro areas of 250,000 to 1 million population"
12083,FL,Marion County,375908,2,"Metro - Counties in metro areas of 250,000 to 1 million population"
12085,FL,Martin County,158431,2,"Metro - Counties in metro areas of 250,000 to 1 million population"
12086,FL,Miami-Dade County,2701767,1,Metro - Counties in metro areas of 1 million population or more
12087,FL,Monroe County,82874,4,"Nonmetro - Urban population of 20,000 or more, adjacent to a metro area"
12089,FL,Nassau County,90352,1,Metro - Counties in metro areas of 1 million population or more
12091,FL,Okaloosa County,211668,2,"Metro - Counties in metro areas of 250,000 to 1 million population"
12093,FL,Okeechobee County,39644,4,"Nonmetro - Urban population of 20,000 or more, adjacent to a metro area"
12095,FL,Orange County,1429908,1,Metro - Counties in metro areas of 1 million population or more
12097,FL,Osceola County,388656,1,Metro - Counties in metro areas of 1 million population or more
12099,FL,Palm Beach County,1492191,1,Metro - Counties in metro areas of 1 million population or more
12101,FL,Pasco County,561891,1,Metro - Counties in metro areas of 1 million population or more
12103,FL,Pinellas County,959107,1,Metro - Counties in metro areas of 1 million population or more
12105,FL,Polk County,725046,2,"Metro - Counties in metro areas of 250,000 to 1 million population"
12107,FL,Putnam County,73321,4,"Nonmetro - Urban population of 20,000 or more, adjacent to a metro area"
12109,FL,St. Johns County,273425,1,Metro - Counties in metro areas of 1 million population or more
12111,FL,St. Lucie County,329226,2,"Metro - Counties in metro areas of 250,000 to 1 million population"
12113,FL,Santa Rosa County,188000,2,"Metro - Counties in metro areas of 250,000 to 1 million population"
12115,FL,Sarasota County,434006,2,"Metro - Counties in metro areas of 250,000 to 1 million population"
12117,FL,Seminole County,470856,1,Metro - Counties in metro areas of 1 million population or more
12119,FL,Sumter County,129752,3,"Metro - Counties in metro areas of fewer than 250,000 population"
12121,FL,Suwannee County,43474,6,"Nonmetro - Urban population of 5,000 to 20,000, adjacent to a metro area"
12123,FL,Taylor County,21796,6,"Nonmetro - Urban population of 5,000 to 20,000, adjacent to a metro area"
12125,FL,Union County,16147,8,"Nonmetro - Urban population of fewer than 5,000, adjacent to a metro area"
12127,FL,Volusia County,553543,2,"Metro - Counties in metro areas of 250,000 to 1 million population"
12129,FL,Wakulla County,33764,2,"Metro - Counties in metro areas of 250,000 to 1 million population"
12131,FL,Walton County,75305,2,"Metro - Counties in metro areas of 250,000 to 1 million population"
12133,FL,Washington County,25318,3,"Metro - Counties in metro areas of fewer than 250,000 population"
13001,GA,Appling County,18444,7,"Nonmetro - Urban population of 5,000 to 20,000, not adjacent to a metro area"
13003,GA,Atkinson County,8286,9,"Nonmetro - Urban population of fewer than 5,000, not adjacent to a metro area"
13005,GA,Bacon County,11140,9,"Nonmetro - Urban population of fewer than 5,000, not adjacent to a metro area"
13007,GA,Baker County,2876,8,"Nonmetro - Urban population of fewer than 5,000, adjacent to a metro area"
13009,GA,Baldwin County,43799,4,"Nonmetro - Urban population of 20,000 or more, adjacent to a metro area"
13011,GA,Banks County,18035,8,"Nonmetro - Urban population of fewer than 5,000, adjacent to a metro area"
13013,GA,Barrow County,83505,1,Metro - Counties in metro areas of 1 million population or more
13015,GA,Bartow County,108901,1,Metro - Counties in metro areas of 1 million population or more
13017,GA,Ben Hill County,17194,7,"Nonmetro - Urban population of 5,000 to 20,000, not adjacent to a metro area"
13019,GA,Berrien County,18160,8,"Nonmetro - Urban population of fewer than 5,000, adjacent to a metro area"
13021,GA,Bibb County,157346,3,"Metro - Counties in metro areas of fewer than 250,000 population"
13023,GA,Bleckley County,12583,6,"Nonmetro - Urban population of 5,000 to 20,000, adjacent to a metro area"
13025,GA,Brantley County,18021,3,"Metro - Counties in metro areas of fewer than 250,000 population"
13027,GA,Brooks County,16301,3,"Metro - Counties in metro areas of fewer than 250,000 population"
13029,GA,Bryan County,44738,2,"Metro - Counties in metro areas of 250,000 to 1 million population"
13031,GA,Bulloch County,81099,4,"Nonmetro - Urban population of 20,000 or more, adjacent to a metro area"
13033,GA,Burke County,24596,2,"Metro - Counties in metro areas of 250,000 to 1 million population"
13035,GA,Butts County,25434,1,Metro - Counties in metro areas of 1 million population or more
13037,GA,Calhoun County,5573,8,"Nonmetro - Urban population of fewer than 5,000, adjacent to a metro area"
13039,GA,Camden County,54768,4,"Nonmetro - Urban population of 20,000 or more, adjacent to a metro area"
13043,GA,Candler County,10981,9,"Nonmetro - Urban population of fewer than 5,000, not adjacent to a metro area"
13045,GA,Carroll County,119148,1,Metro - Counties in metro areas of 1 million population or more
13047,GA,Catoosa County,67872,2,"Metro - Counties in metro areas of 250,000 to 1 million population"
13049,GA,Charlton County,12518,8,"Nonmetro - Urban population of fewer than 5,000, adjacent to a metro area"
13051,GA,Chatham County,295291,2,"Metro - Counties in metro areas of 250,000 to 1 million population"
13053,GA,Chattahoochee County,9565,2,"Metro - Counties in metro areas of 250,000 to 1 million population"
13055,GA,Chattooga County,24965,6,"Nonmetro - Urban population of 5,000 to 20,000, adjacent to a metro area"
13057,GA,Cherokee County,266620,1,Metro - Counties in metro areas of 1 million population or more
13059,GA,Clarke County,128671,3,"Metro - Counties in metro areas of fewer than 250,000 population"
13061,GA,Clay County,2848,9,"Nonmetro - Urban population of fewer than 5,000, not adjacent to a metro area"
13063,GA,Clayton County,297595,1,Metro - Counties in metro areas of 1 million population or more
13065,GA,Clinch County,6749,8,"Nonmetro - Urban population of fewer than 5,000, adjacent to a metro area"
13067,GA,Cobb County,766149,1,Metro - Counties in metro areas of 1 million population or more
13069,GA,Coffee County,43092,7,"Nonmetro - Urban population of 5,000 to 20,000, not adjacent to a metro area"
13071,GA,Colquitt County,45898,6,"Nonmetro - Urban population of 5,000 to 20,000, adjacent to a metro area"
13073,GA,Columbia County,156010,2,"Metro - Counties in metro areas of 250,000 to 1 million population"
13075,GA,Cook County,17229,6,"Nonmetro - Urban population of 5,000 to 20,000, adjacent to a metro area"
13077,GA,Coweta County,146158,1,Metro - Counties in metro areas of 1 million population or more
13079,GA,Crawford County,12130,3,"Metro - Counties in metro areas of fewer than 250,000 population"
13081,GA,Crisp County,20128,6,"Nonmetro - Urban population of 5,000 to 20,000, adjacent to a metro area"
13083,GA,Dade County,16251,2,"Metro - Counties in metro areas of 250,000 to 1 million population"
13085,GA,Dawson County,26798,1,Metro - Counties in metro areas of 1 million population or more
13087,GA,Decatur County,29367,6,"Nonmetro - Urban population of 5,000 to 20,000, adjacent to a metro area"
13089,GA,DeKalb County,764382,1,Metro - Counties in metro areas of 1 million population or more
13091,GA,Dodge County,19925,7,"Nonmetro - Urban population of 5,000 to 20,000, not adjacent to a metro area"
13093,GA,Dooly County,11208,8,"Nonmetro - Urban population of fewer than 5,000, adjacent to a metro area"
13095,GA,Dougherty County,85790,3,"Metro - Counties in metro areas of fewer than 250,000 population"
13097,GA,Douglas County,144237,1,Metro - Counties in metro areas of 1 million population or more
13099,GA,Early County,10854,8,"Nonmetro - Urban population of fewer than 5,000, adjacent to a metro area"
13101,GA,Echols County,3697,3,"Metro - Counties in metro areas of fewer than 250,000 population"
13103,GA,Effingham County,64769,2,"Metro - Counties in metro areas of 250,000 to 1 million population"
13105,GA,Elbert County,19637,6,"Nonmetro - Urban population of 5,000 to 20,000, adjacent to a metro area"
13107,GA,Emanuel County,22768,7,"Nonmetro - Urban population of 5,000 to 20,000, not adjacent to a metro area"
13109,GA,Evans County,10774,8,"Nonmetro - Urban population of fewer than 5,000, adjacent to a metro area"
13111,GA,Fannin County,25319,8,"Nonmetro - Urban population of fewer than 5,000, adjacent to a metro area"
13113,GA,Fayette County,119194,1,Metro - Counties in metro areas of 1 million population or more
13115,GA,Floyd County,98584,3,"Metro - Counties in metro areas of fewer than 250,000 population"
13117,GA,Forsyth County,251283,1,Metro - Counties in metro areas of 1 million population or more
13119,GA,Franklin County,23424,8,"Nonmetro - Urban population of fewer than 5,000, adjacent to a metro area"
13121,GA,Fulton County,1066710,1,Metro - Counties in metro areas of 1 million population or more
13123,GA,Gilmer County,31353,6,"Nonmetro - Urban population of 5,000 to 20,000, adjacent to a metro area"
13125,GA,Glascock County,2884,9,"Nonmetro - Urban population of fewer than 5,000, not adjacent to a metro area"
13127,GA,Glynn County,84499,3,"Metro - Counties in metro areas of fewer than 250,000 population"
13129,GA,Gordon County,57544,4,"Nonmetro - Urban population of 20,000 or more, adjacent to a metro area"
13131,GA,Grady County,26236,6,"Nonmetro - Urban population of 5,000 to 20,000, adjacent to a metro area"
13133,GA,Greene County,18915,8,"Nonmetro - Urban population of fewer than 5,000, adjacent to a metro area"
13135,GA,Gwinnett County,957062,1,Metro - Counties in metro areas of 1 million population or more
13137,GA,Habersham County,46031,6,"Nonmetro - Urban population of 5,000 to 20,000, adjacent to a metro area"
13139,GA,Hall County,203136,3,"Metro - Counties in metro areas of fewer than 250,000 population"
13141,GA,Hancock County,8735,9,"Nonmetro - Urban population of fewer than 5,000, not adjacent to a metro area"
13143,GA,Haralson County,29919,1,Metro - Counties in metro areas of 1 million population or more
13145,GA,Harris County,34668,2,"Metro - Counties in metro areas of 250,000 to 1 million population"
13147,GA,Hart County,25828,6,"Nonmetro - Urban population of 5,000 to 20,000, adjacent to a metro area"
13149,GA,Heard County,11412,1,Metro - Counties in metro areas of 1 million population or more
13151,GA,Henry County,240712,1,Metro - Counties in metro areas of 1 million population or more
13153,GA,Houston County,163633,3,"Metro - Counties in metro areas of fewer than 250,000 population"
13155,GA,Irwin County,9666,9,"Nonmetro - Urban population of fewer than 5,000, not adjacent to a metro area"
13157,GA,Jackson County,75907,4,"Nonmetro - Urban population of 20,000 or more, adjacent to a metro area"
13159,GA,Jasper County,14588,1,Metro - Counties in metro areas of 1 million population or more
13161,GA,Jeff Davis County,14779,9,"Nonmetro - Urban population of fewer than 5,000, not adjacent to a metro area"
13163,GA,Jefferson County,15709,8,"Nonmetro - Urban population of fewer than 5,000, adjacent to a metro area"
13165,GA,Jenkins County,8674,9,"Nonmetro - Urban population of fewer than 5,000, not adjacent to a metro area"
13167,GA,Johnson County,9189,9,"Nonmetro - Urban population of fewer than 5,000, not adjacent to a metro area"
13169,GA,Jones County,28347,3,"Metro - Counties in metro areas of fewer than 250,000 population"
13171,GA,Lamar County,18500,6,"Nonmetro - Urban population of 5,000 to 20,000, adjacent to a metro area"
13173,GA,Lanier County,9877,3,"Metro - Counties in metro areas of fewer than 250,000 population"
13175,GA,Laurens County,49570,4,"Nonmetro - Urban population of 20,000 or more, adjacent to a metro area"
13177,GA,Lee County,33163,3,"Metro - Counties in metro areas of fewer than 250,000 population"
13179,GA,Liberty County,65256,3,"Metro - Counties in metro areas of fewer than 250,000 population"
13181,GA,Lincoln County,7690,2,"Metro - Counties in metro areas of 250,000 to 1 million population"
13183,GA,Long County,16168,3,"Metro - Counties in metro areas of fewer than 250,000 population"
13185,GA,Lowndes County,118251,3,"Metro - Counties in metro areas of fewer than 250,000 population"
13187,GA,Lumpkin County,33488,1,Metro - Counties in metro areas of 1 million population or more
13189,GA,McDuffie County,21632,2,"Metro - Counties in metro areas of 250,000 to 1 million population"
13191,GA,McIntosh County,10975,3,"Metro - Counties in metro areas of fewer than 250,000 population"
13193,GA,Macon County,12082,8,"Nonmetro - Urban population of fewer than 5,000, adjacent to a metro area"
13195,GA,Madison County,30120,3,"Metro - Counties in metro areas of fewer than 250,000 population"
13197,GA,Marion County,7498,2,"Metro - Counties in metro areas of 250,000 to 1 million population"
13199,GA,Meriwether County,20613,1,Metro - Counties in metro areas of 1 million population or more
13201,GA,Miller County,6000,9,"Nonmetro - Urban population of fewer than 5,000, not adjacent to a metro area"
13205,GA,Mitchell County,21755,6,"Nonmetro - Urban population of 5,000 to 20,000, adjacent to a metro area"
13207,GA,Monroe County,27957,3,"Metro - Counties in metro areas of fewer than 250,000 population"
13209,GA,Montgomery County,8610,9,"Nonmetro - Urban population of fewer than 5,000, not adjacent to a metro area"
13211,GA,Morgan County,20097,1,Metro - Counties in metro areas of 1 million population or more
13213,GA,Murray County,39973,3,"Metro - Counties in metro areas of fewer than 250,000 population"
13215,GA,Muscogee County,206922,2,"Metro - Counties in metro areas of 250,000 to 1 million population"
13217,GA,Newton County,112483,1,Metro - Counties in metro areas of 1 million population or more
13219,GA,Oconee County,41799,3,"Metro - Counties in metro areas of fewer than 250,000 population"
13221,GA,Oglethorpe County,14825,3,"Metro - Counties in metro areas of fewer than 250,000 population"
13223,GA,Paulding County,168661,1,Metro - Counties in metro areas of 1 million population or more
13225,GA,Peach County,27981,3,"Metro - Counties in metro areas of fewer than 250,000 population"
13227,GA,Pickens County,33216,1,Metro - Counties in metro areas of 1 million population or more
13229,GA,Pierce County,19716,8,"Nonmetro - Urban population of fewer than 5,000, adjacent to a metro area"
13231,GA,Pike County,18889,1,Metro - Counties in metro areas of 1 million population or more
13233,GA,Polk County,42853,4,"Nonmetro - Urban population of 20,000 or more, adjacent to a metro area"
13235,GA,Pulaski County,9855,8,"Nonmetro - Urban population of fewer than 5,000, adjacent to a metro area"
13237,GA,Putnam County,22047,8,"Nonmetro - Urban population of fewer than 5,000, adjacent to a metro area"
13239,GA,Quitman County,2235,8,"Nonmetro - Urban population of fewer than 5,000, adjacent to a metro area"
13241,GA,Rabun County,16883,9,"Nonmetro - Urban population of fewer than 5,000, not adjacent to a metro area"
13243,GA,Randolph County,6425,8,"Nonmetro - Urban population of fewer than 5,000, adjacent to a metro area"
13245,GA,Richmond County,206607,2,"Metro - Counties in metro areas of 250,000 to 1 million population"
13247,GA,Rockdale County,93570,1,Metro - Counties in metro areas of 1 million population or more
13249,GA,Schley County,4547,8,"Nonmetro - Urban population of fewer than 5,000, adjacent to a metro area"
13251,GA,Screven County,14067,8,"Nonmetro - Urban population of fewer than 5,000, adjacent to a metro area"
13253,GA,Seminole County,9147,8,"Nonmetro - Urban population of fewer than 5,000, adjacent to a metro area"
13255,GA,Spalding County,67306,1,Metro - Counties in metro areas of 1 million population or more
13257,GA,Stephens County,26784,7,"Nonmetro - Urban population of 5,000 to 20,000, not adjacent to a metro area"
13259,GA,Stewart County,5314,2,"Metro - Counties in metro areas of 250,000 to 1 million population"
13261,GA,Sumter County,29616,6,"Nonmetro - Urban population of 5,000 to 20,000, adjacent to a metro area"
13263,GA,Talbot County,5733,2,"Metro - Counties in metro areas of 250,000 to 1 million population"
13265,GA,Taliaferro County,1559,8,"Nonmetro - Urban population of fewer than 5,000, adjacent to a metro area"
13267,GA,Tattnall County,22842,8,"Nonmetro - Urban population of fewer than 5,000, adjacent to a metro area"
13269,GA,Taylor County,7816,8,"Nonmetro - Urban population of fewer than 5,000, adjacent to a metro area"
13271,GA,Telfair County,12477,9,"Nonmetro - Urban population of fewer than 5,000, not adjacent to a metro area"
13273,GA,Terrell County,9185,3,"Metro - Counties in metro areas of fewer than 250,000 population"
13275,GA,Thomas County,45798,4,"Nonmetro - Urban population of 20,000 or more, adjacent to a metro area"
13277,GA,Tift County,41344,5,"Nonmetro - Urban population of 20,000 or more, not adjacent to a metro area"
13279,GA,Toombs County,27030,7,"Nonmetro - Urban population of 5,000 to 20,000, not adjacent to a metro area"
13281,GA,Towns County,12493,9,"Nonmetro - Urban population of fewer than 5,000, not adjacent to a metro area"
13283,GA,Treutlen County,6406,9,"Nonmetro - Urban population of fewer than 5,000, not adjacent to a metro area"
13285,GA,Troup County,69426,4,"Nonmetro - Urban population of 20,000 or more, adjacent to a metro area"
13287,GA,Turner County,9006,9,"Nonmetro - Urban population of fewer than 5,000, not adjacent to a metro area"
13289,GA,Twiggs County,8022,3,"Metro - Counties in metro areas of fewer than 250,000 population"
13291,GA,Union County,24632,8,"Nonmetro - Urban population of fewer than 5,000, adjacent to a metro area"
13293,GA,Upson County,27700,6,"Nonmetro - Urban population of 5,000 to 20,000, adjacent to a metro area"
13295,GA,Walker County,67654,2,"Metro - Counties in metro areas of 250,000 to 1 million population"
13297,GA,Walton County,96673,1,Metro - Counties in metro areas of 1 million population or more
13299,GA,Ware County,36251,5,"Nonmetro - Urban population of 20,000 or more, not adjacent to a metro area"
13301,GA,Warren County,5215,8,"Nonmetro - Urban population of fewer than 5,000, adjacent to a metro area"
13303,GA,Washington County,19988,7,"Nonmetro - Urban population of 5,000 to 20,000, not adjacent to a metro area"
13305,GA,Wayne County,30144,6,"Nonmetro - Urban population of 5,000 to 20,000, adjacent to a metro area"
13307,GA,Webster County,2348,8,"Nonmetro - Urban population of fewer than 5,000, adjacent to a metro area"
13309,GA,Wheeler County,7471,9,"Nonmetro - Urban population of fewer than 5,000, not adjacent to a metro area"
13311,GA,White County,28003,8,"Nonmetro - Urban population of fewer than 5,000, adjacent to a metro area"
13313,GA,Whitfield County,102864,3,"Metro - Counties in metro areas of fewer than 250,000 population"
13315,GA,Wilcox County,8766,9,"Nonmetro - Urban population of fewer than 5,000, not adjacent to a metro area"
13317,GA,Wilkes County,9565,8,"Nonmetro - Urban population of fewer than 5,000, adjacent to a metro area"
13319,GA,Wilkinson County,8877,8,"Nonmetro - Urban population of fewer than 5,000, adjacent to a metro area"
13321,GA,Worth County,20784,3,"Metro - Counties in metro areas of fewer than 250,000 population"
15001,HI,Hawaii County,200629,5,"Nonmetro - Urban population of 20,000 or more, not adjacent to a metro area"
15003,HI,Honolulu County,1016508,1,Metro - Counties in metro areas of 1 million population or more
15005,HI,Kalawao County,82,3,"Metro - Counties in metro areas of fewer than 250,000 population"
15007,HI,Kauai County,73298,5,"Nonmetro - Urban population of 20,000 or more, not adjacent to a metro area"
15009,HI,Maui County,164754,3,"Metro - Counties in metro areas of fewer than 250,000 population"
16001,ID,Ada County,494967,2,"Metro - Counties in metro areas of 250,000 to 1 million population"
16003,ID,Adams County,4379,9,"Nonmetro - Urban population of fewer than 5,000, not adjacent to a metro area"
16005,ID,Bannock County,87018,3,"Metro - Counties in metro areas of fewer than 250,000 population"
16007,ID,Bear Lake County,6372,9,"Nonmetro - Urban population of fewer than 5,000, not adjacent to a metro area"
16009,ID,Benewah County,9530,8,"Nonmetro - Urban population of fewer than 5,000, adjacent to a metro area"
16011,ID,Bingham County,47992,6,"Nonmetro - Urban population of 5,000 to 20,000, adjacent to a metro area"
16013,ID,Blaine County,24272,7,"Nonmetro - Urban population of 5,000 to 20,000, not adjacent to a metro area"
16015,ID,Boise County,7610,2,"Metro - Counties in metro areas of 250,000 to 1 million population"
16017,ID,Bonner County,47110,6,"Nonmetro - Urban population of 5,000 to 20,000, adjacent to a metro area"
16019,ID,Bonneville County,123964,3,"Metro - Counties in metro areas of fewer than 250,000 population"
16021,ID,Boundary County,12056,9,"Nonmetro - Urban population of fewer than 5,000, not adjacent to a metro area"
16023,ID,Butte County,2574,3,"Metro - Counties in metro areas of fewer than 250,000 population"
16025,ID,Camas County,1077,9,"Nonmetro - Urban population of fewer than 5,000, not adjacent to a metro area"
16027,ID,Canyon County,231105,2,"Metro - Counties in metro areas of 250,000 to 1 million population"
16029,ID,Caribou County,7027,8,"Nonmetro - Urban population of fewer than 5,000, adjacent to a metro area"
16031,ID,Cassia County,24655,6,"Nonmetro - Urban population of 5,000 to 20,000, adjacent to a metro area"
16033,ID,Clark County,790,8,"Nonmetro - Urban population of fewer than 5,000, adjacent to a metro area"
16035,ID,Clearwater County,8734,8,"Nonmetro - Urban population of fewer than 5,000, adjacent to a metro area"
16037,ID,Custer County,4275,8,"Nonmetro - Urban population of fewer than 5,000, adjacent to a metro area"
16039,ID,Elmore County,28666,6,"Nonmetro - Urban population of 5,000 to 20,000, adjacent to a metro area"
16041,ID,Franklin County,14194,3,"Metro - Counties in metro areas of fewer than 250,000 population"
16043,ID,Fremont County,13388,8,"Nonmetro - Urban population of fewer than 5,000, adjacent to a metro area"
16045,ID,Gem County,19123,2,"Metro - Counties in metro areas of 250,000 to 1 million population"
16047,ID,Gooding County,15598,8,"Nonmetro - Urban population of fewer than 5,000, adjacent to a metro area"
16049,ID,Idaho County,16541,8,"Nonmetro - Urban population of fewer than 5,000, adjacent to a metro area"
16051,ID,Jefferson County,30891,3,"Metro - Counties in metro areas of fewer than 250,000 population"
16053,ID,Jerome County,24237,3,"Metro - Counties in metro areas of fewer than 250,000 population"
16055,ID,Kootenai County,171362,3,"Metro - Counties in metro areas of fewer than 250,000 population"
16057,ID,Latah County,39517,4,"Nonmetro - Urban population of 20,000 or more, adjacent to a metro area"
16059,ID,Lemhi County,7974,9,"Nonmetro - Urban population of fewer than 5,000, not adjacent to a metro area"
16061,ID,Lewis County,3533,8,"Nonmetro - Urban population of fewer than 5,000, adjacent to a metro area"
16063,ID,Lincoln County,5127,8,"Nonmetro - Urban population of fewer than 5,000, adjacent to a metro area"
16065,ID,Madison County,52913,4,"Nonmetro - Urban population of 20,000 or more, adjacent to a metro area"
16067,ID,Minidoka County,21613,7,"Nonmetro - Urban population of 5,000 to 20,000, not adjacent to a metro area"
16069,ID,Nez Perce County,42090,3,"Metro - Counties in metro areas of fewer than 250,000 population"
16071,ID,Oneida County,4564,8,"Nonmetro - Urban population of fewer than 5,000, adjacent to a metro area"
16073,ID,Owyhee County,11913,2,"Metro - Counties in metro areas of 250,000 to 1 million population"
16075,ID,Payette County,25386,6,"Nonmetro - Urban population of 5,000 to 20,000, adjacent to a metro area"
16077,ID,Power County,7878,8,"Nonmetro - Urban population of fewer than 5,000, adjacent to a metro area"
16079,ID,Shoshone County,13169,8,"Nonmetro - Urban population of fewer than 5,000, adjacent to a metro area"
16081,ID,Teton County,11630,9,"Nonmetro - Urban population of fewer than 5,000, not adjacent to a metro area"
16083,ID,Twin Falls County,90046,3,"Metro - Counties in metro areas of fewer than 250,000 population"
16085,ID,Valley County,11746,9,"Nonmetro - Urban population of fewer than 5,000, not adjacent to a metro area"
16087,ID,Washington County,10500,6,"Nonmetro - Urban population of 5,000 to 20,000, adjacent to a metro area"
17001,IL,Adams County,65737,5,"Nonmetro - Urban population of 20,000 or more, not adjacent to a metro area"
17003,IL,Alexander County,5240,3,"Metro - Counties in metro areas of fewer than 250,000 population"
17005,IL,Bond County,16725,1,Metro - Counties in metro areas of 1 million population or more
17007,IL,Boone County,53448,2,"Metro - Counties in metro areas of 250,000 to 1 million population"
17009,IL,Brown County,6244,9,"Nonmetro - Urban population of fewer than 5,000, not adjacent to a metro area"
17011,IL,Bureau County,33244,7,"Nonmetro - Urban population of 5,000 to 20,000, not adjacent to a metro area"
17013,IL,Calhoun County,4437,1,Metro - Counties in metro areas of 1 million population or more
17015,IL,Carroll County,15702,9,"Nonmetro - Urban population of fewer than 5,000, not adjacent to a metro area"
17017,IL,Cass County,13042,6,"Nonmetro - Urban population of 5,000 to 20,000, adjacent to a metro area"
17019,IL,Champaign County,205865,3,"Metro - Counties in metro areas of fewer than 250,000 population"
17021,IL,Christian County,34032,6,"Nonmetro - Urban population of 5,000 to 20,000, adjacent to a metro area"
17023,IL,Clark County,15455,8,"Nonmetro - Urban population of fewer than 5,000, adjacent to a metro area"
17025,IL,Clay County,13288,9,"Nonmetro - Urban population of fewer than 5,000, not adjacent to a metro area"
17027,IL,Clinton County,36899,1,Metro - Counties in metro areas of 1 million population or more
17029,IL,Coles County,46863,5,"Nonmetro - Urban population of 20,000 or more, not adjacent to a metro area"
17031,IL,Cook County,5275541,1,Metro - Counties in metro areas of 1 million population or more
17033,IL,Crawford County,18679,6,"Nonmetro - Urban population of 5,000 to 20,000, adjacent to a metro area"
17035,IL,Cumberland County,10450,9,"Nonmetro - Urban population of fewer than 5,000, not adjacent to a metro area"
17037,IL,DeKalb County,100420,1,Metro - Counties in metro areas of 1 million population or more
17039,IL,De Witt County,15516,6,"Nonmetro - Urban population of 5,000 to 20,000, adjacent to a metro area"
17041,IL,Douglas County,19740,8,"Nonmetro - Urban population of fewer than 5,000, adjacent to a metro area"
17043,IL,DuPage County,932877,1,Metro - Counties in metro areas of 1 million population or more
17045,IL,Edgar County,16866,6,"Nonmetro - Urban population of 5,000 to 20,000, adjacent to a metro area"
17047,IL,Edwards County,6245,9,"Nonmetro - Urban population of fewer than 5,000, not adjacent to a metro area"
17049,IL,Effingham County,34668,7,"Nonmetro - Urban population of 5,000 to 20,000, not adjacent to a metro area"
17051,IL,Fayette County,21488,6,"Nonmetro - Urban population of 5,000 to 20,000, adjacent to a metro area"
17053,IL,Ford County,13534,3,"Metro - Counties in metro areas of fewer than 250,000 population"
17055,IL,Franklin County,37804,7,"Nonmetro - Urban population of 5,000 to 20,000, not adjacent to a metro area"
17057,IL,Fulton County,33609,6,"Nonmetro - Urban population of 5,000 to 20,000, adjacent to a metro area"
17059,IL,Gallatin County,4946,8,"Nonmetro - Urban population of fewer than 5,000, adjacent to a metro area"
17061,IL,Greene County,11985,8,"Nonmetro - Urban population of fewer than 5,000, adjacent to a metro area"
17063,IL,Grundy County,52533,1,Metro - Counties in metro areas of 1 million population or more
17065,IL,Hamilton County,7993,9,"Nonmetro - Urban population of fewer than 5,000, not adjacent to a metro area"
17067,IL,Hancock County,17620,9,"Nonmetro - Urban population of fewer than 5,000, not adjacent to a metro area"
17069,IL,Hardin County,3649,9,"Nonmetro - Urban population of fewer than 5,000, not adjacent to a metro area"
17071,IL,Henderson County,6387,9,"Nonmetro - Urban population of fewer than 5,000, not adjacent to a metro area"
17073,IL,Henry County,49284,2,"Metro - Counties in metro areas of 250,000 to 1 million population"
17075,IL,Iroquois County,27077,8,"Nonmetro - Urban population of fewer than 5,000, adjacent to a metro area"
17077,IL,Jackson County,52974,5,"Nonmetro - Urban population of 20,000 or more, not adjacent to a metro area"
17079,IL,Jasper County,9287,9,"Nonmetro - Urban population of fewer than 5,000, not adjacent to a metro area"
17081,IL,Jefferson County,37113,7,"Nonmetro - Urban population of 5,000 to 20,000, not adjacent to a metro area"
17083,IL,Jersey County,21512,1,Metro - Counties in metro areas of 1 million population or more
17085,IL,Jo Daviess County,22035,8,"Nonmetro - Urban population of fewer than 5,000, adjacent to a metro area"
17087,IL,Johnson County,13308,8,"Nonmetro - Urban population of fewer than 5,000, adjacent to a metro area"
17089,IL,Kane County,516522,1,Metro - Counties in metro areas of 1 million population or more
17091,IL,Kankakee County,107502,3,"Metro - Counties in metro areas of fewer than 250,000 population"
17093,IL,Kendall County,131869,1,Metro - Counties in metro areas of 1 million population or more
17095,IL,Knox County,49967,4,"Nonmetro - Urban population of 20,000 or more, adjacent to a metro area"
17097,IL,Lake County,714342,1,Metro - Counties in metro areas of 1 million population or more
17099,IL,LaSalle County,109658,4,"Nonmetro - Urban population of 20,000 or more, adjacent to a metro area"
17101,IL,Lawrence County,15280,9,"Nonmetro - Urban population of fewer than 5,000, not adjacent to a metro area"
17103,IL,Lee County,34145,6,"Nonmetro - Urban population of 5,000 to 20,000, adjacent to a metro area"
17105,IL,Livingston County,35815,6,"Nonmetro - Urban population of 5,000 to 20,000, adjacent to a metro area"
17107,IL,Logan County,27987,6,"Nonmetro - Urban population of 5,000 to 20,000, adjacent to a metro area"
17109,IL,McDonough County,27238,7,"Nonmetro - Urban population of 5,000 to 20,000, not adjacent to a metro area"
17111,IL,McHenry County,310229,1,Metro - Counties in metro areas of 1 million population or more
17113,IL,McLean County,170954,3,"Metro - Counties in metro areas of fewer than 250,000 population"
17115,IL,Macon County,103998,3,"Metro - Counties in metro areas of fewer than 250,000 population"
17117,IL,Macoupin County,44967,1,Metro - Counties in metro areas of 1 million population or more
17119,IL,Madison County,265859,1,Metro - Counties in metro areas of 1 million population or more
17121,IL,Marion County,37729,7,"Nonmetro - Urban population of 5,000 to 20,000, not adjacent to a metro area"
17123,IL,Marshall County,11742,2,"Metro - Counties in metro areas of 250,000 to 1 million population"
17125,IL,Mason County,13086,8,"Nonmetro - Urban population of fewer than 5,000, adjacent to a metro area"
17127,IL,Massac County,14169,3,"Metro - Counties in metro areas of fewer than 250,000 population"
17129,IL,Menard County,12297,3,"Metro - Counties in metro areas of fewer than 250,000 population"
17131,IL,Mercer County,15699,2,"Metro - Counties in metro areas of 250,000 to 1 million population"
17133,IL,Monroe County,34962,1,Metro - Counties in metro areas of 1 million population or more
17135,IL,Montgomery County,28288,6,"Nonmetro - Urban population of 5,000 to 20,000, adjacent to a metro area"
17137,IL,Morgan County,32915,4,"Nonmetro - Urban population of 20,000 or more, adjacent to a metro area"
17139,IL,Moultrie County,14526,8,"Nonmetro - Urban population of fewer than 5,000, adjacent to a metro area"
17141,IL,Ogle County,51788,6,"Nonmetro - Urban population of 5,000 to 20,000, adjacent to a metro area"
17143,IL,Peoria County,181830,2,"Metro - Counties in metro areas of 250,000 to 1 million population"
17145,IL,Perry County,20945,7,"Nonmetro - Urban population of 5,000 to 20,000, not adjacent to a metro area"
17147,IL,Piatt County,16673,3,"Metro - Counties in metro areas of fewer than 250,000 population"
17149,IL,Pike County,14739,9,"Nonmetro - Urban population of fewer than 5,000, not adjacent to a metro area"
17151,IL,Pope County,3763,8,"Nonmetro - Urban population of fewer than 5,000, adjacent to a metro area"
17153,IL,Pulaski County,5193,8,"Nonmetro - Urban population of fewer than 5,000, adjacent to a metro area"
17155,IL,Putnam County,5637,8,"Nonmetro - Urban population of fewer than 5,000, adjacent to a metro area"
17157,IL,Randolph County,30163,6,"Nonmetro - Urban population of 5,000 to 20,000, adjacent to a metro area"
17159,IL,Richland County,15813,7,"Nonmetro - Urban population of 5,000 to 20,000, not adjacent to a metro area"
17161,IL,Rock Island County,144672,2,"Metro - Counties in metro areas of 250,000 to 1 million population"
17163,IL,St. Clair County,257400,1,Metro - Counties in metro areas of 1 million population or more
17165,IL,Saline County,23768,7,"Nonmetro - Urban population of 5,000 to 20,000, not adjacent to a metro area"
17167,IL,Sangamon County,196343,3,"Metro - Counties in metro areas of fewer than 250,000 population"
17169,IL,Schuyler County,6902,9,"Nonmetro - Urban population of fewer than 5,000, not adjacent to a metro area"
17171,IL,Scott County,4949,9,"Nonmetro - Urban population of fewer than 5,000, not adjacent to a metro area"
17173,IL,Shelby County,20990,8,"Nonmetro - Urban population of fewer than 5,000, adjacent to a metro area"
17175,IL,Stark County,5400,2,"Metro - Counties in metro areas of 250,000 to 1 million population"
17177,IL,Stephenson County,44630,4,"Nonmetro - Urban population of 20,000 or more, adjacent to a metro area"
17179,IL,Tazewell County,131343,2,"Metro - Counties in metro areas of 250,000 to 1 million population"
17181,IL,Union County,17244,6,"Nonmetro - Urban population of 5,000 to 20,000, adjacent to a metro area"
17183,IL,Vermilion County,74188,4,"Nonmetro - Urban population of 20,000 or more, adjacent to a metro area"
17185,IL,Wabash County,11361,7,"Nonmetro - Urban population of 5,000 to 20,000, not adjacent to a metro area"
17187,IL,Warren County,16835,6,"Nonmetro - Urban population of 5,000 to 20,000, adjacent to a metro area"
17189,IL,Washington County,13761,8,"Nonmetro - Urban population of fewer than 5,000, adjacent to a metro area"
17191,IL,Wayne County,16179,9,"Nonmetro - Urban population of fewer than 5,000, not adjacent to a metro area"
17193,IL,White County,13877,6,"Nonmetro - Urban population of 5,000 to 20,000, adjacent to a metro area"
17195,IL,Whiteside County,55691,4,"Nonmetro - Urban population of 20,000 or more, adjacent to a metro area"
17197,IL,Will County,696355,1,Metro - Counties in metro areas of 1 million population or more
17199,IL,Williamson County,67153,5,"Nonmetro - Urban population of 20,000 or more, not adjacent to a metro area"
17201,IL,Winnebago County,285350,2,"Metro - Counties in metro areas of 250,000 to 1 million population"
17203,IL,Woodford County,38467,2,"Metro - Counties in metro areas of 250,000 to 1 million population"
18001,IN,Adams County,35809,6,"Nonmetro - Urban population of 5,000 to 20,000, adjacent to a metro area"
18003,IN,Allen County,385410,2,"Metro - Counties in metro areas of 250,000 to 1 million population"
18005,IN,Bartholomew County,82208,3,"Metro - Counties in metro areas of fewer than 250,000 population"
18007,IN,Benton County,8719,3,"Metro - Counties in metro areas of fewer than 250,000 population"
18009,IN,Blackford County,12112,6,"Nonmetro - Urban population of 5,000 to 20,000, adjacent to a metro area"
18011,IN,Boone County,70812,1,Metro - Counties in metro areas of 1 million population or more
18013,IN,Brown County,15475,1,Metro - Counties in metro areas of 1 million population or more
18015,IN,Carroll County,20306,3,"Metro - Counties in metro areas of fewer than 250,000 population"
18017,IN,Cass County,37870,4,"Nonmetro - Urban population of 20,000 or more, adjacent to a metro area"
18019,IN,Clark County,121093,1,Metro - Counties in metro areas of 1 million population or more
18021,IN,Clay County,26466,3,"Metro - Counties in metro areas of fewer than 250,000 population"
18023,IN,Clinton County,33190,6,"Nonmetro - Urban population of 5,000 to 20,000, adjacent to a metro area"
18025,IN,Crawford County,10526,8,"Nonmetro - Urban population of fewer than 5,000, adjacent to a metro area"
18027,IN,Daviess County,33381,7,"Nonmetro - Urban population of 5,000 to 20,000, not adjacent to a metro area"
18029,IN,Dearborn County,50679,1,Metro - Counties in metro areas of 1 million population or more
18031,IN,Decatur County,26472,6,"Nonmetro - Urban population of 5,000 to 20,000, adjacent to a metro area"
18033,IN,DeKalb County,43265,4,"Nonmetro - Urban population of 20,000 or more, adjacent to a metro area"
18035,IN,Delaware County,111903,3,"Metro - Counties in metro areas of fewer than 250,000 population"
18037,IN,Dubois County,43637,5,"Nonmetro - Urban population of 20,000 or more, not adjacent to a metro area"
18039,IN,Elkhart County,207047,3,"Metro - Counties in metro areas of fewer than 250,000 population"
18041,IN,Fayette County,23398,6,"Nonmetro - Urban population of 5,000 to 20,000, adjacent to a metro area"
18043,IN,Floyd County,80484,1,Metro - Counties in metro areas of 1 million population or more
18045,IN,Fountain County,16479,8,"Nonmetro - Urban population of fewer than 5,000, adjacent to a metro area"
18047,IN,Franklin County,22785,1,Metro - Counties in metro areas of 1 million population or more
18049,IN,Fulton County,20480,7,"Nonmetro - Urban population of 5,000 to 20,000, not adjacent to a metro area"
18051,IN,Gibson County,33011,6,"Nonmetro - Urban population of 5,000 to 20,000, adjacent to a metro area"
18053,IN,Grant County,66674,4,"Nonmetro - Urban population of 20,000 or more, adjacent to a metro area"
18055,IN,Greene County,30803,6,"Nonmetro - Urban population of 5,000 to 20,000, adjacent to a metro area"
18057,IN,Hamilton County,347467,1,Metro - Counties in metro areas of 1 million population or more
18059,IN,Hancock County,79840,1,Metro - Counties in metro areas of 1 million population or more
18061,IN,Harrison County,39654,1,Metro - Counties in metro areas of 1 million population or more
18063,IN,Hendricks County,174788,1,Metro - Counties in metro areas of 1 million population or more
18065,IN,Henry County,48914,6,"Nonmetro - Urban population of 5,000 to 20,000, adjacent to a metro area"
18067,IN,Howard County,83658,3,"Metro - Counties in metro areas of fewer than 250,000 population"
18069,IN,Huntington County,36662,6,"Nonmetro - Urban population of 5,000 to 20,000, adjacent to a metro area"
18071,IN,Jackson County,46428,4,"Nonmetro - Urban population of 20,000 or more, adjacent to a metro area"
18073,IN,Jasper County,32918,1,Metro - Counties in metro areas of 1 million population or more
18075,IN,Jay County,20478,6,"Nonmetro - Urban population of 5,000 to 20,000, adjacent to a metro area"
18077,IN,Jefferson County,33147,6,"Nonmetro - Urban population of 5,000 to 20,000, adjacent to a metro area"
18079,IN,Jennings County,27613,6,"Nonmetro - Urban population of 5,000 to 20,000, adjacent to a metro area"
18081,IN,Johnson County,161765,1,Metro - Counties in metro areas of 1 million population or more
18083,IN,Knox County,36282,7,"Nonmetro - Urban population of 5,000 to 20,000, not adjacent to a metro area"
18085,IN,Kosciusko County,80240,4,"Nonmetro - Urban population of 20,000 or more, adjacent to a metro area"
18087,IN,LaGrange County,40446,8,"Nonmetro - Urban population of fewer than 5,000, adjacent to a metro area"
18089,IN,Lake County,498700,1,Metro - Counties in metro areas of 1 million population or more
18091,IN,LaPorte County,112417,3,"Metro - Counties in metro areas of fewer than 250,000 population"
18093,IN,Lawrence County,45011,6,"Nonmetro - Urban population of 5,000 to 20,000, adjacent to a metro area"
18095,IN,Madison County,130129,1,Metro - Counties in metro areas of 1 million population or more
18097,IN,Marion County,977203,1,Metro - Counties in metro areas of 1 million population or more
18099,IN,Marshall County,46095,6,"Nonmetro - Urban population of 5,000 to 20,000, adjacent to a metro area"
18101,IN,Martin County,9812,9,"Nonmetro - Urban population of fewer than 5,000, not adjacent to a metro area"
18103,IN,Miami County,35962,6,"Nonmetro - Urban population of 5,000 to 20,000, adjacent to a metro area"
18105,IN,Monroe County,139718,3,"Metro - Counties in metro areas of fewer than 250,000 population"
18107,IN,Montgomery County,37936,6,"Nonmetro - Urban population of 5,000 to 20,000, adjacent to a metro area"
18109,IN,Morgan County,71780,1,Metro - Counties in metro areas of 1 million population or more
18111,IN,Newton County,13830,1,Metro - Counties in metro areas of 1 million population or more
18113,IN,Noble County,47457,6,"Nonmetro - Urban population of 5,000 to 20,000, adjacent to a metro area"
18115,IN,Ohio County,5940,1,Metro - Counties in metro areas of 1 million population or more
18117,IN,Orange County,19867,8,"Nonmetro - Urban population of fewer than 5,000, adjacent to a metro area"
18119,IN,Owen County,21321,3,"Metro - Counties in metro areas of fewer than 250,000 population"
18121,IN,Parke County,16156,8,"Nonmetro - Urban population of fewer than 5,000, adjacent to a metro area"
18123,IN,Perry County,19170,7,"Nonmetro - Urban population of 5,000 to 20,000, not adjacent to a metro area"
18125,IN,Pike County,12250,8,"Nonmetro - Urban population of fewer than 5,000, adjacent to a metro area"
18127,IN,Porter County,173215,1,Metro - Counties in metro areas of 1 million population or more
18129,IN,Posey County,25222,2,"Metro - Counties in metro areas of 250,000 to 1 million population"
18131,IN,Pulaski County,12514,8,"Nonmetro - Urban population of fewer than 5,000, adjacent to a metro area"
18133,IN,Putnam County,36726,6,"Nonmetro - Urban population of 5,000 to 20,000, adjacent to a metro area"
18135,IN,Randolph County,24502,6,"Nonmetro - Urban population of 5,000 to 20,000, adjacent to a metro area"
18137,IN,Ripley County,28995,6,"Nonmetro - Urban population of 5,000 to 20,000, adjacent to a metro area"
18139,IN,Rush County,16752,6,"Nonmetro - Urban population of 5,000 to 20,000, adjacent to a metro area"
18141,IN,St. Joseph County,272912,2,"Metro - Counties in metro areas of 250,000 to 1 million population"
18143,IN,Scott County,24384,6,"Nonmetro - Urban population of 5,000 to 20,000, adjacent to a metro area"
18145,IN,Shelby County,45055,1,Metro - Counties in metro areas of 1 million population or more
18147,IN,Spencer County,19810,8,"Nonmetro - Urban population of fewer than 5,000, adjacent to a metro area"
18149,IN,Starke County,23371,8,"Nonmetro - Urban population of fewer than 5,000, adjacent to a metro area"
18151,IN,Steuben County,34435,7,"Nonmetro - Urban population of 5,000 to 20,000, not adjacent to a metro area"
18153,IN,Sullivan County,20817,3,"Metro - Counties in metro areas of fewer than 250,000 population"
18155,IN,Switzerland County,9737,8,"Nonmetro - Urban population of fewer than 5,000, adjacent to a metro area"
18157,IN,Tippecanoe County,186251,3,"Metro - Counties in metro areas of fewer than 250,000 population"
18159,IN,Tipton County,15359,1,Metro - Counties in metro areas of 1 million population or more
18161,IN,Union County,7087,8,"Nonmetro - Urban population of fewer than 5,000, adjacent to a metro area"
18163,IN,Vanderburgh County,180136,2,"Metro - Counties in metro areas of 250,000 to 1 million population"
18165,IN,Vermillion County,15439,3,"Metro - Counties in metro areas of fewer than 250,000 population"
18167,IN,Vigo County,106153,3,"Metro - Counties in metro areas of fewer than 250,000 population"
18169,IN,Wabash County,30976,6,"Nonmetro - Urban population of 5,000 to 20,000, adjacent to a metro area"
18171,IN,Warren County,8440,3,"Metro - Counties in metro areas of fewer than 250,000 population"
18173,IN,Warrick County,63898,2,"Metro - Counties in metro areas of 250,000 to 1 million population"
18175,IN,Washington County,28182,1,Metro - Counties in metro areas of 1 million population or more
18177,IN,Wayne County,66553,5,"Nonmetro - Urban population of 20,000 or more, not adjacent to a metro area"
18179,IN,Wells County,28180,2,"Metro - Counties in metro areas of 250,000 to 1 million population"
18181,IN,White County,24688,6,"Nonmetro - Urban population of 5,000 to 20,000, adjacent to a metro area"
18183,IN,Whitley County,34191,2,"Metro - Counties in metro areas of 250,000 to 1 million population"
19001,IA,Adair County,7496,8,"Nonmetro - Urban population of fewer than 5,000, adjacent to a metro area"
19003,IA,Adams County,3704,9,"Nonmetro - Urban population of fewer than 5,000, not adjacent to a metro area"
19005,IA,Allamakee County,14061,8,"Nonmetro - Urban population of fewer than 5,000, adjacent to a metro area"
19007,IA,Appanoose County,12317,7,"Nonmetro - Urban population of 5,000 to 20,000, not adjacent to a metro area"
19009,IA,Audubon County,5674,9,"Nonmetro - Urban population of fewer than 5,000, not adjacent to a metro area"
19011,IA,Benton County,25575,2,"Metro - Counties in metro areas of 250,000 to 1 million population"
19013,IA,Black Hawk County,131144,3,"Metro - Counties in metro areas of fewer than 250,000 population"
19015,IA,Boone County,26715,3,"Metro - Counties in metro areas of fewer than 250,000 population"
19017,IA,Bremer County,24988,3,"Metro - Counties in metro areas of fewer than 250,000 population"
19019,IA,Buchanan County,20565,6,"Nonmetro - Urban population of 5,000 to 20,000, adjacent to a metro area"
19021,IA,Buena Vista County,20823,7,"Nonmetro - Urban population of 5,000 to 20,000, not adjacent to a metro area"
19023,IA,Butler County,14334,8,"Nonmetro - Urban population of fewer than 5,000, adjacent to a metro area"
19025,IA,Calhoun County,9927,9,"Nonmetro - Urban population of fewer than 5,000, not adjacent to a metro area"
19027,IA,Carroll County,20760,7,"Nonmetro - Urban population of 5,000 to 20,000, not adjacent to a metro area"
19029,IA,Cass County,13127,6,"Nonmetro - Urban population of 5,000 to 20,000, adjacent to a metro area"
19031,IA,Cedar County,18505,8,"Nonmetro - Urban population of fewer than 5,000, adjacent to a metro area"
19033,IA,Cerro Gordo County,43127,5,"Nonmetro - Urban population of 20,000 or more, not adjacent to a metro area"
19035,IA,Cherokee County,11658,9,"Nonmetro - Urban population of fewer than 5,000, not adjacent to a metro area"
19037,IA,Chickasaw County,12012,8,"Nonmetro - Urban population of fewer than 5,000, adjacent to a metro area"
19039,IA,Clarke County,9748,6,"Nonmetro - Urban population of 5,000 to 20,000, adjacent to a metro area"
19041,IA,Clay County,16384,7,"Nonmetro - Urban population of 5,000 to 20,000, not adjacent to a metro area"
19043,IA,Clayton County,17043,8,"Nonmetro - Urban population of fewer than 5,000, adjacent to a metro area"
19045,IA,Clinton County,46460,4,"Nonmetro - Urban population of 20,000 or more, adjacent to a metro area"
19047,IA,Crawford County,16525,7,"Nonmetro - Urban population of 5,000 to 20,000, not adjacent to a metro area"
19049,IA,Dallas County,99678,2,"Metro - Counties in metro areas of 250,000 to 1 million population"
19051,IA,Davis County,9110,9,"Nonmetro - Urban population of fewer than 5,000, not adjacent to a metro area"
19053,IA,Decatur County,7645,9,"Nonmetro - Urban population of fewer than 5,000, not adjacent to a metro area"
19055,IA,Delaware County,17488,8,"Nonmetro - Urban population of fewer than 5,000, adjacent to a metro area"
19057,IA,Des Moines County,38910,5,"Nonmetro - Urban population of 20,000 or more, not adjacent to a metro area"
19059,IA,Dickinson County,17703,7,"Nonmetro - Urban population of 5,000 to 20,000, not adjacent to a metro area"
19061,IA,Dubuque County,99266,3,"Metro - Counties in metro areas of fewer than 250,000 population"
19063,IA,Emmet County,9388,7,"Nonmetro - Urban population of 5,000 to 20,000, not adjacent to a metro area"
19065,IA,Fayette County,19509,6,"Nonmetro - Urban population of 5,000 to 20,000, adjacent to a metro area"
19067,IA,Floyd County,15627,7,"Nonmetro - Urban population of 5,000 to 20,000, not adjacent to a metro area"
19069,IA,Franklin County,10019,9,"Nonmetro - Urban population of fewer than 5,000, not adjacent to a metro area"
19071,IA,Fremont County,6605,8,"Nonmetro - Urban population of fewer than 5,000, adjacent to a metro area"
19073,IA,Greene County,8771,8,"Nonmetro - Urban population of fewer than 5,000, adjacent to a metro area"
19075,IA,Grundy County,12329,3,"Metro - Counties in metro areas of fewer than 250,000 population"
19077,IA,Guthrie County,10623,2,"Metro - Counties in metro areas of 250,000 to 1 million population"
19079,IA,Hamilton County,15039,6,"Nonmetro - Urban population of 5,000 to 20,000, adjacent to a metro area"
19081,IA,Hancock County,10795,9,"Nonmetro - Urban population of fewer than 5,000, not adjacent to a metro area"
19083,IA,Hardin County,16878,6,"Nonmetro - Urban population of 5,000 to 20,000, adjacent to a metro area"
19085,IA,Harrison County,14582,2,"Metro - Counties in metro areas of 250,000 to 1 million population"
19087,IA,Henry County,20482,6,"Nonmetro - Urban population of 5,000 to 20,000, adjacent to a metro area"
19089,IA,Howard County,9469,8,"Nonmetro - Urban population of fewer than 5,000, adjacent to a metro area"
19091,IA,Humboldt County,9597,7,"Nonmetro - Urban population of 5,000 to 20,000, not adjacent to a metro area"
19093,IA,Ida County,7005,8,"Nonmetro - Urban population of fewer than 5,000, adjacent to a metro area"
19095,IA,Iowa County,16662,8,"Nonmetro - Urban population of fewer than 5,000, adjacent to a metro area"
19097,IA,Jackson County,19485,6,"Nonmetro - Urban population of 5,000 to 20,000, adjacent to a metro area"
19099,IA,Jasper County,37813,2,"Metro - Counties in metro areas of 250,000 to 1 million population"
19101,IA,Jefferson County,15663,7,"Nonmetro - Urban population of 5,000 to 20,000, not adjacent to a metro area"
19103,IA,Johnson County,152854,3,"Metro - Counties in metro areas of fewer than 250,000 population"
19105,IA,Jones County,20646,2,"Metro - Counties in metro areas of 250,000 to 1 million population"
19107,IA,Keokuk County,10033,8,"Nonmetro - Urban population of fewer than 5,000, adjacent to a metro area"
19109,IA,Kossuth County,14828,7,"Nonmetro - Urban population of 5,000 to 20,000, not adjacent to a metro area"
19111,IA,Lee County,33555,7,"Nonmetro - Urban population of 5,000 to 20,000, not adjacent to a metro area"
19113,IA,Linn County,230299,2,"Metro - Counties in metro areas of 250,000 to 1 million population"
19115,IA,Louisa County,10837,8,"Nonmetro - Urban population of fewer than 5,000, adjacent to a metro area"
19117,IA,Lucas County,8634,8,"Nonmetro - Urban population of fewer than 5,000, adjacent to a metro area"
19119,IA,Lyon County,11934,8,"Nonmetro - Urban population of fewer than 5,000, adjacent to a metro area"
19121,IA,Madison County,16548,2,"Metro - Counties in metro areas of 250,000 to 1 million population"
19123,IA,Mahaska County,22190,7,"Nonmetro - Urban population of 5,000 to 20,000, not adjacent to a metro area"
19125,IA,Marion County,33414,6,"Nonmetro - Urban population of 5,000 to 20,000, adjacent to a metro area"
19127,IA,Marshall County,40105,4,"Nonmetro - Urban population of 20,000 or more, adjacent to a metro area"
19129,IA,Mills County,14484,2,"Metro - Counties in metro areas of 250,000 to 1 million population"
19131,IA,Mitchell County,10565,9,"Nonmetro - Urban population of fewer than 5,000, not adjacent to a metro area"
19133,IA,Monona County,8751,8,"Nonmetro - Urban population of fewer than 5,000, adjacent to a metro area"
19135,IA,Monroe County,7577,9,"Nonmetro - Urban population of fewer than 5,000, not adjacent to a metro area"
19137,IA,Montgomery County,10330,6,"Nonmetro - Urban population of 5,000 to 20,000, adjacent to a metro area"
19139,IA,Muscatine County,43235,4,"Nonmetro - Urban population of 20,000 or more, adjacent to a metro area"
19141,IA,O'Brien County,14182,7,"Nonmetro - Urban population of 5,000 to 20,000, not adjacent to a metro area"
19143,IA,Osceola County,6192,9,"Nonmetro - Urban population of fewer than 5,000, not adjacent to a metro area"
19145,IA,Page County,15211,6,"Nonmetro - Urban population of 5,000 to 20,000, adjacent to a metro area"
19147,IA,Palo Alto County,8996,9,"Nonmetro - Urban population of fewer than 5,000, not adjacent to a metro area"
19149,IA,Plymouth County,25698,6,"Nonmetro - Urban population of 5,000 to 20,000, adjacent to a metro area"
19151,IA,Pocahontas County,7078,9,"Nonmetro - Urban population of fewer than 5,000, not adjacent to a metro area"
19153,IA,Polk County,492401,2,"Metro - Counties in metro areas of 250,000 to 1 million population"
19155,IA,Pottawattamie County,93667,2,"Metro - Counties in metro areas of 250,000 to 1 million population"
19157,IA,Poweshiek County,18662,6,"Nonmetro - Urban population of 5,000 to 20,000, adjacent to a metro area"
19159,IA,Ringgold County,4663,9,"Nonmetro - Urban population of fewer than 5,000, not adjacent to a metro area"
19161,IA,Sac County,9814,9,"Nonmetro - Urban population of fewer than 5,000, not adjacent to a metro area"
19163,IA,Scott County,174669,2,"Metro - Counties in metro areas of 250,000 to 1 million population"
19165,IA,Shelby County,11746,8,"Nonmetro - Urban population of fewer than 5,000, adjacent to a metro area"
19167,IA,Sioux County,35872,6,"Nonmetro - Urban population of 5,000 to 20,000, adjacent to a metro area"
19169,IA,Story County,98537,3,"Metro - Counties in metro areas of fewer than 250,000 population"
19171,IA,Tama County,17135,6,"Nonmetro - Urban population of 5,000 to 20,000, adjacent to a metro area"
19173,IA,Taylor County,5896,9,"Nonmetro - Urban population of fewer than 5,000, not adjacent to a metro area"
19175,IA,Union County,12138,6,"Nonmetro - Urban population of 5,000 to 20,000, adjacent to a metro area"
19177,IA,Van Buren County,7203,9,"Nonmetro - Urban population of fewer than 5,000, not adjacent to a metro area"
19179,IA,Wapello County,35437,5,"Nonmetro - Urban population of 20,000 or more, not adjacent to a metro area"
19181,IA,Warren County,52403,2,"Metro - Counties in metro areas of 250,000 to 1 million population"
19183,IA,Washington County,22565,3,"Metro - Counties in metro areas of fewer than 250,000 population"
19185,IA,Wayne County,6497,9,"Nonmetro - Urban population of fewer than 5,000, not adjacent to a metro area"
19187,IA,Webster County,36999,5,"Nonmetro - Urban population of 20,000 or more, not adjacent to a metro area"
19189,IA,Winnebago County,10679,9,"Nonmetro - Urban population of fewer than 5,000, not adjacent to a metro area"
19191,IA,Winneshiek County,20070,7,"Nonmetro - Urban population of 5,000 to 20,000, not adjacent to a metro area"
19193,IA,Woodbury County,105941,3,"Metro - Counties in metro areas of fewer than 250,000 population"
19195,IA,Worth County,7443,9,"Nonmetro - Urban population of fewer than 5,000, not adjacent to a metro area"
19197,IA,Wright County,12943,9,"Nonmetro - Urban population of fewer than 5,000, not adjacent to a metro area"
20001,KS,Allen County,12526,7,"Nonmetro - Urban population of 5,000 to 20,000, not adjacent to a metro area"
20003,KS,Anderson County,7836,8,"Nonmetro - Urban population of fewer than 5,000, adjacent to a metro area"
20005,KS,Atchison County,16348,6,"Nonmetro - Urban population of 5,000 to 20,000, adjacent to a metro area"
20007,KS,Barber County,4228,9,"Nonmetro - Urban population of fewer than 5,000, not adjacent to a metro area"
20009,KS,Barton County,25493,7,"Nonmetro - Urban population of 5,000 to 20,000, not adjacent to a metro area"
20011,KS,Bourbon County,14360,6,"Nonmetro - Urban population of 5,000 to 20,000, adjacent to a metro area"
20013,KS,Brown County,9508,8,"Nonmetro - Urban population of fewer than 5,000, adjacent to a metro area"
20015,KS,Butler County,67380,2,"Metro - Counties in metro areas of 250,000 to 1 million population"
20017,KS,Chase County,2572,8,"Nonmetro - Urban population of fewer than 5,000, adjacent to a metro area"
20019,KS,Chautauqua County,3379,9,"Nonmetro - Urban population of fewer than 5,000, not adjacent to a metro area"
20021,KS,Cherokee County,19362,3,"Metro - Counties in metro areas of fewer than 250,000 population"
20023,KS,Cheyenne County,2616,9,"Nonmetro - Urban population of fewer than 5,000, not adjacent to a metro area"
20025,KS,Clark County,1991,9,"Nonmetro - Urban population of fewer than 5,000, not adjacent to a metro area"
20027,KS,Clay County,8117,8,"Nonmetro - Urban population of fewer than 5,000, adjacent to a metro area"
20029,KS,Cloud County,9032,7,"Nonmetro - Urban population of 5,000 to 20,000, not adjacent to a metro area"
20031,KS,Coffey County,8360,8,"Nonmetro - Urban population of fewer than 5,000, adjacent to a metro area"
20033,KS,Comanche County,1689,9,"Nonmetro - Urban population of fewer than 5,000, not adjacent to a metro area"
20035,KS,Cowley County,34549,4,"Nonmetro - Urban population of 20,000 or more, adjacent to a metro area"
20037,KS,Crawford County,38972,4,"Nonmetro - Urban population of 20,000 or more, adjacent to a metro area"
20039,KS,Decatur County,2764,9,"Nonmetro - Urban population of fewer than 5,000, not adjacent to a metro area"
20041,KS,Dickinson County,18402,6,"Nonmetro - Urban population of 5,000 to 20,000, adjacent to a metro area"
20043,KS,Doniphan County,7510,3,"Metro - Counties in metro areas of fewer than 250,000 population"
20045,KS,Douglas County,118785,3,"Metro - Counties in metro areas of fewer than 250,000 population"
20047,KS,Edwards County,2907,9,"Nonmetro - Urban population of fewer than 5,000, not adjacent to a metro area"
20049,KS,Elk County,2483,8,"Nonmetro - Urban population of fewer than 5,000, adjacent to a metro area"
20051,KS,Ellis County,28934,5,"Nonmetro - Urban population of 20,000 or more, not adjacent to a metro area"
20053,KS,Ellsworth County,6376,9,"Nonmetro - Urban population of fewer than 5,000, not adjacent to a metro area"
20055,KS,Finney County,38470,5,"Nonmetro - Urban population of 20,000 or more, not adjacent to a metro area"
20057,KS,Ford County,34287,5,"Nonmetro - Urban population of 20,000 or more, not adjacent to a metro area"
20059,KS,Franklin County,25996,6,"Nonmetro - Urban population of 5,000 to 20,000, adjacent to a metro area"
20061,KS,Geary County,36739,3,"Metro - Counties in metro areas of fewer than 250,000 population"
20063,KS,Gove County,2718,9,"Nonmetro - Urban population of fewer than 5,000, not adjacent to a metro area"
20065,KS,Graham County,2415,9,"Nonmetro - Urban population of fewer than 5,000, not adjacent to a metro area"
20067,KS,Grant County,7352,7,"Nonmetro - Urban population of 5,000 to 20,000, not adjacent to a metro area"
20069,KS,Gray County,5653,9,"Nonmetro - Urban population of fewer than 5,000, not adjacent to a metro area"
20071,KS,Greeley County,1284,9,"Nonmetro - Urban population of fewer than 5,000, not adjacent to a metro area"
20073,KS,Greenwood County,6016,8,"Nonmetro - Urban population of fewer than 5,000, adjacent to a metro area"
20075,KS,Hamilton County,2518,9,"Nonmetro - Urban population of fewer than 5,000, not adjacent to a metro area"
20077,KS,Harper County,5485,8,"Nonmetro - Urban population of fewer than 5,000, adjacent to a metro area"
20079,KS,Harvey County,34024,2,"Metro - Counties in metro areas of 250,000 to 1 million population"
20081,KS,Haskell County,3780,9,"Nonmetro - Urban population of fewer than 5,000, not adjacent to a metro area"
20083,KS,Hodgeman County,1723,9,"Nonmetro - Urban population of fewer than 5,000, not adjacent to a metro area"
20085,KS,Jackson County,13232,3,"Metro - Counties in metro areas of fewer than 250,000 population"
20087,KS,Jefferson County,18368,3,"Metro - Counties in metro areas of fewer than 250,000 population"
20089,KS,Jewell County,2932,9,"Nonmetro - Urban population of fewer than 5,000, not adjacent to a metro area"
20091,KS,Johnson County,609863,1,Metro - Counties in metro areas of 1 million population or more
20093,KS,Kearny County,3983,9,"Nonmetro - Urban population of fewer than 5,000, not adjacent to a metro area"
20095,KS,Kingman County,7470,8,"Nonmetro - Urban population of fewer than 5,000, adjacent to a metro area"
20097,KS,Kiowa County,2460,9,"Nonmetro - Urban population of fewer than 5,000, not adjacent to a metro area"
20099,KS,Labette County,20184,7,"Nonmetro - Urban population of 5,000 to 20,000, not adjacent to a metro area"
20101,KS,Lane County,1574,9,"Nonmetro - Urban population of fewer than 5,000, not adjacent to a metro area"
20103,KS,Leavenworth County,81881,1,Metro - Counties in metro areas of 1 million population or more
20105,KS,Lincoln County,2939,9,"Nonmetro - Urban population of fewer than 5,000, not adjacent to a metro area"
20107,KS,Linn County,9591,1,Metro - Counties in metro areas of 1 million population or more
20109,KS,Logan County,2762,9,"Nonmetro - Urban population of fewer than 5,000, not adjacent to a metro area"
20111,KS,Lyon County,32179,4,"Nonmetro - Urban population of 20,000 or more, adjacent to a metro area"
20113,KS,McPherson County,30223,7,"Nonmetro - Urban population of 5,000 to 20,000, not adjacent to a metro area"
20115,KS,Marion County,11823,8,"Nonmetro - Urban population of fewer than 5,000, adjacent to a metro area"
20117,KS,Marshall County,10038,8,"Nonmetro - Urban population of fewer than 5,000, adjacent to a metro area"
20119,KS,Meade County,4055,9,"Nonmetro - Urban population of fewer than 5,000, not adjacent to a metro area"
20121,KS,Miami County,34191,1,Metro - Counties in metro areas of 1 million population or more
20123,KS,Mitchell County,5796,9,"Nonmetro - Urban population of fewer than 5,000, not adjacent to a metro area"
20125,KS,Montgomery County,31486,7,"Nonmetro - Urban population of 5,000 to 20,000, not adjacent to a metro area"
20127,KS,Morris County,5386,8,"Nonmetro - Urban population of fewer than 5,000, adjacent to a metro area"
20129,KS,Morton County,2701,9,"Nonmetro - Urban population of fewer than 5,000, not adjacent to a metro area"
20131,KS,Nemaha County,10273,9,"Nonmetro - Urban population of fewer than 5,000, not adjacent to a metro area"
20133,KS,Neosho County,15904,7,"Nonmetro - Urban population of 5,000 to 20,000, not adjacent to a metro area"
20135,KS,Ness County,2687,9,"Nonmetro - Urban population of fewer than 5,000, not adjacent to a metro area"
20137,KS,Norton County,5459,9,"Nonmetro - Urban population of fewer than 5,000, not adjacent to a metro area"
20139,KS,Osage County,15766,3,"Metro - Counties in metro areas of fewer than 250,000 population"
20141,KS,Osborne County,3500,9,"Nonmetro - Urban population of fewer than 5,000, not adjacent to a metro area"
20143,KS,Ottawa County,5735,9,"Nonmetro - Urban population of fewer than 5,000, not adjacent to a metro area"
20145,KS,Pawnee County,6253,9,"Nonmetro - Urban population of fewer than 5,000, not adjacent to a metro area"
20147,KS,Phillips County,4981,9,"Nonmetro - Urban population of fewer than 5,000, not adjacent to a metro area"
20149,KS,Pottawatomie County,25348,3,"Metro - Counties in metro areas of fewer than 250,000 population"
20151,KS,Pratt County,9157,7,"Nonmetro - Urban population of 5,000 to 20,000, not adjacent to a metro area"
20153,KS,Rawlins County,2561,9,"Nonmetro - Urban population of fewer than 5,000, not adjacent to a metro area"
20155,KS,Reno County,61898,4,"Nonmetro - Urban population of 20,000 or more, adjacent to a metro area"
20157,KS,Republic County,4674,9,"Nonmetro - Urban population of fewer than 5,000, not adjacent to a metro area"
20159,KS,Rice County,9427,9,"Nonmetro - Urban population of fewer than 5,000, not adjacent to a metro area"
20161,KS,Riley County,71959,3,"Metro - Counties in metro areas of fewer than 250,000 population"
20163,KS,Rooks County,4919,9,"Nonmetro - Urban population of fewer than 5,000, not adjacent to a metro area"
20165,KS,Rush County,2956,9,"Nonmetro - Urban population of fewer than 5,000, not adjacent to a metro area"
20167,KS,Russell County,6691,9,"Nonmetro - Urban population of fewer than 5,000, not adjacent to a metro area"
20169,KS,Saline County,54303,5,"Nonmetro - Urban population of 20,000 or more, not adjacent to a metro area"
20171,KS,Scott County,5151,9,"Nonmetro - Urban population of fewer than 5,000, not adjacent to a metro area"
20173,KS,Sedgwick County,523824,2,"Metro - Counties in metro areas of 250,000 to 1 million population"
20175,KS,Seward County,21964,7,"Nonmetro - Urban population of 5,000 to 20,000, not adjacent to a metro area"
20177,KS,Shawnee County,178909,3,"Metro - Counties in metro areas of fewer than 250,000 population"
20179,KS,Sheridan County,2447,9,"Nonmetro - Urban population of fewer than 5,000, not adjacent to a metro area"
20181,KS,Sherman County,5927,9,"Nonmetro - Urban population of fewer than 5,000, not adjacent to a metro area"
20183,KS,Smith County,3570,9,"Nonmetro - Urban population of fewer than 5,000, not adjacent to a metro area"
20185,KS,Stafford County,4072,9,"Nonmetro - Urban population of fewer than 5,000, not adjacent to a metro area"
20187,KS,Stanton County,2084,9,"Nonmetro - Urban population of fewer than 5,000, not adjacent to a metro area"
20189,KS,Stevens County,5250,9,"Nonmetro - Urban population of fewer than 5,000, not adjacent to a metro area"
20191,KS,Sumner County,22382,2,"Metro - Counties in metro areas of 250,000 to 1 million population"
20193,KS,Thomas County,7930,7,"Nonmetro - Urban population of 5,000 to 20,000, not adjacent to a metro area"
20195,KS,Trego County,2808,9,"Nonmetro - Urban population of fewer than 5,000, not adjacent to a metro area"
20197,KS,Wabaunsee County,6877,3,"Metro - Counties in metro areas of fewer than 250,000 population"
20199,KS,Wallace County,1512,9,"Nonmetro - Urban population of fewer than 5,000, not adjacent to a metro area"
20201,KS,Washington County,5530,9,"Nonmetro - Urban population of fewer than 5,000, not adjacent to a metro area"
20203,KS,Wichita County,2152,9,"Nonmetro - Urban population of fewer than 5,000, not adjacent to a metro area"
20205,KS,Wilson County,8624,9,"Nonmetro - Urban population of fewer than 5,000, not adjacent to a metro area"
20207,KS,Woodson County,3115,9,"Nonmetro - Urban population of fewer than 5,000, not adjacent to a metro area"
20209,KS,Wyandotte County,169245,1,Metro - Counties in metro areas of 1 million population or more
21001,KY,Adair County,18903,7,"Nonmetro - Urban population of 5,000 to 20,000, not adjacent to a metro area"
21003,KY,Allen County,20588,3,"Metro - Counties in metro areas of fewer than 250,000 population"
21005,KY,Anderson County,23852,6,"Nonmetro - Urban population of 5,000 to 20,000, adjacent to a metro area"
21007,KY,Ballard County,7728,3,"Metro - Counties in metro areas of fewer than 250,000 population"
21009,KY,Barren County,44485,6,"Nonmetro - Urban population of 5,000 to 20,000, adjacent to a metro area"
21011,KY,Bath County,12750,8,"Nonmetro - Urban population of fewer than 5,000, adjacent to a metro area"
21013,KY,Bell County,24097,7,"Nonmetro - Urban population of 5,000 to 20,000, not adjacent to a metro area"
21015,KY,Boone County,135968,1,Metro - Counties in metro areas of 1 million population or more
21017,KY,Bourbon County,20252,2,"Metro - Counties in metro areas of 250,000 to 1 million population"
21019,KY,Boyd County,48261,2,"Metro - Counties in metro areas of 250,000 to 1 million population"
21021,KY,Boyle County,30614,7,"Nonmetro - Urban population of 5,000 to 20,000, not adjacent to a metro area"
21023,KY,Bracken County,8400,1,Metro - Counties in metro areas of 1 million population or more
21025,KY,Breathitt County,13718,9,"Nonmetro - Urban population of fewer than 5,000, not adjacent to a metro area"
21027,KY,Breckinridge County,20432,8,"Nonmetro - Urban population of fewer than 5,000, adjacent to a metro area"
21029,KY,Bullitt County,82217,1,Metro - Counties in metro areas of 1 million population or more
21031,KY,Butler County,12371,3,"Metro - Counties in metro areas of fewer than 250,000 population"
21033,KY,Caldwell County,12649,7,"Nonmetro - Urban population of 5,000 to 20,000, not adjacent to a metro area"
21035,KY,Calloway County,37103,7,"Nonmetro - Urban population of 5,000 to 20,000, not adjacent to a metro area"
21037,KY,Campbell County,93076,1,Metro - Counties in metro areas of 1 million population or more
21039,KY,Carlisle County,4826,3,"Metro - Counties in metro areas of fewer than 250,000 population"
21041,KY,Carroll County,10810,6,"Nonmetro - Urban population of 5,000 to 20,000, adjacent to a metro area"
21043,KY,Carter County,26627,2,"Metro - Counties in metro areas of 250,000 to 1 million population"
21045,KY,Casey County,15941,9,"Nonmetro - Urban population of fewer than 5,000, not adjacent to a metro area"
21047,KY,Christian County,72748,2,"Metro - Counties in metro areas of 250,000 to 1 million population"
21049,KY,Clark County,36972,2,"Metro - Counties in metro areas of 250,000 to 1 million population"
21051,KY,Clay County,20345,9,"Nonmetro - Urban population of fewer than 5,000, not adjacent to a metro area"
21053,KY,Clinton County,9253,9,"Nonmetro - Urban population of fewer than 5,000, not adjacent to a metro area"
21055,KY,Crittenden County,8990,8,"Nonmetro - Urban population of fewer than 5,000, adjacent to a metro area"
21057,KY,Cumberland County,5888,9,"Nonmetro - Urban population of fewer than 5,000, not adjacent to a metro area"
21059,KY,Daviess County,103312,3,"Metro - Counties in metro areas of fewer than 250,000 population"
21061,KY,Edmonson County,12126,3,"Metro - Counties in metro areas of fewer than 250,000 population"
21063,KY,Elliott County,7354,8,"Nonmetro - Urban population of fewer than 5,000, adjacent to a metro area"
21065,KY,Estill County,14163,8,"Nonmetro - Urban population of fewer than 5,000, adjacent to a metro area"
21067,KY,Fayette County,322570,2,"Metro - Counties in metro areas of 250,000 to 1 million population"
21069,KY,Fleming County,15082,9,"Nonmetro - Urban population of fewer than 5,000, not adjacent to a metro area"
21071,KY,Floyd County,35942,7,"Nonmetro - Urban population of 5,000 to 20,000, not adjacent to a metro area"
21073,KY,Franklin County,51541,4,"Nonmetro - Urban population of 20,000 or more, adjacent to a metro area"
21075,KY,Fulton County,6515,9,"Nonmetro - Urban population of fewer than 5,000, not adjacent to a metro area"
21077,KY,Gallatin County,8690,1,Metro - Counties in metro areas of 1 million population or more
21079,KY,Garrard County,16953,8,"Nonmetro - Urban population of fewer than 5,000, adjacent to a metro area"
21081,KY,Grant County,24941,1,Metro - Counties in metro areas of 1 million population or more
21083,KY,Graves County,36649,6,"Nonmetro - Urban population of 5,000 to 20,000, adjacent to a metro area"
21085,KY,Grayson County,26420,6,"Nonmetro - Urban population of 5,000 to 20,000, adjacent to a metro area"
21087,KY,Green County,11107,8,"Nonmetro - Urban population of fewer than 5,000, adjacent to a metro area"
21089,KY,Greenup County,35962,2,"Metro - Counties in metro areas of 250,000 to 1 million population"
21091,KY,Hancock County,9095,8,"Nonmetro - Urban population of fewer than 5,000, adjacent to a metro area"
21093,KY,Hardin County,110702,3,"Metro - Counties in metro areas of fewer than 250,000 population"
21095,KY,Harlan County,26831,7,"Nonmetro - Urban population of 5,000 to 20,000, not adjacent to a metro area"
21097,KY,Harrison County,18692,6,"Nonmetro - Urban population of 5,000 to 20,000, adjacent to a metro area"
21099,KY,Hart County,19288,8,"Nonmetro - Urban population of fewer than 5,000, adjacent to a metro area"
21101,KY,Henderson County,44793,4,"Nonmetro - Urban population of 20,000 or more, adjacent to a metro area"
21103,KY,Henry County,15678,1,Metro - Counties in metro areas of 1 million population or more
21105,KY,Hickman County,4521,8,"Nonmetro - Urban population of fewer than 5,000, adjacent to a metro area"
21107,KY,Hopkins County,45423,5,"Nonmetro - Urban population of 20,000 or more, not adjacent to a metro area"
21109,KY,Jackson County,12955,9,"Nonmetro - Urban population of fewer than 5,000, not adjacent to a metro area"
21111,KY,Jefferson County,782969,1,Metro - Counties in metro areas of 1 million population or more
21113,KY,Jessamine County,52991,2,"Metro - Counties in metro areas of 250,000 to 1 million population"
21115,KY,Johnson County,22680,7,"Nonmetro - Urban population of 5,000 to 20,000, not adjacent to a metro area"
21117,KY,Kenton County,169064,1,Metro - Counties in metro areas of 1 million population or more
21119,KY,Knott County,14251,9,"Nonmetro - Urban population of fewer than 5,000, not adjacent to a metro area"
21121,KY,Knox County,30193,7,"Nonmetro - Urban population of 5,000 to 20,000, not adjacent to a metro area"
21123,KY,Larue County,14867,3,"Metro - Counties in metro areas of fewer than 250,000 population"
21125,KY,Laurel County,62613,5,"Nonmetro - Urban population of 20,000 or more, not adjacent to a metro area"
21127,KY,Lawrence County,16293,2,"Metro - Counties in metro areas of 250,000 to 1 million population"
21129,KY,Lee County,7395,9,"Nonmetro - Urban population of fewer than 5,000, not adjacent to a metro area"
21131,KY,Leslie County,10513,9,"Nonmetro - Urban population of fewer than 5,000, not adjacent to a metro area"
21133,KY,Letcher County,21548,9,"Nonmetro - Urban population of fewer than 5,000, not adjacent to a metro area"
21135,KY,Lewis County,13080,8,"Nonmetro - Urban population of fewer than 5,000, adjacent to a metro area"
21137,KY,Lincoln County,24275,9,"Nonmetro - Urban population of fewer than 5,000, not adjacent to a metro area"
21139,KY,Livingston County,8888,3,"Metro - Counties in metro areas of fewer than 250,000 population"
21141,KY,Logan County,27432,6,"Nonmetro - Urban population of 5,000 to 20,000, adjacent to a metro area"
21143,KY,Lyon County,8680,8,"Nonmetro - Urban population of fewer than 5,000, adjacent to a metro area"
21145,KY,McCracken County,67875,3,"Metro - Counties in metro areas of fewer than 250,000 population"
21147,KY,McCreary County,16888,9,"Nonmetro - Urban population of fewer than 5,000, not adjacent to a metro area"
21149,KY,McLean County,9152,3,"Metro - Counties in metro areas of fewer than 250,000 population"
21151,KY,Madison County,92701,4,"Nonmetro - Urban population of 20,000 or more, adjacent to a metro area"
21153,KY,Magoffin County,11637,9,"Nonmetro - Urban population of fewer than 5,000, not adjacent to a metro area"
21155,KY,Marion County,19581,6,"Nonmetro - Urban population of 5,000 to 20,000, adjacent to a metro area"
21157,KY,Marshall County,31659,8,"Nonmetro - Urban population of fewer than 5,000, adjacent to a metro area"
21159,KY,Martin County,11287,8,"Nonmetro - Urban population of fewer than 5,000, adjacent to a metro area"
21161,KY,Mason County,17120,6,"Nonmetro - Urban population of 5,000 to 20,000, adjacent to a metro area"
21163,KY,Meade County,30003,1,Metro - Counties in metro areas of 1 million population or more
21165,KY,Menifee County,6113,9,"Nonmetro - Urban population of fewer than 5,000, not adjacent to a metro area"
21167,KY,Mercer County,22641,6,"Nonmetro - Urban population of 5,000 to 20,000, adjacent to a metro area"
21169,KY,Metcalfe County,10286,9,"Nonmetro - Urban population of fewer than 5,000, not adjacent to a metro area"
21171,KY,Monroe County,11338,8,"Nonmetro - Urban population of fewer than 5,000, adjacent to a metro area"
21173,KY,Montgomery County,28114,6,"Nonmetro - Urban population of 5,000 to 20,000, adjacent to a metro area"
21175,KY,Morgan County,13726,9,"Nonmetro - Urban population of fewer than 5,000, not adjacent to a metro area"
21177,KY,Muhlenberg County,30928,6,"Nonmetro - Urban population of 5,000 to 20,000, adjacent to a metro area"
21179,KY,Nelson County,46738,1,Metro - Counties in metro areas of 1 million population or more
21181,KY,Nicholas County,7537,8,"Nonmetro - Urban population of fewer than 5,000, adjacent to a metro area"
21183,KY,Ohio County,23772,6,"Nonmetro - Urban population of 5,000 to 20,000, adjacent to a metro area"
21185,KY,Oldham County,67607,1,Metro - Counties in metro areas of 1 million population or more
21187,KY,Owen County,11278,8,"Nonmetro - Urban population of fewer than 5,000, adjacent to a metro area"
21189,KY,Owsley County,4051,9,"Nonmetro - Urban population of fewer than 5,000, not adjacent to a metro area"
21191,KY,Pendleton County,14644,1,Metro - Counties in metro areas of 1 million population or more
21193,KY,Perry County,28473,7,"Nonmetro - Urban population of 5,000 to 20,000, not adjacent to a metro area"
21195,KY,Pike County,58669,7,"Nonmetro - Urban population of 5,000 to 20,000, not adjacent to a metro area"
21197,KY,Powell County,13129,8,"Nonmetro - Urban population of fewer than 5,000, adjacent to a metro area"
21199,KY,Pulaski County,65034,5,"Nonmetro - Urban population of 20,000 or more, not adjacent to a metro area"
21201,KY,Robertson County,2193,8,"Nonmetro - Urban population of fewer than 5,000, adjacent to a metro area"
21203,KY,Rockcastle County,16037,9,"Nonmetro - Urban population of fewer than 5,000, not adjacent to a metro area"
21205,KY,Rowan County,24662,6,"Nonmetro - Urban population of 5,000 to 20,000, adjacent to a metro area"
21207,KY,Russell County,17991,9,"Nonmetro - Urban population of fewer than 5,000, not adjacent to a metro area"
21209,KY,Scott County,57155,2,"Metro - Counties in metro areas of 250,000 to 1 million population"
21211,KY,Shelby County,48065,1,Metro - Counties in metro areas of 1 million population or more
21213,KY,Simpson County,19594,6,"Nonmetro - Urban population of 5,000 to 20,000, adjacent to a metro area"
21215,KY,Spencer County,19490,1,Metro - Counties in metro areas of 1 million population or more
21217,KY,Taylor County,26023,7,"Nonmetro - Urban population of 5,000 to 20,000, not adjacent to a metro area"
21219,KY,Todd County,12243,8,"Nonmetro - Urban population of fewer than 5,000, adjacent to a metro area"
21221,KY,Trigg County,14061,2,"Metro - Counties in metro areas of 250,000 to 1 million population"
21223,KY,Trimble County,8474,8,"Nonmetro - Urban population of fewer than 5,000, adjacent to a metro area"
21225,KY,Union County,13668,8,"Nonmetro - Urban population of fewer than 5,000, adjacent to a metro area"
21227,KY,Warren County,134554,3,"Metro - Counties in metro areas of fewer than 250,000 population"
21229,KY,Washington County,12027,8,"Nonmetro - Urban population of fewer than 5,000, adjacent to a metro area"
21231,KY,Wayne County,19555,7,"Nonmetro - Urban population of 5,000 to 20,000, not adjacent to a metro area"
21233,KY,Webster County,13017,9,"Nonmetro - Urban population of fewer than 5,000, not adjacent to a metro area"
21235,KY,Whitley County,36712,7,"Nonmetro - Urban population of 5,000 to 20,000, not adjacent to a metro area"
21237,KY,Wolfe County,6562,9,"Nonmetro - Urban population of fewer than 5,000, not adjacent to a metro area"
21239,KY,Woodford County,26871,2,"Metro - Counties in metro areas of 250,000 to 1 million population"
22001,LA,Acadia Parish,57576,2,"Metro - Counties in metro areas of 250,000 to 1 million population"
22003,LA,Allen Parish,22750,6,"Nonmetro - Urban population of 5,000 to 20,000, adjacent to a metro area"
22005,LA,Ascension Parish,126500,2,"Metro - Counties in metro areas of 250,000 to 1 million population"
22007,LA,Assumption Parish,21039,2,"Metro - Counties in metro areas of 250,000 to 1 million population"
22009,LA,Avoyelles Parish,39693,6,"Nonmetro - Urban population of 5,000 to 20,000, adjacent to a metro area"
22011,LA,Beauregard Parish,36549,6,"Nonmetro - Urban population of 5,000 to 20,000, adjacent to a metro area"
22013,LA,Bienville Parish,12981,8,"Nonmetro - Urban population of fewer than 5,000, adjacent to a metro area"
22015,LA,Bossier Parish,128746,2,"Metro - Counties in metro areas of 250,000 to 1 million population"
22017,LA,Caddo Parish,237848,2,"Metro - Counties in metro areas of 250,000 to 1 million population"
22019,LA,Calcasieu Parish,216785,2,"Metro - Counties in metro areas of 250,000 to 1 million population"
22021,LA,Caldwell Parish,9645,8,"Nonmetro - Urban population of fewer than 5,000, adjacent to a metro area"
22023,LA,Cameron Parish,5617,2,"Metro - Counties in metro areas of 250,000 to 1 million population"
22025,LA,Catahoula Parish,8906,9,"Nonmetro - Urban population of fewer than 5,000, not adjacent to a metro area"
22027,LA,Claiborne Parish,14170,9,"Nonmetro - Urban population of fewer than 5,000, not adjacent to a metro area"
22029,LA,Concordia Parish,18687,6,"Nonmetro - Urban population of 5,000 to 20,000, adjacent to a metro area"
22031,LA,De Soto Parish,26812,2,"Metro - Counties in metro areas of 250,000 to 1 million population"
22033,LA,East Baton Rouge Parish,456781,2,"Metro - Counties in metro areas of 250,000 to 1 million population"
22035,LA,East Carroll Parish,7459,8,"Nonmetro - Urban population of fewer than 5,000, adjacent to a metro area"
22037,LA,East Feliciana Parish,19539,2,"Metro - Counties in metro areas of 250,000 to 1 million population"
22039,LA,Evangeline Parish,32350,6,"Nonmetro - Urban population of 5,000 to 20,000, adjacent to a metro area"
22041,LA,Franklin Parish,19774,6,"Nonmetro - Urban population of 5,000 to 20,000, adjacent to a metro area"
22043,LA,Grant Parish,22169,3,"Metro - Counties in metro areas of fewer than 250,000 population"
22045,LA,Iberia Parish,69929,4,"Nonmetro - Urban population of 20,000 or more, adjacent to a metro area"
22047,LA,Iberville Parish,30241,2,"Metro - Counties in metro areas of 250,000 to 1 million population"
22049,LA,Jackson Parish,15031,6,"Nonmetro - Urban population of 5,000 to 20,000, adjacent to a metro area"
22051,LA,Jefferson Parish,440781,1,Metro - Counties in metro areas of 1 million population or more
22053,LA,Jefferson Davis Parish,32250,2,"Metro - Counties in metro areas of 250,000 to 1 million population"
22055,LA,Lafayette Parish,241753,2,"Metro - Counties in metro areas of 250,000 to 1 million population"
22057,LA,Lafourche Parish,97557,3,"Metro - Counties in metro areas of fewer than 250,000 population"
22059,LA,LaSalle Parish,14791,8,"Nonmetro - Urban population of fewer than 5,000, adjacent to a metro area"
22061,LA,Lincoln Parish,48396,4,"Nonmetro - Urban population of 20,000 or more, adjacent to a metro area"
22063,LA,Livingston Parish,142282,2,"Metro - Counties in metro areas of 250,000 to 1 million population"
22065,LA,Madison Parish,10017,6,"Nonmetro - Urban population of 5,000 to 20,000, adjacent to a metro area"
22067,LA,Morehouse Parish,25629,3,"Metro - Counties in metro areas of fewer than 250,000 population"
22069,LA,Natchitoches Parish,37515,6,"Nonmetro - Urban population of 5,000 to 20,000, adjacent to a metro area"
22071,LA,Orleans Parish,383997,1,Metro - Counties in metro areas of 1 million population or more
22073,LA,Ouachita Parish,160368,3,"Metro - Counties in metro areas of fewer than 250,000 population"
22075,LA,Plaquemines Parish,23515,1,Metro - Counties in metro areas of 1 million population or more
22077,LA,Pointe Coupee Parish,20758,2,"Metro - Counties in metro areas of 250,000 to 1 million population"
22079,LA,Rapides Parish,130023,3,"Metro - Counties in metro areas of fewer than 250,000 population"
22081,LA,Red River Parish,7620,8,"Nonmetro - Urban population of fewer than 5,000, adjacent to a metro area"
22083,LA,Richland Parish,20043,3,"Metro - Counties in metro areas of fewer than 250,000 population"
22085,LA,Sabine Parish,22155,8,"Nonmetro - Urban population of fewer than 5,000, adjacent to a metro area"
22087,LA,St. Bernard Parish,43764,1,Metro - Counties in metro areas of 1 million population or more
22089,LA,St. Charles Parish,52549,1,Metro - Counties in metro areas of 1 million population or more
22091,LA,St. Helena Parish,10920,2,"Metro - Counties in metro areas of 250,000 to 1 million population"
22093,LA,St. James Parish,20192,1,Metro - Counties in metro areas of 1 million population or more
22095,LA,St. John the Baptist Parish,42477,1,Metro - Counties in metro areas of 1 million population or more
22097,LA,St. Landry Parish,82540,4,"Nonmetro - Urban population of 20,000 or more, adjacent to a metro area"
22099,LA,St. Martin Parish,51767,2,"Metro - Counties in metro areas of 250,000 to 1 million population"
22101,LA,St. Mary Parish,49406,4,"Nonmetro - Urban population of 20,000 or more, adjacent to a metro area"
22103,LA,St. Tammany Parish,264570,2,"Metro - Counties in metro areas of 250,000 to 1 million population"
22105,LA,Tangipahoa Parish,133157,3,"Metro - Counties in metro areas of fewer than 250,000 population"
22107,LA,Tensas Parish,4147,9,"Nonmetro - Urban population of fewer than 5,000, not adjacent to a metro area"
22109,LA,Terrebonne Parish,109580,3,"Metro - Counties in metro areas of fewer than 250,000 population"
22111,LA,Union Parish,21107,3,"Metro - Counties in metro areas of fewer than 250,000 population"
22113,LA,Vermilion Parish,57359,2,"Metro - Counties in metro areas of 250,000 to 1 million population"
22115,LA,Vernon Parish,48750,4,"Nonmetro - Urban population of 20,000 or more, adjacent to a metro area"
22117,LA,Washington Parish,45463,6,"Nonmetro - Urban population of 5,000 to 20,000, adjacent to a metro area"
22119,LA,Webster Parish,36967,6,"Nonmetro - Urban population of 5,000 to 20,000, adjacent to a metro area"
22121,LA,West Baton Rouge Parish,27199,2,"Metro - Counties in metro areas of 250,000 to 1 million population"
22123,LA,West Carroll Parish,9751,8,"Nonmetro - Urban population of fewer than 5,000, adjacent to a metro area"
22125,LA,West Feliciana Parish,15310,2,"Metro - Counties in metro areas of 250,000 to 1 million population"
22127,LA,Winn Parish,13755,8,"Nonmetro - Urban population of fewer than 5,000, adjacent to a metro area"
23001,ME,Androscoggin County,111139,3,"Metro - Counties in metro areas of fewer than 250,000 population"
23003,ME,Aroostook County,67105,7,"Nonmetro - Urban population of 5,000 to 20,000, not adjacent to a metro area"
23005,ME,Cumberland County,303069,2,"Metro - Counties in metro areas of 250,000 to 1 million population"
23007,ME,Franklin County,29456,8,"Nonmetro - Urban population of fewer than 5,000, adjacent to a metro area"
23009,ME,Hancock County,55478,8,"Nonmetro - Urban population of fewer than 5,000, adjacent to a metro area"
23011,ME,Kennebec County,123642,4,"Nonmetro - Urban population of 20,000 or more, adjacent to a metro area"
23013,ME,Knox County,40607,7,"Nonmetro - Urban population of 5,000 to 20,000, not adjacent to a metro area"
23015,ME,Lincoln County,35237,8,"Nonmetro - Urban population of fewer than 5,000, adjacent to a metro area"
23017,ME,Oxford County,57777,6,"Nonmetro - Urban population of 5,000 to 20,000, adjacent to a metro area"
23019,ME,Penobscot County,152199,3,"Metro - Counties in metro areas of fewer than 250,000 population"
23021,ME,Piscataquis County,16800,8,"Nonmetro - Urban population of fewer than 5,000, adjacent to a metro area"
23023,ME,Sagadahoc County,36699,2,"Metro - Counties in metro areas of 250,000 to 1 million population"
23025,ME,Somerset County,50477,6,"Nonmetro - Urban population of 5,000 to 20,000, adjacent to a metro area"
23027,ME,Waldo County,39607,8,"Nonmetro - Urban population of fewer than 5,000, adjacent to a metro area"
23029,ME,Washington County,31095,9,"Nonmetro - Urban population of fewer than 5,000, not adjacent to a metro area"
23031,ME,York County,211972,2,"Metro - Counties in metro areas of 250,000 to 1 million population"
24001,MD,Allegany County,68106,4,"Nonmetro - Urban population of 20,000 or more, adjacent to a metro area"
24003,MD,Anne Arundel County,588261,1,Metro - Counties in metro areas of 1 million population or more
24005,MD,Baltimore County,854535,1,Metro - Counties in metro areas of 1 million population or more
24009,MD,Calvert County,92783,3,"Metro - Counties in metro areas of fewer than 250,000 population"
24011,MD,Caroline County,33293,6,"Nonmetro - Urban population of 5,000 to 20,000, adjacent to a metro area"
24013,MD,Carroll County,172891,1,Metro - Counties in metro areas of 1 million population or more
24015,MD,Cecil County,103725,1,Metro - Counties in metro areas of 1 million population or more
24017,MD,Charles County,166617,1,Metro - Counties in metro areas of 1 million population or more
24019,MD,Dorchester County,32531,6,"Nonmetro - Urban population of 5,000 to 20,000, adjacent to a metro area"
24021,MD,Frederick County,271717,1,Metro - Counties in metro areas of 1 million population or more
24023,MD,Garrett County,28806,8,"Nonmetro - Urban population of fewer than 5,000, adjacent to a metro area"
24025,MD,Harford County,260924,1,Metro - Counties in metro areas of 1 million population or more
24027,MD,Howard County,332317,1,Metro - Counties in metro areas of 1 million population or more
24029,MD,Kent County,19198,6,"Nonmetro - Urban population of 5,000 to 20,000, adjacent to a metro area"
24031,MD,Montgomery County,1062061,1,Metro - Counties in metro areas of 1 million population or more
24033,MD,Prince George's County,967201,1,Metro - Counties in metro areas of 1 million population or more
24035,MD,Queen Anne's County,49874,1,Metro - Counties in metro areas of 1 million population or more
24037,MD,St. Mary's County,113777,3,"Metro - Counties in metro areas of fewer than 250,000 population"
24039,MD,Somerset County,24620,3,"Metro - Counties in metro areas of fewer than 250,000 population"
24041,MD,Talbot County,37526,6,"Nonmetro - Urban population of 5,000 to 20,000, adjacent to a metro area"
24043,MD,Washington County,154705,2,"Metro - Counties in metro areas of 250,000 to 1 million population"
24045,MD,Wicomico County,103588,3,"Metro - Counties in metro areas of fewer than 250,000 population"
24047,MD,Worcester County,52460,4,"Nonmetro - Urban population of 20,000 or more, adjacent to a metro area"
24510,MD,Baltimore city,585708,1,Metro - Counties in metro areas of 1 million population or more
25001,MA,Barnstable County,228996,3,"Metro - Counties in metro areas of fewer than 250,000 population"
25003,MA,Berkshire County,129026,3,"Metro - Counties in metro areas of fewer than 250,000 population"
25005,MA,Bristol County,579200,1,Metro - Counties in metro areas of 1 million population or more
25007,MA,Dukes County,20600,7,"Nonmetro - Urban population of 5,000 to 20,000, not adjacent to a metro area"
25009,MA,Essex County,809829,1,Metro - Counties in metro areas of 1 million population or more
25011,MA,Franklin County,71029,4,"Nonmetro - Urban population of 20,000 or more, adjacent to a metro area"
25013,MA,Hampden County,465825,2,"Metro - Counties in metro areas of 250,000 to 1 million population"
25015,MA,Hampshire County,162308,3,"Metro - Counties in metro areas of fewer than 250,000 population"
25017,MA,Middlesex County,1632002,1,Metro - Counties in metro areas of 1 million population or more
25019,MA,Nantucket County,14255,7,"Nonmetro - Urban population of 5,000 to 20,000, not adjacent to a metro area"
25021,MA,Norfolk County,725981,1,Metro - Counties in metro areas of 1 million population or more
25023,MA,Plymouth County,530819,1,Metro - Counties in metro areas of 1 million population or more
25025,MA,Suffolk County,797936,1,Metro - Counties in metro areas of 1 million population or more
25027,MA,Worcester County,862111,2,"Metro - Counties in metro areas of 250,000 to 1 million population"
26001,MI,Alcona County,10167,9,"Nonmetro - Urban population of fewer than 5,000, not adjacent to a metro area"
26003,MI,Alger County,8842,9,"Nonmetro - Urban population of fewer than 5,000, not adjacent to a metro area"
26005,MI,Allegan County,120502,4,"Nonmetro - Urban population of 20,000 or more, adjacent to a metro area"
26007,MI,Alpena County,28907,7,"Nonmetro - Urban population of 5,000 to 20,000, not adjacent to a metro area"
26009,MI,Antrim County,23431,8,"Nonmetro - Urban population of fewer than 5,000, adjacent to a metro area"
26011,MI,Arenac County,15002,8,"Nonmetro - Urban population of fewer than 5,000, adjacent to a metro area"
26013,MI,Baraga County,8158,9,"Nonmetro - Urban population of fewer than 5,000, not adjacent to a metro area"
26015,MI,Barry County,62423,1,Metro - Counties in metro areas of 1 million population or more
26017,MI,Bay County,103856,3,"Metro - Counties in metro areas of fewer than 250,000 population"
26019,MI,Benzie County,17970,3,"Metro - Counties in metro areas of fewer than 250,000 population"
26021,MI,Berrien County,154316,3,"Metro - Counties in metro areas of fewer than 250,000 population"
26023,MI,Branch County,44862,6,"Nonmetro - Urban population of 5,000 to 20,000, adjacent to a metro area"
26025,MI,Calhoun County,134310,3,"Metro - Counties in metro areas of fewer than 250,000 population"
26027,MI,Cass County,51589,2,"Metro - Counties in metro areas of 250,000 to 1 million population"
26029,MI,Charlevoix County,26054,7,"Nonmetro - Urban population of 5,000 to 20,000, not adjacent to a metro area"
26031,MI,Cheboygan County,25579,7,"Nonmetro - Urban population of 5,000 to 20,000, not adjacent to a metro area"
26033,MI,Chippewa County,36785,7,"Nonmetro - Urban population of 5,000 to 20,000, not adjacent to a metro area"
26035,MI,Clare County,30856,8,"Nonmetro - Urban population of fewer than 5,000, adjacent to a metro area"
26037,MI,Clinton County,79128,2,"Metro - Counties in metro areas of 250,000 to 1 million population"
26039,MI,Crawford County,12988,9,"Nonmetro - Urban population of fewer than 5,000, not adjacent to a metro area"
26041,MI,Delta County,36903,5,"Nonmetro - Urban population of 20,000 or more, not adjacent to a metro area"
26043,MI,Dickinson County,25947,7,"Nonmetro - Urban population of 5,000 to 20,000, not adjacent to a metro area"
26045,MI,Eaton County,109175,2,"Metro - Counties in metro areas of 250,000 to 1 million population"
26047,MI,Emmet County,34112,7,"Nonmetro - Urban population of 5,000 to 20,000, not adjacent to a metro area"
26049,MI,Genesee County,406211,2,"Metro - Counties in metro areas of 250,000 to 1 million population"
26051,MI,Gladwin County,25386,8,"Nonmetro - Urban population of fewer than 5,000, adjacent to a metro area"
26053,MI,Gogebic County,14380,7,"Nonmetro - Urban population of 5,000 to 20,000, not adjacent to a metro area"
26055,MI,Grand Traverse County,95238,3,"Metro - Counties in metro areas of fewer than 250,000 population"
26057,MI,Gratiot County,41761,6,"Nonmetro - Urban population of 5,000 to 20,000, adjacent to a metro area"
26059,MI,Hillsdale County,45746,6,"Nonmetro - Urban population of 5,000 to 20,000, adjacent to a metro area"
26061,MI,Houghton County,37361,5,"Nonmetro - Urban population of 20,000 or more, not adjacent to a metro area"
26063,MI,Huron County,31407,9,"Nonmetro - Urban population of fewer than 5,000, not adjacent to a metro area"
26065,MI,Ingham County,284900,2,"Metro - Counties in metro areas of 250,000 to 1 million population"
26067,MI,Ionia County,66804,1,Metro - Counties in metro areas of 1 million population or more
26069,MI,Iosco County,25237,7,"Nonmetro - Urban population of 5,000 to 20,000, not adjacent to a metro area"
26071,MI,Iron County,11631,9,"Nonmetro - Urban population of fewer than 5,000, not adjacent to a metro area"
26073,MI,Isabella County,64394,4,"Nonmetro - Urban population of 20,000 or more, adjacent to a metro area"
26075,MI,Jackson County,160366,3,"Metro - Counties in metro areas of fewer than 250,000 population"
26077,MI,Kalamazoo County,261670,2,"Metro - Counties in metro areas of 250,000 to 1 million population"
26079,MI,Kalkaska County,17939,3,"Metro - Counties in metro areas of fewer than 250,000 population"
26081,MI,Kent County,657974,1,Metro - Counties in metro areas of 1 million population or more
26083,MI,Keweenaw County,2046,9,"Nonmetro - Urban population of fewer than 5,000, not adjacent to a metro area"
26085,MI,Lake County,12096,9,"Nonmetro - Urban population of fewer than 5,000, not adjacent to a metro area"
26087,MI,Lapeer County,88619,1,Metro - Counties in metro areas of 1 million population or more
26089,MI,Leelanau County,22301,3,"Metro - Counties in metro areas of fewer than 250,000 population"
26091,MI,Lenawee County,99423,4,"Nonmetro - Urban population of 20,000 or more, adjacent to a metro area"
26093,MI,Livingston County,193866,1,Metro - Counties in metro areas of 1 million population or more
26095,MI,Luce County,5339,9,"Nonmetro - Urban population of fewer than 5,000, not adjacent to a metro area"
26097,MI,Mackinac County,10834,9,"Nonmetro - Urban population of fewer than 5,000, not adjacent to a metro area"
26099,MI,Macomb County,881217,1,Metro - Counties in metro areas of 1 million population or more
26101,MI,Manistee County,25032,6,"Nonmetro - Urban population of 5,000 to 20,000, adjacent to a metro area"
26103,MI,Marquette County,66017,5,"Nonmetro - Urban population of 20,000 or more, not adjacent to a metro area"
26105,MI,Mason County,29052,7,"Nonmetro - Urban population of 5,000 to 20,000, not adjacent to a metro area"
26107,MI,Mecosta County,39714,6,"Nonmetro - Urban population of 5,000 to 20,000, adjacent to a metro area"
26109,MI,Menominee County,23502,7,"Nonmetro - Urban population of 5,000 to 20,000, not adjacent to a metro area"
26111,MI,Midland County,83494,3,"Metro - Counties in metro areas of fewer than 250,000 population"
26113,MI,Missaukee County,15052,8,"Nonmetro - Urban population of fewer than 5,000, adjacent to a metro area"
26115,MI,Monroe County,154809,3,"Metro - Counties in metro areas of fewer than 250,000 population"
26117,MI,Montcalm County,66614,1,Metro - Counties in metro areas of 1 million population or more
26119,MI,Montmorency County,9153,9,"Nonmetro - Urban population of fewer than 5,000, not adjacent to a metro area"
26121,MI,Muskegon County,175824,3,"Metro - Counties in metro areas of fewer than 250,000 population"
26123,MI,Newaygo County,49978,6,"Nonmetro - Urban population of 5,000 to 20,000, adjacent to a metro area"
26125,MI,Oakland County,1274395,1,Metro - Counties in metro areas of 1 million population or more
26127,MI,Oceana County,26659,8,"Nonmetro - Urban population of fewer than 5,000, adjacent to a metro area"
26129,MI,Ogemaw County,20770,9,"Nonmetro - Urban population of fewer than 5,000, not adjacent to a metro area"
26131,MI,Ontonagon County,5816,9,"Nonmetro - Urban population of fewer than 5,000, not adjacent to a metro area"
26133,MI,Osceola County,22891,9,"Nonmetro - Urban population of fewer than 5,000, not adjacent to a metro area"
26135,MI,Oscoda County,8219,9,"Nonmetro - Urban population of fewer than 5,000, not adjacent to a metro area"
26137,MI,Otsego County,25091,7,"Nonmetro - Urban population of 5,000 to 20,000, not adjacent to a metro area"
26139,MI,Ottawa County,296200,1,Metro - Counties in metro areas of 1 million population or more
26141,MI,Presque Isle County,12982,9,"Nonmetro - Urban population of fewer than 5,000, not adjacent to a metro area"
26143,MI,Roscommon County,23459,7,"Nonmetro - Urban population of 5,000 to 20,000, not adjacent to a metro area"
26145,MI,Saginaw County,190124,3,"Metro - Counties in metro areas of fewer than 250,000 population"
26147,MI,St. Clair County,160383,1,Metro - Counties in metro areas of 1 million population or more
26149,MI,St. Joseph County,60939,4,"Nonmetro - Urban population of 20,000 or more, adjacent to a metro area"
26151,MI,Sanilac County,40611,8,"Nonmetro - Urban population of fewer than 5,000, adjacent to a metro area"
26153,MI,Schoolcraft County,8047,9,"Nonmetro - Urban population of fewer than 5,000, not adjacent to a metro area"
26155,MI,Shiawassee County,68094,4,"Nonmetro - Urban population of 20,000 or more, adjacent to a metro area"
26157,MI,Tuscola County,53323,6,"Nonmetro - Urban population of 5,000 to 20,000, adjacent to a metro area"
26159,MI,Van Buren County,75587,6,"Nonmetro - Urban population of 5,000 to 20,000, adjacent to a metro area"
26161,MI,Washtenaw County,372258,2,"Metro - Counties in metro areas of 250,000 to 1 million population"
26163,MI,Wayne County,1793561,1,Metro - Counties in metro areas of 1 million population or more
26165,MI,Wexford County,33673,6,"Nonmetro - Urban population of 5,000 to 20,000, adjacent to a metro area"
27001,MN,Aitkin County,15697,8,"Nonmetro - Urban population of fewer than 5,000, adjacent to a metro area"
27003,MN,Anoka County,363887,1,Metro - Counties in metro areas of 1 million population or more
27005,MN,Becker County,35183,6,"Nonmetro - Urban population of 5,000 to 20,000, adjacent to a metro area"
27007,MN,Beltrami County,46228,7,"Nonmetro - Urban population of 5,000 to 20,000, not adjacent to a metro area"
27009,MN,Benton County,41379,3,"Metro - Counties in metro areas of fewer than 250,000 population"
27011,MN,Big Stone County,5166,9,"Nonmetro - Urban population of fewer than 5,000, not adjacent to a metro area"
27013,MN,Blue Earth County,69112,3,"Metro - Counties in metro areas of fewer than 250,000 population"
27015,MN,Brown County,25912,6,"Nonmetro - Urban population of 5,000 to 20,000, adjacent to a metro area"
27017,MN,Carlton County,36207,2,"Metro - Counties in metro areas of 250,000 to 1 million population"
27019,MN,Carver County,106922,1,Metro - Counties in metro areas of 1 million population or more
27021,MN,Cass County,30066,9,"Nonmetro - Urban population of fewer than 5,000, not adjacent to a metro area"
27023,MN,Chippewa County,12598,7,"Nonmetro - Urban population of 5,000 to 20,000, not adjacent to a metro area"
27025,MN,Chisago County,56621,1,Metro - Counties in metro areas of 1 million population or more
27027,MN,Clay County,65318,3,"Metro - Counties in metro areas of fewer than 250,000 population"
27029,MN,Clearwater County,8524,8,"Nonmetro - Urban population of fewer than 5,000, adjacent to a metro area"
27031,MN,Cook County,5600,9,"Nonmetro - Urban population of fewer than 5,000, not adjacent to a metro area"
27033,MN,Cottonwood County,11517,9,"Nonmetro - Urban population of fewer than 5,000, not adjacent to a metro area"
27035,MN,Crow Wing County,66123,4,"Nonmetro - Urban population of 20,000 or more, adjacent to a metro area"
27037,MN,Dakota County,439882,1,Metro - Counties in metro areas of 1 million population or more
27039,MN,Dodge County,20867,3,"Metro - Counties in metro areas of fewer than 250,000 population"
27041,MN,Douglas County,39006,6,"Nonmetro - Urban population of 5,000 to 20,000, adjacent to a metro area"
27043,MN,Faribault County,13921,8,"Nonmetro - Urban population of fewer than 5,000, adjacent to a metro area"
27045,MN,Fillmore County,21228,3,"Metro - Counties in metro areas of fewer than 250,000 population"
27047,MN,Freeborn County,30895,7,"Nonmetro - Urban population of 5,000 to 20,000, not adjacent to a metro area"
27049,MN,Goodhue County,47582,6,"Nonmetro - Urban population of 5,000 to 20,000, adjacent to a metro area"
27051,MN,Grant County,6074,9,"Nonmetro - Urban population of fewer than 5,000, not adjacent to a metro area"
27053,MN,Hennepin County,1281565,1,Metro - Counties in metro areas of 1 million population or more
27055,MN,Houston County,18843,3,"Metro - Counties in metro areas of fewer than 250,000 population"
27057,MN,Hubbard County,21344,9,"Nonmetro - Urban population of fewer than 5,000, not adjacent to a metro area"
27059,MN,Isanti County,41135,1,Metro - Counties in metro areas of 1 million population or more
27061,MN,Itasca County,45014,6,"Nonmetro - Urban population of 5,000 to 20,000, adjacent to a metro area"
27063,MN,Jackson County,9989,9,"Nonmetro - Urban population of fewer than 5,000, not adjacent to a metro area"
27065,MN,Kanabec County,16032,8,"Nonmetro - Urban population of fewer than 5,000, adjacent to a metro area"
27067,MN,Kandiyohi County,43732,4,"Nonmetro - Urban population of 20,000 or more, adjacent to a metro area"
27069,MN,Kittson County,4207,9,"Nonmetro - Urban population of fewer than 5,000, not adjacent to a metro area"
27071,MN,Koochiching County,12062,7,"Nonmetro - Urban population of 5,000 to 20,000, not adjacent to a metro area"
27073,MN,Lac qui Parle County,6719,9,"Nonmetro - Urban population of fewer than 5,000, not adjacent to a metro area"
27075,MN,Lake County,10905,8,"Nonmetro - Urban population of fewer than 5,000, adjacent to a metro area"
27077,MN,Lake of the Woods County,3763,9,"Nonmetro - Urban population of fewer than 5,000, not adjacent to a metro area"
27079,MN,Le Sueur County,28674,1,Metro - Counties in metro areas of 1 million population or more
27081,MN,Lincoln County,5640,9,"Nonmetro - Urban population of fewer than 5,000, not adjacent to a metro area"
27083,MN,Lyon County,25269,7,"Nonmetro - Urban population of 5,000 to 20,000, not adjacent to a metro area"
27085,MN,McLeod County,36771,4,"Nonmetro - Urban population of 20,000 or more, adjacent to a metro area"
27087,MN,Mahnomen County,5411,8,"Nonmetro - Urban population of fewer than 5,000, adjacent to a metro area"
27089,MN,Marshall County,9040,8,"Nonmetro - Urban population of fewer than 5,000, adjacent to a metro area"
27091,MN,Martin County,20025,6,"Nonmetro - Urban population of 5,000 to 20,000, adjacent to a metro area"
27093,MN,Meeker County,23400,6,"Nonmetro - Urban population of 5,000 to 20,000, adjacent to a metro area"
27095,MN,Mille Lacs County,26459,1,Metro - Counties in metro areas of 1 million population or more
27097,MN,Morrison County,34010,6,"Nonmetro - Urban population of 5,000 to 20,000, adjacent to a metro area"
27099,MN,Mower County,40029,4,"Nonmetro - Urban population of 20,000 or more, adjacent to a metro area"
27101,MN,Murray County,8179,9,"Nonmetro - Urban population of fewer than 5,000, not adjacent to a metro area"
27103,MN,Nicollet County,34454,3,"Metro - Counties in metro areas of fewer than 250,000 population"
27105,MN,Nobles County,22290,7,"Nonmetro - Urban population of 5,000 to 20,000, not adjacent to a metro area"
27107,MN,Norman County,6441,8,"Nonmetro - Urban population of fewer than 5,000, adjacent to a metro area"
27109,MN,Olmsted County,162847,3,"Metro - Counties in metro areas of fewer than 250,000 population"
27111,MN,Otter Tail County,60081,6,"Nonmetro - Urban population of 5,000 to 20,000, adjacent to a metro area"
27113,MN,Pennington County,13992,6,"Nonmetro - Urban population of 5,000 to 20,000, adjacent to a metro area"
27115,MN,Pine County,28876,8,"Nonmetro - Urban population of fewer than 5,000, adjacent to a metro area"
27117,MN,Pipestone County,9424,8,"Nonmetro - Urban population of fewer than 5,000, adjacent to a metro area"
27119,MN,Polk County,31192,3,"Metro - Counties in metro areas of fewer than 250,000 population"
27121,MN,Pope County,11308,8,"Nonmetro - Urban population of fewer than 5,000, adjacent to a metro area"
27123,MN,Ramsey County,552352,1,Metro - Counties in metro areas of 1 million population or more
27125,MN,Red Lake County,3935,8,"Nonmetro - Urban population of fewer than 5,000, adjacent to a metro area"
27127,MN,Redwood County,15425,9,"Nonmetro - Urban population of fewer than 5,000, not adjacent to a metro area"
27129,MN,Renville County,14723,9,"Nonmetro - Urban population of fewer than 5,000, not adjacent to a metro area"
27131,MN,Rice County,67097,4,"Nonmetro - Urban population of 20,000 or more, adjacent to a metro area"
27133,MN,Rock County,9704,2,"Metro - Counties in metro areas of 250,000 to 1 million population"
27135,MN,Roseau County,15331,9,"Nonmetro - Urban population of fewer than 5,000, not adjacent to a metro area"
27137,MN,St. Louis County,200231,2,"Metro - Counties in metro areas of 250,000 to 1 million population"
27139,MN,Scott County,150928,1,Metro - Counties in metro areas of 1 million population or more
27141,MN,Sherburne County,97183,1,Metro - Counties in metro areas of 1 million population or more
27143,MN,Sibley County,14836,8,"Nonmetro - Urban population of fewer than 5,000, adjacent to a metro area"
27145,MN,Stearns County,158292,3,"Metro - Counties in metro areas of fewer than 250,000 population"
27147,MN,Steele County,37406,5,"Nonmetro - Urban population of 20,000 or more, not adjacent to a metro area"
27149,MN,Stevens County,9671,7,"Nonmetro - Urban population of 5,000 to 20,000, not adjacent to a metro area"
27151,MN,Swift County,9838,9,"Nonmetro - Urban population of fewer than 5,000, not adjacent to a metro area"
27153,MN,Todd County,25262,8,"Nonmetro - Urban population of fewer than 5,000, adjacent to a metro area"
27155,MN,Traverse County,3360,9,"Nonmetro - Urban population of fewer than 5,000, not adjacent to a metro area"
27157,MN,Wabasha County,21387,3,"Metro - Counties in metro areas of fewer than 250,000 population"
27159,MN,Wadena County,14065,9,"Nonmetro - Urban population of fewer than 5,000, not adjacent to a metro area"
27161,MN,Waseca County,18968,6,"Nonmetro - Urban population of 5,000 to 20,000, adjacent to a metro area"
27163,MN,Washington County,267568,1,Metro - Counties in metro areas of 1 million population or more
27165,MN,Watonwan County,11253,8,"Nonmetro - Urban population of fewer than 5,000, adjacent to a metro area"
27167,MN,Wilkin County,6506,8,"Nonmetro - Urban population of fewer than 5,000, adjacent to a metro area"
27169,MN,Winona County,49671,4,"Nonmetro - Urban population of 20,000 or more, adjacent to a metro area"
27171,MN,Wright County,141337,1,Metro - Counties in metro areas of 1 million population or more
27173,MN,Yellow Medicine County,9528,9,"Nonmetro - Urban population of fewer than 5,000, not adjacent to a metro area"
28001,MS,Adams County,29538,7,"Nonmetro - Urban population of 5,000 to 20,000, not adjacent to a metro area"
28003,MS,Alcorn County,34740,7,"Nonmetro - Urban population of 5,000 to 20,000, not adjacent to a metro area"
28005,MS,Amite County,12720,8,"Nonmetro - Urban population of fewer than 5,000, adjacent to a metro area"
28007,MS,Attala County,17889,6,"Nonmetro - Urban population of 5,000 to 20,000, adjacent to a metro area"
28009,MS,Benton County,7646,1,Metro - Counties in metro areas of 1 million population or more
28011,MS,Bolivar County,30985,7,"Nonmetro - Urban population of 5,000 to 20,000, not adjacent to a metro area"
28013,MS,Calhoun County,13266,9,"Nonmetro - Urban population of fewer than 5,000, not adjacent to a metro area"
28015,MS,Carroll County,9998,8,"Nonmetro - Urban population of fewer than 5,000, adjacent to a metro area"
28017,MS,Chickasaw County,17106,9,"Nonmetro - Urban population of fewer than 5,000, not adjacent to a metro area"
28019,MS,Choctaw County,8246,9,"Nonmetro - Urban population of fewer than 5,000, not adjacent to a metro area"
28021,MS,Claiborne County,9135,8,"Nonmetro - Urban population of fewer than 5,000, adjacent to a metro area"
28023,MS,Clarke County,15615,9,"Nonmetro - Urban population of fewer than 5,000, not adjacent to a metro area"
28025,MS,Clay County,18636,7,"Nonmetro - Urban population of 5,000 to 20,000, not adjacent to a metro area"
28027,MS,Coahoma County,21390,6,"Nonmetro - Urban population of 5,000 to 20,000, adjacent to a metro area"
28029,MS,Copiah County,28368,2,"Metro - Counties in metro areas of 250,000 to 1 million population"
28031,MS,Covington County,18340,8,"Nonmetro - Urban population of fewer than 5,000, adjacent to a metro area"
28033,MS,DeSoto County,185314,1,Metro - Counties in metro areas of 1 million population or more
28035,MS,Forrest County,78158,3,"Metro - Counties in metro areas of fewer than 250,000 population"
28037,MS,Franklin County,7675,9,"Nonmetro - Urban population of fewer than 5,000, not adjacent to a metro area"
28039,MS,George County,24350,8,"Nonmetro - Urban population of fewer than 5,000, adjacent to a metro area"
28041,MS,Greene County,13530,8,"Nonmetro - Urban population of fewer than 5,000, adjacent to a metro area"
28043,MS,Grenada County,21629,7,"Nonmetro - Urban population of 5,000 to 20,000, not adjacent to a metro area"
28045,MS,Hancock County,46053,2,"Metro - Counties in metro areas of 250,000 to 1 million population"
28047,MS,Harrison County,208621,2,"Metro - Counties in metro areas of 250,000 to 1 million population"
28049,MS,Hinds County,227742,2,"Metro - Counties in metro areas of 250,000 to 1 million population"
28051,MS,Holmes County,17000,2,"Metro - Counties in metro areas of 250,000 to 1 million population"
28053,MS,Humphreys County,7785,8,"Nonmetro - Urban population of fewer than 5,000, adjacent to a metro area"
28055,MS,Issaquena County,1338,9,"Nonmetro - Urban population of fewer than 5,000, not adjacent to a metro area"
28057,MS,Itawamba County,23863,9,"Nonmetro - Urban population of fewer than 5,000, not adjacent to a metro area"
28059,MS,Jackson County,143252,2,"Metro - Counties in metro areas of 250,000 to 1 million population"
28061,MS,Jasper County,16367,8,"Nonmetro - Urban population of fewer than 5,000, adjacent to a metro area"
28063,MS,Jefferson County,7260,9,"Nonmetro - Urban population of fewer than 5,000, not adjacent to a metro area"
28065,MS,Jefferson Davis County,11321,8,"Nonmetro - Urban population of fewer than 5,000, adjacent to a metro area"
28067,MS,Jones County,67246,4,"Nonmetro - Urban population of 20,000 or more, adjacent to a metro area"
28069,MS,Kemper County,8988,9,"Nonmetro - Urban population of fewer than 5,000, not adjacent to a metro area"
28071,MS,Lafayette County,55813,4,"Nonmetro - Urban population of 20,000 or more, adjacent to a metro area"
28073,MS,Lamar County,64222,3,"Metro - Counties in metro areas of fewer than 250,000 population"
28075,MS,Lauderdale County,72984,5,"Nonmetro - Urban population of 20,000 or more, not adjacent to a metro area"
28077,MS,Lawrence County,12016,8,"Nonmetro - Urban population of fewer than 5,000, adjacent to a metro area"
28079,MS,Leake County,21275,8,"Nonmetro - Urban population of fewer than 5,000, adjacent to a metro area"
28081,MS,Lee County,83343,5,"Nonmetro - Urban population of 20,000 or more, not adjacent to a metro area"
28083,MS,Leflore County,28339,6,"Nonmetro - Urban population of 5,000 to 20,000, adjacent to a metro area"
28085,MS,Lincoln County,34907,6,"Nonmetro - Urban population of 5,000 to 20,000, adjacent to a metro area"
28087,MS,Lowndes County,58879,5,"Nonmetro - Urban population of 20,000 or more, not adjacent to a metro area"
28089,MS,Madison County,109145,2,"Metro - Counties in metro areas of 250,000 to 1 million population"
28091,MS,Marion County,24441,6,"Nonmetro - Urban population of 5,000 to 20,000, adjacent to a metro area"
28093,MS,Marshall County,33752,1,Metro - Counties in metro areas of 1 million population or more
28095,MS,Monroe County,34180,7,"Nonmetro - Urban population of 5,000 to 20,000, not adjacent to a metro area"
28097,MS,Montgomery County,9822,9,"Nonmetro - Urban population of fewer than 5,000, not adjacent to a metro area"
28099,MS,Neshoba County,29087,7,"Nonmetro - Urban population of 5,000 to 20,000, not adjacent to a metro area"
28101,MS,Newton County,21291,8,"Nonmetro - Urban population of fewer than 5,000, adjacent to a metro area"
28103,MS,Noxubee County,10285,9,"Nonmetro - Urban population of fewer than 5,000, not adjacent to a metro area"
28105,MS,Oktibbeha County,51788,5,"Nonmetro - Urban population of 20,000 or more, not adjacent to a metro area"
28107,MS,Panola County,33208,6,"Nonmetro - Urban population of 5,000 to 20,000, adjacent to a metro area"
28109,MS,Pearl River County,56145,6,"Nonmetro - Urban population of 5,000 to 20,000, adjacent to a metro area"
28111,MS,Perry County,11511,3,"Metro - Counties in metro areas of fewer than 250,000 population"
28113,MS,Pike County,40324,6,"Nonmetro - Urban population of 5,000 to 20,000, adjacent to a metro area"
28115,MS,Pontotoc County,31184,9,"Nonmetro - Urban population of fewer than 5,000, not adjacent to a metro area"
28117,MS,Prentiss County,25008,7,"Nonmetro - Urban population of 5,000 to 20,000, not adjacent to a metro area"
28119,MS,Quitman County,6176,8,"Nonmetro - Urban population of fewer than 5,000, adjacent to a metro area"
28121,MS,Rankin County,157031,2,"Metro - Counties in metro areas of 250,000 to 1 million population"
28123,MS,Scott County,27990,2,"Metro - Counties in metro areas of 250,000 to 1 million population"
28125,MS,Sharkey County,3800,8,"Nonmetro - Urban population of fewer than 5,000, adjacent to a metro area"
28127,MS,Simpson County,25949,2,"Metro - Counties in metro areas of 250,000 to 1 million population"
28129,MS,Smith County,14209,8,"Nonmetro - Urban population of fewer than 5,000, adjacent to a metro area"
28131,MS,Stone County,18333,2,"Metro - Counties in metro areas of 250,000 to 1 million population"
28133,MS,Sunflower County,25971,7,"Nonmetro - Urban population of 5,000 to 20,000, not adjacent to a metro area"
28135,MS,Tallahatchie County,12715,9,"Nonmetro - Urban population of fewer than 5,000, not adjacent to a metro area"
28137,MS,Tate County,28064,1,Metro - Counties in metro areas of 1 million population or more
28139,MS,Tippah County,21815,8,"Nonmetro - Urban population of fewer than 5,000, adjacent to a metro area"
28141,MS,Tishomingo County,18850,8,"Nonmetro - Urban population of fewer than 5,000, adjacent to a metro area"
28143,MS,Tunica County,9782,1,Metro - Counties in metro areas of 1 million population or more
28145,MS,Union County,27777,7,"Nonmetro - Urban population of 5,000 to 20,000, not adjacent to a metro area"
28147,MS,Walthall County,13884,9,"Nonmetro - Urban population of fewer than 5,000, not adjacent to a metro area"
28149,MS,Warren County,44722,4,"Nonmetro - Urban population of 20,000 or more, adjacent to a metro area"
28151,MS,Washington County,44922,5,"Nonmetro - Urban population of 20,000 or more, not adjacent to a metro area"
28153,MS,Wayne County,19779,9,"Nonmetro - Urban population of fewer than 5,000, not adjacent to a metro area"
28155,MS,Webster County,9926,9,"Nonmetro - Urban population of fewer than 5,000, not adjacent to a metro area"
28157,MS,Wilkinson County,8587,8,"Nonmetro - Urban population of fewer than 5,000, adjacent to a metro area"
28159,MS,Winston County,17714,9,"Nonmetro - Urban population of fewer than 5,000, not adjacent to a metro area"
28161,MS,Yalobusha County,12481,9,"Nonmetro - Urban population of fewer than 5,000, not adjacent to a metro area"
28163,MS,Yazoo County,26743,2,"Metro - Counties in metro areas of 250,000 to 1 million population"
29001,MO,Adair County,25314,7,"Nonmetro - Urban population of 5,000 to 20,000, not adjacent to a metro area"
29003,MO,Andrew County,18135,3,"Metro - Counties in metro areas of fewer than 250,000 population"
29005,MO,Atchison County,5305,9,"Nonmetro - Urban population of fewer than 5,000, not adjacent to a metro area"
29007,MO,Audrain County,24962,6,"Nonmetro - Urban population of 5,000 to 20,000, adjacent to a metro area"
29009,MO,Barry County,34534,6,"Nonmetro - Urban population of 5,000 to 20,000, adjacent to a metro area"
29011,MO,Barton County,11637,8,"Nonmetro - Urban population of fewer than 5,000, adjacent to a metro area"
29013,MO,Bates County,16042,1,Metro - Counties in metro areas of 1 million population or more
29015,MO,Benton County,19394,9,"Nonmetro - Urban population of fewer than 5,000, not adjacent to a metro area"
29017,MO,Bollinger County,10567,3,"Metro - Counties in metro areas of fewer than 250,000 population"
29019,MO,Boone County,183610,3,"Metro - Counties in metro areas of fewer than 250,000 population"
29021,MO,Buchanan County,84793,3,"Metro - Counties in metro areas of fewer than 250,000 population"
29023,MO,Butler County,42130,5,"Nonmetro - Urban population of 20,000 or more, not adjacent to a metro area"
29025,MO,Caldwell County,8815,1,Metro - Counties in metro areas of 1 million population or more
29027,MO,Callaway County,44283,3,"Metro - Counties in metro areas of fewer than 250,000 population"
29029,MO,Camden County,42745,7,"Nonmetro - Urban population of 5,000 to 20,000, not adjacent to a metro area"
29031,MO,Cape Girardeau County,81710,3,"Metro - Counties in metro areas of fewer than 250,000 population"
29033,MO,Carroll County,8495,8,"Nonmetro - Urban population of fewer than 5,000, adjacent to a metro area"
29035,MO,Carter County,5202,9,"Nonmetro - Urban population of fewer than 5,000, not adjacent to a metro area"
29037,MO,Cass County,107824,1,Metro - Counties in metro areas of 1 million population or more
29039,MO,Cedar County,14188,8,"Nonmetro - Urban population of fewer than 5,000, adjacent to a metro area"
29041,MO,Chariton County,7408,8,"Nonmetro - Urban population of fewer than 5,000, adjacent to a metro area"
29043,MO,Christian County,88842,2,"Metro - Counties in metro areas of 250,000 to 1 million population"
29045,MO,Clark County,6634,9,"Nonmetro - Urban population of fewer than 5,000, not adjacent to a metro area"
29047,MO,Clay County,253335,1,Metro - Counties in metro areas of 1 million population or more
29049,MO,Clinton County,21184,1,Metro - Counties in metro areas of 1 million population or more
29051,MO,Cole County,77279,3,"Metro - Counties in metro areas of fewer than 250,000 population"
29053,MO,Cooper County,17103,3,"Metro - Counties in metro areas of fewer than 250,000 population"
29055,MO,Crawford County,23056,8,"Nonmetro - Urban population of fewer than 5,000, adjacent to a metro area"
29057,MO,Dade County,7569,8,"Nonmetro - Urban population of fewer than 5,000, adjacent to a metro area"
29059,MO,Dallas County,17071,2,"Metro - Counties in metro areas of 250,000 to 1 million population"
29061,MO,Daviess County,8430,8,"Nonmetro - Urban population of fewer than 5,000, adjacent to a metro area"
29063,MO,DeKalb County,11029,3,"Metro - Counties in metro areas of fewer than 250,000 population"
29065,MO,Dent County,14421,9,"Nonmetro - Urban population of fewer than 5,000, not adjacent to a metro area"
29067,MO,Douglas County,11578,8,"Nonmetro - Urban population of fewer than 5,000, adjacent to a metro area"
29069,MO,Dunklin County,28283,7,"Nonmetro - Urban population of 5,000 to 20,000, not adjacent to a metro area"
29071,MO,Franklin County,104682,1,Metro - Counties in metro areas of 1 million population or more
29073,MO,Gasconade County,14794,8,"Nonmetro - Urban population of fewer than 5,000, adjacent to a metro area"
29075,MO,Gentry County,6162,8,"Nonmetro - Urban population of fewer than 5,000, adjacent to a metro area"
29077,MO,Greene County,298915,2,"Metro - Counties in metro areas of 250,000 to 1 million population"
29079,MO,Grundy County,9808,7,"Nonmetro - Urban population of 5,000 to 20,000, not adjacent to a metro area"
29081,MO,Harrison County,8157,9,"Nonmetro - Urban population of fewer than 5,000, not adjacent to a metro area"
29083,MO,Henry County,21946,6,"Nonmetro - Urban population of 5,000 to 20,000, adjacent to a metro area"
29085,MO,Hickory County,8279,8,"Nonmetro - Urban population of fewer than 5,000, adjacent to a metro area"
29087,MO,Holt County,4223,8,"Nonmetro - Urban population of fewer than 5,000, adjacent to a metro area"
29089,MO,Howard County,10151,3,"Metro - Counties in metro areas of fewer than 250,000 population"
29091,MO,Howell County,39750,7,"Nonmetro - Urban population of 5,000 to 20,000, not adjacent to a metro area"
29093,MO,Iron County,9537,9,"Nonmetro - Urban population of fewer than 5,000, not adjacent to a metro area"
29095,MO,Jackson County,717204,1,Metro - Counties in metro areas of 1 million population or more
29097,MO,Jasper County,122761,3,"Metro - Counties in metro areas of fewer than 250,000 population"
29099,MO,Jefferson County,226739,1,Metro - Counties in metro areas of 1 million population or more
29101,MO,Johnson County,54013,4,"Nonmetro - Urban population of 20,000 or more, adjacent to a metro area"
29103,MO,Knox County,3744,9,"Nonmetro - Urban population of fewer than 5,000, not adjacent to a metro area"
29105,MO,Laclede County,36039,6,"Nonmetro - Urban population of 5,000 to 20,000, adjacent to a metro area"
29107,MO,Lafayette County,32984,1,Metro - Counties in metro areas of 1 million population or more
29109,MO,Lawrence County,38001,6,"Nonmetro - Urban population of 5,000 to 20,000, adjacent to a metro area"
29111,MO,Lewis County,10032,9,"Nonmetro - Urban population of fewer than 5,000, not adjacent to a metro area"
29113,MO,Lincoln County,59574,1,Metro - Counties in metro areas of 1 million population or more
29115,MO,Linn County,11874,9,"Nonmetro - Urban population of fewer than 5,000, not adjacent to a metro area"
29117,MO,Livingston County,14557,7,"Nonmetro - Urban population of 5,000 to 20,000, not adjacent to a metro area"
29119,MO,McDonald County,23303,8,"Nonmetro - Urban population of fewer than 5,000, adjacent to a metro area"
29121,MO,Macon County,15209,7,"Nonmetro - Urban population of 5,000 to 20,000, not adjacent to a metro area"
29123,MO,Madison County,12626,9,"Nonmetro - Urban population of fewer than 5,000, not adjacent to a metro area"
29125,MO,Maries County,8432,8,"Nonmetro - Urban population of fewer than 5,000, adjacent to a metro area"
29127,MO,Marion County,28525,7,"Nonmetro - Urban population of 5,000 to 20,000, not adjacent to a metro area"
29129,MO,Mercer County,3538,9,"Nonmetro - Urban population of fewer than 5,000, not adjacent to a metro area"
29131,MO,Miller County,24722,6,"Nonmetro - Urban population of 5,000 to 20,000, adjacent to a metro area"
29133,MO,Mississippi County,12577,8,"Nonmetro - Urban population of fewer than 5,000, adjacent to a metro area"
29135,MO,Moniteau County,15473,3,"Metro - Counties in metro areas of fewer than 250,000 population"
29137,MO,Monroe County,8666,9,"Nonmetro - Urban population of fewer than 5,000, not adjacent to a metro area"
29139,MO,Montgomery County,11322,8,"Nonmetro - Urban population of fewer than 5,000, adjacent to a metro area"
29141,MO,Morgan County,21006,8,"Nonmetro - Urban population of fewer than 5,000, adjacent to a metro area"
29143,MO,New Madrid County,16434,9,"Nonmetro - Urban population of fewer than 5,000, not adjacent to a metro area"
29145,MO,Newton County,58648,3,"Metro - Counties in metro areas of fewer than 250,000 population"
29147,MO,Nodaway County,21241,6,"Nonmetro - Urban population of 5,000 to 20,000, adjacent to a metro area"
29149,MO,Oregon County,8635,9,"Nonmetro - Urban population of fewer than 5,000, not adjacent to a metro area"
29151,MO,Osage County,13274,3,"Metro - Counties in metro areas of fewer than 250,000 population"
29153,MO,Ozark County,8553,9,"Nonmetro - Urban population of fewer than 5,000, not adjacent to a metro area"
29155,MO,Pemiscot County,15661,7,"Nonmetro - Urban population of 5,000 to 20,000, not adjacent to a metro area"
29157,MO,Perry County,18956,6,"Nonmetro - Urban population of 5,000 to 20,000, adjacent to a metro area"
29159,MO,Pettis County,42980,5,"Nonmetro - Urban population of 20,000 or more, not adjacent to a metro area"
29161,MO,Phelps County,44638,5,"Nonmetro - Urban population of 20,000 or more, not adjacent to a metro area"
29163,MO,Pike County,17587,8,"Nonmetro - Urban population of fewer than 5,000, adjacent to a metro area"
29165,MO,Platte County,106718,1,Metro - Counties in metro areas of 1 million population or more
29167,MO,Polk County,31519,2,"Metro - Counties in metro areas of 250,000 to 1 million population"
29169,MO,Pulaski County,53955,5,"Nonmetro - Urban population of 20,000 or more, not adjacent to a metro area"
29171,MO,Putnam County,4681,9,"Nonmetro - Urban population of fewer than 5,000, not adjacent to a metro area"
29173,MO,Ralls County,10355,9,"Nonmetro - Urban population of fewer than 5,000, not adjacent to a metro area"
29175,MO,Randolph County,24716,6,"Nonmetro - Urban population of 5,000 to 20,000, adjacent to a metro area"
29177,MO,Ray County,23158,1,Metro - Counties in metro areas of 1 million population or more
29179,MO,Reynolds County,6096,9,"Nonmetro - Urban population of fewer than 5,000, not adjacent to a metro area"
29181,MO,Ripley County,10679,9,"Nonmetro - Urban population of fewer than 5,000, not adjacent to a metro area"
29183,MO,St. Charles County,405262,1,Metro - Counties in metro areas of 1 million population or more
29185,MO,St. Clair County,9284,8,"Nonmetro - Urban population of fewer than 5,000, adjacent to a metro area"
29186,MO,Ste. Genevieve County,18479,8,"Nonmetro - Urban population of fewer than 5,000, adjacent to a metro area"
29187,MO,St. Francois County,66922,4,"Nonmetro - Urban population of 20,000 or more, adjacent to a metro area"
29189,MO,St. Louis County,1004125,1,Metro - Counties in metro areas of 1 million population or more
29195,MO,Saline County,23333,7,"Nonmetro - Urban population of 5,000 to 20,000, not adjacent to a metro area"
29197,MO,Schuyler County,4032,9,"Nonmetro - Urban population of fewer than 5,000, not adjacent to a metro area"
29199,MO,Scotland County,4716,9,"Nonmetro - Urban population of fewer than 5,000, not adjacent to a metro area"
29201,MO,Scott County,38059,4,"Nonmetro - Urban population of 20,000 or more, adjacent to a metro area"
29203,MO,Shannon County,7031,9,"Nonmetro - Urban population of fewer than 5,000, not adjacent to a metro area"
29205,MO,Shelby County,6103,9,"Nonmetro - Urban population of fewer than 5,000, not adjacent to a metro area"
29207,MO,Stoddard County,28672,6,"Nonmetro - Urban population of 5,000 to 20,000, adjacent to a metro area"
29209,MO,Stone County,31076,6,"Nonmetro - Urban population of 5,000 to 20,000, adjacent to a metro area"
29211,MO,Sullivan County,5999,9,"Nonmetro - Urban population of fewer than 5,000, not adjacent to a metro area"
29213,MO,Taney County,56066,4,"Nonmetro - Urban population of 20,000 or more, adjacent to a metro area"
29215,MO,Texas County,24487,9,"Nonmetro - Urban population of fewer than 5,000, not adjacent to a metro area"
29217,MO,Vernon County,19707,6,"Nonmetro - Urban population of 5,000 to 20,000, adjacent to a metro area"
29219,MO,Warren County,35532,1,Metro - Counties in metro areas of 1 million population or more
29221,MO,Washington County,23514,8,"Nonmetro - Urban population of fewer than 5,000, adjacent to a metro area"
29223,MO,Wayne County,10974,9,"Nonmetro - Urban population of fewer than 5,000, not adjacent to a metro area"
29225,MO,Webster County,39085,2,"Metro - Counties in metro areas of 250,000 to 1 million population"
29227,MO,Worth County,1973,9,"Nonmetro - Urban population of fewer than 5,000, not adjacent to a metro area"
29229,MO,Wright County,18188,8,"Nonmetro - Urban population of fewer than 5,000, adjacent to a metro area"
29510,MO,St. Louis city,301578,1,Metro - Counties in metro areas of 1 million population or more
30001,MT,Beaverhead County,9371,9,"Nonmetro - Urban population of fewer than 5,000, not adjacent to a metro area"
30003,MT,Big Horn County,13124,8,"Nonmetro - Urban population of fewer than 5,000, adjacent to a metro area"
30005,MT,Blaine County,7044,9,"Nonmetro - Urban population of fewer than 5,000, not adjacent to a metro area"
30007,MT,Broadwater County,6774,3,"Metro - Counties in metro areas of fewer than 250,000 population"
30009,MT,Carbon County,10473,3,"Metro - Counties in metro areas of fewer than 250,000 population"
30011,MT,Carter County,1415,9,"Nonmetro - Urban population of fewer than 5,000, not adjacent to a metro area"
30013,MT,Cascade County,84414,3,"Metro - Counties in metro areas of fewer than 250,000 population"
30015,MT,Chouteau County,5895,8,"Nonmetro - Urban population of fewer than 5,000, adjacent to a metro area"
30017,MT,Custer County,11867,7,"Nonmetro - Urban population of 5,000 to 20,000, not adjacent to a metro area"
30019,MT,Daniels County,1661,9,"Nonmetro - Urban population of fewer than 5,000, not adjacent to a metro area"
30021,MT,Dawson County,8940,7,"Nonmetro - Urban population of 5,000 to 20,000, not adjacent to a metro area"
30023,MT,Deer Lodge County,9421,7,"Nonmetro - Urban population of 5,000 to 20,000, not adjacent to a metro area"
30025,MT,Fallon County,3049,9,"Nonmetro - Urban population of fewer than 5,000, not adjacent to a metro area"
30027,MT,Fergus County,11446,7,"Nonmetro - Urban population of 5,000 to 20,000, not adjacent to a metro area"
30029,MT,Flathead County,104357,5,"Nonmetro - Urban population of 20,000 or more, not adjacent to a metro area"
30031,MT,Gallatin County,118960,3,"Metro - Counties in metro areas of fewer than 250,000 population"
30033,MT,Garfield County,1173,9,"Nonmetro - Urban population of fewer than 5,000, not adjacent to a metro area"
30035,MT,Glacier County,13778,9,"Nonmetro - Urban population of fewer than 5,000, not adjacent to a metro area"
30037,MT,Golden Valley County,823,8,"Nonmetro - Urban population of fewer than 5,000, adjacent to a metro area"
30039,MT,Granite County,3309,8,"Nonmetro - Urban population of fewer than 5,000, adjacent to a metro area"
30041,MT,Hill County,16309,7,"Nonmetro - Urban population of 5,000 to 20,000, not adjacent to a metro area"
30043,MT,Jefferson County,12085,3,"Metro - Counties in metro areas of fewer than 250,000 population"
30045,MT,Judith Basin County,2023,8,"Nonmetro - Urban population of fewer than 5,000, adjacent to a metro area"
30047,MT,Lake County,31134,6,"Nonmetro - Urban population of 5,000 to 20,000, adjacent to a metro area"
30049,MT,Lewis and Clark County,70973,3,"Metro - Counties in metro areas of fewer than 250,000 population"
30051,MT,Liberty County,1959,9,"Nonmetro - Urban population of fewer than 5,000, not adjacent to a metro area"
30053,MT,Lincoln County,19677,9,"Nonmetro - Urban population of fewer than 5,000, not adjacent to a metro area"
30055,MT,McCone County,1729,9,"Nonmetro - Urban population of fewer than 5,000, not adjacent to a metro area"
30057,MT,Madison County,8623,8,"Nonmetro - Urban population of fewer than 5,000, adjacent to a metro area"
30059,MT,Meagher County,1927,8,"Nonmetro - Urban population of fewer than 5,000, adjacent to a metro area"
30061,MT,Mineral County,4535,3,"Metro - Counties in metro areas of fewer than 250,000 population"
30063,MT,Missoula County,117922,3,"Metro - Counties in metro areas of fewer than 250,000 population"
30065,MT,Musselshell County,4730,8,"Nonmetro - Urban population of fewer than 5,000, adjacent to a metro area"
30067,MT,Park County,17191,6,"Nonmetro - Urban population of 5,000 to 20,000, adjacent to a metro area"
30069,MT,Petroleum County,496,9,"Nonmetro - Urban population of fewer than 5,000, not adjacent to a metro area"
30071,MT,Phillips County,4217,9,"Nonmetro - Urban population of fewer than 5,000, not adjacent to a metro area"
30073,MT,Pondera County,5898,9,"Nonmetro - Urban population of fewer than 5,000, not adjacent to a metro area"
30075,MT,Powder River County,1694,9,"Nonmetro - Urban population of fewer than 5,000, not adjacent to a metro area"
30077,MT,Powell County,6946,8,"Nonmetro - Urban population of fewer than 5,000, adjacent to a metro area"
30079,MT,Prairie County,1088,9,"Nonmetro - Urban population of fewer than 5,000, not adjacent to a metro area"
30081,MT,Ravalli County,44174,6,"Nonmetro - Urban population of 5,000 to 20,000, adjacent to a metro area"
30083,MT,Richland County,11491,7,"Nonmetro - Urban population of 5,000 to 20,000, not adjacent to a metro area"
30085,MT,Roosevelt County,10794,9,"Nonmetro - Urban population of fewer than 5,000, not adjacent to a metro area"
30087,MT,Rosebud County,8329,8,"Nonmetro - Urban population of fewer than 5,000, adjacent to a metro area"
30089,MT,Sanders County,12400,8,"Nonmetro - Urban population of fewer than 5,000, adjacent to a metro area"
30091,MT,Sheridan County,3539,9,"Nonmetro - Urban population of fewer than 5,000, not adjacent to a metro area"
30093,MT,Silver Bow County,35133,5,"Nonmetro - Urban population of 20,000 or more, not adjacent to a metro area"
30095,MT,Stillwater County,8963,3,"Metro - Counties in metro areas of fewer than 250,000 population"
30097,MT,Sweet Grass County,3678,8,"Nonmetro - Urban population of fewer than 5,000, adjacent to a metro area"
30099,MT,Teton County,6226,8,"Nonmetro - Urban population of fewer than 5,000, adjacent to a metro area"
30101,MT,Toole County,4971,9,"Nonmetro - Urban population of fewer than 5,000, not adjacent to a metro area"
30103,MT,Treasure County,762,8,"Nonmetro - Urban population of fewer than 5,000, adjacent to a metro area"
30105,MT,Valley County,7578,9,"Nonmetro - Urban population of fewer than 5,000, not adjacent to a metro area"
30107,MT,Wheatland County,2069,9,"Nonmetro - Urban population of fewer than 5,000, not adjacent to a metro area"
30109,MT,Wibaux County,937,9,"Nonmetro - Urban population of fewer than 5,000, not adjacent to a metro area"
30111,MT,Yellowstone County,164731,3,"Metro - Counties in metro areas of fewer than 250,000 population"
31001,NE,Adams County,31205,4,"Nonmetro - Urban population of 20,000 or more, adjacent to a metro area"
31003,NE,Antelope County,6295,9,"Nonmetro - Urban population of fewer than 5,000, not adjacent to a metro area"
31005,NE,Arthur County,434,9,"Nonmetro - Urban population of fewer than 5,000, not adjacent to a metro area"
31007,NE,Banner County,674,8,"Nonmetro - Urban population of fewer than 5,000, adjacent to a metro area"
31009,NE,Blaine County,431,9,"Nonmetro - Urban population of fewer than 5,000, not adjacent to a metro area"
31011,NE,Boone County,5379,9,"Nonmetro - Urban population of fewer than 5,000, not adjacent to a metro area"
31013,NE,Box Butte County,10842,7,"Nonmetro - Urban population of 5,000 to 20,000, not adjacent to a metro area"
31015,NE,Boyd County,1810,9,"Nonmetro - Urban population of fewer than 5,000, not adjacent to a metro area"
31017,NE,Brown County,2903,9,"Nonmetro - Urban population of fewer than 5,000, not adjacent to a metro area"
31019,NE,Buffalo County,50084,4,"Nonmetro - Urban population of 20,000 or more, adjacent to a metro area"
31021,NE,Burt County,6722,8,"Nonmetro - Urban population of fewer than 5,000, adjacent to a metro area"
31023,NE,Butler County,8369,8,"Nonmetro - Urban population of fewer than 5,000, adjacent to a metro area"
31025,NE,Cass County,26598,2,"Metro - Counties in metro areas of 250,000 to 1 million population"
31027,NE,Cedar County,8380,9,"Nonmetro - Urban population of fewer than 5,000, not adjacent to a metro area"
31029,NE,Chase County,3893,9,"Nonmetro - Urban population of fewer than 5,000, not adjacent to a metro area"
31031,NE,Cherry County,5455,9,"Nonmetro - Urban population of fewer than 5,000, not adjacent to a metro area"
31033,NE,Cheyenne County,9468,7,"Nonmetro - Urban population of 5,000 to 20,000, not adjacent to a metro area"
31035,NE,Clay County,6104,9,"Nonmetro - Urban population of fewer than 5,000, not adjacent to a metro area"
31037,NE,Colfax County,10582,7,"Nonmetro - Urban population of 5,000 to 20,000, not adjacent to a metro area"
31039,NE,Cuming County,9013,9,"Nonmetro - Urban population of fewer than 5,000, not adjacent to a metro area"
31041,NE,Custer County,10545,9,"Nonmetro - Urban population of fewer than 5,000, not adjacent to a metro area"
31043,NE,Dakota County,21582,3,"Metro - Counties in metro areas of fewer than 250,000 population"
31045,NE,Dawes County,8199,9,"Nonmetro - Urban population of fewer than 5,000, not adjacent to a metro area"
31047,NE,Dawson County,24111,7,"Nonmetro - Urban population of 5,000 to 20,000, not adjacent to a metro area"
31049,NE,Deuel County,1838,9,"Nonmetro - Urban population of fewer than 5,000, not adjacent to a metro area"
31051,NE,Dixon County,5606,8,"Nonmetro - Urban population of fewer than 5,000, adjacent to a metro area"
31053,NE,Dodge County,37167,4,"Nonmetro - Urban population of 20,000 or more, adjacent to a metro area"
31055,NE,Douglas County,584526,2,"Metro - Counties in metro areas of 250,000 to 1 million population"
31057,NE,Dundy County,1654,9,"Nonmetro - Urban population of fewer than 5,000, not adjacent to a metro area"
31059,NE,Fillmore County,5551,8,"Nonmetro - Urban population of fewer than 5,000, adjacent to a metro area"
31061,NE,Franklin County,2889,9,"Nonmetro - Urban population of fewer than 5,000, not adjacent to a metro area"
31063,NE,Frontier County,2519,9,"Nonmetro - Urban population of fewer than 5,000, not adjacent to a metro area"
31065,NE,Furnas County,4636,9,"Nonmetro - Urban population of fewer than 5,000, not adjacent to a metro area"
31067,NE,Gage County,21704,6,"Nonmetro - Urban population of 5,000 to 20,000, adjacent to a metro area"
31069,NE,Garden County,1874,9,"Nonmetro - Urban population of fewer than 5,000, not adjacent to a metro area"
31071,NE,Garfield County,1813,9,"Nonmetro - Urban population of fewer than 5,000, not adjacent to a metro area"
31073,NE,Gosper County,1893,9,"Nonmetro - Urban population of fewer than 5,000, not adjacent to a metro area"
31075,NE,Grant County,611,9,"Nonmetro - Urban population of fewer than 5,000, not adjacent to a metro area"
31077,NE,Greeley County,2188,8,"Nonmetro - Urban population of fewer than 5,000, adjacent to a metro area"
31079,NE,Hall County,62895,3,"Metro - Counties in metro areas of fewer than 250,000 population"
31081,NE,Hamilton County,9429,8,"Nonmetro - Urban population of fewer than 5,000, adjacent to a metro area"
31083,NE,Harlan County,3073,9,"Nonmetro - Urban population of fewer than 5,000, not adjacent to a metro area"
31085,NE,Hayes County,856,9,"Nonmetro - Urban population of fewer than 5,000, not adjacent to a metro area"
31087,NE,Hitchcock County,2616,9,"Nonmetro - Urban population of fewer than 5,000, not adjacent to a metro area"
31089,NE,Holt County,10127,9,"Nonmetro - Urban population of fewer than 5,000, not adjacent to a metro area"
31091,NE,Hooker County,711,9,"Nonmetro - Urban population of fewer than 5,000, not adjacent to a metro area"
31093,NE,Howard County,6475,3,"Metro - Counties in metro areas of fewer than 250,000 population"
31095,NE,Jefferson County,7240,9,"Nonmetro - Urban population of fewer than 5,000, not adjacent to a metro area"
31097,NE,Johnson County,5290,8,"Nonmetro - Urban population of fewer than 5,000, adjacent to a metro area"
31099,NE,Kearney County,6688,9,"Nonmetro - Urban population of fewer than 5,000, not adjacent to a metro area"
31101,NE,Keith County,8335,9,"Nonmetro - Urban population of fewer than 5,000, not adjacent to a metro area"
31103,NE,Keya Paha County,769,9,"Nonmetro - Urban population of fewer than 5,000, not adjacent to a metro area"
31105,NE,Kimball County,3434,8,"Nonmetro - Urban population of fewer than 5,000, adjacent to a metro area"
31107,NE,Knox County,8391,9,"Nonmetro - Urban population of fewer than 5,000, not adjacent to a metro area"
31109,NE,Lancaster County,322608,2,"Metro - Counties in metro areas of 250,000 to 1 million population"
31111,NE,Lincoln County,34676,5,"Nonmetro - Urban population of 20,000 or more, not adjacent to a metro area"
31113,NE,Logan County,716,9,"Nonmetro - Urban population of fewer than 5,000, not adjacent to a metro area"
31115,NE,Loup County,607,9,"Nonmetro - Urban population of fewer than 5,000, not adjacent to a metro area"
31117,NE,McPherson County,399,9,"Nonmetro - Urban population of fewer than 5,000, not adjacent to a metro area"
31119,NE,Madison County,35585,5,"Nonmetro - Urban population of 20,000 or more, not adjacent to a metro area"
31121,NE,Merrick County,7668,3,"Metro - Counties in metro areas of fewer than 250,000 population"
31123,NE,Morrill County,4555,9,"Nonmetro - Urban population of fewer than 5,000, not adjacent to a metro area"
31125,NE,Nance County,3380,8,"Nonmetro - Urban population of fewer than 5,000, adjacent to a metro area"
31127,NE,Nemaha County,7074,9,"Nonmetro - Urban population of fewer than 5,000, not adjacent to a metro area"
31129,NE,Nuckolls County,4095,9,"Nonmetro - Urban population of fewer than 5,000, not adjacent to a metro area"
31131,NE,Otoe County,15912,6,"Nonmetro - Urban population of 5,000 to 20,000, adjacent to a metro area"
31133,NE,Pawnee County,2544,9,"Nonmetro - Urban population of fewer than 5,000, not adjacent to a metro area"
31135,NE,Perkins County,2858,9,"Nonmetro - Urban population of fewer than 5,000, not adjacent to a metro area"
31137,NE,Phelps County,8968,7,"Nonmetro - Urban population of 5,000 to 20,000, not adjacent to a metro area"
31139,NE,Pierce County,7317,9,"Nonmetro - Urban population of fewer than 5,000, not adjacent to a metro area"
31141,NE,Platte County,34296,5,"Nonmetro - Urban population of 20,000 or more, not adjacent to a metro area"
31143,NE,Polk County,5214,8,"Nonmetro - Urban population of fewer than 5,000, adjacent to a metro area"
31145,NE,Red Willow County,10702,7,"Nonmetro - Urban population of 5,000 to 20,000, not adjacent to a metro area"
31147,NE,Richardson County,7871,9,"Nonmetro - Urban population of fewer than 5,000, not adjacent to a metro area"
31149,NE,Rock County,1262,9,"Nonmetro - Urban population of fewer than 5,000, not adjacent to a metro area"
31151,NE,Saline County,14292,6,"Nonmetro - Urban population of 5,000 to 20,000, adjacent to a metro area"
31153,NE,Sarpy County,190604,2,"Metro - Counties in metro areas of 250,000 to 1 million population"
31155,NE,Saunders County,22278,2,"Metro - Counties in metro areas of 250,000 to 1 million population"
31157,NE,Scotts Bluff County,36084,5,"Nonmetro - Urban population of 20,000 or more, not adjacent to a metro area"
31159,NE,Seward County,17609,2,"Metro - Counties in metro areas of 250,000 to 1 million population"
31161,NE,Sheridan County,5127,9,"Nonmetro - Urban population of fewer than 5,000, not adjacent to a metro area"
31163,NE,Sherman County,2959,8,"Nonmetro - Urban population of fewer than 5,000, adjacent to a metro area"
31165,NE,Sioux County,1135,9,"Nonmetro - Urban population of fewer than 5,000, not adjacent to a metro area"
31167,NE,Stanton County,5842,9,"Nonmetro - Urban population of fewer than 5,000, not adjacent to a metro area"
31169,NE,Thayer County,5034,9,"Nonmetro - Urban population of fewer than 5,000, not adjacent to a metro area"
31171,NE,Thomas County,669,9,"Nonmetro - Urban population of fewer than 5,000, not adjacent to a metro area"
31173,NE,Thurston County,6773,8,"Nonmetro - Urban population of fewer than 5,000, adjacent to a metro area"
31175,NE,Valley County,4059,9,"Nonmetro - Urban population of fewer than 5,000, not adjacent to a metro area"
31177,NE,Washington County,20865,2,"Metro - Counties in metro areas of 250,000 to 1 million population"
31179,NE,Wayne County,9697,7,"Nonmetro - Urban population of 5,000 to 20,000, not adjacent to a metro area"
31181,NE,Webster County,3395,9,"Nonmetro - Urban population of fewer than 5,000, not adjacent to a metro area"
31183,NE,Wheeler County,774,9,"Nonmetro - Urban population of fewer than 5,000, not adjacent to a metro area"
31185,NE,York County,14125,6,"Nonmetro - Urban population of 5,000 to 20,000, adjacent to a metro area"
32001,NV,Churchill County,25516,6,"Nonmetro - Urban population of 5,000 to 20,000, adjacent to a metro area"
32003,NV,Clark County,2265461,1,Metro - Counties in metro areas of 1 million population or more
32005,NV,Douglas County,49488,4,"Nonmetro - Urban population of 20,000 or more, adjacent to a metro area"
32007,NV,Elko County,53702,5,"Nonmetro - Urban population of 20,000 or more, not adjacent to a metro area"
32009,NV,Esmeralda County,729,9,"Nonmetro - Urban population of fewer than 5,000, not adjacent to a metro area"
32011,NV,Eureka County,1855,9,"Nonmetro - Urban population of fewer than 5,000, not adjacent to a metro area"
32013,NV,Humboldt County,17285,7,"Nonmetro - Urban population of 5,000 to 20,000, not adjacent to a metro area"
32015,NV,Lander County,5734,9,"Nonmetro - Urban population of fewer than 5,000, not adjacent to a metro area"
32017,NV,Lincoln County,4499,8,"Nonmetro - Urban population of fewer than 5,000, adjacent to a metro area"
32019,NV,Lyon County,59235,2,"Metro - Counties in metro areas of 250,000 to 1 million population"
32021,NV,Mineral County,4554,8,"Nonmetro - Urban population of fewer than 5,000, adjacent to a metro area"
32023,NV,Nye County,51591,4,"Nonmetro - Urban population of 20,000 or more, adjacent to a metro area"
32027,NV,Pershing County,6650,8,"Nonmetro - Urban population of fewer than 5,000, adjacent to a metro area"
32029,NV,Storey County,4104,2,"Metro - Counties in metro areas of 250,000 to 1 million population"
32031,NV,Washoe County,486492,2,"Metro - Counties in metro areas of 250,000 to 1 million population"
32033,NV,White Pine County,9080,9,"Nonmetro - Urban population of fewer than 5,000, not adjacent to a metro area"
32510,NV,Carson City,58639,3,"Metro - Counties in metro areas of fewer than 250,000 population"
33001,NH,Belknap County,63705,4,"Nonmetro - Urban population of 20,000 or more, adjacent to a metro area"
33003,NH,Carroll County,50107,6,"Nonmetro - Urban population of 5,000 to 20,000, adjacent to a metro area"
33005,NH,Cheshire County,76458,4,"Nonmetro - Urban population of 20,000 or more, adjacent to a metro area"
33007,NH,Coos County,31268,7,"Nonmetro - Urban population of 5,000 to 20,000, not adjacent to a metro area"
33009,NH,Grafton County,91118,5,"Nonmetro - Urban population of 20,000 or more, not adjacent to a metro area"
33011,NH,Hillsborough County,422937,2,"Metro - Counties in metro areas of 250,000 to 1 million population"
33013,NH,Merrimack County,153808,4,"Nonmetro - Urban population of 20,000 or more, adjacent to a metro area"
33015,NH,Rockingham County,314176,1,Metro - Counties in metro areas of 1 million population or more
33017,NH,Strafford County,130889,1,Metro - Counties in metro areas of 1 million population or more
33019,NH,Sullivan County,43063,7,"Nonmetro - Urban population of 5,000 to 20,000, not adjacent to a metro area"
34001,NJ,Atlantic County,274534,2,"Metro - Counties in metro areas of 250,000 to 1 million population"
34003,NJ,Bergen County,955732,1,Metro - Counties in metro areas of 1 million population or more
34005,NJ,Burlington County,461860,1,Metro - Counties in metro areas of 1 million population or more
34007,NJ,Camden County,523485,1,Metro - Counties in metro areas of 1 million population or more
34009,NJ,Cape May County,95263,2,"Metro - Counties in metro areas of 250,000 to 1 million population"
34011,NJ,Cumberland County,154152,3,"Metro - Counties in metro areas of fewer than 250,000 population"
34013,NJ,Essex County,863728,1,Metro - Counties in metro areas of 1 million population or more
34015,NJ,Gloucester County,302294,1,Metro - Counties in metro areas of 1 million population or more
34017,NJ,Hudson County,724854,1,Metro - Counties in metro areas of 1 million population or more
34019,NJ,Hunterdon County,128947,1,Metro - Counties in metro areas of 1 million population or more
34021,NJ,Mercer County,387340,2,"Metro - Counties in metro areas of 250,000 to 1 million population"
34023,NJ,Middlesex County,863162,1,Metro - Counties in metro areas of 1 million population or more
34025,NJ,Monmouth County,643615,1,Metro - Counties in metro areas of 1 million population or more
34027,NJ,Morris County,509285,1,Metro - Counties in metro areas of 1 million population or more
34029,NJ,Ocean County,637229,1,Metro - Counties in metro areas of 1 million population or more
34031,NJ,Passaic County,524118,1,Metro - Counties in metro areas of 1 million population or more
34033,NJ,Salem County,64837,1,Metro - Counties in metro areas of 1 million population or more
34035,NJ,Somerset County,345361,1,Metro - Counties in metro areas of 1 million population or more
34037,NJ,Sussex County,144221,1,Metro - Counties in metro areas of 1 million population or more
34039,NJ,Union County,575345,1,Metro - Counties in metro areas of 1 million population or more
34041,NJ,Warren County,109632,2,"Metro - Counties in metro areas of 250,000 to 1 million population"
35001,NM,Bernalillo County,676444,2,"Metro - Counties in metro areas of 250,000 to 1 million population"
35003,NM,Catron County,3579,9,"Nonmetro - Urban population of fewer than 5,000, not adjacent to a metro area"
35005,NM,Chaves County,65157,5,"Nonmetro - Urban population of 20,000 or more, not adjacent to a metro area"
35006,NM,Cibola County,27172,6,"Nonmetro - Urban population of 5,000 to 20,000, adjacent to a metro area"
35007,NM,Colfax County,12387,7,"Nonmetro - Urban population of 5,000 to 20,000, not adjacent to a metro area"
35009,NM,Curry County,48430,5,"Nonmetro - Urban population of 20,000 or more, not adjacent to a metro area"
35011,NM,De Baca County,1698,9,"Nonmetro - Urban population of fewer than 5,000, not adjacent to a metro area"
35013,NM,Doña Ana County,219561,3,"Metro - Counties in metro areas of fewer than 250,000 population"
35015,NM,Eddy County,62314,5,"Nonmetro - Urban population of 20,000 or more, not adjacent to a metro area"
35017,NM,Grant County,28185,7,"Nonmetro - Urban population of 5,000 to 20,000, not adjacent to a metro area"
35019,NM,Guadalupe County,4452,9,"Nonmetro - Urban population of fewer than 5,000, not adjacent to a metro area"
35021,NM,Harding County,657,9,"Nonmetro - Urban population of fewer than 5,000, not adjacent to a metro area"
35023,NM,Hidalgo County,4178,9,"Nonmetro - Urban population of fewer than 5,000, not adjacent to a metro area"
35025,NM,Lea County,74455,5,"Nonmetro - Urban population of 20,000 or more, not adjacent to a metro area"
35027,NM,Lincoln County,20269,7,"Nonmetro - Urban population of 5,000 to 20,000, not adjacent to a metro area"
35028,NM,Los Alamos County,19419,6,"Nonmetro - Urban population of 5,000 to 20,000, adjacent to a metro area"
35029,NM,Luna County,25427,6,"Nonmetro - Urban population of 5,000 to 20,000, adjacent to a metro area"
35031,NM,McKinley County,72902,5,"Nonmetro - Urban population of 20,000 or more, not adjacent to a metro area"
35033,NM,Mora County,4189,8,"Nonmetro - Urban population of fewer than 5,000, adjacent to a metro area"
35035,NM,Otero County,67839,4,"Nonmetro - Urban population of 20,000 or more, adjacent to a metro area"
35037,NM,Quay County,8746,7,"Nonmetro - Urban population of 5,000 to 20,000, not adjacent to a metro area"
35039,NM,Rio Arriba County,40363,6,"Nonmetro - Urban population of 5,000 to 20,000, adjacent to a metro area"
35041,NM,Roosevelt County,19191,7,"Nonmetro - Urban population of 5,000 to 20,000, not adjacent to a metro area"
35043,NM,Sandoval County,148834,2,"Metro - Counties in metro areas of 250,000 to 1 million population"
35045,NM,San Juan County,121661,3,"Metro - Counties in metro areas of fewer than 250,000 population"
35047,NM,San Miguel County,27201,6,"Nonmetro - Urban population of 5,000 to 20,000, adjacent to a metro area"
35049,NM,Santa Fe County,154823,3,"Metro - Counties in metro areas of fewer than 250,000 population"
35051,NM,Sierra County,11576,6,"Nonmetro - Urban population of 5,000 to 20,000, adjacent to a metro area"
35053,NM,Socorro County,16595,6,"Nonmetro - Urban population of 5,000 to 20,000, adjacent to a metro area"
35055,NM,Taos County,34489,7,"Nonmetro - Urban population of 5,000 to 20,000, not adjacent to a metro area"
35057,NM,Torrance County,15045,2,"Metro - Counties in metro areas of 250,000 to 1 million population"
35059,NM,Union County,4079,9,"Nonmetro - Urban population of fewer than 5,000, not adjacent to a metro area"
35061,NM,Valencia County,76205,2,"Metro - Counties in metro areas of 250,000 to 1 million population"
36001,NY,Albany County,314848,2,"Metro - Counties in metro areas of 250,000 to 1 million population"
36003,NY,Allegany County,46456,7,"Nonmetro - Urban population of 5,000 to 20,000, not adjacent to a metro area"
36005,NY,Bronx County,1472654,1,Metro - Counties in metro areas of 1 million population or more
36007,NY,Broome County,198683,3,"Metro - Counties in metro areas of fewer than 250,000 population"
36009,NY,Cattaraugus County,77042,4,"Nonmetro - Urban population of 20,000 or more, adjacent to a metro area"
36011,NY,Cayuga County,76248,4,"Nonmetro - Urban population of 20,000 or more, adjacent to a metro area"
36013,NY,Chautauqua County,127657,4,"Nonmetro - Urban population of 20,000 or more, adjacent to a metro area"
36015,NY,Chemung County,84148,3,"Metro - Counties in metro areas of fewer than 250,000 population"
36017,NY,Chenango County,47220,6,"Nonmetro - Urban population of 5,000 to 20,000, adjacent to a metro area"
36019,NY,Clinton County,79843,4,"Nonmetro - Urban population of 20,000 or more, adjacent to a metro area"
36021,NY,Columbia County,61570,6,"Nonmetro - Urban population of 5,000 to 20,000, adjacent to a metro area"
36023,NY,Cortland County,46809,4,"Nonmetro - Urban population of 20,000 or more, adjacent to a metro area"
36025,NY,Delaware County,44308,8,"Nonmetro - Urban population of fewer than 5,000, adjacent to a metro area"
36027,NY,Dutchess County,295911,2,"Metro - Counties in metro areas of 250,000 to 1 million population"
36029,NY,Erie County,954236,1,Metro - Counties in metro areas of 1 million population or more
36031,NY,Essex County,37381,6,"Nonmetro - Urban population of 5,000 to 20,000, adjacent to a metro area"
36033,NY,Franklin County,47555,7,"Nonmetro - Urban population of 5,000 to 20,000, not adjacent to a metro area"
36035,NY,Fulton County,53324,4,"Nonmetro - Urban population of 20,000 or more, adjacent to a metro area"
36037,NY,Genesee County,58388,4,"Nonmetro - Urban population of 20,000 or more, adjacent to a metro area"
36039,NY,Greene County,47931,6,"Nonmetro - Urban population of 5,000 to 20,000, adjacent to a metro area"
36041,NY,Hamilton County,5107,8,"Nonmetro - Urban population of fewer than 5,000, adjacent to a metro area"
36043,NY,Herkimer County,60139,2,"Metro - Counties in metro areas of 250,000 to 1 million population"
36045,NY,Jefferson County,116721,3,"Metro - Counties in metro areas of fewer than 250,000 population"
36047,NY,Kings County,2736074,1,Metro - Counties in metro areas of 1 million population or more
36049,NY,Lewis County,26582,8,"Nonmetro - Urban population of fewer than 5,000, adjacent to a metro area"
36051,NY,Livingston County,61834,1,Metro - Counties in metro areas of 1 million population or more
36053,NY,Madison County,68016,2,"Metro - Counties in metro areas of 250,000 to 1 million population"
36055,NY,Monroe County,759443,1,Metro - Counties in metro areas of 1 million population or more
36057,NY,Montgomery County,49532,4,"Nonmetro - Urban population of 20,000 or more, adjacent to a metro area"
36059,NY,Nassau County,1395774,1,Metro - Counties in metro areas of 1 million population or more
36061,NY,New York County,1694251,1,Metro - Counties in metro areas of 1 million population or more
36063,NY,Niagara County,212666,1,Metro - Counties in metro areas of 1 million population or more
36065,NY,Oneida County,232125,2,"Metro - Counties in metro areas of 250,000 to 1 million population"
36067,NY,Onondaga County,476516,2,"Metro - Counties in metro areas of 250,000 to 1 million population"
36069,NY,Ontario County,112458,1,Metro - Counties in metro areas of 1 million population or more
36071,NY,Orange County,401310,2,"Metro - Counties in metro areas of 250,000 to 1 million population"
36073,NY,Orleans County,40343,1,Metro - Counties in metro areas of 1 million population or more
36075,NY,Oswego County,117525,2,"Metro - Counties in metro areas of 250,000 to 1 million population"
36077,NY,Otsego County,58524,7,"Nonmetro - Urban population of 5,000 to 20,000, not adjacent to a metro area"
36079,NY,Putnam County,97668,1,Metro - Counties in metro areas of 1 million population or more
36081,NY,Queens County,2405464,1,Metro - Counties in metro areas of 1 million population or more
36083,NY,Rensselaer County,161130,2,"Metro - Counties in metro areas of 250,000 to 1 million population"
36085,NY,Richmond County,495747,1,Metro - Counties in metro areas of 1 million population or more
36087,NY,Rockland County,338329,1,Metro - Counties in metro areas of 1 million population or more
36089,NY,St. Lawrence County,108505,4,"Nonmetro - Urban population of 20,000 or more, adjacent to a metro area"
36091,NY,Saratoga County,235509,2,"Metro - Counties in metro areas of 250,000 to 1 million population"
36093,NY,Schenectady County,158061,2,"Metro - Counties in metro areas of 250,000 to 1 million population"
36095,NY,Schoharie County,29714,2,"Metro - Counties in metro areas of 250,000 to 1 million population"
36097,NY,Schuyler County,17898,8,"Nonmetro - Urban population of fewer than 5,000, adjacent to a metro area"
36099,NY,Seneca County,33814,6,"Nonmetro - Urban population of 5,000 to 20,000, adjacent to a metro area"
36101,NY,Steuben County,93584,4,"Nonmetro - Urban population of 20,000 or more, adjacent to a metro area"
36103,NY,Suffolk County,1525920,1,Metro - Counties in metro areas of 1 million population or more
36105,NY,Sullivan County,78624,6,"Nonmetro - Urban population of 5,000 to 20,000, adjacent to a metro area"
36107,NY,Tioga County,48455,3,"Metro - Counties in metro areas of fewer than 250,000 population"
36109,NY,Tompkins County,105740,3,"Metro - Counties in metro areas of fewer than 250,000 population"
36111,NY,Ulster County,181851,3,"Metro - Counties in metro areas of fewer than 250,000 population"
36113,NY,Warren County,65737,3,"Metro - Counties in metro areas of fewer than 250,000 population"
36115,NY,Washington County,61302,3,"Metro - Counties in metro areas of fewer than 250,000 population"
36117,NY,Wayne County,91283,1,Metro - Counties in metro areas of 1 million population or more
36119,NY,Westchester County,1004457,1,Metro - Counties in metro areas of 1 million population or more
36121,NY,Wyoming County,40531,8,"Nonmetro - Urban population of fewer than 5,000, adjacent to a metro area"
36123,NY,Yates County,24774,6,"Nonmetro - Urban population of 5,000 to 20,000, adjacent to a metro area"
37001,NC,Alamance County,171415,3,"Metro - Counties in metro areas of fewer than 250,000 population"
37003,NC,Alexander County,36444,2,"Metro - Counties in metro areas of 250,000 to 1 million population"
37005,NC,Alleghany County,10888,9,"Nonmetro - Urban population of fewer than 5,000, not adjacent to a metro area"
37007,NC,Anson County,22055,1,Metro - Counties in metro areas of 1 million population or more
37009,NC,Ashe County,26577,9,"Nonmetro - Urban population of fewer than 5,000, not adjacent to a metro area"
37011,NC,Avery County,17806,9,"Nonmetro - Urban population of fewer than 5,000, not adjacent to a metro area"
37013,NC,Beaufort County,44652,6,"Nonmetro - Urban population of 5,000 to 20,000, adjacent to a metro area"
37015,NC,Bertie County,17934,9,"Nonmetro - Urban population of fewer than 5,000, not adjacent to a metro area"
37017,NC,Bladen County,29606,8,"Nonmetro - Urban population of fewer than 5,000, adjacent to a metro area"
37019,NC,Brunswick County,136693,2,"Metro - Counties in metro areas of 250,000 to 1 million population"
37021,NC,Buncombe County,269452,2,"Metro - Counties in metro areas of 250,000 to 1 million population"
37023,NC,Burke County,87570,2,"Metro - Counties in metro areas of 250,000 to 1 million population"
37025,NC,Cabarrus County,225804,1,Metro - Counties in metro areas of 1 million population or more
37027,NC,Caldwell County,80652,2,"Metro - Counties in metro areas of 250,000 to 1 million population"
37029,NC,Camden County,10355,1,Metro - Counties in metro areas of 1 million population or more
37031,NC,Carteret County,67686,4,"Nonmetro - Urban population of 20,000 or more, adjacent to a metro area"
37033,NC,Caswell County,22736,8,"Nonmetro - Urban population of fewer than 5,000, adjacent to a metro area"
37035,NC,Catawba County,160610,2,"Metro - Counties in metro areas of 250,000 to 1 million population"
37037,NC,Chatham County,76285,2,"Metro - Counties in metro areas of 250,000 to 1 million population"
37039,NC,Cherokee County,28774,9,"Nonmetro - Urban population of fewer than 5,000, not adjacent to a metro area"
37041,NC,Chowan County,13708,8,"Nonmetro - Urban population of fewer than 5,000, adjacent to a metro area"
37043,NC,Clay County,11089,9,"Nonmetro - Urban population of fewer than 5,000, not adjacent to a metro area"
37045,NC,Cleveland County,99519,4,"Nonmetro - Urban population of 20,000 or more, adjacent to a metro area"
37047,NC,Columbus County,50623,6,"Nonmetro - Urban population of 5,000 to 20,000, adjacent to a metro area"
37049,NC,Craven County,100720,4,"Nonmetro - Urban population of 20,000 or more, adjacent to a metro area"
37051,NC,Cumberland County,334728,2,"Metro - Counties in metro areas of 250,000 to 1 million population"
37053,NC,Currituck County,28100,1,Metro - Counties in metro areas of 1 million population or more
37055,NC,Dare County,36915,4,"Nonmetro - Urban population of 20,000 or more, adjacent to a metro area"
37057,NC,Davidson County,168930,2,"Metro - Counties in metro areas of 250,000 to 1 million population"
37059,NC,Davie County,42712,2,"Metro - Counties in metro areas of 250,000 to 1 million population"
37061,NC,Duplin County,48715,8,"Nonmetro - Urban population of fewer than 5,000, adjacent to a metro area"
37063,NC,Durham County,324833,2,"Metro - Counties in metro areas of 250,000 to 1 million population"
37065,NC,Edgecombe County,48900,3,"Metro - Counties in metro areas of fewer than 250,000 population"
37067,NC,Forsyth County,382590,2,"Metro - Counties in metro areas of 250,000 to 1 million population"
37069,NC,Franklin County,68573,1,Metro - Counties in metro areas of 1 million population or more
37071,NC,Gaston County,227943,1,Metro - Counties in metro areas of 1 million population or more
37073,NC,Gates County,10478,1,Metro - Counties in metro areas of 1 million population or more
37075,NC,Graham County,8030,9,"Nonmetro - Urban population of fewer than 5,000, not adjacent to a metro area"
37077,NC,Granville County,60992,6,"Nonmetro - Urban population of 5,000 to 20,000, adjacent to a metro area"
37079,NC,Greene County,20451,8,"Nonmetro - Urban population of fewer than 5,000, adjacent to a metro area"
37081,NC,Guilford County,541299,2,"Metro - Counties in metro areas of 250,000 to 1 million population"
37083,NC,Halifax County,48622,4,"Nonmetro - Urban population of 20,000 or more, adjacent to a metro area"
37085,NC,Harnett County,133568,4,"Nonmetro - Urban population of 20,000 or more, adjacent to a metro area"
37087,NC,Haywood County,62089,4,"Nonmetro - Urban population of 20,000 or more, adjacent to a metro area"
37089,NC,Henderson County,116281,2,"Metro - Counties in metro areas of 250,000 to 1 million population"
37091,NC,Hertford County,21552,8,"Nonmetro - Urban population of fewer than 5,000, adjacent to a metro area"
37093,NC,Hoke County,52082,2,"Metro - Counties in metro areas of 250,000 to 1 million population"
37095,NC,Hyde County,4589,9,"Nonmetro - Urban population of fewer than 5,000, not adjacent to a metro area"
37097,NC,Iredell County,186693,1,Metro - Counties in metro areas of 1 million population or more
37099,NC,Jackson County,43109,7,"Nonmetro - Urban population of 5,000 to 20,000, not adjacent to a metro area"
37101,NC,Johnston County,215999,1,Metro - Counties in metro areas of 1 million population or more
37103,NC,Jones County,9172,8,"Nonmetro - Urban population of fewer than 5,000, adjacent to a metro area"
37105,NC,Lee County,63285,4,"Nonmetro - Urban population of 20,000 or more, adjacent to a metro area"
37107,NC,Lenoir County,55122,4,"Nonmetro - Urban population of 20,000 or more, adjacent to a metro area"
37109,NC,Lincoln County,86810,1,Metro - Counties in metro areas of 1 million population or more
37111,NC,McDowell County,44578,6,"Nonmetro - Urban population of 5,000 to 20,000, adjacent to a metro area"
37113,NC,Macon County,37014,7,"Nonmetro - Urban population of 5,000 to 20,000, not adjacent to a metro area"
37115,NC,Madison County,21193,2,"Metro - Counties in metro areas of 250,000 to 1 million population"
37117,NC,Martin County,22031,6,"Nonmetro - Urban population of 5,000 to 20,000, adjacent to a metro area"
37119,NC,Mecklenburg County,1115482,1,Metro - Counties in metro areas of 1 million population or more
37121,NC,Mitchell County,14903,8,"Nonmetro - Urban population of fewer than 5,000, adjacent to a metro area"
37123,NC,Montgomery County,25751,8,"Nonmetro - Urban population of fewer than 5,000, adjacent to a metro area"
37125,NC,Moore County,99727,3,"Metro - Counties in metro areas of fewer than 250,000 population"
37127,NC,Nash County,94970,3,"Metro - Counties in metro areas of fewer than 250,000 population"
37129,NC,New Hanover County,225702,2,"Metro - Counties in metro areas of 250,000 to 1 million population"
37131,NC,Northampton County,17471,9,"Nonmetro - Urban population of fewer than 5,000, not adjacent to a metro area"
37133,NC,Onslow County,204576,3,"Metro - Counties in metro areas of fewer than 250,000 population"
37135,NC,Orange County,148696,2,"Metro - Counties in metro areas of 250,000 to 1 million population"
37137,NC,Pamlico County,12276,9,"Nonmetro - Urban population of fewer than 5,000, not adjacent to a metro area"
37139,NC,Pasquotank County,40568,4,"Nonmetro - Urban population of 20,000 or more, adjacent to a metro area"
37141,NC,Pender County,60203,2,"Metro - Counties in metro areas of 250,000 to 1 million population"
37143,NC,Perquimans County,13005,8,"Nonmetro - Urban population of fewer than 5,000, adjacent to a metro area"
37145,NC,Person County,39097,2,"Metro - Counties in metro areas of 250,000 to 1 million population"
37147,NC,Pitt County,170243,3,"Metro - Counties in metro areas of fewer than 250,000 population"
37149,NC,Polk County,19328,8,"Nonmetro - Urban population of fewer than 5,000, adjacent to a metro area"
37151,NC,Randolph County,144171,2,"Metro - Counties in metro areas of 250,000 to 1 million population"
37153,NC,Richmond County,42946,4,"Nonmetro - Urban population of 20,000 or more, adjacent to a metro area"
37155,NC,Robeson County,116530,4,"Nonmetro - Urban population of 20,000 or more, adjacent to a metro area"
37157,NC,Rockingham County,91096,2,"Metro - Counties in metro areas of 250,000 to 1 million population"
37159,NC,Rowan County,146875,1,Metro - Counties in metro areas of 1 million population or more
37161,NC,Rutherford County,64444,4,"Nonmetro - Urban population of 20,000 or more, adjacent to a metro area"
37163,NC,Sampson County,59036,6,"Nonmetro - Urban population of 5,000 to 20,000, adjacent to a metro area"
37165,NC,Scotland County,34174,6,"Nonmetro - Urban population of 5,000 to 20,000, adjacent to a metro area"
37167,NC,Stanly County,62504,6,"Nonmetro - Urban population of 5,000 to 20,000, adjacent to a metro area"
37169,NC,Stokes County,44520,2,"Metro - Counties in metro areas of 250,000 to 1 million population"
37171,NC,Surry County,71359,6,"Nonmetro - Urban population of 5,000 to 20,000, adjacent to a metro area"
37173,NC,Swain County,14117,9,"Nonmetro - Urban population of fewer than 5,000, not adjacent to a metro area"
37175,NC,Transylvania County,32986,6,"Nonmetro - Urban population of 5,000 to 20,000, adjacent to a metro area"
37177,NC,Tyrrell County,3245,9,"Nonmetro - Urban population of fewer than 5,000, not adjacent to a metro area"
37179,NC,Union County,238267,1,Metro - Counties in metro areas of 1 million population or more
37181,NC,Vance County,42578,6,"Nonmetro - Urban population of 5,000 to 20,000, adjacent to a metro area"
37183,NC,Wake County,1129410,1,Metro - Counties in metro areas of 1 million population or more
37185,NC,Warren County,18642,8,"Nonmetro - Urban population of fewer than 5,000, adjacent to a metro area"
37187,NC,Washington County,11003,9,"Nonmetro - Urban population of fewer than 5,000, not adjacent to a metro area"
37189,NC,Watauga County,54086,5,"Nonmetro - Urban population of 20,000 or more, not adjacent to a metro area"
37191,NC,Wayne County,117333,3,"Metro - Counties in metro areas of fewer than 250,000 population"
37193,NC,Wilkes County,65969,6,"Nonmetro - Urban population of 5,000 to 20,000, adjacent to a metro area"
37195,NC,Wilson County,78784,4,"Nonmetro - Urban population of 20,000 or more, adjacent to a metro area"
37197,NC,Yadkin County,37214,2,"Metro - Counties in metro areas of 250,000 to 1 million population"
37199,NC,Yancey County,18470,8,"Nonmetro - Urban population of fewer than 5,000, adjacent to a metro area"
38001,ND,Adams County,2200,9,"Nonmetro - Urban population of fewer than 5,000, not adjacent to a metro area"
38003,ND,Barnes County,10853,6,"Nonmetro - Urban population of 5,000 to 20,000, adjacent to a metro area"
38005,ND,Benson County,5964,9,"Nonmetro - Urban population of fewer than 5,000, not adjacent to a metro area"
38007,ND,Billings County,945,9,"Nonmetro - Urban population of fewer than 5,000, not adjacent to a metro area"
38009,ND,Bottineau County,6379,8,"Nonmetro - Urban population of fewer than 5,000, adjacent to a metro area"
38011,ND,Bowman County,2993,9,"Nonmetro - Urban population of fewer than 5,000, not adjacent to a metro area"
38013,ND,Burke County,2201,8,"Nonmetro - Urban population of fewer than 5,000, adjacent to a metro area"
38015,ND,Burleigh County,98458,3,"Metro - Counties in metro areas of fewer than 250,000 population"
38017,ND,Cass County,184525,3,"Metro - Counties in metro areas of fewer than 250,000 population"
38019,ND,Cavalier County,3704,9,"Nonmetro - Urban population of fewer than 5,000, not adjacent to a metro area"
38021,ND,Dickey County,4999,9,"Nonmetro - Urban population of fewer than 5,000, not adjacent to a metro area"
38023,ND,Divide County,2195,9,"Nonmetro - Urban population of fewer than 5,000, not adjacent to a metro area"
38025,ND,Dunn County,4095,9,"Nonmetro - Urban population of fewer than 5,000, not adjacent to a metro area"
38027,ND,Eddy County,2347,9,"Nonmetro - Urban population of fewer than 5,000, not adjacent to a metro area"
38029,ND,Emmons County,3301,8,"Nonmetro - Urban population of fewer than 5,000, adjacent to a metro area"
38031,ND,Foster County,3397,9,"Nonmetro - Urban population of fewer than 5,000, not adjacent to a metro area"
38033,ND,Golden Valley County,1736,9,"Nonmetro - Urban population of fewer than 5,000, not adjacent to a metro area"
38035,ND,Grand Forks County,73170,3,"Metro - Counties in metro areas of fewer than 250,000 population"
38037,ND,Grant County,2301,8,"Nonmetro - Urban population of fewer than 5,000, adjacent to a metro area"
38039,ND,Griggs County,2306,9,"Nonmetro - Urban population of fewer than 5,000, not adjacent to a metro area"
38041,ND,Hettinger County,2489,9,"Nonmetro - Urban population of fewer than 5,000, not adjacent to a metro area"
38043,ND,Kidder County,2394,8,"Nonmetro - Urban population of fewer than 5,000, adjacent to a metro area"
38045,ND,LaMoure County,4093,9,"Nonmetro - Urban population of fewer than 5,000, not adjacent to a metro area"
38047,ND,Logan County,1876,9,"Nonmetro - Urban population of fewer than 5,000, not adjacent to a metro area"
38049,ND,McHenry County,5345,3,"Metro - Counties in metro areas of fewer than 250,000 population"
38051,ND,McIntosh County,2530,9,"Nonmetro - Urban population of fewer than 5,000, not adjacent to a metro area"
38053,ND,McKenzie County,14704,7,"Nonmetro - Urban population of 5,000 to 20,000, not adjacent to a metro area"
38055,ND,McLean County,9771,8,"Nonmetro - Urban population of fewer than 5,000, adjacent to a metro area"
38057,ND,Mercer County,8350,8,"Nonmetro - Urban population of fewer than 5,000, adjacent to a metro area"
38059,ND,Morton County,33291,3,"Metro - Counties in metro areas of fewer than 250,000 population"
38061,ND,Mountrail County,9809,8,"Nonmetro - Urban population of fewer than 5,000, adjacent to a metro area"
38063,ND,Nelson County,3015,8,"Nonmetro - Urban population of fewer than 5,000, adjacent to a metro area"
38065,ND,Oliver County,1877,3,"Metro - Counties in metro areas of fewer than 250,000 population"
38067,ND,Pembina County,6844,9,"Nonmetro - Urban population of fewer than 5,000, not adjacent to a metro area"
38069,ND,Pierce County,3990,9,"Nonmetro - Urban population of fewer than 5,000, not adjacent to a metro area"
38071,ND,Ramsey County,11605,7,"Nonmetro - Urban population of 5,000 to 20,000, not adjacent to a metro area"
38073,ND,Ransom County,5703,8,"Nonmetro - Urban population of fewer than 5,000, adjacent to a metro area"
38075,ND,Renville County,2282,3,"Metro - Counties in metro areas of fewer than 250,000 population"
38077,ND,Richland County,16529,6,"Nonmetro - Urban population of 5,000 to 20,000, adjacent to a metro area"
38079,ND,Rolette County,12187,9,"Nonmetro - Urban population of fewer than 5,000, not adjacent to a metro area"
38081,ND,Sargent County,3862,9,"Nonmetro - Urban population of fewer than 5,000, not adjacent to a metro area"
38083,ND,Sheridan County,1265,8,"Nonmetro - Urban population of fewer than 5,000, adjacent to a metro area"
38085,ND,Sioux County,3898,9,"Nonmetro - Urban population of fewer than 5,000, not adjacent to a metro area"
38087,ND,Slope County,706,9,"Nonmetro - Urban population of fewer than 5,000, not adjacent to a metro area"
38089,ND,Stark County,33646,5,"Nonmetro - Urban population of 20,000 or more, not adjacent to a metro area"
38091,ND,Steele County,1798,8,"Nonmetro - Urban population of fewer than 5,000, adjacent to a metro area"
38093,ND,Stutsman County,21593,7,"Nonmetro - Urban population of 5,000 to 20,000, not adjacent to a metro area"
38095,ND,Towner County,2162,9,"Nonmetro - Urban population of fewer than 5,000, not adjacent to a metro area"
38097,ND,Traill County,7997,8,"Nonmetro - Urban population of fewer than 5,000, adjacent to a metro area"
38099,ND,Walsh County,10563,8,"Nonmetro - Urban population of fewer than 5,000, adjacent to a metro area"
38101,ND,Ward County,69919,3,"Metro - Counties in metro areas of fewer than 250,000 population"
38103,ND,Wells County,3982,9,"Nonmetro - Urban population of fewer than 5,000, not adjacent to a metro area"
38105,ND,Williams County,40950,5,"Nonmetro - Urban population of 20,000 or more, not adjacent to a metro area"
39001,OH,Adams County,27477,8,"Nonmetro - Urban population of fewer than 5,000, adjacent to a metro area"
39003,OH,Allen County,102206,3,"Metro - Counties in metro areas of fewer than 250,000 population"
39005,OH,Ashland County,52447,6,"Nonmetro - Urban population of 5,000 to 20,000, adjacent to a metro area"
39007,OH,Ashtabula County,97574,1,Metro - Counties in metro areas of 1 million population or more
39009,OH,Athens County,62431,4,"Nonmetro - Urban population of 20,000 or more, adjacent to a metro area"
39011,OH,Auglaize County,46422,4,"Nonmetro - Urban population of 20,000 or more, adjacent to a metro area"
39013,OH,Belmont County,66497,3,"Metro - Counties in metro areas of fewer than 250,000 population"
39015,OH,Brown County,43676,1,Metro - Counties in metro areas of 1 million population or more
39017,OH,Butler County,390357,1,Metro - Counties in metro areas of 1 million population or more
39019,OH,Carroll County,26721,2,"Metro - Counties in metro areas of 250,000 to 1 million population"
39021,OH,Champaign County,38714,6,"Nonmetro - Urban population of 5,000 to 20,000, adjacent to a metro area"
39023,OH,Clark County,136001,3,"Metro - Counties in metro areas of fewer than 250,000 population"
39025,OH,Clermont County,208601,1,Metro - Counties in metro areas of 1 million population or more
39027,OH,Clinton County,42018,6,"Nonmetro - Urban population of 5,000 to 20,000, adjacent to a metro area"
39029,OH,Columbiana County,101877,4,"Nonmetro - Urban population of 20,000 or more, adjacent to a metro area"
39031,OH,Coshocton County,36612,7,"Nonmetro - Urban population of 5,000 to 20,000, not adjacent to a metro area"
39033,OH,Crawford County,42025,4,"Nonmetro - Urban population of 20,000 or more, adjacent to a metro area"
39035,OH,Cuyahoga County,1264817,1,Metro - Counties in metro areas of 1 million population or more
39037,OH,Darke County,51881,6,"Nonmetro - Urban population of 5,000 to 20,000, adjacent to a metro area"
39039,OH,Defiance County,38286,6,"Nonmetro - Urban population of 5,000 to 20,000, adjacent to a metro area"
39041,OH,Delaware County,214124,1,Metro - Counties in metro areas of 1 million population or more
39043,OH,Erie County,75622,3,"Metro - Counties in metro areas of fewer than 250,000 population"
39045,OH,Fairfield County,158921,1,Metro - Counties in metro areas of 1 million population or more
39047,OH,Fayette County,28951,6,"Nonmetro - Urban population of 5,000 to 20,000, adjacent to a metro area"
39049,OH,Franklin County,1323807,1,Metro - Counties in metro areas of 1 million population or more
39051,OH,Fulton County,42713,2,"Metro - Counties in metro areas of 250,000 to 1 million population"
39053,OH,Gallia County,29220,6,"Nonmetro - Urban population of 5,000 to 20,000, adjacent to a metro area"
39055,OH,Geauga County,95397,1,Metro - Counties in metro areas of 1 million population or more
39057,OH,Greene County,167966,2,"Metro - Counties in metro areas of 250,000 to 1 million population"
39059,OH,Guernsey County,38438,6,"Nonmetro - Urban population of 5,000 to 20,000, adjacent to a metro area"
39061,OH,Hamilton County,830639,1,Metro - Counties in metro areas of 1 million population or more
39063,OH,Hancock County,74920,4,"Nonmetro - Urban population of 20,000 or more, adjacent to a metro area"
39065,OH,Hardin County,30696,6,"Nonmetro - Urban population of 5,000 to 20,000, adjacent to a metro area"
39067,OH,Harrison County,14483,8,"Nonmetro - Urban population of fewer than 5,000, adjacent to a metro area"
39069,OH,Henry County,27662,6,"Nonmetro - Urban population of 5,000 to 20,000, adjacent to a metro area"
39071,OH,Highland County,43317,6,"Nonmetro - Urban population of 5,000 to 20,000, adjacent to a metro area"
39073,OH,Hocking County,28050,1,Metro - Counties in metro areas of 1 million population or more
39075,OH,Holmes County,44223,9,"Nonmetro - Urban population of fewer than 5,000, not adjacent to a metro area"
39077,OH,Huron County,58565,4,"Nonmetro - Urban population of 20,000 or more, adjacent to a metro area"
39079,OH,Jackson County,32653,7,"Nonmetro - Urban population of 5,000 to 20,000, not adjacent to a metro area"
39081,OH,Jefferson County,65249,3,"Metro - Counties in metro areas of fewer than 250,000 population"
39083,OH,Knox County,62721,6,"Nonmetro - Urban population of 5,000 to 20,000, adjacent to a metro area"
39085,OH,Lake County,232603,1,Metro - Counties in metro areas of 1 million population or more
39087,OH,Lawrence County,58240,2,"Metro - Counties in metro areas of 250,000 to 1 million population"
39089,OH,Licking County,178519,1,Metro - Counties in metro areas of 1 million population or more
39091,OH,Logan County,46150,4,"Nonmetro - Urban population of 20,000 or more, adjacent to a metro area"
39093,OH,Lorain County,312964,1,Metro - Counties in metro areas of 1 million population or more
39095,OH,Lucas County,431279,2,"Metro - Counties in metro areas of 250,000 to 1 million population"
39097,OH,Madison County,43824,1,Metro - Counties in metro areas of 1 million population or more
39099,OH,Mahoning County,228614,2,"Metro - Counties in metro areas of 250,000 to 1 million population"
39101,OH,Marion County,65359,4,"Nonmetro - Urban population of 20,000 or more, adjacent to a metro area"
39103,OH,Medina County,182470,1,Metro - Counties in metro areas of 1 million population or more
39105,OH,Meigs County,22210,8,"Nonmetro - Urban population of fewer than 5,000, adjacent to a metro area"
39107,OH,Mercer County,42528,7,"Nonmetro - Urban population of 5,000 to 20,000, not adjacent to a metro area"
39109,OH,Miami County,108774,2,"Metro - Counties in metro areas of 250,000 to 1 million population"
39111,OH,Monroe County,13385,8,"Nonmetro - Urban population of fewer than 5,000, adjacent to a metro area"
39113,OH,Montgomery County,537309,2,"Metro - Counties in metro areas of 250,000 to 1 million population"
39115,OH,Morgan County,13802,8,"Nonmetro - Urban population of fewer than 5,000, adjacent to a metro area"
39117,OH,Morrow County,34950,1,Metro - Counties in metro areas of 1 million population or more
39119,OH,Muskingum County,86410,4,"Nonmetro - Urban population of 20,000 or more, adjacent to a metro area"
39121,OH,Noble County,14115,9,"Nonmetro - Urban population of fewer than 5,000, not adjacent to a metro area"
39123,OH,Ottawa County,40364,3,"Metro - Counties in metro areas of fewer than 250,000 population"
39125,OH,Paulding County,18806,8,"Nonmetro - Urban population of fewer than 5,000, adjacent to a metro area"
39127,OH,Perry County,35408,1,Metro - Counties in metro areas of 1 million population or more
39129,OH,Pickaway County,58539,1,Metro - Counties in metro areas of 1 million population or more
39131,OH,Pike County,27088,9,"Nonmetro - Urban population of fewer than 5,000, not adjacent to a metro area"
39133,OH,Portage County,161791,2,"Metro - Counties in metro areas of 250,000 to 1 million population"
39135,OH,Preble County,40999,6,"Nonmetro - Urban population of 5,000 to 20,000, adjacent to a metro area"
39137,OH,Putnam County,34451,6,"Nonmetro - Urban population of 5,000 to 20,000, adjacent to a metro area"
39139,OH,Richland County,124936,3,"Metro - Counties in metro areas of fewer than 250,000 population"
39141,OH,Ross County,77093,4,"Nonmetro - Urban population of 20,000 or more, adjacent to a metro area"
39143,OH,Sandusky County,58896,4,"Nonmetro - Urban population of 20,000 or more, adjacent to a metro area"
39145,OH,Scioto County,74008,4,"Nonmetro - Urban population of 20,000 or more, adjacent to a metro area"
39147,OH,Seneca County,55069,4,"Nonmetro - Urban population of 20,000 or more, adjacent to a metro area"
39149,OH,Shelby County,48230,4,"Nonmetro - Urban population of 20,000 or more, adjacent to a metro area"
39151,OH,Stark County,374853,2,"Metro - Counties in metro areas of 250,000 to 1 million population"
39153,OH,Summit County,540428,2,"Metro - Counties in metro areas of 250,000 to 1 million population"
39155,OH,Trumbull County,201977,2,"Metro - Counties in metro areas of 250,000 to 1 million population"
39157,OH,Tuscarawas County,93263,4,"Nonmetro - Urban population of 20,000 or more, adjacent to a metro area"
39159,OH,Union County,62784,1,Metro - Counties in metro areas of 1 million population or more
39161,OH,Van Wert County,28931,6,"Nonmetro - Urban population of 5,000 to 20,000, adjacent to a metro area"
39163,OH,Vinton County,12800,8,"Nonmetro - Urban population of fewer than 5,000, adjacent to a metro area"
39165,OH,Warren County,242337,1,Metro - Counties in metro areas of 1 million population or more
39167,OH,Washington County,59771,4,"Nonmetro - Urban population of 20,000 or more, adjacent to a metro area"
39169,OH,Wayne County,116894,4,"Nonmetro - Urban population of 20,000 or more, adjacent to a metro area"
39171,OH,Williams County,37102,7,"Nonmetro - Urban population of 5,000 to 20,000, not adjacent to a metro area"
39173,OH,Wood County,132248,2,"Metro - Counties in metro areas of 250,000 to 1 million population"
39175,OH,Wyandot County,21900,7,"Nonmetro - Urban population of 5,000 to 20,000, not adjacent to a metro area"
40001,OK,Adair County,19495,8,"Nonmetro - Urban population of fewer than 5,000, adjacent to a metro area"
40003,OK,Alfalfa County,5699,8,"Nonmetro - Urban population of fewer than 5,000, adjacent to a metro area"
40005,OK,Atoka County,14143,9,"Nonmetro - Urban population of fewer than 5,000, not adjacent to a metro area"
40007,OK,Beaver County,5049,9,"Nonmetro - Urban population of fewer than 5,000, not adjacent to a metro area"
40009,OK,Beckham County,22410,7,"Nonmetro - Urban population of 5,000 to 20,000, not adjacent to a metro area"
40011,OK,Blaine County,8735,8,"Nonmetro - Urban population of fewer than 5,000, adjacent to a metro area"
40013,OK,Bryan County,46067,6,"Nonmetro - Urban population of 5,000 to 20,000, adjacent to a metro area"
40015,OK,Caddo County,26945,6,"Nonmetro - Urban population of 5,000 to 20,000, adjacent to a metro area"
40017,OK,Canadian County,154405,1,Metro - Counties in metro areas of 1 million population or more
40019,OK,Carter County,48003,5,"Nonmetro - Urban population of 20,000 or more, not adjacent to a metro area"
40021,OK,Cherokee County,47078,6,"Nonmetro - Urban population of 5,000 to 20,000, adjacent to a metro area"
40023,OK,Choctaw County,14204,9,"Nonmetro - Urban population of fewer than 5,000, not adjacent to a metro area"
40025,OK,Cimarron County,2296,9,"Nonmetro - Urban population of fewer than 5,000, not adjacent to a metro area"
40027,OK,Cleveland County,295528,1,Metro - Counties in metro areas of 1 million population or more
40029,OK,Coal County,5266,9,"Nonmetro - Urban population of fewer than 5,000, not adjacent to a metro area"
40031,OK,Comanche County,121125,3,"Metro - Counties in metro areas of fewer than 250,000 population"
40033,OK,Cotton County,5527,3,"Metro - Counties in metro areas of fewer than 250,000 population"
40035,OK,Craig County,14107,6,"Nonmetro - Urban population of 5,000 to 20,000, adjacent to a metro area"
40037,OK,Creek County,71754,1,Metro - Counties in metro areas of 1 million population or more
40039,OK,Custer County,28513,5,"Nonmetro - Urban population of 20,000 or more, not adjacent to a metro area"
40041,OK,Delaware County,40397,6,"Nonmetro - Urban population of 5,000 to 20,000, adjacent to a metro area"
40043,OK,Dewey County,4484,9,"Nonmetro - Urban population of fewer than 5,000, not adjacent to a metro area"
40045,OK,Ellis County,3749,9,"Nonmetro - Urban population of fewer than 5,000, not adjacent to a metro area"
40047,OK,Garfield County,62846,3,"Metro - Counties in metro areas of fewer than 250,000 population"
40049,OK,Garvin County,25656,6,"Nonmetro - Urban population of 5,000 to 20,000, adjacent to a metro area"
40051,OK,Grady County,54795,1,Metro - Counties in metro areas of 1 million population or more
40053,OK,Grant County,4169,8,"Nonmetro - Urban population of fewer than 5,000, adjacent to a metro area"
40055,OK,Greer County,5491,9,"Nonmetro - Urban population of fewer than 5,000, not adjacent to a metro area"
40057,OK,Harmon County,2488,9,"Nonmetro - Urban population of fewer than 5,000, not adjacent to a metro area"
40059,OK,Harper County,3272,9,"Nonmetro - Urban population of fewer than 5,000, not adjacent to a metro area"
40061,OK,Haskell County,11561,8,"Nonmetro - Urban population of fewer than 5,000, adjacent to a metro area"
40063,OK,Hughes County,13367,9,"Nonmetro - Urban population of fewer than 5,000, not adjacent to a metro area"
40065,OK,Jackson County,24785,7,"Nonmetro - Urban population of 5,000 to 20,000, not adjacent to a metro area"
40067,OK,Jefferson County,5337,8,"Nonmetro - Urban population of fewer than 5,000, adjacent to a metro area"
40069,OK,Johnston County,10272,9,"Nonmetro - Urban population of fewer than 5,000, not adjacent to a metro area"
40071,OK,Kay County,43700,4,"Nonmetro - Urban population of 20,000 or more, adjacent to a metro area"
40073,OK,Kingfisher County,15184,8,"Nonmetro - Urban population of fewer than 5,000, adjacent to a metro area"
40075,OK,Kiowa County,8509,8,"Nonmetro - Urban population of fewer than 5,000, adjacent to a metro area"
40077,OK,Latimer County,9444,9,"Nonmetro - Urban population of fewer than 5,000, not adjacent to a metro area"
40079,OK,Le Flore County,48129,6,"Nonmetro - Urban population of 5,000 to 20,000, adjacent to a metro area"
40081,OK,Lincoln County,33458,1,Metro - Counties in metro areas of 1 million population or more
40083,OK,Logan County,49555,1,Metro - Counties in metro areas of 1 million population or more
40085,OK,Love County,10146,9,"Nonmetro - Urban population of fewer than 5,000, not adjacent to a metro area"
40087,OK,McClain County,41662,1,Metro - Counties in metro areas of 1 million population or more
40089,OK,McCurtain County,30814,7,"Nonmetro - Urban population of 5,000 to 20,000, not adjacent to a metro area"
40091,OK,McIntosh County,18941,8,"Nonmetro - Urban population of fewer than 5,000, adjacent to a metro area"
40093,OK,Major County,7782,8,"Nonmetro - Urban population of fewer than 5,000, adjacent to a metro area"
40095,OK,Marshall County,15312,9,"Nonmetro - Urban population of fewer than 5,000, not adjacent to a metro area"
40097,OK,Mayes County,39046,6,"Nonmetro - Urban population of 5,000 to 20,000, adjacent to a metro area"
40099,OK,Murray County,13904,9,"Nonmetro - Urban population of fewer than 5,000, not adjacent to a metro area"
40101,OK,Muskogee County,66339,4,"Nonmetro - Urban population of 20,000 or more, adjacent to a metro area"
40103,OK,Noble County,10924,8,"Nonmetro - Urban population of fewer than 5,000, adjacent to a metro area"
40105,OK,Nowata County,9320,8,"Nonmetro - Urban population of fewer than 5,000, adjacent to a metro area"
40107,OK,Okfuskee County,11310,8,"Nonmetro - Urban population of fewer than 5,000, adjacent to a metro area"
40109,OK,Oklahoma County,796292,1,Metro - Counties in metro areas of 1 million population or more
40111,OK,Okmulgee County,36706,1,Metro - Counties in metro areas of 1 million population or more
40113,OK,Osage County,45818,1,Metro - Counties in metro areas of 1 million population or more
40115,OK,Ottawa County,30285,6,"Nonmetro - Urban population of 5,000 to 20,000, adjacent to a metro area"
40117,OK,Pawnee County,15553,1,Metro - Counties in metro areas of 1 million population or more
40119,OK,Payne County,81646,4,"Nonmetro - Urban population of 20,000 or more, adjacent to a metro area"
40121,OK,Pittsburg County,43773,7,"Nonmetro - Urban population of 5,000 to 20,000, not adjacent to a metro area"
40123,OK,Pontotoc County,38065,7,"Nonmetro - Urban population of 5,000 to 20,000, not adjacent to a metro area"
40125,OK,Pottawatomie County,72454,4,"Nonmetro - Urban population of 20,000 or more, adjacent to a metro area"
40127,OK,Pushmataha County,10812,9,"Nonmetro - Urban population of fewer than 5,000, not adjacent to a metro area"
40129,OK,Roger Mills County,3442,9,"Nonmetro - Urban population of fewer than 5,000, not adjacent to a metro area"
40131,OK,Rogers County,95240,1,Metro - Counties in metro areas of 1 million population or more
40133,OK,Seminole County,23556,7,"Nonmetro - Urban population of 5,000 to 20,000, not adjacent to a metro area"
40135,OK,Sequoyah County,39281,3,"Metro - Counties in metro areas of fewer than 250,000 population"
40137,OK,Stephens County,42848,4,"Nonmetro - Urban population of 20,000 or more, adjacent to a metro area"
40139,OK,Texas County,21384,7,"Nonmetro - Urban population of 5,000 to 20,000, not adjacent to a metro area"
40141,OK,Tillman County,6968,8,"Nonmetro - Urban population of fewer than 5,000, adjacent to a metro area"
40143,OK,Tulsa County,669279,1,Metro - Counties in metro areas of 1 million population or more
40145,OK,Wagoner County,80981,1,Metro - Counties in metro areas of 1 million population or more
40147,OK,Washington County,52455,4,"Nonmetro - Urban population of 20,000 or more, adjacent to a metro area"
40149,OK,Washita County,10924,9,"Nonmetro - Urban population of fewer than 5,000, not adjacent to a metro area"
40151,OK,Woods County,8624,7,"Nonmetro - Urban population of 5,000 to 20,000, not adjacent to a metro area"
40153,OK,Woodward County,20470,7,"Nonmetro - Urban population of 5,000 to 20,000, not adjacent to a metro area"
41001,OR,Baker County,16668,7,"Nonmetro - Urban population of 5,000 to 20,000, not adjacent to a metro area"
41003,OR,Benton County,95184,3,"Metro - Counties in metro areas of fewer than 250,000 population"
41005,OR,Clackamas County,421401,1,Metro - Counties in metro areas of 1 million population or more
41007,OR,Clatsop County,41072,4,"Nonmetro - Urban population of 20,000 or more, adjacent to a metro area"
41009,OR,Columbia County,52589,1,Metro - Counties in metro areas of 1 million population or more
41011,OR,Coos County,64929,5,"Nonmetro - Urban population of 20,000 or more, not adjacent to a metro area"
41013,OR,Crook County,24738,3,"Metro - Counties in metro areas of fewer than 250,000 population"
41015,OR,Curry County,23446,7,"Nonmetro - Urban population of 5,000 to 20,000, not adjacent to a metro area"
41017,OR,Deschutes County,198253,3,"Metro - Counties in metro areas of fewer than 250,000 population"
41019,OR,Douglas County,111201,4,"Nonmetro - Urban population of 20,000 or more, adjacent to a metro area"
41021,OR,Gilliam County,1995,9,"Nonmetro - Urban population of fewer than 5,000, not adjacent to a metro area"
41023,OR,Grant County,7233,9,"Nonmetro - Urban population of fewer than 5,000, not adjacent to a metro area"
41025,OR,Harney County,7495,9,"Nonmetro - Urban population of fewer than 5,000, not adjacent to a metro area"
41027,OR,Hood River County,23977,6,"Nonmetro - Urban population of 5,000 to 20,000, adjacent to a metro area"
41029,OR,Jackson County,223259,3,"Metro - Counties in metro areas of fewer than 250,000 population"
41031,OR,Jefferson County,24502,3,"Metro - Counties in metro areas of fewer than 250,000 population"
41033,OR,Josephine County,88090,3,"Metro - Counties in metro areas of fewer than 250,000 population"
41035,OR,Klamath County,69413,5,"Nonmetro - Urban population of 20,000 or more, not adjacent to a metro area"
41037,OR,Lake County,8160,9,"Nonmetro - Urban population of fewer than 5,000, not adjacent to a metro area"
41039,OR,Lane County,382971,2,"Metro - Counties in metro areas of 250,000 to 1 million population"
41041,OR,Lincoln County,50395,5,"Nonmetro - Urban population of 20,000 or more, not adjacent to a metro area"
41043,OR,Linn County,128610,3,"Metro - Counties in metro areas of fewer than 250,000 population"
41045,OR,Malheur County,31571,6,"Nonmetro - Urban population of 5,000 to 20,000, adjacent to a metro area"
41047,OR,Marion County,345920,2,"Metro - Counties in metro areas of 250,000 to 1 million population"
41049,OR,Morrow County,12186,8,"Nonmetro - Urban population of fewer than 5,000, adjacent to a metro area"
41051,OR,Multnomah County,815428,1,Metro - Counties in metro areas of 1 million population or more
41053,OR,Polk County,87433,2,"Metro - Counties in metro areas of 250,000 to 1 million population"
41055,OR,Sherman County,1870,9,"Nonmetro - Urban population of fewer than 5,000, not adjacent to a metro area"
41057,OR,Tillamook County,27390,7,"Nonmetro - Urban population of 5,000 to 20,000, not adjacent to a metro area"
41059,OR,Umatilla County,80075,4,"Nonmetro - Urban population of 20,000 or more, adjacent to a metro area"
41061,OR,Union County,26196,7,"Nonmetro - Urban population of 5,000 to 20,000, not adjacent to a metro area"
41063,OR,Wallowa County,7391,9,"Nonmetro - Urban population of fewer than 5,000, not adjacent to a metro area"
41065,OR,Wasco County,26670,7,"Nonmetro - Urban population of 5,000 to 20,000, not adjacent to a metro area"
41067,OR,Washington County,600372,1,Metro - Counties in metro areas of 1 million population or more
41069,OR,Wheeler County,1451,9,"Nonmetro - Urban population of fewer than 5,000, not adjacent to a metro area"
41071,OR,Yamhill County,107722,1,Metro - Counties in metro areas of 1 million population or more
42001,PA,Adams County,103852,3,"Metro - Counties in metro areas of fewer than 250,000 population"
42003,PA,Allegheny County,1250578,1,Metro - Counties in metro areas of 1 million population or more
42005,PA,Armstrong County,65558,1,Metro - Counties in metro areas of 1 million population or more
42007,PA,Beaver County,168215,1,Metro - Counties in metro areas of 1 million population or more
42009,PA,Bedford County,47577,8,"Nonmetro - Urban population of fewer than 5,000, adjacent to a metro area"
42011,PA,Berks County,428849,2,"Metro - Counties in metro areas of 250,000 to 1 million population"
42013,PA,Blair County,122822,3,"Metro - Counties in metro areas of fewer than 250,000 population"
42015,PA,Bradford County,59967,6,"Nonmetro - Urban population of 5,000 to 20,000, adjacent to a metro area"
42017,PA,Bucks County,646538,1,Metro - Counties in metro areas of 1 million population or more
42019,PA,Butler County,193763,1,Metro - Counties in metro areas of 1 million population or more
42021,PA,Cambria County,133472,3,"Metro - Counties in metro areas of fewer than 250,000 population"
42023,PA,Cameron County,4547,9,"Nonmetro - Urban population of fewer than 5,000, not adjacent to a metro area"
42025,PA,Carbon County,64749,2,"Metro - Counties in metro areas of 250,000 to 1 million population"
42027,PA,Centre County,158172,3,"Metro - Counties in metro areas of fewer than 250,000 population"
42029,PA,Chester County,534413,1,Metro - Counties in metro areas of 1 million population or more
42031,PA,Clarion County,37241,6,"Nonmetro - Urban population of 5,000 to 20,000, adjacent to a metro area"
42033,PA,Clearfield County,80562,4,"Nonmetro - Urban population of 20,000 or more, adjacent to a metro area"
42035,PA,Clinton County,37450,6,"Nonmetro - Urban population of 5,000 to 20,000, adjacent to a metro area"
42037,PA,Columbia County,64727,4,"Nonmetro - Urban population of 20,000 or more, adjacent to a metro area"
42039,PA,Crawford County,83938,4,"Nonmetro - Urban population of 20,000 or more, adjacent to a metro area"
42041,PA,Cumberland County,259469,2,"Metro - Counties in metro areas of 250,000 to 1 million population"
42043,PA,Dauphin County,286401,2,"Metro - Counties in metro areas of 250,000 to 1 million population"
42045,PA,Delaware County,576830,1,Metro - Counties in metro areas of 1 million population or more
42047,PA,Elk County,30990,7,"Nonmetro - Urban population of 5,000 to 20,000, not adjacent to a metro area"
42049,PA,Erie County,270876,2,"Metro - Counties in metro areas of 250,000 to 1 million population"
42051,PA,Fayette County,128804,1,Metro - Counties in metro areas of 1 million population or more
42053,PA,Forest County,6973,9,"Nonmetro - Urban population of fewer than 5,000, not adjacent to a metro area"
42055,PA,Franklin County,155932,3,"Metro - Counties in metro areas of fewer than 250,000 population"
42057,PA,Fulton County,14556,8,"Nonmetro - Urban population of fewer than 5,000, adjacent to a metro area"
42059,PA,Greene County,35954,6,"Nonmetro - Urban population of 5,000 to 20,000, adjacent to a metro area"
42061,PA,Huntingdon County,44092,6,"Nonmetro - Urban population of 5,000 to 20,000, adjacent to a metro area"
42063,PA,Indiana County,83246,4,"Nonmetro - Urban population of 20,000 or more, adjacent to a metro area"
42065,PA,Jefferson County,44492,7,"Nonmetro - Urban population of 5,000 to 20,000, not adjacent to a metro area"
42067,PA,Juniata County,23509,8,"Nonmetro - Urban population of fewer than 5,000, adjacent to a metro area"
42069,PA,Lackawanna County,215896,2,"Metro - Counties in metro areas of 250,000 to 1 million population"
42071,PA,Lancaster County,552984,2,"Metro - Counties in metro areas of 250,000 to 1 million population"
42073,PA,Lawrence County,86070,1,Metro - Counties in metro areas of 1 million population or more
42075,PA,Lebanon County,143257,3,"Metro - Counties in metro areas of fewer than 250,000 population"
42077,PA,Lehigh County,374557,2,"Metro - Counties in metro areas of 250,000 to 1 million population"
42079,PA,Luzerne County,325594,2,"Metro - Counties in metro areas of 250,000 to 1 million population"
42081,PA,Lycoming County,114188,3,"Metro - Counties in metro areas of fewer than 250,000 population"
42083,PA,McKean County,40432,7,"Nonmetro - Urban population of 5,000 to 20,000, not adjacent to a metro area"
42085,PA,Mercer County,110652,4,"Nonmetro - Urban population of 20,000 or more, adjacent to a metro area"
42087,PA,Mifflin County,46143,4,"Nonmetro - Urban population of 20,000 or more, adjacent to a metro area"
42089,PA,Monroe County,168327,4,"Nonmetro - Urban population of 20,000 or more, adjacent to a metro area"
42091,PA,Montgomery County,856553,1,Metro - Counties in metro areas of 1 million population or more
42093,PA,Montour County,18136,6,"Nonmetro - Urban population of 5,000 to 20,000, adjacent to a metro area"
42095,PA,Northampton County,312951,2,"Metro - Counties in metro areas of 250,000 to 1 million population"
42097,PA,Northumberland County,91647,4,"Nonmetro - Urban population of 20,000 or more, adjacent to a metro area"
42099,PA,Perry County,45842,2,"Metro - Counties in metro areas of 250,000 to 1 million population"
42101,PA,Philadelphia County,1603797,1,Metro - Counties in metro areas of 1 million population or more
42103,PA,Pike County,58535,6,"Nonmetro - Urban population of 5,000 to 20,000, adjacent to a metro area"
42105,PA,Potter County,16396,9,"Nonmetro - Urban population of fewer than 5,000, not adjacent to a metro area"
42107,PA,Schuylkill County,143049,4,"Nonmetro - Urban population of 20,000 or more, adjacent to a metro area"
42109,PA,Snyder County,39736,7,"Nonmetro - Urban population of 5,000 to 20,000, not adjacent to a metro area"
42111,PA,Somerset County,74129,6,"Nonmetro - Urban population of 5,000 to 20,000, adjacent to a metro area"
42113,PA,Sullivan County,5840,8,"Nonmetro - Urban population of fewer than 5,000, adjacent to a metro area"
42115,PA,Susquehanna County,38434,8,"Nonmetro - Urban population of fewer than 5,000, adjacent to a metro area"
42117,PA,Tioga County,41045,8,"Nonmetro - Urban population of fewer than 5,000, adjacent to a metro area"
42119,PA,Union County,42681,6,"Nonmetro - Urban population of 5,000 to 20,000, adjacent to a metro area"
42121,PA,Venango County,50454,4,"Nonmetro - Urban population of 20,000 or more, adjacent to a metro area"
42123,PA,Warren County,38587,6,"Nonmetro - Urban population of 5,000 to 20,000, adjacent to a metro area"
42125,PA,Washington County,209349,1,Metro - Counties in metro areas of 1 million population or more
42127,PA,Wayne County,51155,6,"Nonmetro - Urban population of 5,000 to 20,000, adjacent to a metro area"
42129,PA,Westmoreland County,354663,1,Metro - Counties in metro areas of 1 million population or more
42131,PA,Wyoming County,26069,2,"Metro - Counties in metro areas of 250,000 to 1 million population"
42133,PA,York County,456438,2,"Metro - Counties in metro areas of 250,000 to 1 million population"
44001,RI,Bristol County,50793,1,Metro - Counties in metro areas of 1 million population or more
44003,RI,Kent County,170363,1,Metro - Counties in metro areas of 1 million population or more
44005,RI,Newport County,85643,1,Metro - Counties in metro areas of 1 million population or more
44007,RI,Providence County,660741,1,Metro - Counties in metro areas of 1 million population or more
44009,RI,Washington County,129839,1,Metro - Counties in metro areas of 1 million population or more
45001,SC,Abbeville County,24295,6,"Nonmetro - Urban population of 5,000 to 20,000, adjacent to a metro area"
45003,SC,Aiken County,168808,2,"Metro - Counties in metro areas of 250,000 to 1 million population"
45005,SC,Allendale County,8039,8,"Nonmetro - Urban population of fewer than 5,000, adjacent to a metro area"
45007,SC,Anderson County,203718,2,"Metro - Counties in metro areas of 250,000 to 1 million population"
45009,SC,Bamberg County,13311,9,"Nonmetro - Urban population of fewer than 5,000, not adjacent to a metro area"
45011,SC,Barnwell County,20589,8,"Nonmetro - Urban population of fewer than 5,000, adjacent to a metro area"
45013,SC,Beaufort County,187117,3,"Metro - Counties in metro areas of fewer than 250,000 population"
45015,SC,Berkeley County,229861,2,"Metro - Counties in metro areas of 250,000 to 1 million population"
45017,SC,Calhoun County,14119,2,"Metro - Counties in metro areas of 250,000 to 1 million population"
45019,SC,Charleston County,408235,2,"Metro - Counties in metro areas of 250,000 to 1 million population"
45021,SC,Cherokee County,56216,6,"Nonmetro - Urban population of 5,000 to 20,000, adjacent to a metro area"
45023,SC,Chester County,32294,1,Metro - Counties in metro areas of 1 million population or more
45025,SC,Chesterfield County,43273,6,"Nonmetro - Urban population of 5,000 to 20,000, adjacent to a metro area"
45027,SC,Clarendon County,31144,8,"Nonmetro - Urban population of fewer than 5,000, adjacent to a metro area"
45029,SC,Colleton County,38604,6,"Nonmetro - Urban population of 5,000 to 20,000, adjacent to a metro area"
45031,SC,Darlington County,62905,3,"Metro - Counties in metro areas of fewer than 250,000 population"
45033,SC,Dillon County,28292,6,"Nonmetro - Urban population of 5,000 to 20,000, adjacent to a metro area"
45035,SC,Dorchester County,161540,2,"Metro - Counties in metro areas of 250,000 to 1 million population"
45037,SC,Edgefield County,25657,2,"Metro - Counties in metro areas of 250,000 to 1 million population"
45039,SC,Fairfield County,20948,2,"Metro - Counties in metro areas of 250,000 to 1 million population"
45041,SC,Florence County,137059,3,"Metro - Counties in metro areas of fewer than 250,000 population"
45043,SC,Georgetown County,63404,4,"Nonmetro - Urban population of 20,000 or more, adjacent to a metro area"
45045,SC,Greenville County,525534,2,"Metro - Counties in metro areas of 250,000 to 1 million population"
45047,SC,Greenwood County,69351,4,"Nonmetro - Urban population of 20,000 or more, adjacent to a metro area"
45049,SC,Hampton County,18561,8,"Nonmetro - Urban population of fewer than 5,000, adjacent to a metro area"
45051,SC,Horry County,351029,2,"Metro - Counties in metro areas of 250,000 to 1 million population"
45053,SC,Jasper County,28791,3,"Metro - Counties in metro areas of fewer than 250,000 population"
45055,SC,Kershaw County,65403,2,"Metro - Counties in metro areas of 250,000 to 1 million population"
45057,SC,Lancaster County,96016,1,Metro - Counties in metro areas of 1 million population or more
45059,SC,Laurens County,67539,2,"Metro - Counties in metro areas of 250,000 to 1 million population"
45061,SC,Lee County,16531,8,"Nonmetro - Urban population of fewer than 5,000, adjacent to a metro area"
45063,SC,Lexington County,293991,2,"Metro - Counties in metro areas of 250,000 to 1 million population"
45065,SC,McCormick County,9526,8,"Nonmetro - Urban population of fewer than 5,000, adjacent to a metro area"
45067,SC,Marion County,29183,6,"Nonmetro - Urban population of 5,000 to 20,000, adjacent to a metro area"
45069,SC,Marlboro County,26667,6,"Nonmetro - Urban population of 5,000 to 20,000, adjacent to a metro area"
45071,SC,Newberry County,37719,6,"Nonmetro - Urban population of 5,000 to 20,000, adjacent to a metro area"
45073,SC,Oconee County,78607,4,"Nonmetro - Urban population of 20,000 or more, adjacent to a metro area"
45075,SC,Orangeburg County,84223,4,"Nonmetro - Urban population of 20,000 or more, adjacent to a metro area"
45077,SC,Pickens County,131404,2,"Metro - Counties in metro areas of 250,000 to 1 million population"
45079,SC,Richland County,416147,2,"Metro - Counties in metro areas of 250,000 to 1 million population"
45081,SC,Saluda County,18862,2,"Metro - Counties in metro areas of 250,000 to 1 million population"
45083,SC,Spartanburg County,327997,2,"Metro - Counties in metro areas of 250,000 to 1 million population"
45085,SC,Sumter County,105556,3,"Metro - Counties in metro areas of fewer than 250,000 population"
45087,SC,Union County,27244,2,"Metro - Counties in metro areas of 250,000 to 1 million population"
45089,SC,Williamsburg County,31026,6,"Nonmetro - Urban population of 5,000 to 20,000, adjacent to a metro area"
45091,SC,York County,282090,1,Metro - Counties in metro areas of 1 million population or more
46003,SD,Aurora County,2747,9,"Nonmetro - Urban population of fewer than 5,000, not adjacent to a metro area"
46005,SD,Beadle County,19149,7,"Nonmetro - Urban population of 5,000 to 20,000, not adjacent to a metro area"
46007,SD,Bennett County,3381,9,"Nonmetro - Urban population of fewer than 5,000, not adjacent to a metro area"
46009,SD,Bon Homme County,7003,9,"Nonmetro - Urban population of fewer than 5,000, not adjacent to a metro area"
46011,SD,Brookings County,34375,5,"Nonmetro - Urban population of 20,000 or more, not adjacent to a metro area"
46013,SD,Brown County,38301,5,"Nonmetro - Urban population of 20,000 or more, not adjacent to a metro area"
46015,SD,Brule County,5247,9,"Nonmetro - Urban population of fewer than 5,000, not adjacent to a metro area"
46017,SD,Buffalo County,1948,9,"Nonmetro - Urban population of fewer than 5,000, not adjacent to a metro area"
46019,SD,Butte County,10243,7,"Nonmetro - Urban population of 5,000 to 20,000, not adjacent to a metro area"
46021,SD,Campbell County,1377,9,"Nonmetro - Urban population of fewer than 5,000, not adjacent to a metro area"
46023,SD,Charles Mix County,9373,9,"Nonmetro - Urban population of fewer than 5,000, not adjacent to a metro area"
46025,SD,Clark County,3837,9,"Nonmetro - Urban population of fewer than 5,000, not adjacent to a metro area"
46027,SD,Clay County,14967,6,"Nonmetro - Urban population of 5,000 to 20,000, adjacent to a metro area"
46029,SD,Codington County,28325,5,"Nonmetro - Urban population of 20,000 or more, not adjacent to a metro area"
46031,SD,Corson County,3902,9,"Nonmetro - Urban population of fewer than 5,000, not adjacent to a metro area"
46033,SD,Custer County,8318,3,"Metro - Counties in metro areas of fewer than 250,000 population"
46035,SD,Davison County,19956,7,"Nonmetro - Urban population of 5,000 to 20,000, not adjacent to a metro area"
46037,SD,Day County,5449,9,"Nonmetro - Urban population of fewer than 5,000, not adjacent to a metro area"
46039,SD,Deuel County,4295,9,"Nonmetro - Urban population of fewer than 5,000, not adjacent to a metro area"
46041,SD,Dewey County,5239,9,"Nonmetro - Urban population of fewer than 5,000, not adjacent to a metro area"
46043,SD,Douglas County,2835,9,"Nonmetro - Urban population of fewer than 5,000, not adjacent to a metro area"
46045,SD,Edmunds County,3986,9,"Nonmetro - Urban population of fewer than 5,000, not adjacent to a metro area"
46047,SD,Fall River County,6973,9,"Nonmetro - Urban population of fewer than 5,000, not adjacent to a metro area"
46049,SD,Faulk County,2125,9,"Nonmetro - Urban population of fewer than 5,000, not adjacent to a metro area"
46051,SD,Grant County,7556,9,"Nonmetro - Urban population of fewer than 5,000, not adjacent to a metro area"
46053,SD,Gregory County,3994,9,"Nonmetro - Urban population of fewer than 5,000, not adjacent to a metro area"
46055,SD,Haakon County,1872,9,"Nonmetro - Urban population of fewer than 5,000, not adjacent to a metro area"
46057,SD,Hamlin County,6164,9,"Nonmetro - Urban population of fewer than 5,000, not adjacent to a metro area"
46059,SD,Hand County,3145,9,"Nonmetro - Urban population of fewer than 5,000, not adjacent to a metro area"
46061,SD,Hanson County,3461,8,"Nonmetro - Urban population of fewer than 5,000, adjacent to a metro area"
46063,SD,Harding County,1311,9,"Nonmetro - Urban population of fewer than 5,000, not adjacent to a metro area"
46065,SD,Hughes County,17765,7,"Nonmetro - Urban population of 5,000 to 20,000, not adjacent to a metro area"
46067,SD,Hutchinson County,7427,8,"Nonmetro - Urban population of fewer than 5,000, adjacent to a metro area"
46069,SD,Hyde County,1262,9,"Nonmetro - Urban population of fewer than 5,000, not adjacent to a metro area"
46071,SD,Jackson County,2806,9,"Nonmetro - Urban population of fewer than 5,000, not adjacent to a metro area"
46073,SD,Jerauld County,1663,9,"Nonmetro - Urban population of fewer than 5,000, not adjacent to a metro area"
46075,SD,Jones County,917,9,"Nonmetro - Urban population of fewer than 5,000, not adjacent to a metro area"
46077,SD,Kingsbury County,5187,9,"Nonmetro - Urban population of fewer than 5,000, not adjacent to a metro area"
46079,SD,Lake County,11059,6,"Nonmetro - Urban population of 5,000 to 20,000, adjacent to a metro area"
46081,SD,Lawrence County,25768,6,"Nonmetro - Urban population of 5,000 to 20,000, adjacent to a metro area"
46083,SD,Lincoln County,65161,2,"Metro - Counties in metro areas of 250,000 to 1 million population"
46085,SD,Lyman County,3718,9,"Nonmetro - Urban population of fewer than 5,000, not adjacent to a metro area"
46087,SD,McCook County,5682,2,"Metro - Counties in metro areas of 250,000 to 1 million population"
46089,SD,McPherson County,2411,9,"Nonmetro - Urban population of fewer than 5,000, not adjacent to a metro area"
46091,SD,Marshall County,4306,9,"Nonmetro - Urban population of fewer than 5,000, not adjacent to a metro area"
46093,SD,Meade County,29852,3,"Metro - Counties in metro areas of fewer than 250,000 population"
46095,SD,Mellette County,1918,9,"Nonmetro - Urban population of fewer than 5,000, not adjacent to a metro area"
46097,SD,Miner County,2298,8,"Nonmetro - Urban population of fewer than 5,000, adjacent to a metro area"
46099,SD,Minnehaha County,197214,2,"Metro - Counties in metro areas of 250,000 to 1 million population"
46101,SD,Moody County,6336,8,"Nonmetro - Urban population of fewer than 5,000, adjacent to a metro area"
46102,SD,Oglala Lakota County,13672,9,"Nonmetro - Urban population of fewer than 5,000, not adjacent to a metro area"
46103,SD,Pennington County,109222,3,"Metro - Counties in metro areas of fewer than 250,000 population"
46105,SD,Perkins County,2835,9,"Nonmetro - Urban population of fewer than 5,000, not adjacent to a metro area"
46107,SD,Potter County,2472,9,"Nonmetro - Urban population of fewer than 5,000, not adjacent to a metro area"
46109,SD,Roberts County,10280,9,"Nonmetro - Urban population of fewer than 5,000, not adjacent to a metro area"
46111,SD,Sanborn County,2330,9,"Nonmetro - Urban population of fewer than 5,000, not adjacent to a metro area"
46115,SD,Spink County,6361,9,"Nonmetro - Urban population of fewer than 5,000, not adjacent to a metro area"
46117,SD,Stanley County,2980,9,"Nonmetro - Urban population of fewer than 5,000, not adjacent to a metro area"
46119,SD,Sully County,1446,9,"Nonmetro - Urban population of fewer than 5,000, not adjacent to a metro area"
46121,SD,Todd County,9319,9,"Nonmetro - Urban population of fewer than 5,000, not adjacent to a metro area"
46123,SD,Tripp County,5624,9,"Nonmetro - Urban population of fewer than 5,000, not adjacent to a metro area"
46125,SD,Turner County,8673,2,"Metro - Counties in metro areas of 250,000 to 1 million population"
46127,SD,Union County,16811,3,"Metro - Counties in metro areas of fewer than 250,000 population"
46129,SD,Walworth County,5315,9,"Nonmetro - Urban population of fewer than 5,000, not adjacent to a metro area"
46135,SD,Yankton County,23310,7,"Nonmetro - Urban population of 5,000 to 20,000, not adjacent to a metro area"
46137,SD,Ziebach County,2413,9,"Nonmetro - Urban population of fewer than 5,000, not adjacent to a metro area"
47001,TN,Anderson County,77123,2,"Metro - Counties in metro areas of 250,000 to 1 million population"
47003,TN,Bedford County,50237,4,"Nonmetro - Urban population of 20,000 or more, adjacent to a metro area"
47005,TN,Benton County,15864,9,"Nonmetro - Urban population of fewer than 5,000, not adjacent to a metro area"
47007,TN,Bledsoe County,14913,8,"Nonmetro - Urban population of fewer than 5,000, adjacent to a metro area"
47009,TN,Blount County,135280,2,"Metro - Counties in metro areas of 250,000 to 1 million population"
47011,TN,Bradley County,108620,3,"Metro - Counties in metro areas of fewer than 250,000 population"
47013,TN,Campbell County,39272,2,"Metro - Counties in metro areas of 250,000 to 1 million population"
47015,TN,Cannon County,14506,1,Metro - Counties in metro areas of 1 million population or more
47017,TN,Carroll County,28440,6,"Nonmetro - Urban population of 5,000 to 20,000, adjacent to a metro area"
47019,TN,Carter County,56356,3,"Metro - Counties in metro areas of fewer than 250,000 population"
47021,TN,Cheatham County,41072,1,Metro - Counties in metro areas of 1 million population or more
47023,TN,Chester County,17341,3,"Metro - Counties in metro areas of fewer than 250,000 population"
47025,TN,Claiborne County,32043,6,"Nonmetro - Urban population of 5,000 to 20,000, adjacent to a metro area"
47027,TN,Clay County,7581,8,"Nonmetro - Urban population of fewer than 5,000, adjacent to a metro area"
47029,TN,Cocke County,35999,6,"Nonmetro - Urban population of 5,000 to 20,000, adjacent to a metro area"
47031,TN,Coffee County,57889,4,"Nonmetro - Urban population of 20,000 or more, adjacent to a metro area"
47033,TN,Crockett County,13911,3,"Metro - Counties in metro areas of fewer than 250,000 population"
47035,TN,Cumberland County,61145,4,"Nonmetro - Urban population of 20,000 or more, adjacent to a metro area"
47037,TN,Davidson County,715884,1,Metro - Counties in metro areas of 1 million population or more
47039,TN,Decatur County,11435,9,"Nonmetro - Urban population of fewer than 5,000, not adjacent to a metro area"
47041,TN,DeKalb County,20080,8,"Nonmetro - Urban population of fewer than 5,000, adjacent to a metro area"
47043,TN,Dickson County,54315,1,Metro - Counties in metro areas of 1 million population or more
47045,TN,Dyer County,36801,6,"Nonmetro - Urban population of 5,000 to 20,000, adjacent to a metro area"
47047,TN,Fayette County,41990,1,Metro - Counties in metro areas of 1 million population or more
47049,TN,Fentress County,18489,8,"Nonmetro - Urban population of fewer than 5,000, adjacent to a metro area"
47051,TN,Franklin County,42774,7,"Nonmetro - Urban population of 5,000 to 20,000, not adjacent to a metro area"
47053,TN,Gibson County,50429,3,"Metro - Counties in metro areas of fewer than 250,000 population"
47055,TN,Giles County,30346,6,"Nonmetro - Urban population of 5,000 to 20,000, adjacent to a metro area"
47057,TN,Grainger County,23527,2,"Metro - Counties in metro areas of 250,000 to 1 million population"
47059,TN,Greene County,70152,4,"Nonmetro - Urban population of 20,000 or more, adjacent to a metro area"
47061,TN,Grundy County,13529,8,"Nonmetro - Urban population of fewer than 5,000, adjacent to a metro area"
47063,TN,Hamblen County,64499,3,"Metro - Counties in metro areas of fewer than 250,000 population"
47065,TN,Hamilton County,366207,2,"Metro - Counties in metro areas of 250,000 to 1 million population"
47067,TN,Hancock County,6662,8,"Nonmetro - Urban population of fewer than 5,000, adjacent to a metro area"
47069,TN,Hardeman County,25462,6,"Nonmetro - Urban population of 5,000 to 20,000, adjacent to a metro area"
47071,TN,Hardin County,26831,6,"Nonmetro - Urban population of 5,000 to 20,000, adjacent to a metro area"
47073,TN,Hawkins County,56721,2,"Metro - Counties in metro areas of 250,000 to 1 million population"
47075,TN,Haywood County,17864,6,"Nonmetro - Urban population of 5,000 to 20,000, adjacent to a metro area"
47077,TN,Henderson County,27842,6,"Nonmetro - Urban population of 5,000 to 20,000, adjacent to a metro area"
47079,TN,Henry County,32199,7,"Nonmetro - Urban population of 5,000 to 20,000, not adjacent to a metro area"
47081,TN,Hickman County,24925,1,Metro - Counties in metro areas of 1 million population or more
47083,TN,Houston County,8283,8,"Nonmetro - Urban population of fewer than 5,000, adjacent to a metro area"
47085,TN,Humphreys County,18990,8,"Nonmetro - Urban population of fewer than 5,000, adjacent to a metro area"
47087,TN,Jackson County,11617,8,"Nonmetro - Urban population of fewer than 5,000, adjacent to a metro area"
47089,TN,Jefferson County,54683,3,"Metro - Counties in metro areas of fewer than 250,000 population"
47091,TN,Johnson County,17948,8,"Nonmetro - Urban population of fewer than 5,000, adjacent to a metro area"
47093,TN,Knox County,478971,2,"Metro - Counties in metro areas of 250,000 to 1 million population"
47095,TN,Lake County,7005,9,"Nonmetro - Urban population of fewer than 5,000, not adjacent to a metro area"
47097,TN,Lauderdale County,25143,6,"Nonmetro - Urban population of 5,000 to 20,000, adjacent to a metro area"
47099,TN,Lawrence County,44159,6,"Nonmetro - Urban population of 5,000 to 20,000, adjacent to a metro area"
47101,TN,Lewis County,12582,8,"Nonmetro - Urban population of fewer than 5,000, adjacent to a metro area"
47103,TN,Lincoln County,35319,6,"Nonmetro - Urban population of 5,000 to 20,000, adjacent to a metro area"
47105,TN,Loudon County,54886,2,"Metro - Counties in metro areas of 250,000 to 1 million population"
47107,TN,McMinn County,53276,4,"Nonmetro - Urban population of 20,000 or more, adjacent to a metro area"
47109,TN,McNairy County,25866,8,"Nonmetro - Urban population of fewer than 5,000, adjacent to a metro area"
47111,TN,Macon County,25216,1,Metro - Counties in metro areas of 1 million population or more
47113,TN,Madison County,98823,3,"Metro - Counties in metro areas of fewer than 250,000 population"
47115,TN,Marion County,28837,2,"Metro - Counties in metro areas of 250,000 to 1 million population"
47117,TN,Marshall County,34318,6,"Nonmetro - Urban population of 5,000 to 20,000, adjacent to a metro area"
47119,TN,Maury County,100974,1,Metro - Counties in metro areas of 1 million population or more
47121,TN,Meigs County,12758,8,"Nonmetro - Urban population of fewer than 5,000, adjacent to a metro area"
47123,TN,Monroe County,46250,6,"Nonmetro - Urban population of 5,000 to 20,000, adjacent to a metro area"
47125,TN,Montgomery County,220069,2,"Metro - Counties in metro areas of 250,000 to 1 million population"
47127,TN,Moore County,6461,9,"Nonmetro - Urban population of fewer than 5,000, not adjacent to a metro area"
47129,TN,Morgan County,21035,2,"Metro - Counties in metro areas of 250,000 to 1 million population"
47131,TN,Obion County,30787,7,"Nonmetro - Urban population of 5,000 to 20,000, not adjacent to a metro area"
47133,TN,Overton County,22511,9,"Nonmetro - Urban population of fewer than 5,000, not adjacent to a metro area"
47135,TN,Perry County,8366,9,"Nonmetro - Urban population of fewer than 5,000, not adjacent to a metro area"
47137,TN,Pickett County,5001,9,"Nonmetro - Urban population of fewer than 5,000, not adjacent to a metro area"
47139,TN,Polk County,17544,3,"Metro - Counties in metro areas of fewer than 250,000 population"
47141,TN,Putnam County,79854,4,"Nonmetro - Urban population of 20,000 or more, adjacent to a metro area"
47143,TN,Rhea County,32870,6,"Nonmetro - Urban population of 5,000 to 20,000, adjacent to a metro area"
47145,TN,Roane County,53404,2,"Metro - Counties in metro areas of 250,000 to 1 million population"
47147,TN,Robertson County,72803,1,Metro - Counties in metro areas of 1 million population or more
47149,TN,Rutherford County,341486,1,Metro - Counties in metro areas of 1 million population or more
47151,TN,Scott County,21850,8,"Nonmetro - Urban population of fewer than 5,000, adjacent to a metro area"
47153,TN,Sequatchie County,15826,2,"Metro - Counties in metro areas of 250,000 to 1 million population"
47155,TN,Sevier County,98380,4,"Nonmetro - Urban population of 20,000 or more, adjacent to a metro area"
47157,TN,Shelby County,929744,1,Metro - Counties in metro areas of 1 million population or more
47159,TN,Smith County,19904,1,Metro - Counties in metro areas of 1 million population or more
47161,TN,Stewart County,13657,2,"Metro - Counties in metro areas of 250,000 to 1 million population"
47163,TN,Sullivan County,158163,2,"Metro - Counties in metro areas of 250,000 to 1 million population"
47165,TN,Sumner County,196281,1,Metro - Counties in metro areas of 1 million population or more
47167,TN,Tipton County,60970,1,Metro - Counties in metro areas of 1 million population or more
47169,TN,Trousdale County,11615,1,Metro - Counties in metro areas of 1 million population or more
47171,TN,Unicoi County,17928,3,"Metro - Counties in metro areas of fewer than 250,000 population"
47173,TN,Union County,19802,2,"Metro - Counties in metro areas of 250,000 to 1 million population"
47175,TN,Van Buren County,6168,9,"Nonmetro - Urban population of fewer than 5,000, not adjacent to a metro area"
47177,TN,Warren County,40953,6,"Nonmetro - Urban population of 5,000 to 20,000, adjacent to a metro area"
47179,TN,Washington County,133001,3,"Metro - Counties in metro areas of fewer than 250,000 population"
47181,TN,Wayne County,16232,8,"Nonmetro - Urban population of fewer than 5,000, adjacent to a metro area"
47183,TN,Weakley County,32902,6,"Nonmetro - Urban population of 5,000 to 20,000, adjacent to a metro area"
47185,TN,White County,27351,7,"Nonmetro - Urban population of 5,000 to 20,000, not adjacent to a metro area"
47187,TN,Williamson County,247726,1,Metro - Counties in metro areas of 1 million population or more
47189,TN,Wilson County,147737,1,Metro - Counties in metro areas of 1 million population or more
48001,TX,Anderson County,57922,7,"Nonmetro - Urban population of 5,000 to 20,000, not adjacent to a metro area"
48003,TX,Andrews County,18610,6,"Nonmetro - Urban population of 5,000 to 20,000, adjacent to a metro area"
48005,TX,Angelina County,86395,5,"Nonmetro - Urban population of 20,000 or more, not adjacent to a metro area"
48007,TX,Aransas County,23830,2,"Metro - Counties in metro areas of 250,000 to 1 million population"
48009,TX,Archer County,8560,3,"Metro - Counties in metro areas of fewer than 250,000 population"
48011,TX,Armstrong County,1848,2,"Metro - Counties in metro areas of 250,000 to 1 million population"
48013,TX,Atascosa County,48981,1,Metro - Counties in metro areas of 1 million population or more
48015,TX,Austin County,30167,1,Metro - Counties in metro areas of 1 million population or more
48017,TX,Bailey County,6904,6,"Nonmetro - Urban population of 5,000 to 20,000, adjacent to a metro area"
48019,TX,Bandera County,20851,1,Metro - Counties in metro areas of 1 million population or more
48021,TX,Bastrop County,97216,1,Metro - Counties in metro areas of 1 million population or more
48023,TX,Baylor County,3465,9,"Nonmetro - Urban population of fewer than 5,000, not adjacent to a metro area"
48025,TX,Bee County,31047,6,"Nonmetro - Urban population of 5,000 to 20,000, adjacent to a metro area"
48027,TX,Bell County,370647,2,"Metro - Counties in metro areas of 250,000 to 1 million population"
48029,TX,Bexar County,2009324,1,Metro - Counties in metro areas of 1 million population or more
48031,TX,Blanco County,11374,8,"Nonmetro - Urban population of fewer than 5,000, adjacent to a metro area"
48033,TX,Borden County,631,9,"Nonmetro - Urban population of fewer than 5,000, not adjacent to a metro area"
48035,TX,Bosque County,18235,2,"Metro - Counties in metro areas of 250,000 to 1 million population"
48037,TX,Bowie County,92893,3,"Metro - Counties in metro areas of fewer than 250,000 population"
48039,TX,Brazoria County,372031,1,Metro - Counties in metro areas of 1 million population or more
48041,TX,Brazos County,233849,2,"Metro - Counties in metro areas of 250,000 to 1 million population"
48043,TX,Brewster County,9546,7,"Nonmetro - Urban population of 5,000 to 20,000, not adjacent to a metro area"
48045,TX,Briscoe County,1435,8,"Nonmetro - Urban population of fewer than 5,000, adjacent to a metro area"
48047,TX,Brooks County,7076,9,"Nonmetro - Urban population of fewer than 5,000, not adjacent to a metro area"
48049,TX,Brown County,38095,5,"Nonmetro - Urban population of 20,000 or more, not adjacent to a metro area"
48051,TX,Burleson County,17642,2,"Metro - Counties in metro areas of 250,000 to 1 million population"
48053,TX,Burnet County,49130,6,"Nonmetro - Urban population of 5,000 to 20,000, adjacent to a metro area"
48055,TX,Caldwell County,45883,1,Metro - Counties in metro areas of 1 million population or more
48057,TX,Calhoun County,20106,6,"Nonmetro - Urban population of 5,000 to 20,000, adjacent to a metro area"
48059,TX,Callahan County,13708,3,"Metro - Counties in metro areas of fewer than 250,000 population"
48061,TX,Cameron County,421017,2,"Metro - Counties in metro areas of 250,000 to 1 million population"
48063,TX,Camp County,12464,8,"Nonmetro - Urban population of fewer than 5,000, adjacent to a metro area"
48065,TX,Carson County,5807,2,"Metro - Counties in metro areas of 250,000 to 1 million population"
48067,TX,Cass County,28454,6,"Nonmetro - Urban population of 5,000 to 20,000, adjacent to a metro area"
48069,TX,Castro County,7371,9,"Nonmetro - Urban population of fewer than 5,000, not adjacent to a metro area"
48071,TX,Chambers County,46571,1,Metro - Counties in metro areas of 1 million population or more
48073,TX,Cherokee County,50412,6,"Nonmetro - Urban population of 5,000 to 20,000, adjacent to a metro area"
48075,TX,Childress County,6664,9,"Nonmetro - Urban population of fewer than 5,000, not adjacent to a metro area"
48077,TX,Clay County,10218,3,"Metro - Counties in metro areas of fewer than 250,000 population"
48079,TX,Cochran County,2547,2,"Metro - Counties in metro areas of 250,000 to 1 million population"
48081,TX,Coke County,3285,8,"Nonmetro - Urban population of fewer than 5,000, adjacent to a metro area"
48083,TX,Coleman County,7684,8,"Nonmetro - Urban population of fewer than 5,000, adjacent to a metro area"
48085,TX,Collin County,1064465,1,Metro - Counties in metro areas of 1 million population or more
48087,TX,Collingsworth County,2652,9,"Nonmetro - Urban population of fewer than 5,000, not adjacent to a metro area"
48089,TX,Colorado County,20557,8,"Nonmetro - Urban population of fewer than 5,000, adjacent to a metro area"
48091,TX,Comal County,161501,1,Metro - Counties in metro areas of 1 million population or more
48093,TX,Comanche County,13594,9,"Nonmetro - Urban population of fewer than 5,000, not adjacent to a metro area"
48095,TX,Concho County,3303,8,"Nonmetro - Urban population of fewer than 5,000, adjacent to a metro area"
48097,TX,Cooke County,41668,6,"Nonmetro - Urban population of 5,000 to 20,000, adjacent to a metro area"
48099,TX,Coryell County,83093,2,"Metro - Counties in metro areas of 250,000 to 1 million population"
48101,TX,Cottle County,1380,9,"Nonmetro - Urban population of fewer than 5,000, not adjacent to a metro area"
48103,TX,Crane County,4675,8,"Nonmetro - Urban population of fewer than 5,000, adjacent to a metro area"
48105,TX,Crockett County,3098,8,"Nonmetro - Urban population of fewer than 5,000, adjacent to a metro area"
48107,TX,Crosby County,5133,2,"Metro - Counties in metro areas of 250,000 to 1 million population"
48109,TX,Culberson County,2188,9,"Nonmetro - Urban population of fewer than 5,000, not adjacent to a metro area"
48111,TX,Dallam County,7115,7,"Nonmetro - Urban population of 5,000 to 20,000, not adjacent to a metro area"
48113,TX,Dallas County,2613539,1,Metro - Counties in metro areas of 1 million population or more
48115,TX,Dawson County,12456,6,"Nonmetro - Urban population of 5,000 to 20,000, adjacent to a metro area"
48117,TX,Deaf Smith County,18583,6,"Nonmetro - Urban population of 5,000 to 20,000, adjacent to a metro area"
48119,TX,Delta County,5230,8,"Nonmetro - Urban population of fewer than 5,000, adjacent to a metro area"
48121,TX,Denton County,906422,1,Metro - Counties in metro areas of 1 million population or more
48123,TX,DeWitt County,19824,6,"Nonmetro - Urban population of 5,000 to 20,000, adjacent to a metro area"
48125,TX,Dickens County,1770,8,"Nonmetro - Urban population of fewer than 5,000, adjacent to a metro area"
48127,TX,Dimmit County,8615,7,"Nonmetro - Urban population of 5,000 to 20,000, not adjacent to a metro area"
48129,TX,Donley County,3258,8,"Nonmetro - Urban population of fewer than 5,000, adjacent to a metro area"
48131,TX,Duval County,9831,9,"Nonmetro - Urban population of fewer than 5,000, not adjacent to a metro area"
48133,TX,Eastland County,17725,8,"Nonmetro - Urban population of fewer than 5,000, adjacent to a metro area"
48135,TX,Ector County,165171,3,"Metro - Counties in metro areas of fewer than 250,000 population"
48137,TX,Edwards County,1422,9,"Nonmetro - Urban population of fewer than 5,000, not adjacent to a metro area"
48139,TX,Ellis County,192455,1,Metro - Counties in metro areas of 1 million population or more
48141,TX,El Paso County,865657,2,"Metro - Counties in metro areas of 250,000 to 1 million population"
48143,TX,Erath County,42545,5,"Nonmetro - Urban population of 20,000 or more, not adjacent to a metro area"
48145,TX,Falls County,16968,2,"Metro - Counties in metro areas of 250,000 to 1 million population"
48147,TX,Fannin County,35662,6,"Nonmetro - Urban population of 5,000 to 20,000, adjacent to a metro area"
48149,TX,Fayette County,24435,6,"Nonmetro - Urban population of 5,000 to 20,000, adjacent to a metro area"
48151,TX,Fisher County,3672,8,"Nonmetro - Urban population of fewer than 5,000, adjacent to a metro area"
48153,TX,Floyd County,5402,8,"Nonmetro - Urban population of fewer than 5,000, adjacent to a metro area"
48155,TX,Foard County,1095,9,"Nonmetro - Urban population of fewer than 5,000, not adjacent to a metro area"
48157,TX,Fort Bend County,822779,1,Metro - Counties in metro areas of 1 million population or more
48159,TX,Franklin County,10359,9,"Nonmetro - Urban population of fewer than 5,000, not adjacent to a metro area"
48161,TX,Freestone County,19435,9,"Nonmetro - Urban population of fewer than 5,000, not adjacent to a metro area"
48163,TX,Frio County,18385,6,"Nonmetro - Urban population of 5,000 to 20,000, adjacent to a metro area"
48165,TX,Gaines County,21598,6,"Nonmetro - Urban population of 5,000 to 20,000, adjacent to a metro area"
48167,TX,Galveston County,350682,1,Metro - Counties in metro areas of 1 million population or more
48169,TX,Garza County,5816,2,"Metro - Counties in metro areas of 250,000 to 1 million population"
48171,TX,Gillespie County,26725,7,"Nonmetro - Urban population of 5,000 to 20,000, not adjacent to a metro area"
48173,TX,Glasscock County,1116,8,"Nonmetro - Urban population of fewer than 5,000, adjacent to a metro area"
48175,TX,Goliad County,7012,3,"Metro - Counties in metro areas of fewer than 250,000 population"
48177,TX,Gonzales County,19653,6,"Nonmetro - Urban population of 5,000 to 20,000, adjacent to a metro area"
48179,TX,Gray County,21227,6,"Nonmetro - Urban population of 5,000 to 20,000, adjacent to a metro area"
48181,TX,Grayson County,135543,3,"Metro - Counties in metro areas of fewer than 250,000 population"
48183,TX,Gregg County,124239,2,"Metro - Counties in metro areas of 250,000 to 1 million population"
48185,TX,Grimes County,29268,6,"Nonmetro - Urban population of 5,000 to 20,000, adjacent to a metro area"
48187,TX,Guadalupe County,172706,1,Metro - Counties in metro areas of 1 million population or more
48189,TX,Hale County,32522,4,"Nonmetro - Urban population of 20,000 or more, adjacent to a metro area"
48191,TX,Hall County,2825,9,"Nonmetro - Urban population of fewer than 5,000, not adjacent to a metro area"
48193,TX,Hamilton County,8222,8,"Nonmetro - Urban population of fewer than 5,000, adjacent to a metro area"
48195,TX,Hansford County,5285,9,"Nonmetro - Urban population of fewer than 5,000, not adjacent to a metro area"
48197,TX,Hardeman County,3549,9,"Nonmetro - Urban population of fewer than 5,000, not adjacent to a metro area"
48199,TX,Hardin County,56231,2,"Metro - Counties in metro areas of 250,000 to 1 million population"
48201,TX,Harris County,4731145,1,Metro - Counties in metro areas of 1 million population or more
48203,TX,Harrison County,68839,2,"Metro - Counties in metro areas of 250,000 to 1 million population"
48205,TX,Hartley County,5382,9,"Nonmetro - Urban population of fewer than 5,000, not adjacent to a metro area"
48207,TX,Haskell County,5416,8,"Nonmetro - Urban population of fewer than 5,000, adjacent to a metro area"
48209,TX,Hays County,241067,1,Metro - Counties in metro areas of 1 million population or more
48211,TX,Hemphill County,3382,9,"Nonmetro - Urban population of fewer than 5,000, not adjacent to a metro area"
48213,TX,Henderson County,82150,4,"Nonmetro - Urban population of 20,000 or more, adjacent to a metro area"
48215,TX,Hidalgo County,870781,2,"Metro - Counties in metro areas of 250,000 to 1 million population"
48217,TX,Hill County,35874,6,"Nonmetro - Urban population of 5,000 to 20,000, adjacent to a metro area"
48219,TX,Hockley County,21537,2,"Metro - Counties in metro areas of 250,000 to 1 million population"
48221,TX,Hood County,61598,4,"Nonmetro - Urban population of 20,000 or more, adjacent to a metro area"
48223,TX,Hopkins County,36787,6,"Nonmetro - Urban population of 5,000 to 20,000, adjacent to a metro area"
48225,TX,Houston County,22066,7,"Nonmetro - Urban population of 5,000 to 20,000, not adjacent to a metro area"
48227,TX,Howard County,34860,4,"Nonmetro - Urban population of 20,000 or more, adjacent to a metro area"
48229,TX,Hudspeth County,3202,2,"Metro - Counties in metro areas of 250,000 to 1 million population"
48231,TX,Hunt County,99956,1,Metro - Counties in metro areas of 1 million population or more
48233,TX,Hutchinson County,20617,6,"Nonmetro - Urban population of 5,000 to 20,000, adjacent to a metro area"
48235,TX,Irion County,1513,3,"Metro - Counties in metro areas of fewer than 250,000 population"
48237,TX,Jack County,8472,8,"Nonmetro - Urban population of fewer than 5,000, adjacent to a metro area"
48239,TX,Jackson County,14988,6,"Nonmetro - Urban population of 5,000 to 20,000, adjacent to a metro area"
48241,TX,Jasper County,32980,6,"Nonmetro - Urban population of 5,000 to 20,000, adjacent to a metro area"
48243,TX,Jeff Davis County,1996,9,"Nonmetro - Urban population of fewer than 5,000, not adjacent to a metro area"
48245,TX,Jefferson County,256526,2,"Metro - Counties in metro areas of 250,000 to 1 million population"
48247,TX,Jim Hogg County,4838,8,"Nonmetro - Urban population of fewer than 5,000, adjacent to a metro area"
48249,TX,Jim Wells County,38891,6,"Nonmetro - Urban population of 5,000 to 20,000, adjacent to a metro area"
48251,TX,Johnson County,179927,1,Metro - Counties in metro areas of 1 million population or more
48253,TX,Jones County,19663,3,"Metro - Counties in metro areas of fewer than 250,000 population"
48255,TX,Karnes County,14710,8,"Nonmetro - Urban population of fewer than 5,000, adjacent to a metro area"
48257,TX,Kaufman County,145310,1,Metro - Counties in metro areas of 1 million population or more
48259,TX,Kendall County,44279,1,Metro - Counties in metro areas of 1 million population or more
48261,TX,Kenedy County,350,9,"Nonmetro - Urban population of fewer than 5,000, not adjacent to a metro area"
48263,TX,Kent County,753,9,"Nonmetro - Urban population of fewer than 5,000, not adjacent to a metro area"
48265,TX,Kerr County,52598,4,"Nonmetro - Urban population of 20,000 or more, adjacent to a metro area"
48267,TX,Kimble County,4286,9,"Nonmetro - Urban population of fewer than 5,000, not adjacent to a metro area"
48269,TX,King County,265,9,"Nonmetro - Urban population of fewer than 5,000, not adjacent to a metro area"
48271,TX,Kinney County,3129,9,"Nonmetro - Urban population of fewer than 5,000, not adjacent to a metro area"
48273,TX,Kleberg County,31040,4,"Nonmetro - Urban population of 20,000 or more, adjacent to a metro area"
48275,TX,Knox County,3353,9,"Nonmetro - Urban population of fewer than 5,000, not adjacent to a metro area"
48277,TX,Lamar County,50088,5,"Nonmetro - Urban population of 20,000 or more, not adjacent to a metro area"
48279,TX,Lamb County,13045,6,"Nonmetro - Urban population of 5,000 to 20,000, adjacent to a metro area"
48281,TX,Lampasas County,21627,2,"Metro - Counties in metro areas of 250,000 to 1 million population"
48283,TX,La Salle County,6664,8,"Nonmetro - Urban population of fewer than 5,000, adjacent to a metro area"
48285,TX,Lavaca County,20337,8,"Nonmetro - Urban population of fewer than 5,000, adjacent to a metro area"
48287,TX,Lee County,17478,8,"Nonmetro - Urban population of fewer than 5,000, adjacent to a metro area"
48289,TX,Leon County,15719,8,"Nonmetro - Urban population of fewer than 5,000, adjacent to a metro area"
48291,TX,Liberty County,91628,1,Metro - Counties in metro areas of 1 million population or more
48293,TX,Limestone County,22146,6,"Nonmetro - Urban population of 5,000 to 20,000, adjacent to a metro area"
48295,TX,Lipscomb County,3059,9,"Nonmetro - Urban population of fewer than 5,000, not adjacent to a metro area"
48297,TX,Live Oak County,11335,8,"Nonmetro - Urban population of fewer than 5,000, adjacent to a metro area"
48299,TX,Llano County,21243,7,"Nonmetro - Urban population of 5,000 to 20,000, not adjacent to a metro area"
48301,TX,Loving County,64,9,"Nonmetro - Urban population of fewer than 5,000, not adjacent to a metro area"
48303,TX,Lubbock County,310639,2,"Metro - Counties in metro areas of 250,000 to 1 million population"
48305,TX,Lynn County,5596,2,"Metro - Counties in metro areas of 250,000 to 1 million population"
48307,TX,McCulloch County,7630,9,"Nonmetro - Urban population of fewer than 5,000, not adjacent to a metro area"
48309,TX,McLennan County,260579,2,"Metro - Counties in metro areas of 250,000 to 1 million population"
48311,TX,McMullen County,600,8,"Nonmetro - Urban population of fewer than 5,000, adjacent to a metro area"
48313,TX,Madison County,13455,8,"Nonmetro - Urban population of fewer than 5,000, adjacent to a metro area"
48315,TX,Marion County,9725,8,"Nonmetro - Urban population of fewer than 5,000, adjacent to a metro area"
48317,TX,Martin County,5237,3,"Metro - Counties in metro areas of fewer than 250,000 population"
48319,TX,Mason County,3953,9,"Nonmetro - Urban population of fewer than 5,000, not adjacent to a metro area"
48321,TX,Matagorda County,36255,6,"Nonmetro - Urban population of 5,000 to 20,000, adjacent to a metro area"
48323,TX,Maverick County,57887,3,"Metro - Counties in metro areas of fewer than 250,000 population"
48325,TX,Medina County,50748,1,Metro - Counties in metro areas of 1 million population or more
48327,TX,Menard County,1962,9,"Nonmetro - Urban population of fewer than 5,000, not adjacent to a metro area"
48329,TX,Midland County,169983,3,"Metro - Counties in metro areas of fewer than 250,000 population"
48331,TX,Milam County,24754,6,"Nonmetro - Urban population of 5,000 to 20,000, adjacent to a metro area"
48333,TX,Mills County,4456,9,"Nonmetro - Urban population of fewer than 5,000, not adjacent to a metro area"
48335,TX,Mitchell County,8990,7,"Nonmetro - Urban population of 5,000 to 20,000, not adjacent to a metro area"
48337,TX,Montague County,19965,6,"Nonmetro - Urban population of 5,000 to 20,000, adjacent to a metro area"
48339,TX,Montgomery County,620443,1,Metro - Counties in metro areas of 1 million population or more
48341,TX,Moore County,21358,7,"Nonmetro - Urban population of 5,000 to 20,000, not adjacent to a metro area"
48343,TX,Morris County,11973,8,"Nonmetro - Urban population of fewer than 5,000, adjacent to a metro area"
48345,TX,Motley County,1063,8,"Nonmetro - Urban population of fewer than 5,000, adjacent to a metro area"
48347,TX,Nacogdoches County,64653,5,"Nonmetro - Urban population of 20,000 or more, not adjacent to a metro area"
48349,TX,Navarro County,52624,4,"Nonmetro - Urban population of 20,000 or more, adjacent to a metro area"
48351,TX,Newton County,12217,8,"Nonmetro - Urban population of fewer than 5,000, adjacent to a metro area"
48353,TX,Nolan County,14738,6,"Nonmetro - Urban population of 5,000 to 20,000, adjacent to a metro area"
48355,TX,Nueces County,353178,2,"Metro - Counties in metro areas of 250,000 to 1 million population"
48357,TX,Ochiltree County,10015,7,"Nonmetro - Urban population of 5,000 to 20,000, not adjacent to a metro area"
48359,TX,Oldham County,1758,2,"Metro - Counties in metro areas of 250,000 to 1 million population"
48361,TX,Orange County,84808,2,"Metro - Counties in metro areas of 250,000 to 1 million population"
48363,TX,Palo Pinto County,28409,6,"Nonmetro - Urban population of 5,000 to 20,000, adjacent to a metro area"
48365,TX,Panola County,22491,6,"Nonmetro - Urban population of 5,000 to 20,000, adjacent to a metro area"
48367,TX,Parker County,148222,1,Metro - Counties in metro areas of 1 million population or more
48369,TX,Parmer County,9869,9,"Nonmetro - Urban population of fewer than 5,000, not adjacent to a metro area"
48371,TX,Pecos County,15193,7,"Nonmetro - Urban population of 5,000 to 20,000, not adjacent to a metro area"
48373,TX,Polk County,50123,6,"Nonmetro - Urban population of 5,000 to 20,000, adjacent to a metro area"
48375,TX,Potter County,118525,2,"Metro - Counties in metro areas of 250,000 to 1 million population"
48377,TX,Presidio County,6131,9,"Nonmetro - Urban population of fewer than 5,000, not adjacent to a metro area"
48379,TX,Rains County,12164,8,"Nonmetro - Urban population of fewer than 5,000, adjacent to a metro area"
48381,TX,Randall County,140753,2,"Metro - Counties in metro areas of 250,000 to 1 million population"
48383,TX,Reagan County,3385,8,"Nonmetro - Urban population of fewer than 5,000, adjacent to a metro area"
48385,TX,Real County,2758,9,"Nonmetro - Urban population of fewer than 5,000, not adjacent to a metro area"
48387,TX,Red River County,11587,8,"Nonmetro - Urban population of fewer than 5,000, adjacent to a metro area"
48389,TX,Reeves County,14748,7,"Nonmetro - Urban population of 5,000 to 20,000, not adjacent to a metro area"
48391,TX,Refugio County,6741,8,"Nonmetro - Urban population of fewer than 5,000, adjacent to a metro area"
48393,TX,Roberts County,827,9,"Nonmetro - Urban population of fewer than 5,000, not adjacent to a metro area"
48395,TX,Robertson County,16757,2,"Metro - Counties in metro areas of 250,000 to 1 million population"
48397,TX,Rockwall County,107819,1,Metro - Counties in metro areas of 1 million population or more
48399,TX,Runnels County,9900,8,"Nonmetro - Urban population of fewer than 5,000, adjacent to a metro area"
48401,TX,Rusk County,52214,2,"Metro - Counties in metro areas of 250,000 to 1 million population"
48403,TX,Sabine County,9894,9,"Nonmetro - Urban population of fewer than 5,000, not adjacent to a metro area"
48405,TX,San Augustine County,7918,9,"Nonmetro - Urban population of fewer than 5,000, not adjacent to a metro area"
48407,TX,San Jacinto County,27402,1,Metro - Counties in metro areas of 1 million population or more
48409,TX,San Patricio County,68755,2,"Metro - Counties in metro areas of 250,000 to 1 million population"
48411,TX,San Saba County,5730,9,"Nonmetro - Urban population of fewer than 5,000, not adjacent to a metro area"
48413,TX,Schleicher County,2451,8,"Nonmetro - Urban population of fewer than 5,000, adjacent to a metro area"
48415,TX,Scurry County,16932,7,"Nonmetro - Urban population of 5,000 to 20,000, not adjacent to a metro area"
48417,TX,Shackelford County,3105,8,"Nonmetro - Urban population of fewer than 5,000, adjacent to a metro area"
48419,TX,Shelby County,24022,7,"Nonmetro - Urban population of 5,000 to 20,000, not adjacent to a metro area"
48421,TX,Sherman County,2782,9,"Nonmetro - Urban population of fewer than 5,000, not adjacent to a metro area"
48423,TX,Smith County,233479,3,"Metro - Counties in metro areas of fewer than 250,000 population"
48425,TX,Somervell County,9205,8,"Nonmetro - Urban population of fewer than 5,000, adjacent to a metro area"
48427,TX,Starr County,65920,4,"Nonmetro - Urban population of 20,000 or more, adjacent to a metro area"
48429,TX,Stephens County,9101,7,"Nonmetro - Urban population of 5,000 to 20,000, not adjacent to a metro area"
48431,TX,Sterling County,1372,8,"Nonmetro - Urban population of fewer than 5,000, adjacent to a metro area"
48433,TX,Stonewall County,1245,9,"Nonmetro - Urban population of fewer than 5,000, not adjacent to a metro area"
48435,TX,Sutton County,3372,9,"Nonmetro - Urban population of fewer than 5,000, not adjacent to a metro area"
48437,TX,Swisher County,6971,8,"Nonmetro - Urban population of fewer than 5,000, adjacent to a metro area"
48439,TX,Tarrant County,2110640,1,Metro - Counties in metro areas of 1 million population or more
48441,TX,Taylor County,143208,3,"Metro - Counties in metro areas of fewer than 250,000 population"
48443,TX,Terrell County,760,9,"Nonmetro - Urban population of fewer than 5,000, not adjacent to a metro area"
48445,TX,Terry County,11831,6,"Nonmetro - Urban population of 5,000 to 20,000, adjacent to a metro area"
48447,TX,Throckmorton County,1440,9,"Nonmetro - Urban population of fewer than 5,000, not adjacent to a metro area"
48449,TX,Titus County,31247,7,"Nonmetro - Urban population of 5,000 to 20,000, not adjacent to a metro area"
48451,TX,Tom Green County,120003,3,"Metro - Counties in metro areas of fewer than 250,000 population"
48453,TX,Travis County,1290188,1,Metro - Counties in metro areas of 1 million population or more
48455,TX,Trinity County,13602,8,"Nonmetro - Urban population of fewer than 5,000, adjacent to a metro area"
48457,TX,Tyler County,19798,8,"Nonmetro - Urban population of fewer than 5,000, adjacent to a metro area"
48459,TX,Upshur County,40892,2,"Metro - Counties in metro areas of 250,000 to 1 million population"
48461,TX,Upton County,3308,8,"Nonmetro - Urban population of fewer than 5,000, adjacent to a metro area"
48463,TX,Uvalde County,24564,6,"Nonmetro - Urban population of 5,000 to 20,000, adjacent to a metro area"
48465,TX,Val Verde County,47586,5,"Nonmetro - Urban population of 20,000 or more, not adjacent to a metro area"
48467,TX,Van Zandt County,59541,8,"Nonmetro - Urban population of fewer than 5,000, adjacent to a metro area"
48469,TX,Victoria County,91319,3,"Metro - Counties in metro areas of fewer than 250,000 population"
48471,TX,Walker County,76400,4,"Nonmetro - Urban population of 20,000 or more, adjacent to a metro area"
48473,TX,Waller County,56794,1,Metro - Counties in metro areas of 1 million population or more
48475,TX,Ward County,11644,6,"Nonmetro - Urban population of 5,000 to 20,000, adjacent to a metro area"
48477,TX,Washington County,35805,6,"Nonmetro - Urban population of 5,000 to 20,000, adjacent to a metro area"
48479,TX,Webb County,267114,2,"Metro - Counties in metro areas of 250,000 to 1 million population"
48481,TX,Wharton County,41570,4,"Nonmetro - Urban population of 20,000 or more, adjacent to a metro area"
48483,TX,Wheeler County,4990,9,"Nonmetro - Urban population of fewer than 5,000, not adjacent to a metro area"
48485,TX,Wichita County,129350,3,"Metro - Counties in metro areas of fewer than 250,000 population"
48487,TX,Wilbarger County,12887,6,"Nonmetro - Urban population of 5,000 to 20,000, adjacent to a metro area"
48489,TX,Willacy County,20164,6,"Nonmetro - Urban population of 5,000 to 20,000, adjacent to a metro area"
48491,TX,Williamson County,609017,1,Metro - Counties in metro areas of 1 million population or more
48493,TX,Wilson County,49753,1,Metro - Counties in metro areas of 1 million population or more
48495,TX,Winkler County,7791,6,"Nonmetro - Urban population of 5,000 to 20,000, adjacent to a metro area"
48497,TX,Wise County,68632,1,Metro - Counties in metro areas of 1 million population or more
48499,TX,Wood County,44843,6,"Nonmetro - Urban population of 5,000 to 20,000, adjacent to a metro area"
48501,TX,Yoakum County,7694,9,"Nonmetro - Urban population of fewer than 5,000, not adjacent to a metro area"
48503,TX,Young County,17867,7,"Nonmetro - Urban population of 5,000 to 20,000, not adjacent to a metro area"
48505,TX,Zapata County,13889,6,"Nonmetro - Urban population of 5,000 to 20,000, adjacent to a metro area"
48507,TX,Zavala County,9670,7,"Nonmetro - Urban population of 5,000 to 20,000, not adjacent to a metro area"
49001,UT,Beaver County,7072,9,"Nonmetro - Urban population of fewer than 5,000, not adjacent to a metro area"
49003,UT,Box Elder County,57666,4,"Nonmetro - Urban population of 20,000 or more, adjacent to a metro area"
49005,UT,Cache County,133154,3,"Metro - Counties in metro areas of fewer than 250,000 population"
49007,UT,Carbon County,20412,7,"Nonmetro - Urban population of 5,000 to 20,000, not adjacent to a metro area"
49009,UT,Daggett County,935,9,"Nonmetro - Urban population of fewer than 5,000, not adjacent to a metro area"
49011,UT,Davis County,362679,2,"Metro - Counties in metro areas of 250,000 to 1 million population"
49013,UT,Duchesne County,19596,7,"Nonmetro - Urban population of 5,000 to 20,000, not adjacent to a metro area"
49015,UT,Emery County,9825,9,"Nonmetro - Urban population of fewer than 5,000, not adjacent to a metro area"
49017,UT,Garfield County,5083,9,"Nonmetro - Urban population of fewer than 5,000, not adjacent to a metro area"
49019,UT,Grand County,9669,7,"Nonmetro - Urban population of 5,000 to 20,000, not adjacent to a metro area"
49021,UT,Iron County,57289,4,"Nonmetro - Urban population of 20,000 or more, adjacent to a metro area"
49023,UT,Juab County,11786,2,"Metro - Counties in metro areas of 250,000 to 1 million population"
49025,UT,Kane County,7667,8,"Nonmetro - Urban population of fewer than 5,000, adjacent to a metro area"
49027,UT,Millard County,12975,9,"Nonmetro - Urban population of fewer than 5,000, not adjacent to a metro area"
49029,UT,Morgan County,12295,2,"Metro - Counties in metro areas of 250,000 to 1 million population"
49031,UT,Piute County,1438,9,"Nonmetro - Urban population of fewer than 5,000, not adjacent to a metro area"
49033,UT,Rich County,2510,8,"Nonmetro - Urban population of fewer than 5,000, adjacent to a metro area"
49035,UT,Salt Lake County,1185238,1,Metro - Counties in metro areas of 1 million population or more
49037,UT,San Juan County,14518,9,"Nonmetro - Urban population of fewer than 5,000, not adjacent to a metro area"
49039,UT,Sanpete County,28437,6,"Nonmetro - Urban population of 5,000 to 20,000, adjacent to a metro area"
49041,UT,Sevier County,21522,7,"Nonmetro - Urban population of 5,000 to 20,000, not adjacent to a metro area"
49043,UT,Summit County,42357,4,"Nonmetro - Urban population of 20,000 or more, adjacent to a metro area"
49045,UT,Tooele County,72698,1,Metro - Counties in metro areas of 1 million population or more
49047,UT,Uintah County,35620,7,"Nonmetro - Urban population of 5,000 to 20,000, not adjacent to a metro area"
49049,UT,Utah County,659399,2,"Metro - Counties in metro areas of 250,000 to 1 million population"
49051,UT,Wasatch County,34788,4,"Nonmetro - Urban population of 20,000 or more, adjacent to a metro area"
49053,UT,Washington County,180279,3,"Metro - Counties in metro areas of fewer than 250,000 population"
49055,UT,Wayne County,2486,9,"Nonmetro - Urban population of fewer than 5,000, not adjacent to a metro area"
49057,UT,Weber County,262223,2,"Metro - Counties in metro areas of 250,000 to 1 million population"
50001,VT,Addison County,37363,6,"Nonmetro - Urban population of 5,000 to 20,000, adjacent to a metro area"
50003,VT,Bennington County,37347,6,"Nonmetro - Urban population of 5,000 to 20,000, adjacent to a metro area"
50005,VT,Caledonia County,30233,9,"Nonmetro - Urban population of fewer than 5,000, not adjacent to a metro area"
50007,VT,Chittenden County,168323,3,"Metro - Counties in metro areas of fewer than 250,000 population"
50009,VT,Essex County,5920,9,"Nonmetro - Urban population of fewer than 5,000, not adjacent to a metro area"
50011,VT,Franklin County,49946,3,"Metro - Counties in metro areas of fewer than 250,000 population"
50013,VT,Grand Isle County,7293,3,"Metro - Counties in metro areas of fewer than 250,000 population"
50015,VT,Lamoille County,25945,8,"Nonmetro - Urban population of fewer than 5,000, adjacent to a metro area"
50017,VT,Orange County,29277,9,"Nonmetro - Urban population of fewer than 5,000, not adjacent to a metro area"
50019,VT,Orleans County,27393,9,"Nonmetro - Urban population of fewer than 5,000, not adjacent to a metro area"
50021,VT,Rutland County,60572,7,"Nonmetro - Urban population of 5,000 to 20,000, not adjacent to a metro area"
50023,VT,Washington County,59807,4,"Nonmetro - Urban population of 20,000 or more, adjacent to a metro area"
50025,VT,Windham County,45905,7,"Nonmetro - Urban population of 5,000 to 20,000, not adjacent to a metro area"
50027,VT,Windsor County,57753,7,"Nonmetro - Urban population of 5,000 to 20,000, not adjacent to a metro area"
51001,VA,Accomack County,33413,9,"Nonmetro - Urban population of fewer than 5,000, not adjacent to a metro area"
51003,VA,Albemarle County,112395,3,"Metro - Counties in metro areas of fewer than 250,000 population"
51005,VA,Alleghany County,15223,6,"Nonmetro - Urban population of 5,000 to 20,000, adjacent to a metro area"
51007,VA,Amelia County,13265,1,Metro - Counties in metro areas of 1 million population or more
51009,VA,Amherst County,31307,2,"Metro - Counties in metro areas of 250,000 to 1 million population"
51011,VA,Appomattox County,16119,2,"Metro - Counties in metro areas of 250,000 to 1 million population"
51013,VA,Arlington County,238643,1,Metro - Counties in metro areas of 1 million population or more
51015,VA,Augusta County,77487,3,"Metro - Counties in metro areas of fewer than 250,000 population"
51017,VA,Bath County,4209,9,"Nonmetro - Urban population of fewer than 5,000, not adjacent to a metro area"
51019,VA,Bedford County,79462,2,"Metro - Counties in metro areas of 250,000 to 1 million population"
51021,VA,Bland County,6270,8,"Nonmetro - Urban population of fewer than 5,000, adjacent to a metro area"
51023,VA,Botetourt County,33596,2,"Metro - Counties in metro areas of 250,000 to 1 million population"
51025,VA,Brunswick County,15849,8,"Nonmetro - Urban population of fewer than 5,000, adjacent to a metro area"
51027,VA,Buchanan County,20355,9,"Nonmetro - Urban population of fewer than 5,000, not adjacent to a metro area"
51029,VA,Buckingham County,16824,8,"Nonmetro - Urban population of fewer than 5,000, adjacent to a metro area"
51031,VA,Campbell County,55696,2,"Metro - Counties in metro areas of 250,000 to 1 million population"
51033,VA,Caroline County,30887,8,"Nonmetro - Urban population of fewer than 5,000, adjacent to a metro area"
51035,VA,Carroll County,29155,6,"Nonmetro - Urban population of 5,000 to 20,000, adjacent to a metro area"
51036,VA,Charles City County,6773,1,Metro - Counties in metro areas of 1 million population or more
51037,VA,Charlotte County,11529,8,"Nonmetro - Urban population of fewer than 5,000, adjacent to a metro area"
51041,VA,Chesterfield County,364548,1,Metro - Counties in metro areas of 1 million population or more
51043,VA,Clarke County,14783,1,Metro - Counties in metro areas of 1 million population or more
51045,VA,Craig County,4892,2,"Metro - Counties in metro areas of 250,000 to 1 million population"
51047,VA,Culpeper County,52552,1,Metro - Counties in metro areas of 1 million population or more
51049,VA,Cumberland County,9675,8,"Nonmetro - Urban population of fewer than 5,000, adjacent to a metro area"
51051,VA,Dickenson County,14124,9,"Nonmetro - Urban population of fewer than 5,000, not adjacent to a metro area"
51053,VA,Dinwiddie County,27947,1,Metro - Counties in metro areas of 1 million population or more
51057,VA,Essex County,10599,8,"Nonmetro - Urban population of fewer than 5,000, adjacent to a metro area"
51059,VA,Fairfax County,1150309,1,Metro - Counties in metro areas of 1 million population or more
51061,VA,Fauquier County,72972,1,Metro - Counties in metro areas of 1 million population or more
51063,VA,Floyd County,15476,3,"Metro - Counties in metro areas of fewer than 250,000 population"
51065,VA,Fluvanna County,27249,3,"Metro - Counties in metro areas of fewer than 250,000 population"
51067,VA,Franklin County,54477,2,"Metro - Counties in metro areas of 250,000 to 1 million population"
51069,VA,Frederick County,91419,3,"Metro - Counties in metro areas of fewer than 250,000 population"
51071,VA,Giles County,16787,3,"Metro - Counties in metro areas of fewer than 250,000 population"
51073,VA,Gloucester County,38711,1,Metro - Counties in metro areas of 1 million population or more
51075,VA,Goochland County,24727,1,Metro - Counties in metro areas of 1 million population or more
51077,VA,Grayson County,15333,9,"Nonmetro - Urban population of fewer than 5,000, not adjacent to a metro area"
51079,VA,Greene County,20552,3,"Metro - Counties in metro areas of fewer than 250,000 population"
51081,VA,Greensville County,11391,6,"Nonmetro - Urban population of 5,000 to 20,000, adjacent to a metro area"
51083,VA,Halifax County,34022,6,"Nonmetro - Urban population of 5,000 to 20,000, adjacent to a metro area"
51085,VA,Hanover County,109979,1,Metro - Counties in metro areas of 1 million population or more
51087,VA,Henrico County,334389,1,Metro - Counties in metro areas of 1 million population or more
51089,VA,Henry County,50948,4,"Nonmetro - Urban population of 20,000 or more, adjacent to a metro area"
51091,VA,Highland County,2232,8,"Nonmetro - Urban population of fewer than 5,000, adjacent to a metro area"
51093,VA,Isle of Wight County,38606,1,Metro - Counties in metro areas of 1 million population or more
51095,VA,James City County,78254,1,Metro - Counties in metro areas of 1 million population or more
51097,VA,King and Queen County,6608,1,Metro - Counties in metro areas of 1 million population or more
51099,VA,King George County,26723,8,"Nonmetro - Urban population of fewer than 5,000, adjacent to a metro area"
51101,VA,King William County,17810,1,Metro - Counties in metro areas of 1 million population or more
51103,VA,Lancaster County,10919,9,"Nonmetro - Urban population of fewer than 5,000, not adjacent to a metro area"
51105,VA,Lee County,22173,8,"Nonmetro - Urban population of fewer than 5,000, adjacent to a metro area"
51107,VA,Loudoun County,420959,1,Metro - Counties in metro areas of 1 million population or more
51109,VA,Louisa County,37596,8,"Nonmetro - Urban population of fewer than 5,000, adjacent to a metro area"
51111,VA,Lunenburg County,11936,9,"Nonmetro - Urban population of fewer than 5,000, not adjacent to a metro area"
51113,VA,Madison County,13837,8,"Nonmetro - Urban population of fewer than 5,000, adjacent to a metro area"
51115,VA,Mathews County,8533,1,Metro - Counties in metro areas of 1 million population or more
51117,VA,Mecklenburg County,30319,7,"Nonmetro - Urban population of 5,000 to 20,000, not adjacent to a metro area"
51119,VA,Middlesex County,10625,8,"Nonmetro - Urban population of fewer than 5,000, adjacent to a metro area"
51121,VA,Montgomery County,99721,3,"Metro - Counties in metro areas of fewer than 250,000 population"
51125,VA,Nelson County,14775,3,"Metro - Counties in metro areas of fewer than 250,000 population"
51127,VA,New Kent County,22945,1,Metro - Counties in metro areas of 1 million population or more
51131,VA,Northampton County,12282,8,"Nonmetro - Urban population of fewer than 5,000, adjacent to a metro area"
51133,VA,Northumberland County,11839,9,"Nonmetro - Urban population of fewer than 5,000, not adjacent to a metro area"
51135,VA,Nottoway County,15642,8,"Nonmetro - Urban population of fewer than 5,000, adjacent to a metro area"
51137,VA,Orange County,36254,6,"Nonmetro - Urban population of 5,000 to 20,000, adjacent to a metro area"
51139,VA,Page County,23709,8,"Nonmetro - Urban population of fewer than 5,000, adjacent to a metro area"
51141,VA,Patrick County,17608,8,"Nonmetro - Urban population of fewer than 5,000, adjacent to a metro area"
51143,VA,Pittsylvania County,60501,4,"Nonmetro - Urban population of 20,000 or more, adjacent to a metro area"
51145,VA,Powhatan County,30333,1,Metro - Counties in metro areas of 1 million population or more
51147,VA,Prince Edward County,21849,6,"Nonmetro - Urban population of 5,000 to 20,000, adjacent to a metro area"
51149,VA,Prince George County,43010,1,Metro - Counties in metro areas of 1 million population or more
51153,VA,Prince William County,482204,1,Metro - Counties in metro areas of 1 million population or more
51155,VA,Pulaski County,33800,3,"Metro - Counties in metro areas of fewer than 250,000 population"
51157,VA,Rappahannock County,7348,1,Metro - Counties in metro areas of 1 million population or more
51159,VA,Richmond County,8923,9,"Nonmetro - Urban population of fewer than 5,000, not adjacent to a metro area"
51161,VA,Roanoke County,96929,2,"Metro - Counties in metro areas of 250,000 to 1 million population"
51163,VA,Rockbridge County,22650,6,"Nonmetro - Urban population of 5,000 to 20,000, adjacent to a metro area"
51165,VA,Rockingham County,83757,3,"Metro - Counties in metro areas of fewer than 250,000 population"
51167,VA,Russell County,25781,8,"Nonmetro - Urban population of fewer than 5,000, adjacent to a metro area"
51169,VA,Scott County,21576,2,"Metro - Counties in metro areas of 250,000 to 1 million population"
51171,VA,Shenandoah County,44186,6,"Nonmetro - Urban population of 5,000 to 20,000, adjacent to a metro area"
51173,VA,Smyth County,29800,7,"Nonmetro - Urban population of 5,000 to 20,000, not adjacent to a metro area"
51175,VA,Southampton County,17996,6,"Nonmetro - Urban population of 5,000 to 20,000, adjacent to a metro area"
51177,VA,Spotsylvania County,140032,1,Metro - Counties in metro areas of 1 million population or more
51179,VA,Stafford County,156927,1,Metro - Counties in metro areas of 1 million population or more
51181,VA,Surry County,6561,1,Metro - Counties in metro areas of 1 million population or more
51183,VA,Sussex County,10829,1,Metro - Counties in metro areas of 1 million population or more
51185,VA,Tazewell County,40429,7,"Nonmetro - Urban population of 5,000 to 20,000, not adjacent to a metro area"
51187,VA,Warren County,40727,1,Metro - Counties in metro areas of 1 million population or more
51191,VA,Washington County,53935,2,"Metro - Counties in metro areas of 250,000 to 1 million population"
51193,VA,Westmoreland County,18477,8,"Nonmetro - Urban population of fewer than 5,000, adjacent to a metro area"
51195,VA,Wise County,36130,7,"Nonmetro - Urban population of 5,000 to 20,000, not adjacent to a metro area"
51197,VA,Wythe County,28290,6,"Nonmetro - Urban population of 5,000 to 20,000, adjacent to a metro area"
51199,VA,York County,70045,1,Metro - Counties in metro areas of 1 million population or more
51510,VA,Alexandria city,159467,1,Metro - Counties in metro areas of 1 million population or more
51520,VA,Bristol city,17219,2,"Metro - Counties in metro areas of 250,000 to 1 million population"
51530,VA,Buena Vista city,6641,6,"Nonmetro - Urban population of 5,000 to 20,000, adjacent to a metro area"
51540,VA,Charlottesville city,46553,3,"Metro - Counties in metro areas of fewer than 250,000 population"
51550,VA,Chesapeake city,249422,1,Metro - Counties in metro areas of 1 million population or more
51570,VA,Colonial Heights city,18170,1,Metro - Counties in metro areas of 1 million population or more
51580,VA,Covington city,5737,6,"Nonmetro - Urban population of 5,000 to 20,000, adjacent to a metro area"
51590,VA,Danville city,42590,4,"Nonmetro - Urban population of 20,000 or more, adjacent to a metro area"
51595,VA,Emporia city,5766,6,"Nonmetro - Urban population of 5,000 to 20,000, adjacent to a metro area"
51600,VA,Fairfax city,24146,1,Metro - Counties in metro areas of 1 million population or more
51610,VA,Falls Church city,14658,1,Metro - Counties in metro areas of 1 million population or more
51620,VA,Franklin city,8180,6,"Nonmetro - Urban population of 5,000 to 20,000, adjacent to a metro area"
51630,VA,Fredericksburg city,27982,1,Metro - Counties in metro areas of 1 million population or more
51640,VA,Galax city,6720,6,"Nonmetro - Urban population of 5,000 to 20,000, adjacent to a metro area"
51650,VA,Hampton city,137148,1,Metro - Counties in metro areas of 1 million population or more
51660,VA,Harrisonburg city,51814,3,"Metro - Counties in metro areas of fewer than 250,000 population"
51670,VA,Hopewell city,23033,1,Metro - Counties in metro areas of 1 million population or more
51678,VA,Lexington city,7320,6,"Nonmetro - Urban population of 5,000 to 20,000, adjacent to a metro area"
51680,VA,Lynchburg city,79009,2,"Metro - Counties in metro areas of 250,000 to 1 million population"
51683,VA,Manassas city,42772,1,Metro - Counties in metro areas of 1 million population or more
51685,VA,Manassas Park city,17219,1,Metro - Counties in metro areas of 1 million population or more
51690,VA,Martinsville city,13485,4,"Nonmetro - Urban population of 20,000 or more, adjacent to a metro area"
51700,VA,Newport News city,186247,1,Metro - Counties in metro areas of 1 million population or more
51710,VA,Norfolk city,238005,1,Metro - Counties in metro areas of 1 million population or more
51720,VA,Norton city,3687,7,"Nonmetro - Urban population of 5,000 to 20,000, not adjacent to a metro area"
51730,VA,Petersburg city,33458,1,Metro - Counties in metro areas of 1 million population or more
51735,VA,Poquoson city,12460,1,Metro - Counties in metro areas of 1 million population or more
51740,VA,Portsmouth city,97915,1,Metro - Counties in metro areas of 1 million population or more
51750,VA,Radford city,16070,3,"Metro - Counties in metro areas of fewer than 250,000 population"
51760,VA,Richmond city,226610,1,Metro - Counties in metro areas of 1 million population or more
51770,VA,Roanoke city,100011,2,"Metro - Counties in metro areas of 250,000 to 1 million population"
51775,VA,Salem city,25346,2,"Metro - Counties in metro areas of 250,000 to 1 million population"
51790,VA,Staunton city,25750,3,"Metro - Counties in metro areas of fewer than 250,000 population"
51800,VA,Suffolk city,94324,1,Metro - Counties in metro areas of 1 million population or more
51810,VA,Virginia Beach city,459470,1,Metro - Counties in metro areas of 1 million population or more
51820,VA,Waynesboro city,22196,3,"Metro - Counties in metro areas of fewer than 250,000 population"
51830,VA,Williamsburg city,15425,1,Metro - Counties in metro areas of 1 million population or more
51840,VA,Winchester city,28120,3,"Metro - Counties in metro areas of fewer than 250,000 population"
53001,WA,Adams County,20613,6,"Nonmetro - Urban population of 5,000 to 20,000, adjacent to a metro area"
53003,WA,Asotin County,22285,3,"Metro - Counties in metro areas of fewer than 250,000 population"
53005,WA,Benton County,206873,2,"Metro - Counties in metro areas of 250,000 to 1 million population"
53007,WA,Chelan County,79074,3,"Metro - Counties in metro areas of fewer than 250,000 population"
53009,WA,Clallam County,77155,5,"Nonmetro - Urban population of 20,000 or more, not adjacent to a metro area"
53011,WA,Clark County,503311,1,Metro - Counties in metro areas of 1 million population or more
53013,WA,Columbia County,3952,8,"Nonmetro - Urban population of fewer than 5,000, adjacent to a metro area"
53015,WA,Cowlitz County,110730,3,"Metro - Counties in metro areas of fewer than 250,000 population"
53017,WA,Douglas County,42938,3,"Metro - Counties in metro areas of fewer than 250,000 population"
53019,WA,Ferry County,7178,8,"Nonmetro - Urban population of fewer than 5,000, adjacent to a metro area"
53021,WA,Franklin County,96749,2,"Metro - Counties in metro areas of 250,000 to 1 million population"
53023,WA,Garfield County,2286,8,"Nonmetro - Urban population of fewer than 5,000, adjacent to a metro area"
53025,WA,Grant County,99123,5,"Nonmetro - Urban population of 20,000 or more, not adjacent to a metro area"
53027,WA,Grays Harbor County,75636,4,"Nonmetro - Urban population of 20,000 or more, adjacent to a metro area"
53029,WA,Island County,86857,4,"Nonmetro - Urban population of 20,000 or more, adjacent to a metro area"
53031,WA,Jefferson County,32977,6,"Nonmetro - Urban population of 5,000 to 20,000, adjacent to a metro area"
53033,WA,King County,2269675,1,Metro - Counties in metro areas of 1 million population or more
53035,WA,Kitsap County,275611,2,"Metro - Counties in metro areas of 250,000 to 1 million population"
53037,WA,Kittitas County,44337,4,"Nonmetro - Urban population of 20,000 or more, adjacent to a metro area"
53039,WA,Klickitat County,22735,9,"Nonmetro - Urban population of fewer than 5,000, not adjacent to a metro area"
53041,WA,Lewis County,82149,4,"Nonmetro - Urban population of 20,000 or more, adjacent to a metro area"
53043,WA,Lincoln County,10876,8,"Nonmetro - Urban population of fewer than 5,000, adjacent to a metro area"
53045,WA,Mason County,65726,4,"Nonmetro - Urban population of 20,000 or more, adjacent to a metro area"
53047,WA,Okanogan County,42104,6,"Nonmetro - Urban population of 5,000 to 20,000, adjacent to a metro area"
53049,WA,Pacific County,23365,7,"Nonmetro - Urban population of 5,000 to 20,000, not adjacent to a metro area"
53051,WA,Pend Oreille County,13401,8,"Nonmetro - Urban population of fewer than 5,000, adjacent to a metro area"
53053,WA,Pierce County,921130,1,Metro - Counties in metro areas of 1 million population or more
53055,WA,San Juan County,17788,9,"Nonmetro - Urban population of fewer than 5,000, not adjacent to a metro area"
53057,WA,Skagit County,129523,3,"Metro - Counties in metro areas of fewer than 250,000 population"
53059,WA,Skamania County,12036,1,Metro - Counties in metro areas of 1 million population or more
53061,WA,Snohomish County,827957,1,Metro - Counties in metro areas of 1 million population or more
53063,WA,Spokane County,539339,2,"Metro - Counties in metro areas of 250,000 to 1 million population"
53065,WA,Stevens County,46445,2,"Metro - Counties in metro areas of 250,000 to 1 million population"
53067,WA,Thurston County,294793,2,"Metro - Counties in metro areas of 250,000 to 1 million population"
53069,WA,Wahkiakum County,4422,8,"Nonmetro - Urban population of fewer than 5,000, adjacent to a metro area"
53071,WA,Walla Walla County,62584,3,"Metro - Counties in metro areas of fewer than 250,000 population"
53073,WA,Whatcom County,226847,3,"Metro - Counties in metro areas of fewer than 250,000 population"
53075,WA,Whitman County,47973,4,"Nonmetro - Urban population of 20,000 or more, adjacent to a metro area"
53077,WA,Yakima County,256728,2,"Metro - Counties in metro areas of 250,000 to 1 million population"
54001,WV,Barbour County,15465,9,"Nonmetro - Urban population of fewer than 5,000, not adjacent to a metro area"
54003,WV,Berkeley County,122076,2,"Metro - Counties in metro areas of 250,000 to 1 million population"
54005,WV,Boone County,21809,3,"Metro - Counties in metro areas of fewer than 250,000 population"
54007,WV,Braxton County,12447,8,"Nonmetro - Urban population of fewer than 5,000, adjacent to a metro area"
54009,WV,Brooke County,22559,3,"Metro - Counties in metro areas of fewer than 250,000 population"
54011,WV,Cabell County,94350,2,"Metro - Counties in metro areas of 250,000 to 1 million population"
54013,WV,Calhoun County,6229,8,"Nonmetro - Urban population of fewer than 5,000, adjacent to a metro area"
54015,WV,Clay County,8051,3,"Metro - Counties in metro areas of fewer than 250,000 population"
54017,WV,Doddridge County,7808,9,"Nonmetro - Urban population of fewer than 5,000, not adjacent to a metro area"
54019,WV,Fayette County,40488,3,"Metro - Counties in metro areas of fewer than 250,000 population"
54021,WV,Gilmer County,7408,9,"Nonmetro - Urban population of fewer than 5,000, not adjacent to a metro area"
54023,WV,Grant County,10976,9,"Nonmetro - Urban population of fewer than 5,000, not adjacent to a metro area"
54025,WV,Greenbrier County,32977,6,"Nonmetro - Urban population of 5,000 to 20,000, adjacent to a metro area"
54027,WV,Hampshire County,23093,3,"Metro - Counties in metro areas of fewer than 250,000 population"
54029,WV,Hancock County,29095,3,"Metro - Counties in metro areas of fewer than 250,000 population"
54031,WV,Hardy County,14299,8,"Nonmetro - Urban population of fewer than 5,000, adjacent to a metro area"
54033,WV,Harrison County,65921,5,"Nonmetro - Urban population of 20,000 or more, not adjacent to a metro area"
54035,WV,Jackson County,27791,8,"Nonmetro - Urban population of fewer than 5,000, adjacent to a metro area"
54037,WV,Jefferson County,57701,1,Metro - Counties in metro areas of 1 million population or more
54039,WV,Kanawha County,180745,3,"Metro - Counties in metro areas of fewer than 250,000 population"
54041,WV,Lewis County,17033,9,"Nonmetro - Urban population of fewer than 5,000, not adjacent to a metro area"
54043,WV,Lincoln County,20463,8,"Nonmetro - Urban population of fewer than 5,000, adjacent to a metro area"
54045,WV,Logan County,32567,6,"Nonmetro - Urban population of 5,000 to 20,000, adjacent to a metro area"
54047,WV,McDowell County,19111,9,"Nonmetro - Urban population of fewer than 5,000, not adjacent to a metro area"
54049,WV,Marion County,56205,4,"Nonmetro - Urban population of 20,000 or more, adjacent to a metro area"
54051,WV,Marshall County,30591,3,"Metro - Counties in metro areas of fewer than 250,000 population"
54053,WV,Mason County,25453,6,"Nonmetro - Urban population of 5,000 to 20,000, adjacent to a metro area"
54055,WV,Mercer County,59664,4,"Nonmetro - Urban population of 20,000 or more, adjacent to a metro area"
54057,WV,Mineral County,26938,7,"Nonmetro - Urban population of 5,000 to 20,000, not adjacent to a metro area"
54059,WV,Mingo County,23568,8,"Nonmetro - Urban population of fewer than 5,000, adjacent to a metro area"
54061,WV,Monongalia County,105822,3,"Metro - Counties in metro areas of fewer than 250,000 population"
54063,WV,Monroe County,12376,8,"Nonmetro - Urban population of fewer than 5,000, adjacent to a metro area"
54065,WV,Morgan County,17063,2,"Metro - Counties in metro areas of 250,000 to 1 million population"
54067,WV,Nicholas County,24604,8,"Nonmetro - Urban population of fewer than 5,000, adjacent to a metro area"
54069,WV,Ohio County,42425,3,"Metro - Counties in metro areas of fewer than 250,000 population"
54071,WV,Pendleton County,6143,8,"Nonmetro - Urban population of fewer than 5,000, adjacent to a metro area"
54073,WV,Pleasants County,7653,8,"Nonmetro - Urban population of fewer than 5,000, adjacent to a metro area"
54075,WV,Pocahontas County,7869,9,"Nonmetro - Urban population of fewer than 5,000, not adjacent to a metro area"
54077,WV,Preston County,34216,3,"Metro - Counties in metro areas of fewer than 250,000 population"
54079,WV,Putnam County,57440,2,"Metro - Counties in metro areas of 250,000 to 1 million population"
54081,WV,Raleigh County,74591,3,"Metro - Counties in metro areas of fewer than 250,000 population"
54083,WV,Randolph County,27932,7,"Nonmetro - Urban population of 5,000 to 20,000, not adjacent to a metro area"
54085,WV,Ritchie County,8444,8,"Nonmetro - Urban population of fewer than 5,000, adjacent to a metro area"
54087,WV,Roane County,14028,8,"Nonmetro - Urban population of fewer than 5,000, adjacent to a metro area"
54089,WV,Summers County,11959,8,"Nonmetro - Urban population of fewer than 5,000, adjacent to a metro area"
54091,WV,Taylor County,16705,6,"Nonmetro - Urban population of 5,000 to 20,000, adjacent to a metro area"
54093,WV,Tucker County,6762,9,"Nonmetro - Urban population of fewer than 5,000, not adjacent to a metro area"
54095,WV,Tyler County,8313,9,"Nonmetro - Urban population of fewer than 5,000, not adjacent to a metro area"
54097,WV,Upshur County,23816,7,"Nonmetro - Urban population of 5,000 to 20,000, not adjacent to a metro area"
54099,WV,Wayne County,38982,2,"Metro - Counties in metro areas of 250,000 to 1 million population"
54101,WV,Webster County,8378,9,"Nonmetro - Urban population of fewer than 5,000, not adjacent to a metro area"
54103,WV,Wetzel County,14442,7,"Nonmetro - Urban population of 5,000 to 20,000, not adjacent to a metro area"
54105,WV,Wirt County,5194,3,"Metro - Counties in metro areas of fewer than 250,000 population"
54107,WV,Wood County,84296,3,"Metro - Counties in metro areas of fewer than 250,000 population"
54109,WV,Wyoming County,21382,8,"Nonmetro - Urban population of fewer than 5,000, adjacent to a metro area"
55001,WI,Adams County,20654,8,"Nonmetro - Urban population of fewer than 5,000, adjacent to a metro area"
55003,WI,Ashland County,16027,7,"Nonmetro - Urban population of 5,000 to 20,000, not adjacent to a metro area"
55005,WI,Barron County,46711,6,"Nonmetro - Urban population of 5,000 to 20,000, adjacent to a metro area"
55007,WI,Bayfield County,16220,8,"Nonmetro - Urban population of fewer than 5,000, adjacent to a metro area"
55009,WI,Brown County,268740,2,"Metro - Counties in metro areas of 250,000 to 1 million population"
55011,WI,Buffalo County,13317,8,"Nonmetro - Urban population of fewer than 5,000, adjacent to a metro area"
55013,WI,Burnett County,16526,8,"Nonmetro - Urban population of fewer than 5,000, adjacent to a metro area"
55015,WI,Calumet County,52442,3,"Metro - Counties in metro areas of fewer than 250,000 population"
55017,WI,Chippewa County,66297,3,"Metro - Counties in metro areas of fewer than 250,000 population"
55019,WI,Clark County,34659,8,"Nonmetro - Urban population of fewer than 5,000, adjacent to a metro area"
55021,WI,Columbia County,58490,2,"Metro - Counties in metro areas of 250,000 to 1 million population"
55023,WI,Crawford County,16113,6,"Nonmetro - Urban population of 5,000 to 20,000, adjacent to a metro area"
55025,WI,Dane County,561504,2,"Metro - Counties in metro areas of 250,000 to 1 million population"
55027,WI,Dodge County,89396,4,"Nonmetro - Urban population of 20,000 or more, adjacent to a metro area"
55029,WI,Door County,30066,6,"Nonmetro - Urban population of 5,000 to 20,000, adjacent to a metro area"
55031,WI,Douglas County,44295,2,"Metro - Counties in metro areas of 250,000 to 1 million population"
55033,WI,Dunn County,45440,6,"Nonmetro - Urban population of 5,000 to 20,000, adjacent to a metro area"
55035,WI,Eau Claire County,105710,3,"Metro - Counties in metro areas of fewer than 250,000 population"
55037,WI,Florence County,4558,9,"Nonmetro - Urban population of fewer than 5,000, not adjacent to a metro area"
55039,WI,Fond du Lac County,104154,3,"Metro - Counties in metro areas of fewer than 250,000 population"
55041,WI,Forest County,9179,9,"Nonmetro - Urban population of fewer than 5,000, not adjacent to a metro area"
55043,WI,Grant County,51938,6,"Nonmetro - Urban population of 5,000 to 20,000, adjacent to a metro area"
55045,WI,Green County,37093,2,"Metro - Counties in metro areas of 250,000 to 1 million population"
55047,WI,Green Lake County,19018,6,"Nonmetro - Urban population of 5,000 to 20,000, adjacent to a metro area"
55049,WI,Iowa County,23709,2,"Metro - Counties in metro areas of 250,000 to 1 million population"
55051,WI,Iron County,6137,9,"Nonmetro - Urban population of fewer than 5,000, not adjacent to a metro area"
55053,WI,Jackson County,21145,8,"Nonmetro - Urban population of fewer than 5,000, adjacent to a metro area"
55055,WI,Jefferson County,84900,4,"Nonmetro - Urban population of 20,000 or more, adjacent to a metro area"
55057,WI,Juneau County,26718,8,"Nonmetro - Urban population of fewer than 5,000, adjacent to a metro area"
55059,WI,Kenosha County,169151,3,"Metro - Counties in metro areas of fewer than 250,000 population"
55061,WI,Kewaunee County,20563,2,"Metro - Counties in metro areas of 250,000 to 1 million population"
55063,WI,La Crosse County,120784,3,"Metro - Counties in metro areas of fewer than 250,000 population"
55065,WI,Lafayette County,16611,8,"Nonmetro - Urban population of fewer than 5,000, adjacent to a metro area"
55067,WI,Langlade County,19491,6,"Nonmetro - Urban population of 5,000 to 20,000, adjacent to a metro area"
55069,WI,Lincoln County,28415,6,"Nonmetro - Urban population of 5,000 to 20,000, adjacent to a metro area"
55071,WI,Manitowoc County,81359,4,"Nonmetro - Urban population of 20,000 or more, adjacent to a metro area"
55073,WI,Marathon County,138013,3,"Metro - Counties in metro areas of fewer than 250,000 population"
55075,WI,Marinette County,41872,6,"Nonmetro - Urban population of 5,000 to 20,000, adjacent to a metro area"
55077,WI,Marquette County,15592,8,"Nonmetro - Urban population of fewer than 5,000, adjacent to a metro area"
55078,WI,Menominee County,4255,9,"Nonmetro - Urban population of fewer than 5,000, not adjacent to a metro area"
55079,WI,Milwaukee County,939489,1,Metro - Counties in metro areas of 1 million population or more
55081,WI,Monroe County,46274,4,"Nonmetro - Urban population of 20,000 or more, adjacent to a metro area"
55083,WI,Oconto County,38965,2,"Metro - Counties in metro areas of 250,000 to 1 million population"
55085,WI,Oneida County,37845,7,"Nonmetro - Urban population of 5,000 to 20,000, not adjacent to a metro area"
55087,WI,Outagamie County,190705,3,"Metro - Counties in metro areas of fewer than 250,000 population"
55089,WI,Ozaukee County,91503,1,Metro - Counties in metro areas of 1 million population or more
55091,WI,Pepin County,7318,8,"Nonmetro - Urban population of fewer than 5,000, adjacent to a metro area"
55093,WI,Pierce County,42212,1,Metro - Counties in metro areas of 1 million population or more
55095,WI,Polk County,44977,8,"Nonmetro - Urban population of fewer than 5,000, adjacent to a metro area"
55097,WI,Portage County,70377,4,"Nonmetro - Urban population of 20,000 or more, adjacent to a metro area"
55099,WI,Price County,14054,9,"Nonmetro - Urban population of fewer than 5,000, not adjacent to a metro area"
55101,WI,Racine County,197727,3,"Metro - Counties in metro areas of fewer than 250,000 population"
55103,WI,Richland County,17304,8,"Nonmetro - Urban population of fewer than 5,000, adjacent to a metro area"
55105,WI,Rock County,163687,3,"Metro - Counties in metro areas of fewer than 250,000 population"
55107,WI,Rusk County,14188,8,"Nonmetro - Urban population of fewer than 5,000, adjacent to a metro area"
55109,WI,St. Croix County,93536,1,Metro - Counties in metro areas of 1 million population or more
55111,WI,Sauk County,65763,4,"Nonmetro - Urban population of 20,000 or more, adjacent to a metro area"
55113,WI,Sawyer County,18074,9,"Nonmetro - Urban population of fewer than 5,000, not adjacent to a metro area"
55115,WI,Shawano County,40881,6,"Nonmetro - Urban population of 5,000 to 20,000, adjacent to a metro area"
55117,WI,Sheboygan County,118034,3,"Metro - Counties in metro areas of fewer than 250,000 population"
55119,WI,Taylor County,19913,8,"Nonmetro - Urban population of fewer than 5,000, adjacent to a metro area"
55121,WI,Trempealeau County,30760,8,"Nonmetro - Urban population of fewer than 5,000, adjacent to a metro area"
55123,WI,Vernon County,30714,3,"Metro - Counties in metro areas of fewer than 250,000 population"
55125,WI,Vilas County,23047,9,"Nonmetro - Urban population of fewer than 5,000, not adjacent to a metro area"
55127,WI,Walworth County,106478,4,"Nonmetro - Urban population of 20,000 or more, adjacent to a metro area"
55129,WI,Washburn County,16623,8,"Nonmetro - Urban population of fewer than 5,000, adjacent to a metro area"
55131,WI,Washington County,136761,1,Metro - Counties in metro areas of 1 million population or more
55133,WI,Waukesha County,406978,1,Metro - Counties in metro areas of 1 million population or more
55135,WI,Waupaca County,51812,6,"Nonmetro - Urban population of 5,000 to 20,000, adjacent to a metro area"
55137,WI,Waushara County,24520,8,"Nonmetro - Urban population of fewer than 5,000, adjacent to a metro area"
55139,WI,Winnebago County,171730,3,"Metro - Counties in metro areas of fewer than 250,000 population"
55141,WI,Wood County,74207,4,"Nonmetro - Urban population of 20,000 or more, adjacent to a metro area"
56001,WY,Albany County,37066,4,"Nonmetro - Urban population of 20,000 or more, adjacent to a metro area"
56003,WY,Big Horn County,11521,9,"Nonmetro - Urban population of fewer than 5,000, not adjacent to a metro area"
56005,WY,Campbell County,47026,5,"Nonmetro - Urban population of 20,000 or more, not adjacent to a metro area"
56007,WY,Carbon County,14537,7,"Nonmetro - Urban population of 5,000 to 20,000, not adjacent to a metro area"
56009,WY,Converse County,13751,6,"Nonmetro - Urban population of 5,000 to 20,000, adjacent to a metro area"
56011,WY,Crook County,7181,9,"Nonmetro - Urban population of fewer than 5,000, not adjacent to a metro area"
56013,WY,Fremont County,39234,7,"Nonmetro - Urban population of 5,000 to 20,000, not adjacent to a metro area"
56015,WY,Goshen County,12498,7,"Nonmetro - Urban population of 5,000 to 20,000, not adjacent to a metro area"
56017,WY,Hot Springs County,4621,9,"Nonmetro - Urban population of fewer than 5,000, not adjacent to a metro area"
56019,WY,Johnson County,8447,9,"Nonmetro - Urban population of fewer than 5,000, not adjacent to a metro area"
56021,WY,Laramie County,100512,3,"Metro - Counties in metro areas of fewer than 250,000 population"
56023,WY,Lincoln County,19581,9,"Nonmetro - Urban population of fewer than 5,000, not adjacent to a metro area"
56025,WY,Natrona County,79955,3,"Metro - Counties in metro areas of fewer than 250,000 population"
56027,WY,Niobrara County,2467,9,"Nonmetro - Urban population of fewer than 5,000, not adjacent to a metro area"
56029,WY,Park County,29624,7,"Nonmetro - Urban population of 5,000 to 20,000, not adjacent to a metro area"
56031,WY,Platte County,8605,8,"Nonmetro - Urban population of fewer than 5,000, adjacent to a metro area"
56033,WY,Sheridan County,30921,7,"Nonmetro - Urban population of 5,000 to 20,000, not adjacent to a metro area"
56035,WY,Sublette County,8728,9,"Nonmetro - Urban population of fewer than 5,000, not adjacent to a metro area"
56037,WY,Sweetwater County,42272,5,"Nonmetro - Urban population of 20,000 or more, not adjacent to a metro area"
56039,WY,Teton County,23331,7,"Nonmetro - Urban population of 5,000 to 20,000, not adjacent to a metro area"
56041,WY,Uinta County,20450,7,"Nonmetro - Urban population of 5,000 to 20,000, not adjacent to a metro area"
56043,WY,Washakie County,7685,9,"Nonmetro - Urban population of fewer than 5,000, not adjacent to a metro area"
56045,WY,Weston County,6838,9,"Nonmetro - Urban population of fewer than 5,000, not adjacent to a metro area"
60010,AS,Eastern District,17059,7,"Nonmetro - Urban population of 5,000 to 20,000, not adjacent to a metro area"
60020,AS,Manu'a District,832,9,"Nonmetro - Urban population of fewer than 5,000, not adjacent to a metro area"
60030,AS,Rose Island,0,,Not Applicable
60040,AS,Swains Island,0,,Not Applicable
60050,AS,Western District,31819,5,"Nonmetro - Urban population of 20,000 or more, not adjacent to a metro area"
66010,GU,Guam,153836,5,"Nonmetro - Urban population of 20,000 or more, not adjacent to a metro area"
69085,MP,Northern Islands Municipality,7,9,"Nonmetro - Urban population of fewer than 5,000, not adjacent to a metro area"
69100,MP,Rota Municipality,1893,9,"Nonmetro - Urban population of fewer than 5,000, not adjacent to a metro area"
69110,MP,Saipan Municipality,43385,5,"Nonmetro - Urban population of 20,000 or more, not adjacent to a metro area"
69120,MP,Tinian Municipality,2044,9,"Nonmetro - Urban population of fewer than 5,000, not adjacent to a metro area"
72001,PR,Adjuntas Municipio,18020,6,"Nonmetro - Urban population of 5,000 to 20,000, adjacent to a metro area"
72003,PR,Aguada Municipio,38136,2,"Metro - Counties in metro areas of 250,000 to 1 million population"
72005,PR,Aguadilla Municipio,55101,2,"Metro - Counties in metro areas of 250,000 to 1 million population"
72007,PR,Aguas Buenas Municipio,24223,1,Metro - Counties in metro areas of 1 million population or more
72009,PR,Aibonito Municipio,24637,1,Metro - Counties in metro areas of 1 million population or more
72011,PR,Añasco Municipio,25596,2,"Metro - Counties in metro areas of 250,000 to 1 million population"
72013,PR,Arecibo Municipio,87754,3,"Metro - Counties in metro areas of fewer than 250,000 population"
72015,PR,Arroyo Municipio,15843,3,"Metro - Counties in metro areas of fewer than 250,000 population"
72017,PR,Barceloneta Municipio,22657,1,Metro - Counties in metro areas of 1 million population or more
72019,PR,Barranquitas Municipio,28983,1,Metro - Counties in metro areas of 1 million population or more
72021,PR,Bayamón Municipio,185187,1,Metro - Counties in metro areas of 1 million population or more
72023,PR,Cabo Rojo Municipio,47158,3,"Metro - Counties in metro areas of fewer than 250,000 population"
72025,PR,Caguas Municipio,127244,1,Metro - Counties in metro areas of 1 million population or more
72027,PR,Camuy Municipio,32827,3,"Metro - Counties in metro areas of fewer than 250,000 population"
72029,PR,Canóvanas Municipio,42337,1,Metro - Counties in metro areas of 1 million population or more
72031,PR,Carolina Municipio,154815,1,Metro - Counties in metro areas of 1 million population or more
72033,PR,Cataño Municipio,23155,1,Metro - Counties in metro areas of 1 million population or more
72035,PR,Cayey Municipio,41652,1,Metro - Counties in metro areas of 1 million population or more
72037,PR,Ceiba Municipio,11307,1,Metro - Counties in metro areas of 1 million population or more
72039,PR,Ciales Municipio,16984,1,Metro - Counties in metro areas of 1 million population or more
72041,PR,Cidra Municipio,39970,1,Metro - Counties in metro areas of 1 million population or more
72043,PR,Coamo Municipio,34668,4,"Nonmetro - Urban population of 20,000 or more, adjacent to a metro area"
72045,PR,Comerío Municipio,18883,1,Metro - Counties in metro areas of 1 million population or more
72047,PR,Corozal Municipio,34571,1,Metro - Counties in metro areas of 1 million population or more
72049,PR,Culebra Municipio,1792,9,"Nonmetro - Urban population of fewer than 5,000, not adjacent to a metro area"
72051,PR,Dorado Municipio,35879,1,Metro - Counties in metro areas of 1 million population or more
72053,PR,Fajardo Municipio,32124,1,Metro - Counties in metro areas of 1 million population or more
72054,PR,Florida Municipio,11692,1,Metro - Counties in metro areas of 1 million population or more
72055,PR,Guánica Municipio,13787,6,"Nonmetro - Urban population of 5,000 to 20,000, adjacent to a metro area"
72057,PR,Guayama Municipio,36614,3,"Metro - Counties in metro areas of fewer than 250,000 population"
72059,PR,Guayanilla Municipio,17784,2,"Metro - Counties in metro areas of 250,000 to 1 million population"
72061,PR,Guaynabo Municipio,89780,1,Metro - Counties in metro areas of 1 million population or more
72063,PR,Gurabo Municipio,40622,1,Metro - Counties in metro areas of 1 million population or more
72065,PR,Hatillo Municipio,38486,3,"Metro - Counties in metro areas of fewer than 250,000 population"
72067,PR,Hormigueros Municipio,15654,3,"Metro - Counties in metro areas of fewer than 250,000 population"
72069,PR,Humacao Municipio,50896,1,Metro - Counties in metro areas of 1 million population or more
72071,PR,Isabela Municipio,42943,2,"Metro - Counties in metro areas of 250,000 to 1 million population"
72073,PR,Jayuya Municipio,14779,6,"Nonmetro - Urban population of 5,000 to 20,000, adjacent to a metro area"
72075,PR,Juana Díaz Municipio,46538,2,"Metro - Counties in metro areas of 250,000 to 1 million population"
72077,PR,Juncos Municipio,37012,1,Metro - Counties in metro areas of 1 million population or more
72079,PR,Lajas Municipio,23334,3,"Metro - Counties in metro areas of fewer than 250,000 population"
72081,PR,Lares Municipio,28105,4,"Nonmetro - Urban population of 20,000 or more, adjacent to a metro area"
72083,PR,Las Marías Municipio,8874,8,"Nonmetro - Urban population of fewer than 5,000, adjacent to a metro area"
72085,PR,Las Piedras Municipio,35180,1,Metro - Counties in metro areas of 1 million population or more
72087,PR,Loíza Municipio,23693,1,Metro - Counties in metro areas of 1 million population or more
72089,PR,Luquillo Municipio,17781,1,Metro - Counties in metro areas of 1 million population or more
72091,PR,Manatí Municipio,39492,1,Metro - Counties in metro areas of 1 million population or more
72093,PR,Maricao Municipio,4755,8,"Nonmetro - Urban population of fewer than 5,000, adjacent to a metro area"
72095,PR,Maunabo Municipio,10589,1,Metro - Counties in metro areas of 1 million population or more
72097,PR,Mayagüez Municipio,73077,3,"Metro - Counties in metro areas of fewer than 250,000 population"
72099,PR,Moca Municipio,37460,2,"Metro - Counties in metro areas of 250,000 to 1 million population"
72101,PR,Morovis Municipio,28727,1,Metro - Counties in metro areas of 1 million population or more
72103,PR,Naguabo Municipio,23386,1,Metro - Counties in metro areas of 1 million population or more
72105,PR,Naranjito Municipio,29241,1,Metro - Counties in metro areas of 1 million population or more
72107,PR,Orocovis Municipio,21434,1,Metro - Counties in metro areas of 1 million population or more
72109,PR,Patillas Municipio,15985,3,"Metro - Counties in metro areas of fewer than 250,000 population"
72111,PR,Peñuelas Municipio,20399,2,"Metro - Counties in metro areas of 250,000 to 1 million population"
72113,PR,Ponce Municipio,137491,2,"Metro - Counties in metro areas of 250,000 to 1 million population"
72115,PR,Quebradillas Municipio,23638,3,"Metro - Counties in metro areas of fewer than 250,000 population"
72117,PR,Rincón Municipio,15187,2,"Metro - Counties in metro areas of 250,000 to 1 million population"
72119,PR,Río Grande Municipio,47060,1,Metro - Counties in metro areas of 1 million population or more
72121,PR,Sabana Grande Municipio,22729,3,"Metro - Counties in metro areas of fewer than 250,000 population"
72123,PR,Salinas Municipio,25789,4,"Nonmetro - Urban population of 20,000 or more, adjacent to a metro area"
72125,PR,San Germán Municipio,31879,3,"Metro - Counties in metro areas of fewer than 250,000 population"
72127,PR,San Juan Municipio,342259,1,Metro - Counties in metro areas of 1 million population or more
72129,PR,San Lorenzo Municipio,37693,1,Metro - Counties in metro areas of 1 million population or more
72131,PR,San Sebastián Municipio,39345,2,"Metro - Counties in metro areas of 250,000 to 1 million population"
72133,PR,Santa Isabel Municipio,20281,6,"Nonmetro - Urban population of 5,000 to 20,000, adjacent to a metro area"
72135,PR,Toa Alta Municipio,66852,1,Metro - Counties in metro areas of 1 million population or more
72137,PR,Toa Baja Municipio,75293,1,Metro - Counties in metro areas of 1 million population or more
72139,PR,Trujillo Alto Municipio,67740,1,Metro - Counties in metro areas of 1 million population or more
72141,PR,Utuado Municipio,28287,6,"Nonmetro - Urban population of 5,000 to 20,000, adjacent to a metro area"
72143,PR,Vega Alta Municipio,35395,1,Metro - Counties in metro areas of 1 million population or more
72145,PR,Vega Baja Municipio,54414,1,Metro - Counties in metro areas of 1 million population or more
72147,PR,Vieques Municipio,8249,6,"Nonmetro - Urban population of 5,000 to 20,000, adjacent to a metro area"
72149,PR,Villalba Municipio,22093,2,"Metro - Counties in metro areas of 250,000 to 1 million population"
72151,PR,Yabucoa Municipio,30426,1,Metro - Counties in metro areas of 1 million population or more
72153,PR,Yauco Municipio,34172,2,"Metro - Counties in metro areas of 250,000 to 1 million population"
78010,VI,St. Croix Island,41004,5,"Nonmetro - Urban population of 20,000 or more, not adjacent to a metro area"
78020,VI,St. John Island,3881,9,"Nonmetro - Urban population of fewer than 5,000, not adjacent to a metro area"
78030,VI,St. Thomas Island,42261,5,"Nonmetro - Urban population of 20,000 or more, not adjacent to a metro area"
